species_folder,accession,database,output_present,rows,log_complete,db_type,db_sequence_count,db_timestamp,software_version,min_identity,min_coverage,minimum_identity_observed,minimum_coverage_observed,output_sha256,log_sha256
actinomyces_naeslundii,GCF_016127855.1,amrfinder,True,0,True,,,2026-05-15.1,4.2.7,,,,,fdfec5f7924367729493b9a91622ca6a85a08f1c8cb1f3e5a6f54a3aa8bd9078,75ebec6c3327fab7060acf148708f46326b316f5ff354f1d5c32b50581a9e644
actinomyces_naeslundii,GCF_016127855.1,vfdb,True,0,True,nucl,4592.0,2026-Apr-3,1.4.0 (environment manifest),80.0,70.0,,,47d770a37c6bc4e5e4f8c30214e6b716d5990c0f9f0cce597b4079076eb4d0d9,54b0b305e7d352cf843850e4fbe65e8ab33e1d0c424ae3c443cf05ae52c0b76e
actinomyces_naeslundii,GCF_016127855.1,card,True,0,True,nucl,6052.0,2026-Apr-3,1.4.0 (environment manifest),80.0,70.0,,,47d770a37c6bc4e5e4f8c30214e6b716d5990c0f9f0cce597b4079076eb4d0d9,ee785741ede2b666fabc69981b10f2408915ae827508f08c2d2b959239c56cac
actinomyces_naeslundii,GCF_016127855.1,resfinder,True,0,True,nucl,3206.0,2026-Apr-3,1.4.0 (environment manifest),80.0,70.0,,,47d770a37c6bc4e5e4f8c30214e6b716d5990c0f9f0cce597b4079076eb4d0d9,59844c220547e36167243e3cde10d35d596074b2c7767a71f58f25558c05f542
actinomyces_naeslundii,GCF_016127855.1,bacmet2,True,0,True,prot,746.0,2026-Apr-3,1.4.0 (environment manifest),80.0,70.0,,,373ce7b7968e2d8e8920fa53ec5e8f90c71c339d4b7648e7463799ee6bbcddae,823d4e512c9369cd59dcdf8cd9dbdc6d89bf45c20c0a3cc237781b9a7ed9d948
actinomyces_naeslundii,GCF_016127855.1,victors,True,0,True,nucl,4545.0,2026-Apr-3,1.4.0 (environment manifest),80.0,70.0,,,47d770a37c6bc4e5e4f8c30214e6b716d5990c0f9f0cce597b4079076eb4d0d9,edc58662662f805bfda2a3dd48c13849a23659e731fbb4a194a0103aa669fd93
actinomyces_naeslundii,GCF_016127855.1,plasmidfinder,True,0,True,nucl,488.0,2026-Apr-3,1.4.0 (environment manifest),80.0,70.0,,,47d770a37c6bc4e5e4f8c30214e6b716d5990c0f9f0cce597b4079076eb4d0d9,a2f25110125ee027217113b0e003257231d404a26e6fe80461aa3b1c027ca905
actinomyces_naeslundii,GCF_963265035.1,amrfinder,True,0,True,,,2026-05-15.1,4.2.7,,,,,fdfec5f7924367729493b9a91622ca6a85a08f1c8cb1f3e5a6f54a3aa8bd9078,601b43b7c1c5f90aa7dc5c80979be540e76e7e4403183cf32b1d4e1ddc05170f
actinomyces_naeslundii,GCF_963265035.1,vfdb,True,0,True,nucl,4592.0,2026-Apr-3,1.4.0 (environment manifest),80.0,70.0,,,47d770a37c6bc4e5e4f8c30214e6b716d5990c0f9f0cce597b4079076eb4d0d9,dc55dd83e3317cecb1027c9d6e678f26c2966aa31bae2f7df5fce3772f9c57f9
actinomyces_naeslundii,GCF_963265035.1,card,True,0,True,nucl,6052.0,2026-Apr-3,1.4.0 (environment manifest),80.0,70.0,,,47d770a37c6bc4e5e4f8c30214e6b716d5990c0f9f0cce597b4079076eb4d0d9,d17e2cd46d39715f7608c29290f0445e97890ea30cf35f1e6a0a8917da25c8dd
actinomyces_naeslundii,GCF_963265035.1,resfinder,True,0,True,nucl,3206.0,2026-Apr-3,1.4.0 (environment manifest),80.0,70.0,,,47d770a37c6bc4e5e4f8c30214e6b716d5990c0f9f0cce597b4079076eb4d0d9,657d74c0c1553e28d14bb9921977146cb8463b03714ac7346579b0d0735068b5
actinomyces_naeslundii,GCF_963265035.1,bacmet2,True,0,True,prot,746.0,2026-Apr-3,1.4.0 (environment manifest),80.0,70.0,,,68a797f15b89845e0096025fce6c147cf5bc0be5bb15f5dd9b96400df30d5a01,408498265d6391174b93ce2041cfd0727a0c2c07291dd680db300fafb3328a4f
actinomyces_naeslundii,GCF_963265035.1,victors,True,0,True,nucl,4545.0,2026-Apr-3,1.4.0 (environment manifest),80.0,70.0,,,47d770a37c6bc4e5e4f8c30214e6b716d5990c0f9f0cce597b4079076eb4d0d9,7fcf1b9f069780bc49d6ba804e073c1b3c9244326f5a291d80b59119e8044a51
actinomyces_naeslundii,GCF_963265035.1,plasmidfinder,True,0,True,nucl,488.0,2026-Apr-3,1.4.0 (environment manifest),80.0,70.0,,,47d770a37c6bc4e5e4f8c30214e6b716d5990c0f9f0cce597b4079076eb4d0d9,5637d020771c44bba0786c086ca2cd7ba9497231a0e2ad749bfa0872480f1ec6
actinomyces_naeslundii,GCF_963340285.1,amrfinder,True,0,True,,,2026-05-15.1,4.2.7,,,,,fdfec5f7924367729493b9a91622ca6a85a08f1c8cb1f3e5a6f54a3aa8bd9078,cee2b388a9130336816f1a198628804bd87cb37bb8ffe9c438c563715e4eaea3
actinomyces_naeslundii,GCF_963340285.1,vfdb,True,0,True,nucl,4592.0,2026-Apr-3,1.4.0 (environment manifest),80.0,70.0,,,47d770a37c6bc4e5e4f8c30214e6b716d5990c0f9f0cce597b4079076eb4d0d9,2fb65ebdc8020e12a084809c4072ddb3f4db7857fef2de08062b88a5c02bbb38
actinomyces_naeslundii,GCF_963340285.1,card,True,0,True,nucl,6052.0,2026-Apr-3,1.4.0 (environment manifest),80.0,70.0,,,47d770a37c6bc4e5e4f8c30214e6b716d5990c0f9f0cce597b4079076eb4d0d9,7d08488c15f3c05ffd25708c222b6bc3bcf639bac69e2f313ff535041be2b4e8
actinomyces_naeslundii,GCF_963340285.1,resfinder,True,0,True,nucl,3206.0,2026-Apr-3,1.4.0 (environment manifest),80.0,70.0,,,47d770a37c6bc4e5e4f8c30214e6b716d5990c0f9f0cce597b4079076eb4d0d9,6b680f2a8f293c8e72b8d28300c783ffe22502ab8fc2f0b3e32304b10897a24e
actinomyces_naeslundii,GCF_963340285.1,bacmet2,True,0,True,prot,746.0,2026-Apr-3,1.4.0 (environment manifest),80.0,70.0,,,fce7262a8b4fa2e8a9c0ea06d1d79245aab7ba1ffc3c277762b6513fd22a15a0,55b811003bccbf33c5b041bf609251ef846ace8d6c59c8fc418c7daeda934a58
actinomyces_naeslundii,GCF_963340285.1,victors,True,0,True,nucl,4545.0,2026-Apr-3,1.4.0 (environment manifest),80.0,70.0,,,47d770a37c6bc4e5e4f8c30214e6b716d5990c0f9f0cce597b4079076eb4d0d9,f2bbb338072053976537ccdae21ece7e8913d2ff694b2498b8535a1331c1ab4e
actinomyces_naeslundii,GCF_963340285.1,plasmidfinder,True,0,True,nucl,488.0,2026-Apr-3,1.4.0 (environment manifest),80.0,70.0,,,47d770a37c6bc4e5e4f8c30214e6b716d5990c0f9f0cce597b4079076eb4d0d9,daa9fb981c0c1e6d4bc35576fa9a829575892bae0d243161cb1d30c5060158a3
actinomyces_naeslundii,GCF_963340415.1,amrfinder,True,0,True,,,2026-05-15.1,4.2.7,,,,,fdfec5f7924367729493b9a91622ca6a85a08f1c8cb1f3e5a6f54a3aa8bd9078,73f531dbee047660d5b6e870b102921e69f6b92f767b64ea14dfb97bac467fd9
actinomyces_naeslundii,GCF_963340415.1,vfdb,True,0,True,nucl,4592.0,2026-Apr-3,1.4.0 (environment manifest),80.0,70.0,,,47d770a37c6bc4e5e4f8c30214e6b716d5990c0f9f0cce597b4079076eb4d0d9,41db2612de16f1270a5d6b2bf48adcca0fb207bc725290183c6e018cc0e6fda1
actinomyces_naeslundii,GCF_963340415.1,card,True,0,True,nucl,6052.0,2026-Apr-3,1.4.0 (environment manifest),80.0,70.0,,,47d770a37c6bc4e5e4f8c30214e6b716d5990c0f9f0cce597b4079076eb4d0d9,cb83a9df4810701a9a93381eeb93c63659b535cf6b7256ba1e1d8940fd568246
actinomyces_naeslundii,GCF_963340415.1,resfinder,True,0,True,nucl,3206.0,2026-Apr-3,1.4.0 (environment manifest),80.0,70.0,,,47d770a37c6bc4e5e4f8c30214e6b716d5990c0f9f0cce597b4079076eb4d0d9,4d20cd4048a37e151dee9590539931ce83b0348c20f3e81d97f370d5bd452fb5
actinomyces_naeslundii,GCF_963340415.1,bacmet2,True,0,True,prot,746.0,2026-Apr-3,1.4.0 (environment manifest),80.0,70.0,,,8b3426cac37360a2a1009f18e88914fbf9df7fd9911c189118a910c470d54a1b,414dba95ff523754f8a89762a29b1e584cdced94a4c40bc95e2599beb8f5cb79
actinomyces_naeslundii,GCF_963340415.1,victors,True,0,True,nucl,4545.0,2026-Apr-3,1.4.0 (environment manifest),80.0,70.0,,,47d770a37c6bc4e5e4f8c30214e6b716d5990c0f9f0cce597b4079076eb4d0d9,539db04964767a84c7ae4cb6731464268daa62a5251c0d55e9813e07df390a1b
actinomyces_naeslundii,GCF_963340415.1,plasmidfinder,True,0,True,nucl,488.0,2026-Apr-3,1.4.0 (environment manifest),80.0,70.0,,,47d770a37c6bc4e5e4f8c30214e6b716d5990c0f9f0cce597b4079076eb4d0d9,275b89289b0f10623062a79383b537e4777ca06388dc55fb19fc9d623d3baea5
corynebacterium_striatum,GCF_002156805.1,amrfinder,True,4,True,,,2026-05-15.1,4.2.7,,,,,634968f2cdfd63dbf8a52a8f1e44430bf406035d9c1265ee95503f93c25e4cd1,f7a843edb674db6e812dbb538d4494b95a676b2063fef6f9e4ca264000c7fac2
corynebacterium_striatum,GCF_002156805.1,vfdb,True,0,True,nucl,4592.0,2026-Apr-3,1.4.0 (environment manifest),80.0,70.0,,,47d770a37c6bc4e5e4f8c30214e6b716d5990c0f9f0cce597b4079076eb4d0d9,37baeaa158b3f9e5750808e75b326f5fce2d31eb7e17d69120cc7160a4501ffb
corynebacterium_striatum,GCF_002156805.1,card,True,2,True,nucl,6052.0,2026-Apr-3,1.4.0 (environment manifest),80.0,70.0,99.3,99.88,9d898f44270e2705098bc282b80fe0bf8d2cef66b3561c027ad13b5b5e2f2072,ac1e9d176717cd3db82bdec8396cc4b4c2b9f3a816491f3956a496506ec2d4d1
corynebacterium_striatum,GCF_002156805.1,resfinder,True,2,True,nucl,3206.0,2026-Apr-3,1.4.0 (environment manifest),80.0,70.0,99.3,99.88,005f6d1671dc3f0629cfe1be399ead026b5d9fc0ea207e11e8159f08f10c31c8,1f12f5e25eec8ac39e5eec63208443c0aa3bffd3b7e7112006b3b1af0775faf3
corynebacterium_striatum,GCF_002156805.1,bacmet2,True,0,True,prot,746.0,2026-Apr-3,1.4.0 (environment manifest),80.0,70.0,,,52172c1db8556922a385773d57eaec5a18041439a249a82256e124e1d9bb6912,5a163116721b18a7ae26da3e6b9c73c47955e6da3b4654b749d43a72ad759cbd
corynebacterium_striatum,GCF_002156805.1,victors,True,0,True,nucl,4545.0,2026-Apr-3,1.4.0 (environment manifest),80.0,70.0,,,47d770a37c6bc4e5e4f8c30214e6b716d5990c0f9f0cce597b4079076eb4d0d9,3984655bd8e5dea0c77ba464d648ae9dc6441ec002c2a70c5ae0d382ccd89fd6
corynebacterium_striatum,GCF_002156805.1,plasmidfinder,True,0,True,nucl,488.0,2026-Apr-3,1.4.0 (environment manifest),80.0,70.0,,,47d770a37c6bc4e5e4f8c30214e6b716d5990c0f9f0cce597b4079076eb4d0d9,9270367b1a262811506840b3198e8474415760c88040b4495dfdba70027acca3
corynebacterium_striatum,GCF_002803965.1,amrfinder,True,9,True,,,2026-05-15.1,4.2.7,,,,,e658463fe488bed344202b51afd32354cd640c477cb1b885b60ca2954c80ae33,c47e0c4a2af47ddb160165861ab316ff716a10d6b28339ad432774a9a6c27f86
corynebacterium_striatum,GCF_002803965.1,vfdb,True,0,True,nucl,4592.0,2026-Apr-3,1.4.0 (environment manifest),80.0,70.0,,,47d770a37c6bc4e5e4f8c30214e6b716d5990c0f9f0cce597b4079076eb4d0d9,d71e5b8854dd21102d47270c9218f8bf2a5b4401f3ab43bde37f4402aac7bd7c
corynebacterium_striatum,GCF_002803965.1,card,True,7,True,nucl,6052.0,2026-Apr-3,1.4.0 (environment manifest),80.0,70.0,97.66,75.57,dd8c6f259a3ab28fd2ad8fde055a164005d6270834c73c782418ddfe3f5f76c8,5ab23a4779e658b549e0e77c75761fbf2cc39824a339b3472a97404018b9fc57
corynebacterium_striatum,GCF_002803965.1,resfinder,True,7,True,nucl,3206.0,2026-Apr-3,1.4.0 (environment manifest),80.0,70.0,99.18,75.57,2e728a664e22c657b85fee52731fa9ceb31e19b05dea91d5a93131ba7b5e27b4,e08a38b9d085aaa62c6916c43ff5292f20688f033d1e9bbb38bf6ba8e07c307d
corynebacterium_striatum,GCF_002803965.1,bacmet2,True,0,True,prot,746.0,2026-Apr-3,1.4.0 (environment manifest),80.0,70.0,,,caed6dc752c3e1dfdbda9b99c929c9939602faa52bc12189c48fd1b6f1b8a4f3,085d9e452223461f640226691e1fb3c26dfd67b0b0da6fea25195371ea775ff3
corynebacterium_striatum,GCF_002803965.1,victors,True,0,True,nucl,4545.0,2026-Apr-3,1.4.0 (environment manifest),80.0,70.0,,,47d770a37c6bc4e5e4f8c30214e6b716d5990c0f9f0cce597b4079076eb4d0d9,8bcba0799bac2e49066a3f02059987943dff6df434e2e8f82273e1c23b94e008
corynebacterium_striatum,GCF_002803965.1,plasmidfinder,True,0,True,nucl,488.0,2026-Apr-3,1.4.0 (environment manifest),80.0,70.0,,,47d770a37c6bc4e5e4f8c30214e6b716d5990c0f9f0cce597b4079076eb4d0d9,69e596df20f3472c8e864b18d7028e86bbb6777f59002ac4a96f6f69f2cb4ccd
corynebacterium_striatum,GCF_002804085.1,amrfinder,True,4,True,,,2026-05-15.1,4.2.7,,,,,7328a7c72918f167d169e260830be44aad375672a97db9c72b0586972e94239b,d1b2b7bfab7c7155a29dc79d946814f5a87c2dcd76e1bfee89fcfc82880aa741
corynebacterium_striatum,GCF_002804085.1,vfdb,True,0,True,nucl,4592.0,2026-Apr-3,1.4.0 (environment manifest),80.0,70.0,,,47d770a37c6bc4e5e4f8c30214e6b716d5990c0f9f0cce597b4079076eb4d0d9,46ec0c78caf14184e66ae096906e7e137c0249fe046e3fe3a2373ba988986a33
corynebacterium_striatum,GCF_002804085.1,card,True,2,True,nucl,6052.0,2026-Apr-3,1.4.0 (environment manifest),80.0,70.0,98.18,99.88,092d959809a41a326e444582715ae29194a1d15016d3de30578d1de891d47147,efcd680437724112761daa6e878412c1f0507878bda39fa44d3a5d6a4d3f5f42
corynebacterium_striatum,GCF_002804085.1,resfinder,True,3,True,nucl,3206.0,2026-Apr-3,1.4.0 (environment manifest),80.0,70.0,99.11,99.88,ecf649829ab9a18d7abdeb5ab45ee4dc16cfbf1190324613382909f1b58e379e,1f55729c1e820fcd625924263633b5796c68ffefb491c8a1bb5f7b163a2122d9
corynebacterium_striatum,GCF_002804085.1,bacmet2,True,0,True,prot,746.0,2026-Apr-3,1.4.0 (environment manifest),80.0,70.0,,,45042630b1c81fe12b875a7f74da7696a2ccea4c3f5207ecfd517185674be90b,cf9ca4faf266347e12f450114cfc2b72311ad22c510dfe0a0b3698680d2eaf01
corynebacterium_striatum,GCF_002804085.1,victors,True,0,True,nucl,4545.0,2026-Apr-3,1.4.0 (environment manifest),80.0,70.0,,,47d770a37c6bc4e5e4f8c30214e6b716d5990c0f9f0cce597b4079076eb4d0d9,ac9d82cdffffbd24a4587baa47cb17275c8059f97de9696987583717cbff6860
corynebacterium_striatum,GCF_002804085.1,plasmidfinder,True,0,True,nucl,488.0,2026-Apr-3,1.4.0 (environment manifest),80.0,70.0,,,47d770a37c6bc4e5e4f8c30214e6b716d5990c0f9f0cce597b4079076eb4d0d9,99a3f13468d10c4021df5049b8b32a8003e37079d2b798e33dd6e754bcd6f6da
corynebacterium_striatum,GCF_016728105.1,amrfinder,True,2,True,,,2026-05-15.1,4.2.7,,,,,9320b4a0083d57f225b0c14b4706d38293ba9512d96c17dc8df8614a854a5718,1b06676dd9c10cd05861e1af28c0d5da93a218f318d0de940338fefd7135db1f
corynebacterium_striatum,GCF_016728105.1,vfdb,True,0,True,nucl,4592.0,2026-Apr-3,1.4.0 (environment manifest),80.0,70.0,,,47d770a37c6bc4e5e4f8c30214e6b716d5990c0f9f0cce597b4079076eb4d0d9,6e0cfcc20ea328079bd9d25ee06fd653be31a2176944a7c28c2352630eeae041
corynebacterium_striatum,GCF_016728105.1,card,True,1,True,nucl,6052.0,2026-Apr-3,1.4.0 (environment manifest),80.0,70.0,99.18,99.88,59034af39a23f2a68f5f4a005f1efeac801db6e7808916c7f80093fcb14df219,d65b29980cc59612fc37b3c09eb9b77004a7c7536eeaca4919ed9e2619592b5a
corynebacterium_striatum,GCF_016728105.1,resfinder,True,2,True,nucl,3206.0,2026-Apr-3,1.4.0 (environment manifest),80.0,70.0,99.18,99.88,47253587af113847089df2f3d375ae2728b3f67485ac093aed711c6dcdb6afc5,0c6e3aa3ce8df98e321cfc9649efc5f9c850c171c7518bbeaa0f2b02b5e4f7a1
corynebacterium_striatum,GCF_016728105.1,bacmet2,True,0,True,prot,746.0,2026-Apr-3,1.4.0 (environment manifest),80.0,70.0,,,17ce538fed3116f66da9bdc985bc6774b06907af0419687a32e829b5a3c04e3c,fb90dc12150428f93e4ba855e5cf88cb83bf18be9cf54aeae3018bd38225c755
corynebacterium_striatum,GCF_016728105.1,victors,True,0,True,nucl,4545.0,2026-Apr-3,1.4.0 (environment manifest),80.0,70.0,,,47d770a37c6bc4e5e4f8c30214e6b716d5990c0f9f0cce597b4079076eb4d0d9,c30dc54eaabd6c01687c18ae4cac01c7bbac9d1d325ea9f7e34fcf9555743f4e
corynebacterium_striatum,GCF_016728105.1,plasmidfinder,True,0,True,nucl,488.0,2026-Apr-3,1.4.0 (environment manifest),80.0,70.0,,,47d770a37c6bc4e5e4f8c30214e6b716d5990c0f9f0cce597b4079076eb4d0d9,2e215ed1510873966e518bad3a3a623310c51a502c36de5cba86310989c0c104
corynebacterium_striatum,GCF_016728205.1,amrfinder,True,0,True,,,2026-05-15.1,4.2.7,,,,,fdfec5f7924367729493b9a91622ca6a85a08f1c8cb1f3e5a6f54a3aa8bd9078,a4d8189f56045e815e86b8960210ba6e1d081f5d27d6fbaad13b24f9181ec011
corynebacterium_striatum,GCF_016728205.1,vfdb,True,0,True,nucl,4592.0,2026-Apr-3,1.4.0 (environment manifest),80.0,70.0,,,47d770a37c6bc4e5e4f8c30214e6b716d5990c0f9f0cce597b4079076eb4d0d9,3598c155ed9e74688a78843ac63d6f569a2a4f259bc802ee21276b8ddf29b8b9
corynebacterium_striatum,GCF_016728205.1,card,True,0,True,nucl,6052.0,2026-Apr-3,1.4.0 (environment manifest),80.0,70.0,,,47d770a37c6bc4e5e4f8c30214e6b716d5990c0f9f0cce597b4079076eb4d0d9,9fcbcbea8d5a04e8f4fd27cfe1806e23f4bc4cd7eede08e5481e1f00082767af
corynebacterium_striatum,GCF_016728205.1,resfinder,True,0,True,nucl,3206.0,2026-Apr-3,1.4.0 (environment manifest),80.0,70.0,,,47d770a37c6bc4e5e4f8c30214e6b716d5990c0f9f0cce597b4079076eb4d0d9,401cdd394ec7e4e708e4ba8506568615433c0da40e03aee6a351683566b73efe
corynebacterium_striatum,GCF_016728205.1,bacmet2,True,0,True,prot,746.0,2026-Apr-3,1.4.0 (environment manifest),80.0,70.0,,,1b3151b5658f732e1bec09bc98330327166310015ed6e716806490ae3478a45f,8168bfb8d7bd716fad2174283e99e63c259b4d4f5c11ac13e49e0a92b8292fb9
corynebacterium_striatum,GCF_016728205.1,victors,True,0,True,nucl,4545.0,2026-Apr-3,1.4.0 (environment manifest),80.0,70.0,,,47d770a37c6bc4e5e4f8c30214e6b716d5990c0f9f0cce597b4079076eb4d0d9,35b87656930be2f16137310993f21c052e5d242367bf31cdb8df7cfc2d266ce0
corynebacterium_striatum,GCF_016728205.1,plasmidfinder,True,0,True,nucl,488.0,2026-Apr-3,1.4.0 (environment manifest),80.0,70.0,,,47d770a37c6bc4e5e4f8c30214e6b716d5990c0f9f0cce597b4079076eb4d0d9,771030f9df0c1aa492b8d7ed3234b34580044fe5fae383ace9a1a4bfc96d2bee
cutibacterium_acnes,GCF_001281065.1,amrfinder,True,0,True,,,2026-05-15.1,4.2.7,,,,,fdfec5f7924367729493b9a91622ca6a85a08f1c8cb1f3e5a6f54a3aa8bd9078,a143f0e268f7d7d07dd50c402c4106285239d7d7fe37970e1f906c9b162e9cc7
cutibacterium_acnes,GCF_001281065.1,vfdb,True,0,True,nucl,4592.0,2026-Apr-3,1.4.0 (environment manifest),80.0,70.0,,,47d770a37c6bc4e5e4f8c30214e6b716d5990c0f9f0cce597b4079076eb4d0d9,f9ef544d86034758876d42e06e2ae88afa3f7b099ba40d76feff1e7a217b9d74
cutibacterium_acnes,GCF_001281065.1,card,True,0,True,nucl,6052.0,2026-Apr-3,1.4.0 (environment manifest),80.0,70.0,,,47d770a37c6bc4e5e4f8c30214e6b716d5990c0f9f0cce597b4079076eb4d0d9,c5a2c843ecfde1d275101b5bd3b4709fef8b4a03cc20b916e5408599716eb41d
cutibacterium_acnes,GCF_001281065.1,resfinder,True,0,True,nucl,3206.0,2026-Apr-3,1.4.0 (environment manifest),80.0,70.0,,,47d770a37c6bc4e5e4f8c30214e6b716d5990c0f9f0cce597b4079076eb4d0d9,301ffd6e30ec4fa3bd4fe5da78d94cfef0bb5697b0eb994a0ae5182bb047af06
cutibacterium_acnes,GCF_001281065.1,bacmet2,True,0,True,prot,746.0,2026-Apr-3,1.4.0 (environment manifest),80.0,70.0,,,de4c2459d383dc9b1511e9dafb0e9282556faae14e9a2112504a824ca5e6288a,80c77d4362139d21f7243ab1e168e5e1f6fea4a836605dae87ac91d9b8c06f8c
cutibacterium_acnes,GCF_001281065.1,victors,True,0,True,nucl,4545.0,2026-Apr-3,1.4.0 (environment manifest),80.0,70.0,,,47d770a37c6bc4e5e4f8c30214e6b716d5990c0f9f0cce597b4079076eb4d0d9,9b5f6aee6e317fb324d810459e14b026d408f9d7ae18e980685aa6989e8e725e
cutibacterium_acnes,GCF_001281065.1,plasmidfinder,True,0,True,nucl,488.0,2026-Apr-3,1.4.0 (environment manifest),80.0,70.0,,,47d770a37c6bc4e5e4f8c30214e6b716d5990c0f9f0cce597b4079076eb4d0d9,0ffd0fc61dec85dba82ec112159b2e759203c5a0335113705996cacb4d295f60
cutibacterium_acnes,GCF_001469565.1,amrfinder,True,0,True,,,2026-05-15.1,4.2.7,,,,,fdfec5f7924367729493b9a91622ca6a85a08f1c8cb1f3e5a6f54a3aa8bd9078,9e8c5cd97e7bec6cf7eda638abd665a0e76c63e376c98ffbf58a58975d286ecb
cutibacterium_acnes,GCF_001469565.1,vfdb,True,0,True,nucl,4592.0,2026-Apr-3,1.4.0 (environment manifest),80.0,70.0,,,47d770a37c6bc4e5e4f8c30214e6b716d5990c0f9f0cce597b4079076eb4d0d9,f21c4e7f528095d7c0758ffee76501a86e953f9021316b627b0e999413b13097
cutibacterium_acnes,GCF_001469565.1,card,True,0,True,nucl,6052.0,2026-Apr-3,1.4.0 (environment manifest),80.0,70.0,,,47d770a37c6bc4e5e4f8c30214e6b716d5990c0f9f0cce597b4079076eb4d0d9,638717661f902ac2614c7b69f15c5af79c1f6a37b2ab09b66683dea7f8b29106
cutibacterium_acnes,GCF_001469565.1,resfinder,True,0,True,nucl,3206.0,2026-Apr-3,1.4.0 (environment manifest),80.0,70.0,,,47d770a37c6bc4e5e4f8c30214e6b716d5990c0f9f0cce597b4079076eb4d0d9,5d7f6ca10013e905ddc9c38b2c212b557fa595db2c71f87c302cd4297755572d
cutibacterium_acnes,GCF_001469565.1,bacmet2,True,0,True,prot,746.0,2026-Apr-3,1.4.0 (environment manifest),80.0,70.0,,,6e290086bee21cc461fad9b403bb4e71a3012abc52dea57a05f488615bcfa001,4ac07d89bcfc98591609267655ab35421e45755a7dcf53dcbcc89d212ac8b996
cutibacterium_acnes,GCF_001469565.1,victors,True,0,True,nucl,4545.0,2026-Apr-3,1.4.0 (environment manifest),80.0,70.0,,,47d770a37c6bc4e5e4f8c30214e6b716d5990c0f9f0cce597b4079076eb4d0d9,dfb0fb4b2365fae8276698aea8cd62580636d13dc9b73510c9443aeee183084d
cutibacterium_acnes,GCF_001469565.1,plasmidfinder,True,0,True,nucl,488.0,2026-Apr-3,1.4.0 (environment manifest),80.0,70.0,,,47d770a37c6bc4e5e4f8c30214e6b716d5990c0f9f0cce597b4079076eb4d0d9,9638de3a38f1a71f98d07214a53902e42988518dbab6ff16e046663787dface6
cutibacterium_acnes,GCF_001469595.1,amrfinder,True,0,True,,,2026-05-15.1,4.2.7,,,,,fdfec5f7924367729493b9a91622ca6a85a08f1c8cb1f3e5a6f54a3aa8bd9078,8b4630d92b0ecbf426894f0de39ef14e427e81f08f033ccefde8252e63bba4ed
cutibacterium_acnes,GCF_001469595.1,vfdb,True,0,True,nucl,4592.0,2026-Apr-3,1.4.0 (environment manifest),80.0,70.0,,,47d770a37c6bc4e5e4f8c30214e6b716d5990c0f9f0cce597b4079076eb4d0d9,47a50abe2499b9c2d9288724918e7fd2cd70958074026019713ec69dd718b56a
cutibacterium_acnes,GCF_001469595.1,card,True,0,True,nucl,6052.0,2026-Apr-3,1.4.0 (environment manifest),80.0,70.0,,,47d770a37c6bc4e5e4f8c30214e6b716d5990c0f9f0cce597b4079076eb4d0d9,ca8f31ac2efcdf2fd578dca2e42db092be7c0d8e6136975c049f8506d53dd2d4
cutibacterium_acnes,GCF_001469595.1,resfinder,True,0,True,nucl,3206.0,2026-Apr-3,1.4.0 (environment manifest),80.0,70.0,,,47d770a37c6bc4e5e4f8c30214e6b716d5990c0f9f0cce597b4079076eb4d0d9,5131a3674b1f9e428e832d29df96eb6acb533fd816372ecb7f494b9c573e3929
cutibacterium_acnes,GCF_001469595.1,bacmet2,True,0,True,prot,746.0,2026-Apr-3,1.4.0 (environment manifest),80.0,70.0,,,5b29294ceec16688ded1dd32e5845ba854ac9fe2a335c0d9416ae37830d5f93d,94592a4b1dd2f960aad3b092313e952aae068180e932bab84877fb5fe35ea974
cutibacterium_acnes,GCF_001469595.1,victors,True,0,True,nucl,4545.0,2026-Apr-3,1.4.0 (environment manifest),80.0,70.0,,,47d770a37c6bc4e5e4f8c30214e6b716d5990c0f9f0cce597b4079076eb4d0d9,fa9c60543ff959e54f4a55af853e33cfb1a818f2013821a6918916fe6ed4b13a
cutibacterium_acnes,GCF_001469595.1,plasmidfinder,True,0,True,nucl,488.0,2026-Apr-3,1.4.0 (environment manifest),80.0,70.0,,,47d770a37c6bc4e5e4f8c30214e6b716d5990c0f9f0cce597b4079076eb4d0d9,30c945deefb31f144ae7b773ace5f4b37a2cc6248d849e3e5214a34278801b9b
cutibacterium_acnes,GCF_001469615.1,amrfinder,True,0,True,,,2026-05-15.1,4.2.7,,,,,fdfec5f7924367729493b9a91622ca6a85a08f1c8cb1f3e5a6f54a3aa8bd9078,8dbffc340b813be12e678583d4daa6240acfebe663c7014c34450ca0d878a380
cutibacterium_acnes,GCF_001469615.1,vfdb,True,0,True,nucl,4592.0,2026-Apr-3,1.4.0 (environment manifest),80.0,70.0,,,47d770a37c6bc4e5e4f8c30214e6b716d5990c0f9f0cce597b4079076eb4d0d9,09ea4e0b0dc473492a1d246ac5ef17eb1ab09f12ac68b1b900b2693caa6f5148
cutibacterium_acnes,GCF_001469615.1,card,True,0,True,nucl,6052.0,2026-Apr-3,1.4.0 (environment manifest),80.0,70.0,,,47d770a37c6bc4e5e4f8c30214e6b716d5990c0f9f0cce597b4079076eb4d0d9,c0533e614249e9dc5e24cd02da73ef06b623403c3fb7440a12fef7786e52942f
cutibacterium_acnes,GCF_001469615.1,resfinder,True,0,True,nucl,3206.0,2026-Apr-3,1.4.0 (environment manifest),80.0,70.0,,,47d770a37c6bc4e5e4f8c30214e6b716d5990c0f9f0cce597b4079076eb4d0d9,3d69664f2f18db3410ca2d8d368bcca2bfa8bb36f4da0498322ee497743bd1bb
cutibacterium_acnes,GCF_001469615.1,bacmet2,True,0,True,prot,746.0,2026-Apr-3,1.4.0 (environment manifest),80.0,70.0,,,a89af0ff824bfe459c7d06e807d2420f4c66447a1ee0b23dc36f1449eea56198,7fadab1f1745ff4bd10a1c031c4e8a7383d8de5c455edba3f686cb9ce319f27f
cutibacterium_acnes,GCF_001469615.1,victors,True,0,True,nucl,4545.0,2026-Apr-3,1.4.0 (environment manifest),80.0,70.0,,,47d770a37c6bc4e5e4f8c30214e6b716d5990c0f9f0cce597b4079076eb4d0d9,aae9057a4dc0f1e356666d805c5ceebdd8695a174284311fa91d3c9ef698479c
cutibacterium_acnes,GCF_001469615.1,plasmidfinder,True,0,True,nucl,488.0,2026-Apr-3,1.4.0 (environment manifest),80.0,70.0,,,47d770a37c6bc4e5e4f8c30214e6b716d5990c0f9f0cce597b4079076eb4d0d9,fbc1e04e52cbb2ae5362cf550d42b3f886906644c081a14fbd86f11853aa75cb
cutibacterium_acnes,GCF_001469655.1,amrfinder,True,0,True,,,2026-05-15.1,4.2.7,,,,,fdfec5f7924367729493b9a91622ca6a85a08f1c8cb1f3e5a6f54a3aa8bd9078,9ed5d9e3ad8700ced1b6ccbd62f870488802640985257ec9685d32c4e4b7c369
cutibacterium_acnes,GCF_001469655.1,vfdb,True,0,True,nucl,4592.0,2026-Apr-3,1.4.0 (environment manifest),80.0,70.0,,,47d770a37c6bc4e5e4f8c30214e6b716d5990c0f9f0cce597b4079076eb4d0d9,993e48cf6e09dc5c0ed22c282d73b8f521edfaeb75df0ac6b1b58324ebe9a311
cutibacterium_acnes,GCF_001469655.1,card,True,0,True,nucl,6052.0,2026-Apr-3,1.4.0 (environment manifest),80.0,70.0,,,47d770a37c6bc4e5e4f8c30214e6b716d5990c0f9f0cce597b4079076eb4d0d9,c324f736cd1a2be2448a8f93db94ae4cd56e86b8f63259247c539b5b10095c43
cutibacterium_acnes,GCF_001469655.1,resfinder,True,0,True,nucl,3206.0,2026-Apr-3,1.4.0 (environment manifest),80.0,70.0,,,47d770a37c6bc4e5e4f8c30214e6b716d5990c0f9f0cce597b4079076eb4d0d9,457b764a1e51fad5f42cbae819f0173b47c307fc142cfa4124719d679880da29
cutibacterium_acnes,GCF_001469655.1,bacmet2,True,0,True,prot,746.0,2026-Apr-3,1.4.0 (environment manifest),80.0,70.0,,,7524ce95dbafc727951ddaa1d6c621d45bcdf5f06ad2400280eb7c7e9debe274,a55365260f5048e634a3069068d00a48b60d99f6e4a7948f572cc5af1df630d5
cutibacterium_acnes,GCF_001469655.1,victors,True,0,True,nucl,4545.0,2026-Apr-3,1.4.0 (environment manifest),80.0,70.0,,,47d770a37c6bc4e5e4f8c30214e6b716d5990c0f9f0cce597b4079076eb4d0d9,3d106862eab845cfe8719cd49b27b8e48af872c4c4f74670f5ed0d9b3a19bef9
cutibacterium_acnes,GCF_001469655.1,plasmidfinder,True,0,True,nucl,488.0,2026-Apr-3,1.4.0 (environment manifest),80.0,70.0,,,47d770a37c6bc4e5e4f8c30214e6b716d5990c0f9f0cce597b4079076eb4d0d9,223d2ece80d264bbbfdb5f9daa4e56572e4cfaaf752e0c72a80937451ea29599
enterococcus_faecalis,GCF_001598635.1,amrfinder,True,1,True,,,2026-05-15.1,4.2.7,,,,,b8d9d74e018d63228743b506a15395c1199432bbd1f54781db94069ee915cd18,c3419b54b6ef29ead4e8e9e10f6faf5c61676b5a2a467bbeed1ff9a0ece2b8dc
enterococcus_faecalis,GCF_001598635.1,vfdb,True,14,True,nucl,4592.0,2026-Apr-3,1.4.0 (environment manifest),80.0,70.0,86.06,71.11,e0d8f6cc787fae4ff0d71fdafb40da431fa0d9016a034fae3067074c55ff73d2,d5cb4f9bfdb26f81938ec3fc9130fd4725abcc9d86cd024794f2f90f4cf14444
enterococcus_faecalis,GCF_001598635.1,card,True,6,True,nucl,6052.0,2026-Apr-3,1.4.0 (environment manifest),80.0,70.0,97.12,96.69,089578d274cea20404540b0566da44ceda390e01e982cdf96e7294c4b9e98738,05fa48daa03ffbe50ef625056c2038fc70dc574f2cb55e94a89f2b4a2f997645
enterococcus_faecalis,GCF_001598635.1,resfinder,True,1,True,nucl,3206.0,2026-Apr-3,1.4.0 (environment manifest),80.0,70.0,100.0,100.0,2fd7848f3cf6f6cb0c091a360357736c87224e50b0a7b6605c2398db515a0000,01abdc3be66542d2e3c64b1c3169400987573aa9c6bb4a8ab7e9e85f186aec1a
enterococcus_faecalis,GCF_001598635.1,bacmet2,True,2,True,prot,746.0,2026-Apr-3,1.4.0 (environment manifest),80.0,70.0,84.38,97.71,8345bbb52ad68110344328722a7a3240c7d346871533c9c1e0d159e973c5944e,e778bd3bebe07172c53772c92ace1e5ef78b2dc7fa61d90f37e794867e1350a4
enterococcus_faecalis,GCF_001598635.1,victors,True,27,True,nucl,4545.0,2026-Apr-3,1.4.0 (environment manifest),80.0,70.0,98.24,73.77,33987498f3466f570f77572ac8786374ccd78338f6e170a5ceb18848054e5a14,a849d43c7e13ae6c6bac05302a1c88a1e4cc27ea86d277081958c2ff53043ebd
enterococcus_faecalis,GCF_001598635.1,plasmidfinder,True,0,True,nucl,488.0,2026-Apr-3,1.4.0 (environment manifest),80.0,70.0,,,47d770a37c6bc4e5e4f8c30214e6b716d5990c0f9f0cce597b4079076eb4d0d9,6823b32e4e426054d7bbd174af2bc35b5ba102152d2237bd7a1ee1ed20626b42
enterococcus_faecalis,GCF_001689055.2,amrfinder,True,1,True,,,2026-05-15.1,4.2.7,,,,,de2b25d4f255a83f5ec45ca13cd03bf995449bd0b599c4da113b1216151dfce1,ffd86e1748648cd6f318a59d544ee2aa3725d1c08cd9052e199fafa21b15c348
enterococcus_faecalis,GCF_001689055.2,vfdb,True,23,True,nucl,4592.0,2026-Apr-3,1.4.0 (environment manifest),80.0,70.0,95.76,76.14,82ff42e3547b1a7ed9f9acb4addd2af32466755e062ea75c9d473f49b13e3815,5a4605e7ab13d05e17cf326ff214b86f163366789b257afccab71f4987ee0316
enterococcus_faecalis,GCF_001689055.2,card,True,6,True,nucl,6052.0,2026-Apr-3,1.4.0 (environment manifest),80.0,70.0,97.63,96.69,a36be5e76fc6300d90ec378b27da4abd66bf6e604bb5e021150a22ab97a26952,7ada7391b2b077a7cea9ce06228cb0c7b1a036df00bd06c8ad8c43915e34db61
enterococcus_faecalis,GCF_001689055.2,resfinder,True,1,True,nucl,3206.0,2026-Apr-3,1.4.0 (environment manifest),80.0,70.0,98.46,100.0,3342ff381167341ff6cbf868bd5010b629fbed32cbcd36bc0c03988eac45363b,1b979c3f0c734084e8d00be7bf4d5031bb3ccbdd4c75664d596c96e12dd026e5
enterococcus_faecalis,GCF_001689055.2,bacmet2,True,3,True,prot,746.0,2026-Apr-3,1.4.0 (environment manifest),80.0,70.0,83.93,88.27,6de83f98f218692f92b800efe111fa1d9a9184ebec9d420940d32750a29bedc0,406228611066e2f99ea9855dfe96ec9105d44879e5b5d6f414753255f63a5360
enterococcus_faecalis,GCF_001689055.2,victors,True,32,True,nucl,4545.0,2026-Apr-3,1.4.0 (environment manifest),80.0,70.0,95.1,73.77,e044478a24974f399fcdb2ffed871eb0d9e252e8db5d32c588dd0cf28f81cfee,554dae8c4564b7d80072ce26d094028b54b6b545f17444541452541b8a73a3ad
enterococcus_faecalis,GCF_001689055.2,plasmidfinder,True,0,True,nucl,488.0,2026-Apr-3,1.4.0 (environment manifest),80.0,70.0,,,47d770a37c6bc4e5e4f8c30214e6b716d5990c0f9f0cce597b4079076eb4d0d9,f9e557c8c40f2d314a58cda985ad63b22e76770028a00838dfa044eb2e61b92d
enterococcus_faecalis,GCF_001989555.1,amrfinder,True,9,True,,,2026-05-15.1,4.2.7,,,,,e76f74fe2fb20331481a0b0215785ed4498b7cacdcd75de67d388c3e8ec98ead,70f7d92cd91dd879d8c29ee2351e9ffa54fb5b1eb3557b86657402b0331e8108
enterococcus_faecalis,GCF_001989555.1,vfdb,True,34,True,nucl,4592.0,2026-Apr-3,1.4.0 (environment manifest),80.0,70.0,83.75,80.65,df445222df017f8de2aef98390d07acb776b779bc2034dc4ee66e054ef315081,7ea77ae218d4d54ed813b3399c6ab51b1145716a7d5abbc855ff7390fcc5dab6
enterococcus_faecalis,GCF_001989555.1,card,True,14,True,nucl,6052.0,2026-Apr-3,1.4.0 (environment manifest),80.0,70.0,97.54,96.69,b38caa7a1cc5c097d54e33b944e6613c217fe24a4cdbd076d9535c92f14faf1a,ec2be7b27b796a6bba281e6d5df55cad384e76b9a69d820879cd15ff1680132d
enterococcus_faecalis,GCF_001989555.1,resfinder,True,7,True,nucl,3206.0,2026-Apr-3,1.4.0 (environment manifest),80.0,70.0,98.53,100.0,a278cdf94de36d1f6a62b4f9c23bf991b212da13883fb9ab9f311cc98051ebb2,f6cf8abdd9bc51a215f4b0fc823b447759f09463c172a37a408578a92218153b
enterococcus_faecalis,GCF_001989555.1,bacmet2,True,3,True,prot,746.0,2026-Apr-3,1.4.0 (environment manifest),80.0,70.0,84.38,97.71,592e9d8c88cec53527f785b32b71b8badf865bd033cd95d0668ec9337b6bb061,d38d636a7166407ae09310ca39531a1a8a8525aa7ad54b00cba03598bbde10b2
enterococcus_faecalis,GCF_001989555.1,victors,True,33,True,nucl,4545.0,2026-Apr-3,1.4.0 (environment manifest),80.0,70.0,93.93,73.77,9a19c23caff740362075528588bfec6bc28eb5ba49849912750b047fb6b9f517,ca9b9c4bdbe56539beba03f202c987591be593983a63781b2d77ee333c717af7
enterococcus_faecalis,GCF_001989555.1,plasmidfinder,True,4,True,nucl,488.0,2026-Apr-3,1.4.0 (environment manifest),80.0,70.0,100.0,100.0,f9d590b33247e54087d62a6e6fe514dd7ccc13ac5979c8d2801c0dce48d46106,18c22d9887fbbdfa40afc75d5c5b847db6c5fa23585c89f2e15efa81af61d507
enterococcus_faecalis,GCF_002163735.1,amrfinder,True,1,True,,,2026-05-15.1,4.2.7,,,,,0b8612c8b956b22d779d2537199f2681c80acbf7942818c33f7aec1250a5ac70,6ed2af3282b51c3e5066f6d156b54865f88ff20b65b6da84fcf034f342b32f34
enterococcus_faecalis,GCF_002163735.1,vfdb,True,34,True,nucl,4592.0,2026-Apr-3,1.4.0 (environment manifest),80.0,70.0,95.48,99.87,2b04332e3e62531ef3c670f2f7e0eb27862d8cddf244942fb04648373676f7a1,c05185ccb2a36b735de257732227db4afd4c3455ae2891a3ca3e3b5cf4106b57
enterococcus_faecalis,GCF_002163735.1,card,True,6,True,nucl,6052.0,2026-Apr-3,1.4.0 (environment manifest),80.0,70.0,96.87,96.69,83ca4eb88fa681836bc96ac3315cc46ef90821bdf8a38beeab1c41e69e0ba96c,560a8d2d3ebef6a3aa51dcf53c10e9127ef088bc55a799bd1b54d80eaf0e2955
enterococcus_faecalis,GCF_002163735.1,resfinder,True,1,True,nucl,3206.0,2026-Apr-3,1.4.0 (environment manifest),80.0,70.0,99.06,100.0,35ea58f148274bb5985198a41f39488416d06f3784caf77ea875e4b56385456d,e8f6e3815a1bec14b47b81feea69933468363ef0aaa36545dad64db396449863
enterococcus_faecalis,GCF_002163735.1,bacmet2,True,2,True,prot,746.0,2026-Apr-3,1.4.0 (environment manifest),80.0,70.0,84.38,97.71,b2631beed83914fdbd4b137a018bf428b5241eb9b9ed81b9af4d2317b8941b39,113650648ea4778da94f67386d6e6a98a4735ed49b9f043b13fbc8c32a7ee4fd
enterococcus_faecalis,GCF_002163735.1,victors,True,34,True,nucl,4545.0,2026-Apr-3,1.4.0 (environment manifest),80.0,70.0,95.15,78.8,653e0ce299069b8fb1bd50935312a5febe027dc747ebe69d06236a630caff8b1,487910da1c46c2f58744c05f63e1137664d8a48d0b008fef5c38684e5d26db87
enterococcus_faecalis,GCF_002163735.1,plasmidfinder,True,1,True,nucl,488.0,2026-Apr-3,1.4.0 (environment manifest),80.0,70.0,100.0,100.0,aaf385e27629fe983d1a704edeabc095852af54bf458bf2dbc2d08cfb77aedbf,d6fc3e2ce03f334881abdce18dc7ee3c10f5b34ed6b3c5e2e3f29fcf240027ff
enterococcus_faecalis,GCF_002208945.1,amrfinder,True,2,True,,,2026-05-15.1,4.2.7,,,,,9c62500438b24237cd7fa35b826d579b172835401e25bbadb8f48d3d5e595dfa,81c488da7a0d76dde661e74444c3b4a1756b56e45feb032bd3a5347d2765129f
enterococcus_faecalis,GCF_002208945.1,vfdb,True,14,True,nucl,4592.0,2026-Apr-3,1.4.0 (environment manifest),80.0,70.0,96.84,78.07,8d4baafc97233e34aab2f66d8a16f1220f4b813571181bddbe0cb4edea974ee8,dd7e233d4784720271aa508ab186a0186a81586c56cae3e6c27d1e628b6ec678
enterococcus_faecalis,GCF_002208945.1,card,True,7,True,nucl,6052.0,2026-Apr-3,1.4.0 (environment manifest),80.0,70.0,97.72,96.78,bc470458fbcb2720895ba210610ad4de364307e197d495dd2936fffb9173a08a,8ccfe42e4d12c8444f5977e8acac543632fa0ed08cc9ebc74bb4ced12d84d865
enterococcus_faecalis,GCF_002208945.1,resfinder,True,2,True,nucl,3206.0,2026-Apr-3,1.4.0 (environment manifest),80.0,70.0,98.33,100.0,9e772034a057d3f01b231e5ae80cb67c7f3a22af40dcfcd2a1509e155e9a6325,282bccf54ef611e6b563d85cdc4acc43c8ceead45e91839867188843e611ae20
enterococcus_faecalis,GCF_002208945.1,bacmet2,True,2,True,prot,746.0,2026-Apr-3,1.4.0 (environment manifest),80.0,70.0,84.38,97.71,d5fccdcd92010869f19ea64599d44b596bf088c989944ddfb5c5d1cdbd3cff83,394c70f3225ef4869b41c8d28fc242e31e403a59bfe745982d31def3663a45b7
enterococcus_faecalis,GCF_002208945.1,victors,True,28,True,nucl,4545.0,2026-Apr-3,1.4.0 (environment manifest),80.0,70.0,96.99,72.52,710b85c64019273ef88d405e31e8253f85f7be8b2c15f0947ebccfc93abddc70,e0933ca3e5b1b11eeaadb29b49c7efc1b36ad3b69ac120efabf624741b4b0a84
enterococcus_faecalis,GCF_002208945.1,plasmidfinder,True,1,True,nucl,488.0,2026-Apr-3,1.4.0 (environment manifest),80.0,70.0,100.0,100.0,e5e56c914c956f56c81d80329d78264a283e742feedb6ae6b8d7015c9dc9e3e0,2d075d5ee65e9f0ecda7c21d6b92b880d8c08a07f70e674e733204dbd9b72025
fusobacterium_nucleatum,GCF_028621975.1,amrfinder,True,2,True,,,2026-05-15.1,4.2.7,,,,,19cc9cf6c4f29b5d2b961ff40ee4dbb981c46c65e5ea4e3376ad1bb5bca72d6a,d7e43ac424c4a50d7e687e179182a08745b30f47f67aa72c4c684d1c080a467b
fusobacterium_nucleatum,GCF_028621975.1,vfdb,True,0,True,nucl,4592.0,2026-Apr-3,1.4.0 (environment manifest),80.0,70.0,,,47d770a37c6bc4e5e4f8c30214e6b716d5990c0f9f0cce597b4079076eb4d0d9,308062696eccb331be0e9f3ed77051a13107e6079b23c7dd567988eb04e8f680
fusobacterium_nucleatum,GCF_028621975.1,card,True,2,True,nucl,6052.0,2026-Apr-3,1.4.0 (environment manifest),80.0,70.0,95.62,99.87,6918e8fdebb018fe34e4af63b85c0fba16065872836104c1c2f1ef8d2abce2ec,c2cee384f0e034116509ba97b9fc1ef4b2c1972bedf632263975219527d018be
fusobacterium_nucleatum,GCF_028621975.1,resfinder,True,2,True,nucl,3206.0,2026-Apr-3,1.4.0 (environment manifest),80.0,70.0,97.81,99.95,d3a9c6f7becfe1f451f1fd78f373c3e8f4bd030529532b3ed28d1b6909d40039,1fe750393ca3fd478c1b40bcca1669b2618ed61565b5b69eb9111385724b7cd7
fusobacterium_nucleatum,GCF_028621975.1,bacmet2,True,0,True,prot,746.0,2026-Apr-3,1.4.0 (environment manifest),80.0,70.0,,,3defea50ed11dba629c940b2f237db9f3f5d2e92ccf97fe16e10f8ecdaa34889,e8a077e894f470b51edcdeed6b80237f32e7f0c3f0d49f5fafc29559a4897380
fusobacterium_nucleatum,GCF_028621975.1,victors,True,0,True,nucl,4545.0,2026-Apr-3,1.4.0 (environment manifest),80.0,70.0,,,47d770a37c6bc4e5e4f8c30214e6b716d5990c0f9f0cce597b4079076eb4d0d9,c84dec5f585ed08e7ba5024ec5888d225ae53efc885dfa715dabdee0cf5d68bf
fusobacterium_nucleatum,GCF_028621975.1,plasmidfinder,True,1,True,nucl,488.0,2026-Apr-3,1.4.0 (environment manifest),80.0,70.0,99.83,99.75,99efd82f2e6eba780db33db1709161682a796f7917355a00db8b4663e14bd7b9,1776190fbcbdb3221fa94755438b110aeaf57ce4536b5f4bab0efdfbf18a143c
fusobacterium_nucleatum,GCF_028621995.1,amrfinder,True,0,True,,,2026-05-15.1,4.2.7,,,,,fdfec5f7924367729493b9a91622ca6a85a08f1c8cb1f3e5a6f54a3aa8bd9078,71a4ed7d23dcf899c1674e65788466df0b9f99798b490c485441183ed43d4ced
fusobacterium_nucleatum,GCF_028621995.1,vfdb,True,0,True,nucl,4592.0,2026-Apr-3,1.4.0 (environment manifest),80.0,70.0,,,47d770a37c6bc4e5e4f8c30214e6b716d5990c0f9f0cce597b4079076eb4d0d9,16bce0fb07c196bce5cc7d5afc32993ae6c326589de1f1e1be933ff1815424c6
fusobacterium_nucleatum,GCF_028621995.1,card,True,0,True,nucl,6052.0,2026-Apr-3,1.4.0 (environment manifest),80.0,70.0,,,47d770a37c6bc4e5e4f8c30214e6b716d5990c0f9f0cce597b4079076eb4d0d9,de41bd175934a69c5cd72bc740c153660578715c620179ce2b8865ca4244c24e
fusobacterium_nucleatum,GCF_028621995.1,resfinder,True,0,True,nucl,3206.0,2026-Apr-3,1.4.0 (environment manifest),80.0,70.0,,,47d770a37c6bc4e5e4f8c30214e6b716d5990c0f9f0cce597b4079076eb4d0d9,15ef38ebbe8d9f67f1940275e793132ec5eb2e6f95e08a5da051df7e6236be2d
fusobacterium_nucleatum,GCF_028621995.1,bacmet2,True,0,True,prot,746.0,2026-Apr-3,1.4.0 (environment manifest),80.0,70.0,,,cb133b1be0b55e4d199f936fc4beab2968bbc4d6066c8af8afa65f1d6bbef94c,d5594a0b070799658e07b76c392c0418cae588d3b2da11f65a5179ccc1378d04
fusobacterium_nucleatum,GCF_028621995.1,victors,True,0,True,nucl,4545.0,2026-Apr-3,1.4.0 (environment manifest),80.0,70.0,,,47d770a37c6bc4e5e4f8c30214e6b716d5990c0f9f0cce597b4079076eb4d0d9,889b083c2da0bfcd40ee5d8381cfc17b06382845213bf2d8e907ce8aabe0d687
fusobacterium_nucleatum,GCF_028621995.1,plasmidfinder,True,0,True,nucl,488.0,2026-Apr-3,1.4.0 (environment manifest),80.0,70.0,,,47d770a37c6bc4e5e4f8c30214e6b716d5990c0f9f0cce597b4079076eb4d0d9,436de0c91ed1b201a7532da2feaa3992e1bd79151d359ee3b04ba1180040102b
fusobacterium_nucleatum,GCF_031191795.1,amrfinder,True,0,True,,,2026-05-15.1,4.2.7,,,,,fdfec5f7924367729493b9a91622ca6a85a08f1c8cb1f3e5a6f54a3aa8bd9078,ae7367d449dd4b4ef92aa7d3bac7416f6c03e4f5733c66716c22085eac6cf589
fusobacterium_nucleatum,GCF_031191795.1,vfdb,True,0,True,nucl,4592.0,2026-Apr-3,1.4.0 (environment manifest),80.0,70.0,,,47d770a37c6bc4e5e4f8c30214e6b716d5990c0f9f0cce597b4079076eb4d0d9,53091928818a19a15ce916979648b524c54ab99dfbb16cf9ed4ef9d6fe63d751
fusobacterium_nucleatum,GCF_031191795.1,card,True,0,True,nucl,6052.0,2026-Apr-3,1.4.0 (environment manifest),80.0,70.0,,,47d770a37c6bc4e5e4f8c30214e6b716d5990c0f9f0cce597b4079076eb4d0d9,46726ec9e671e45f64fe9be1687208eb2a988566dca3b53e5263ae21b18168a4
fusobacterium_nucleatum,GCF_031191795.1,resfinder,True,0,True,nucl,3206.0,2026-Apr-3,1.4.0 (environment manifest),80.0,70.0,,,47d770a37c6bc4e5e4f8c30214e6b716d5990c0f9f0cce597b4079076eb4d0d9,9c9f7612f67469f8f4737c91b959936e62c63308cd77130d55de24273d8dad48
fusobacterium_nucleatum,GCF_031191795.1,bacmet2,True,0,True,prot,746.0,2026-Apr-3,1.4.0 (environment manifest),80.0,70.0,,,48701b58facf172adb681f4bf310186e72598517150a21549a94c4a21743452f,da3196a6819e15936f3a23e343a57d857a97d271383d4c992afdb20cc835e759
fusobacterium_nucleatum,GCF_031191795.1,victors,True,0,True,nucl,4545.0,2026-Apr-3,1.4.0 (environment manifest),80.0,70.0,,,47d770a37c6bc4e5e4f8c30214e6b716d5990c0f9f0cce597b4079076eb4d0d9,85f9100700860d8ae8740f961eb7570f9228c2bf049ac264c3e1f932a96d8499
fusobacterium_nucleatum,GCF_031191795.1,plasmidfinder,True,0,True,nucl,488.0,2026-Apr-3,1.4.0 (environment manifest),80.0,70.0,,,47d770a37c6bc4e5e4f8c30214e6b716d5990c0f9f0cce597b4079076eb4d0d9,4031b7ee9a19a105b0fd0d592b8fac20d37b208da72a595fd73414c147a5684b
fusobacterium_nucleatum,GCF_037889055.1,amrfinder,True,0,True,,,2026-05-15.1,4.2.7,,,,,fdfec5f7924367729493b9a91622ca6a85a08f1c8cb1f3e5a6f54a3aa8bd9078,b4f1e3ffb2199b35652b60e08d32fa602ecccb4aea4c1846db10252c78aa173e
fusobacterium_nucleatum,GCF_037889055.1,vfdb,True,0,True,nucl,4592.0,2026-Apr-3,1.4.0 (environment manifest),80.0,70.0,,,47d770a37c6bc4e5e4f8c30214e6b716d5990c0f9f0cce597b4079076eb4d0d9,22580462ef9968caed255f61bb3a22ccd3aaeeb8ae5db9d3b6cf3f4eb26d8810
fusobacterium_nucleatum,GCF_037889055.1,card,True,0,True,nucl,6052.0,2026-Apr-3,1.4.0 (environment manifest),80.0,70.0,,,47d770a37c6bc4e5e4f8c30214e6b716d5990c0f9f0cce597b4079076eb4d0d9,9790dce98ee9b50606bb839e7aa5e6b36f6e15ff4f32a91fef26feb323b94104
fusobacterium_nucleatum,GCF_037889055.1,resfinder,True,0,True,nucl,3206.0,2026-Apr-3,1.4.0 (environment manifest),80.0,70.0,,,47d770a37c6bc4e5e4f8c30214e6b716d5990c0f9f0cce597b4079076eb4d0d9,75289352e8f0f504fae2b0fdf4e4b550d654f6c4b6e1ac63abc402fe133bd5dd
fusobacterium_nucleatum,GCF_037889055.1,bacmet2,True,0,True,prot,746.0,2026-Apr-3,1.4.0 (environment manifest),80.0,70.0,,,24fe7eed287d19a855b345600c945b7ace545fd6cc005f8f023e544e8e5c1917,8c4b2b16947258ac2b7749288ccdbfb0a277faa3c8e20a17c9b9fb36f857e3f9
fusobacterium_nucleatum,GCF_037889055.1,victors,True,0,True,nucl,4545.0,2026-Apr-3,1.4.0 (environment manifest),80.0,70.0,,,47d770a37c6bc4e5e4f8c30214e6b716d5990c0f9f0cce597b4079076eb4d0d9,5b6cb9bf17dd7a2d6b6d09e03d8286671bf72d7c62ced576265c88be9e5d5f8e
fusobacterium_nucleatum,GCF_037889055.1,plasmidfinder,True,0,True,nucl,488.0,2026-Apr-3,1.4.0 (environment manifest),80.0,70.0,,,47d770a37c6bc4e5e4f8c30214e6b716d5990c0f9f0cce597b4079076eb4d0d9,f0b3435df91b7a534fe80992a1a2a99ca3fee51c2a5504a4e78797e1a0df1508
fusobacterium_nucleatum,GCF_037889065.1,amrfinder,True,0,True,,,2026-05-15.1,4.2.7,,,,,fdfec5f7924367729493b9a91622ca6a85a08f1c8cb1f3e5a6f54a3aa8bd9078,b272973594282887e3fc2eb5794a79d417e1c9493249e548dee100467b12aaca
fusobacterium_nucleatum,GCF_037889065.1,vfdb,True,0,True,nucl,4592.0,2026-Apr-3,1.4.0 (environment manifest),80.0,70.0,,,47d770a37c6bc4e5e4f8c30214e6b716d5990c0f9f0cce597b4079076eb4d0d9,6ce2e5c32b3d77188c3305fadc9d8b0a776be89d705abe267c07e456a253ffd0
fusobacterium_nucleatum,GCF_037889065.1,card,True,0,True,nucl,6052.0,2026-Apr-3,1.4.0 (environment manifest),80.0,70.0,,,47d770a37c6bc4e5e4f8c30214e6b716d5990c0f9f0cce597b4079076eb4d0d9,d1eaf29a9ac46591ed2d8bf3cf518e4a97db9f12a963247e1ba52c9eaaf0d0df
fusobacterium_nucleatum,GCF_037889065.1,resfinder,True,0,True,nucl,3206.0,2026-Apr-3,1.4.0 (environment manifest),80.0,70.0,,,47d770a37c6bc4e5e4f8c30214e6b716d5990c0f9f0cce597b4079076eb4d0d9,d6be0b2b46f9ee2e026c10ef1daa819c68cd0f97216e62e708b802c90e10620c
fusobacterium_nucleatum,GCF_037889065.1,bacmet2,True,0,True,prot,746.0,2026-Apr-3,1.4.0 (environment manifest),80.0,70.0,,,09623d901e9f226dbb8b2464a35f5060749460022c16c75b8459e3bf5dc8259d,2468519bcfb796d9834b662c4a4b150c5536d939091775bc637b83fa168bf007
fusobacterium_nucleatum,GCF_037889065.1,victors,True,0,True,nucl,4545.0,2026-Apr-3,1.4.0 (environment manifest),80.0,70.0,,,47d770a37c6bc4e5e4f8c30214e6b716d5990c0f9f0cce597b4079076eb4d0d9,b9f4510b3b6b03716c56067288cc69b355fac33ddb238f1d6b4adfb3b52deb5b
fusobacterium_nucleatum,GCF_037889065.1,plasmidfinder,True,0,True,nucl,488.0,2026-Apr-3,1.4.0 (environment manifest),80.0,70.0,,,47d770a37c6bc4e5e4f8c30214e6b716d5990c0f9f0cce597b4079076eb4d0d9,5e92792407c84e80b54d0a84f589ef2f5b44207ae1dec31a4d0397cfd02c0977
porphyromonas_gingivalis,GCF_001263815.1,amrfinder,True,0,True,,,2026-05-15.1,4.2.7,,,,,fdfec5f7924367729493b9a91622ca6a85a08f1c8cb1f3e5a6f54a3aa8bd9078,c64dbe45b08c126da2d2fc5b8b4440e5717e22d3d080b25bc3c28765269ea36a
porphyromonas_gingivalis,GCF_001263815.1,vfdb,True,0,True,nucl,4592.0,2026-Apr-3,1.4.0 (environment manifest),80.0,70.0,,,47d770a37c6bc4e5e4f8c30214e6b716d5990c0f9f0cce597b4079076eb4d0d9,35ba1ea17843e87c441c9f0b1e20b5e12e28531a88a2952f2dc5f66067e0a4e6
porphyromonas_gingivalis,GCF_001263815.1,card,True,1,True,nucl,6052.0,2026-Apr-3,1.4.0 (environment manifest),80.0,70.0,99.86,100.0,c8f782db1588a60ed6e681cd7864b95716557fe248341409ad5b5e0d363fe2f4,7435d0764b025672ce3290c1f121c3d46d67b07b2bfef9ed957508372aa32a78
porphyromonas_gingivalis,GCF_001263815.1,resfinder,True,0,True,nucl,3206.0,2026-Apr-3,1.4.0 (environment manifest),80.0,70.0,,,47d770a37c6bc4e5e4f8c30214e6b716d5990c0f9f0cce597b4079076eb4d0d9,eeb86351f77067a45dad100512db6bbf11c371d2913633b593d76a6905307c7e
porphyromonas_gingivalis,GCF_001263815.1,bacmet2,True,0,True,prot,746.0,2026-Apr-3,1.4.0 (environment manifest),80.0,70.0,,,b70e72144f6e343d58417d1ee6de98fc8ee780ba2c6f8e3b2ac3cee5ed6bf73a,6119c9a38d636a799f8cf28d681a1f51503681288ed8e7973b1694b4822e9ce0
porphyromonas_gingivalis,GCF_001263815.1,victors,True,0,True,nucl,4545.0,2026-Apr-3,1.4.0 (environment manifest),80.0,70.0,,,47d770a37c6bc4e5e4f8c30214e6b716d5990c0f9f0cce597b4079076eb4d0d9,326b73872ebf968466a16c4ee00893f86ef86cc41485b10b052e3804830acd6a
porphyromonas_gingivalis,GCF_001263815.1,plasmidfinder,True,0,True,nucl,488.0,2026-Apr-3,1.4.0 (environment manifest),80.0,70.0,,,47d770a37c6bc4e5e4f8c30214e6b716d5990c0f9f0cce597b4079076eb4d0d9,7c162ec3e2bc3887b25e19680179121e400cef0e54ad96d8510b633d73ad63f9
porphyromonas_gingivalis,GCF_002753935.1,amrfinder,True,1,True,,,2026-05-15.1,4.2.7,,,,,c2638219fcdcabf8d6adc49d4e47744aa1d7596a34b596e91d5683658b555907,4d7b9143ba0ffa93732f38476021a88ae14bc6b57f07e058b80f2d0b67f91a12
porphyromonas_gingivalis,GCF_002753935.1,vfdb,True,0,True,nucl,4592.0,2026-Apr-3,1.4.0 (environment manifest),80.0,70.0,,,47d770a37c6bc4e5e4f8c30214e6b716d5990c0f9f0cce597b4079076eb4d0d9,885bc9257211a6508c606cc654192cdb27a0ff9c52be97f13fbad944471499cc
porphyromonas_gingivalis,GCF_002753935.1,card,True,1,True,nucl,6052.0,2026-Apr-3,1.4.0 (environment manifest),80.0,70.0,98.88,100.0,0d8f95f548f87ac445f859ae3db6a406aab134d6225c95251f779babd1d50e98,bc68f8e829fba13bcab97ea102c80b1f64760cfb09511c301833a05777505a9e
porphyromonas_gingivalis,GCF_002753935.1,resfinder,True,0,True,nucl,3206.0,2026-Apr-3,1.4.0 (environment manifest),80.0,70.0,,,47d770a37c6bc4e5e4f8c30214e6b716d5990c0f9f0cce597b4079076eb4d0d9,ad73f599c950b84bcd38abf85a542cc2221be147a738165cabaf6da41096529d
porphyromonas_gingivalis,GCF_002753935.1,bacmet2,True,0,True,prot,746.0,2026-Apr-3,1.4.0 (environment manifest),80.0,70.0,,,40c60bf4ec8ff3eadde9d0f9278bf260ff15dfe659d1d64283ecdafa22d0da22,1dbecdec05db4cbb43a54146bca8595564b596d2be96f4effdc576f2da7ac451
porphyromonas_gingivalis,GCF_002753935.1,victors,True,0,True,nucl,4545.0,2026-Apr-3,1.4.0 (environment manifest),80.0,70.0,,,47d770a37c6bc4e5e4f8c30214e6b716d5990c0f9f0cce597b4079076eb4d0d9,1862d6d113d2871bb5b171f56ec05395cedb8822cf754c3b2d35c48bd8e6af32
porphyromonas_gingivalis,GCF_002753935.1,plasmidfinder,True,0,True,nucl,488.0,2026-Apr-3,1.4.0 (environment manifest),80.0,70.0,,,47d770a37c6bc4e5e4f8c30214e6b716d5990c0f9f0cce597b4079076eb4d0d9,de014ffde66d6b43ecaa0a94c88bd73fa34c7d4a3fe9b00d748ff371cb7f4f45
porphyromonas_gingivalis,GCF_002753955.1,amrfinder,True,0,True,,,2026-05-15.1,4.2.7,,,,,fdfec5f7924367729493b9a91622ca6a85a08f1c8cb1f3e5a6f54a3aa8bd9078,d5f0c79a96be4ccc5664220214a1585e82ba9d974a1c65124b4b6017871fe8f8
porphyromonas_gingivalis,GCF_002753955.1,vfdb,True,0,True,nucl,4592.0,2026-Apr-3,1.4.0 (environment manifest),80.0,70.0,,,47d770a37c6bc4e5e4f8c30214e6b716d5990c0f9f0cce597b4079076eb4d0d9,654e3620c7b05fea6a58ca24c97b8ac3d93c3b5d720d8bfe2c9bd63060e22ba7
porphyromonas_gingivalis,GCF_002753955.1,card,True,1,True,nucl,6052.0,2026-Apr-3,1.4.0 (environment manifest),80.0,70.0,99.02,100.0,fdcb9bc96a16a18767c7f20918334c411f28d252548540be9d0def3f63289d0a,5f6d441bead76e2173e59a5748456a478a75a1177fdb9f88ec3e93375b1515e9
porphyromonas_gingivalis,GCF_002753955.1,resfinder,True,0,True,nucl,3206.0,2026-Apr-3,1.4.0 (environment manifest),80.0,70.0,,,47d770a37c6bc4e5e4f8c30214e6b716d5990c0f9f0cce597b4079076eb4d0d9,b295e10aa2f31bc940d870a7cbdd420ff0e2fee601b378b60337e734bf3078a3
porphyromonas_gingivalis,GCF_002753955.1,bacmet2,True,0,True,prot,746.0,2026-Apr-3,1.4.0 (environment manifest),80.0,70.0,,,f27518ca2c4dab8fb66963076e8d7da6681b4f981c1855bd1feda47780de21eb,ea6e4e01a5101a09ecb74ec47c1042460d9724b751d2558794856828870b3d19
porphyromonas_gingivalis,GCF_002753955.1,victors,True,0,True,nucl,4545.0,2026-Apr-3,1.4.0 (environment manifest),80.0,70.0,,,47d770a37c6bc4e5e4f8c30214e6b716d5990c0f9f0cce597b4079076eb4d0d9,2f95e12286761a8f9f1fef6dab4cb679d5966e5169e8cf63942b0a996902c75a
porphyromonas_gingivalis,GCF_002753955.1,plasmidfinder,True,0,True,nucl,488.0,2026-Apr-3,1.4.0 (environment manifest),80.0,70.0,,,47d770a37c6bc4e5e4f8c30214e6b716d5990c0f9f0cce597b4079076eb4d0d9,da24ad3f1248f70704dbca7ef41689c8238510fb828d9851684ba749adee8031
porphyromonas_gingivalis,GCF_002753975.1,amrfinder,True,0,True,,,2026-05-15.1,4.2.7,,,,,fdfec5f7924367729493b9a91622ca6a85a08f1c8cb1f3e5a6f54a3aa8bd9078,67b5bf81f75f4d0675b2e6af7c794fd426fd74028d76b835842c0d5dc85499eb
porphyromonas_gingivalis,GCF_002753975.1,vfdb,True,0,True,nucl,4592.0,2026-Apr-3,1.4.0 (environment manifest),80.0,70.0,,,47d770a37c6bc4e5e4f8c30214e6b716d5990c0f9f0cce597b4079076eb4d0d9,34a047d3ab85b9e0b7d25be847fd2639ddf0458800ff1c91da613b8eee870c9c
porphyromonas_gingivalis,GCF_002753975.1,card,True,1,True,nucl,6052.0,2026-Apr-3,1.4.0 (environment manifest),80.0,70.0,99.58,100.0,fa6099da8299062f61231e943c08388848c7d6984d211dbf9903f14eb3a8ab1f,64ac0244ab5ee71cba5c502c969a1a7a9fb7ed1719f2f3a1d2b9af3d82082457
porphyromonas_gingivalis,GCF_002753975.1,resfinder,True,0,True,nucl,3206.0,2026-Apr-3,1.4.0 (environment manifest),80.0,70.0,,,47d770a37c6bc4e5e4f8c30214e6b716d5990c0f9f0cce597b4079076eb4d0d9,846446800d0c5a02db30310e7231cb11fe45253f6733f8be6b8f35a870916374
porphyromonas_gingivalis,GCF_002753975.1,bacmet2,True,0,True,prot,746.0,2026-Apr-3,1.4.0 (environment manifest),80.0,70.0,,,4b36653e9e3e89f5f107709bfbe8ff0f8870f8dd6099636925f7e2bb4ede6414,50dd860067ed63ed10c5651092584ad25d412a6924c7cec3ea86662f71b41405
porphyromonas_gingivalis,GCF_002753975.1,victors,True,0,True,nucl,4545.0,2026-Apr-3,1.4.0 (environment manifest),80.0,70.0,,,47d770a37c6bc4e5e4f8c30214e6b716d5990c0f9f0cce597b4079076eb4d0d9,bfaca2e71332db34204b39f21da788d8310d1b145303dc3283c97a62043bf679
porphyromonas_gingivalis,GCF_002753975.1,plasmidfinder,True,0,True,nucl,488.0,2026-Apr-3,1.4.0 (environment manifest),80.0,70.0,,,47d770a37c6bc4e5e4f8c30214e6b716d5990c0f9f0cce597b4079076eb4d0d9,62d2f0188f9e6a0047a83be3f913481aa394529f4874cf404a767b8431f24fa0
porphyromonas_gingivalis,GCF_002754015.1,amrfinder,True,1,True,,,2026-05-15.1,4.2.7,,,,,4595430f4cbdbb21cc743fb58f0b9de0840a6f6525c5c3180f95e0bd69ee5d97,23a2501ab483591eb29a3db1487df098c8d076f89f6322ab4e666ff42848556f
porphyromonas_gingivalis,GCF_002754015.1,vfdb,True,0,True,nucl,4592.0,2026-Apr-3,1.4.0 (environment manifest),80.0,70.0,,,47d770a37c6bc4e5e4f8c30214e6b716d5990c0f9f0cce597b4079076eb4d0d9,a43a6fb51e9b468d859a5201a3c96130cf86a3e7556090388dec3e99088a43db
porphyromonas_gingivalis,GCF_002754015.1,card,True,1,True,nucl,6052.0,2026-Apr-3,1.4.0 (environment manifest),80.0,70.0,99.02,100.0,a022b765ebd6a774bc2e72f249f3dce566507712858b1432720485ae01d50302,530be128ed95c5b74276ab9aa490f67b11e9f85526d44c27278e55b5f2f31c46
porphyromonas_gingivalis,GCF_002754015.1,resfinder,True,0,True,nucl,3206.0,2026-Apr-3,1.4.0 (environment manifest),80.0,70.0,,,47d770a37c6bc4e5e4f8c30214e6b716d5990c0f9f0cce597b4079076eb4d0d9,937f988d93c765c3aa3a3a6692cb74ffdc3a4069e31c0f60287b8907eb371717
porphyromonas_gingivalis,GCF_002754015.1,bacmet2,True,0,True,prot,746.0,2026-Apr-3,1.4.0 (environment manifest),80.0,70.0,,,c5619ffbe3ce52749b907c92aa0262998fe5832bad843fe76eef8e146f7333c3,e9a2ab4f439f98a0c9632d839dbb6bb1ac75339810bb9ff4fcc918f1d57c639b
porphyromonas_gingivalis,GCF_002754015.1,victors,True,0,True,nucl,4545.0,2026-Apr-3,1.4.0 (environment manifest),80.0,70.0,,,47d770a37c6bc4e5e4f8c30214e6b716d5990c0f9f0cce597b4079076eb4d0d9,e6684f63b5a96c4b7a80bfe397d32e0f7466357120dac7d4ad1d28de91094532
porphyromonas_gingivalis,GCF_002754015.1,plasmidfinder,True,0,True,nucl,488.0,2026-Apr-3,1.4.0 (environment manifest),80.0,70.0,,,47d770a37c6bc4e5e4f8c30214e6b716d5990c0f9f0cce597b4079076eb4d0d9,b9aa111c2133a68b5363ba213dbebb3e2e0c992ba39b4e96770072eeaa0947ef
prevotella_intermedia,GCF_001548195.1,amrfinder,True,0,True,,,2026-05-15.1,4.2.7,,,,,fdfec5f7924367729493b9a91622ca6a85a08f1c8cb1f3e5a6f54a3aa8bd9078,857a5c3beb19e9d340dec784ce570715ddcc8a161085bce79fb8cd7d8b885887
prevotella_intermedia,GCF_001548195.1,vfdb,True,0,True,nucl,4592.0,2026-Apr-3,1.4.0 (environment manifest),80.0,70.0,,,47d770a37c6bc4e5e4f8c30214e6b716d5990c0f9f0cce597b4079076eb4d0d9,bff7d8ab31b491d96bb7c7f3577990d5a252da5970f6b45a69df816f65dcc113
prevotella_intermedia,GCF_001548195.1,card,True,0,True,nucl,6052.0,2026-Apr-3,1.4.0 (environment manifest),80.0,70.0,,,47d770a37c6bc4e5e4f8c30214e6b716d5990c0f9f0cce597b4079076eb4d0d9,7a23e0d3dad27276c15a90a190bbe7fc5e83398f357a21e48b20c37c774a0d5a
prevotella_intermedia,GCF_001548195.1,resfinder,True,0,True,nucl,3206.0,2026-Apr-3,1.4.0 (environment manifest),80.0,70.0,,,47d770a37c6bc4e5e4f8c30214e6b716d5990c0f9f0cce597b4079076eb4d0d9,62232eaf99d65d8b51ead90e858ad7cdb5a028105ba4ceb84378e626409cc198
prevotella_intermedia,GCF_001548195.1,bacmet2,True,0,True,prot,746.0,2026-Apr-3,1.4.0 (environment manifest),80.0,70.0,,,eb715ec6dfc01af0d1d11e908b625fbca20898ddcb120bc8612cb57ae0529e71,2cb8053887ef10767629dc2ae4088e52c35673d3f43a7d12653a89f1f5468243
prevotella_intermedia,GCF_001548195.1,victors,True,0,True,nucl,4545.0,2026-Apr-3,1.4.0 (environment manifest),80.0,70.0,,,47d770a37c6bc4e5e4f8c30214e6b716d5990c0f9f0cce597b4079076eb4d0d9,b395d4f0e74da7a99584e7ac7b1fbe0ba3004978f5f8501d8ce2cf630228c3c1
prevotella_intermedia,GCF_001548195.1,plasmidfinder,True,0,True,nucl,488.0,2026-Apr-3,1.4.0 (environment manifest),80.0,70.0,,,47d770a37c6bc4e5e4f8c30214e6b716d5990c0f9f0cce597b4079076eb4d0d9,ac868168019b6ceae4a21e7e2848fe8e46c10ee94449645ed58495c685ff8724
prevotella_intermedia,GCF_001953935.1,amrfinder,True,0,True,,,2026-05-15.1,4.2.7,,,,,fdfec5f7924367729493b9a91622ca6a85a08f1c8cb1f3e5a6f54a3aa8bd9078,6d6c18800568f4c6d011852979f049779fc9f8c35a79c8927a052c563d43e016
prevotella_intermedia,GCF_001953935.1,vfdb,True,0,True,nucl,4592.0,2026-Apr-3,1.4.0 (environment manifest),80.0,70.0,,,47d770a37c6bc4e5e4f8c30214e6b716d5990c0f9f0cce597b4079076eb4d0d9,e186c71ad414fcb1ef3893e040d3067747ad97e3daf731fb798ebce8e782397b
prevotella_intermedia,GCF_001953935.1,card,True,0,True,nucl,6052.0,2026-Apr-3,1.4.0 (environment manifest),80.0,70.0,,,47d770a37c6bc4e5e4f8c30214e6b716d5990c0f9f0cce597b4079076eb4d0d9,b1bbd1c0bb19cf31d55a3a73ca1e3ae87acc769e17109d7257c7818e1374d6bb
prevotella_intermedia,GCF_001953935.1,resfinder,True,0,True,nucl,3206.0,2026-Apr-3,1.4.0 (environment manifest),80.0,70.0,,,47d770a37c6bc4e5e4f8c30214e6b716d5990c0f9f0cce597b4079076eb4d0d9,ab48e7c2175e42d2fa718ca35af499bae4fbdb0a85dd5109bdc5b0922b7ea253
prevotella_intermedia,GCF_001953935.1,bacmet2,True,0,True,prot,746.0,2026-Apr-3,1.4.0 (environment manifest),80.0,70.0,,,73fb5d3efd43e12d39f81a6bde2d410deee281e20468c1b3c0121e481f53a0c6,7f4444b3868709c9e5eae2b13fbba28d8f4cbefd88f27bd94e8364e5a9c355d8
prevotella_intermedia,GCF_001953935.1,victors,True,0,True,nucl,4545.0,2026-Apr-3,1.4.0 (environment manifest),80.0,70.0,,,47d770a37c6bc4e5e4f8c30214e6b716d5990c0f9f0cce597b4079076eb4d0d9,d2385f21a2b53f725550c25a77322a22c3cfc300898064085d8ea172a45d992d
prevotella_intermedia,GCF_001953935.1,plasmidfinder,True,0,True,nucl,488.0,2026-Apr-3,1.4.0 (environment manifest),80.0,70.0,,,47d770a37c6bc4e5e4f8c30214e6b716d5990c0f9f0cce597b4079076eb4d0d9,cd2c4223a08839de4f656014e9a8c7b5cf6e5718186b00b776a2737f398b09fa
prevotella_intermedia,GCF_002355195.1,amrfinder,True,0,True,,,2026-05-15.1,4.2.7,,,,,fdfec5f7924367729493b9a91622ca6a85a08f1c8cb1f3e5a6f54a3aa8bd9078,4340ca0034a9fe0eaa65ff4528ba9185e5cdf9bc7257b9e822866c9ae2cddcc1
prevotella_intermedia,GCF_002355195.1,vfdb,True,0,True,nucl,4592.0,2026-Apr-3,1.4.0 (environment manifest),80.0,70.0,,,47d770a37c6bc4e5e4f8c30214e6b716d5990c0f9f0cce597b4079076eb4d0d9,bb54320a8bd1a17708564e3c30bd2e84b217d33378b791b7f142e11200a3bbf4
prevotella_intermedia,GCF_002355195.1,card,True,0,True,nucl,6052.0,2026-Apr-3,1.4.0 (environment manifest),80.0,70.0,,,47d770a37c6bc4e5e4f8c30214e6b716d5990c0f9f0cce597b4079076eb4d0d9,2247ac2fbd5a69d623fc912062cea2041f7ab9ac7261c6b427ad4a0e27ef72df
prevotella_intermedia,GCF_002355195.1,resfinder,True,0,True,nucl,3206.0,2026-Apr-3,1.4.0 (environment manifest),80.0,70.0,,,47d770a37c6bc4e5e4f8c30214e6b716d5990c0f9f0cce597b4079076eb4d0d9,9c8583a835065ab93f44b56226a1c14b91db1a34f529daf0ce629587ce1675e2
prevotella_intermedia,GCF_002355195.1,bacmet2,True,0,True,prot,746.0,2026-Apr-3,1.4.0 (environment manifest),80.0,70.0,,,945189b8cb88cb442cc546df035ac4a93315cfeb82fdb1b7b3cee9e1314580e5,046c4f40b2016dbfaf1918ce0e9e35c73c1838599968bcd1b5970bb8331dd814
prevotella_intermedia,GCF_002355195.1,victors,True,0,True,nucl,4545.0,2026-Apr-3,1.4.0 (environment manifest),80.0,70.0,,,47d770a37c6bc4e5e4f8c30214e6b716d5990c0f9f0cce597b4079076eb4d0d9,eb3acade8fee6ae76617291ee265dd67f1cb1b548b74ddeedbdf9555a61658f8
prevotella_intermedia,GCF_002355195.1,plasmidfinder,True,0,True,nucl,488.0,2026-Apr-3,1.4.0 (environment manifest),80.0,70.0,,,47d770a37c6bc4e5e4f8c30214e6b716d5990c0f9f0cce597b4079076eb4d0d9,a701eff7375f7132595388440964898f48efa88dcf5ce082cab840a84b93e91e
prevotella_intermedia,GCF_002763535.1,amrfinder,True,2,True,,,2026-05-15.1,4.2.7,,,,,34c55285bdaeb3f73893fb3ccdf87f06c767d7c6e5f66368218cdbcd6a6c88d7,88a8a973349f1fbb687f4fdc5226a7f2f41876ce3647e97b48d21519e67afc19
prevotella_intermedia,GCF_002763535.1,vfdb,True,0,True,nucl,4592.0,2026-Apr-3,1.4.0 (environment manifest),80.0,70.0,,,47d770a37c6bc4e5e4f8c30214e6b716d5990c0f9f0cce597b4079076eb4d0d9,1d7a75360a740cbc23b797f894eb0e0426e88e246e5d58dada464ef5f6a25b68
prevotella_intermedia,GCF_002763535.1,card,True,2,True,nucl,6052.0,2026-Apr-3,1.4.0 (environment manifest),80.0,70.0,97.37,100.0,578cc9240e3b230cfca9840c1c92e91501931c1b765da6c1ca5324d4b4d4f655,6324d426ded326d5c01ecb6954e8833c6d2cebbd38e496c206c78e0ab8a98255
prevotella_intermedia,GCF_002763535.1,resfinder,True,2,True,nucl,3206.0,2026-Apr-3,1.4.0 (environment manifest),80.0,70.0,99.84,100.0,648a4fd352c9f7556f58b053dad59a4aadfe996cf9f7ede116f2485161b5b674,b8f296e5729ce1050b40969670b351987e375ef570e20353a37bb51d8ce255b6
prevotella_intermedia,GCF_002763535.1,bacmet2,True,0,True,prot,746.0,2026-Apr-3,1.4.0 (environment manifest),80.0,70.0,,,fdb78d8192a5fb769bbd59ff02b592012aa7af1b4430ecf12e3404511e45c3c1,235f4cbe28ba7d5be9bdf279d4d9f6960b1d620f8b2726f3d5064515eadec9b2
prevotella_intermedia,GCF_002763535.1,victors,True,0,True,nucl,4545.0,2026-Apr-3,1.4.0 (environment manifest),80.0,70.0,,,47d770a37c6bc4e5e4f8c30214e6b716d5990c0f9f0cce597b4079076eb4d0d9,29a52bf64e47ad8fbcc469ed5674bbbdb4a977e387cfc1e0267495bea6a2ba63
prevotella_intermedia,GCF_002763535.1,plasmidfinder,True,0,True,nucl,488.0,2026-Apr-3,1.4.0 (environment manifest),80.0,70.0,,,47d770a37c6bc4e5e4f8c30214e6b716d5990c0f9f0cce597b4079076eb4d0d9,da5cc541604f98e779d66c08b5f9b99982ca7e43045a687a81c8de40f6d3424a
prevotella_intermedia,GCF_002763575.1,amrfinder,True,3,True,,,2026-05-15.1,4.2.7,,,,,425a883bbd2463af654afab4d5307f073d4c323eb05b1491388a704e71243092,0776e0769adf5e5d0fa76c8a930ee27d054ef3e748d5aaf353c7d045cc69623f
prevotella_intermedia,GCF_002763575.1,vfdb,True,0,True,nucl,4592.0,2026-Apr-3,1.4.0 (environment manifest),80.0,70.0,,,47d770a37c6bc4e5e4f8c30214e6b716d5990c0f9f0cce597b4079076eb4d0d9,9a5ffef8778ec2393d017d6df56a264f419fbebabdc70b9c5e2b095127fd57c9
prevotella_intermedia,GCF_002763575.1,card,True,2,True,nucl,6052.0,2026-Apr-3,1.4.0 (environment manifest),80.0,70.0,100.0,100.0,7473ecbdf98ff9277819bcce2771e608520ac479c1ece0b88cae11123d898e8a,adfd51b57dc110c8713f8520040823de91eefafe2899861a75c3d3b45b963c07
prevotella_intermedia,GCF_002763575.1,resfinder,True,2,True,nucl,3206.0,2026-Apr-3,1.4.0 (environment manifest),80.0,70.0,99.75,99.85,6617309e00ed74b723f2ad877ee147e76d1e2ca1080358d0e5db305a2a13c726,3209eb7376ebd233a3a1a74f3205e36aa4b47a5b2a76d75182a3e28855fd95d0
prevotella_intermedia,GCF_002763575.1,bacmet2,True,0,True,prot,746.0,2026-Apr-3,1.4.0 (environment manifest),80.0,70.0,,,a8d9bcaf0746c7ea69153d1d5cce3632c496ca68b6e89ebebcca75e3964148a5,a6c033d229d7f1d9e594992b30172332f86ae3ada9d6438f54ae41a96fb8158e
prevotella_intermedia,GCF_002763575.1,victors,True,0,True,nucl,4545.0,2026-Apr-3,1.4.0 (environment manifest),80.0,70.0,,,47d770a37c6bc4e5e4f8c30214e6b716d5990c0f9f0cce597b4079076eb4d0d9,0f01779a3a0e0ede26528675b347a0145e93dbc6366b3a4a450fc1fa058c11d3
prevotella_intermedia,GCF_002763575.1,plasmidfinder,True,0,True,nucl,488.0,2026-Apr-3,1.4.0 (environment manifest),80.0,70.0,,,47d770a37c6bc4e5e4f8c30214e6b716d5990c0f9f0cce597b4079076eb4d0d9,eb7b963ee046b5211feb1ab20c98baa6d1fb6689872695987a078fec617e7a25
staphylococcus_capitis,GCF_002356175.1,amrfinder,True,11,True,,,2026-05-15.1,4.2.7,,,,,05958884bf4a54c84e4331a7f9e4a0884227591453260062c64d06f146ddbc40,e578fb55bf7b9c612ecc55e0bd6ddbc4f02f68f51c94d3a44e90c25b572fa089
staphylococcus_capitis,GCF_002356175.1,vfdb,True,0,True,nucl,4592.0,2026-Apr-3,1.4.0 (environment manifest),80.0,70.0,,,47d770a37c6bc4e5e4f8c30214e6b716d5990c0f9f0cce597b4079076eb4d0d9,0b99ad480b6c10bd56ed812338cd8e16683b3e1217c6fe189b90bf023aeb5359
staphylococcus_capitis,GCF_002356175.1,card,True,11,True,nucl,6052.0,2026-Apr-3,1.4.0 (environment manifest),80.0,70.0,80.44,97.08,51c6399c9fa4beaff68370803f0e8da4635d7dc8d372c140e6eb2a55b16ca28e,74567ed64c5f848e5d37ea008a03fa51adf24765b205e43ba4c08c6929340fd2
staphylococcus_capitis,GCF_002356175.1,resfinder,True,8,True,nucl,3206.0,2026-Apr-3,1.4.0 (environment manifest),80.0,70.0,99.74,100.0,039beb23edb3927d958747aacc1d7d43466f40a3031cdd8ce68b6c82f72716ff,3a62a22c2a2789281dc73499dea3ea3cd72cb48e0504653de0f096b8509b474d
staphylococcus_capitis,GCF_002356175.1,bacmet2,True,2,True,prot,746.0,2026-Apr-3,1.4.0 (environment manifest),80.0,70.0,87.75,99.32,99084fcf1369a237630c06d33b722822e1b2eb897af5e849dce8924fba0045e5,1adfec51ff0bba43b2b69ab741d3a7542c160c222cc7c38588a80f5004c65ec1
staphylococcus_capitis,GCF_002356175.1,victors,True,6,True,nucl,4545.0,2026-Apr-3,1.4.0 (environment manifest),80.0,70.0,80.09,99.29,936f46e3419a7c107e0d2976dbf74f267ac5efaee546d36fcc30b77542e33a4b,14825b15eacc9815dc4e01179fb864fa1090981fae97cdeabba32037cb3ba8d7
staphylococcus_capitis,GCF_002356175.1,plasmidfinder,True,4,True,nucl,488.0,2026-Apr-3,1.4.0 (environment manifest),80.0,70.0,93.71,100.0,47f36f1685f44dcac45c11643da20feba7f05a6c8a9c12cd81be029dbeefb410,184afedab49706b819ea831f6caa4eda27852beb90974acd1edc0b804c026a3f
staphylococcus_capitis,GCF_002591175.1,amrfinder,True,4,True,,,2026-05-15.1,4.2.7,,,,,57f9f62605c3bbbdfa0634be444c8f96e08f1f7828c981d5912b5d5ae2b0754c,6dd40b7b44d2c2df719d2996a84aec51cc562f64072260cca7386dbc1271feb7
staphylococcus_capitis,GCF_002591175.1,vfdb,True,1,True,nucl,4592.0,2026-Apr-3,1.4.0 (environment manifest),80.0,70.0,80.42,74.07,033a995010e7df04c6ac02dbe4692d5132bdb3b9e66435418e574195cd27fb8b,8fc4a83a958f3ad49e153799bd89ae8bdc72ac7a027f9217eea8776187dac6bd
staphylococcus_capitis,GCF_002591175.1,card,True,3,True,nucl,6052.0,2026-Apr-3,1.4.0 (environment manifest),80.0,70.0,80.27,97.08,1d80dd4016cfd8a6bcc57b8407d775d68e6b334e7f37942e47d874eba059600c,406fe5afee51ac882974ed037a3c4a7af545c1dfbea7325671ed32713dafeba4
staphylococcus_capitis,GCF_002591175.1,resfinder,True,1,True,nucl,3206.0,2026-Apr-3,1.4.0 (environment manifest),80.0,70.0,98.66,99.78,c2dc993a9bdb23d2477e38615391f1fe78c88b7be1bb3abd0a18a4be5e09daf9,fef8f4f5cc1c49c804454b3051ad6c3d016c119f8f531ab679872b525785d3fc
staphylococcus_capitis,GCF_002591175.1,bacmet2,True,4,True,prot,746.0,2026-Apr-3,1.4.0 (environment manifest),80.0,70.0,85.08,99.32,c7e1a88c9d0bc91cb983988dec43b0cf4d06021e1e7bfb3ff634b09b5f3bed82,15dfb3865a8d5c220328f7e190ccc678f867ed561bd695e1de0a541515e1bd86
staphylococcus_capitis,GCF_002591175.1,victors,True,6,True,nucl,4545.0,2026-Apr-3,1.4.0 (environment manifest),80.0,70.0,80.17,99.29,9e0f1ed67e8b316989b7283d6422db9b89a8a2c3f15a5d09899eb4926a0e062e,6a05f569f50cb77dd1f81a848fda49cf5288c13c9fdb1ad151342a3769c8690e
staphylococcus_capitis,GCF_002591175.1,plasmidfinder,True,1,True,nucl,488.0,2026-Apr-3,1.4.0 (environment manifest),80.0,70.0,97.97,100.0,88ec2541c43c4014a584bd3a10995993afd50d8ac75f697dfa54341b4dc5f785,5bd99e67b56555812fe452eff752c97ad9f05e55de8b00fc9ab6a0ae32f77fb0
staphylococcus_capitis,GCF_013267675.1,amrfinder,True,2,True,,,2026-05-15.1,4.2.7,,,,,d1dca2eb50e3d39a472db94bac5af14fc5f0b6ec0cc70d6275539f2d9b512466,a70a9c5a2371376c973c12fe7de696180ad05869d7d3bb3549f1d2b8827ad7f4
staphylococcus_capitis,GCF_013267675.1,vfdb,True,0,True,nucl,4592.0,2026-Apr-3,1.4.0 (environment manifest),80.0,70.0,,,47d770a37c6bc4e5e4f8c30214e6b716d5990c0f9f0cce597b4079076eb4d0d9,b4e3565ecb7bf7af9e651710fea1943701982ecd88f0fd43dd589dc7b681e4ae
staphylococcus_capitis,GCF_013267675.1,card,True,1,True,nucl,6052.0,2026-Apr-3,1.4.0 (environment manifest),80.0,70.0,88.94,99.77,028c152ea7e5b2a92b5ed43b09ed9467b3dc500a8993fcd97228476be805218d,64f034007c673c2851c1e2509ec50e8684412072c33781ad8638b4b1e883de69
staphylococcus_capitis,GCF_013267675.1,resfinder,True,0,True,nucl,3206.0,2026-Apr-3,1.4.0 (environment manifest),80.0,70.0,,,47d770a37c6bc4e5e4f8c30214e6b716d5990c0f9f0cce597b4079076eb4d0d9,0d5d90f12ede47cdb06fd82a4a80e0a5ec1cf6243addb363cbbd2c1bb9bd5006
staphylococcus_capitis,GCF_013267675.1,bacmet2,True,6,True,prot,746.0,2026-Apr-3,1.4.0 (environment manifest),80.0,70.0,81.72,71.91,4d7d21ee5f93108a29553525a0c67183dae5df6b3ba0e05e03973b50953cda8d,9efb95140904b4da41daa860cee829fd63b7e24036015557dce6c4ebff0a301c
staphylococcus_capitis,GCF_013267675.1,victors,True,5,True,nucl,4545.0,2026-Apr-3,1.4.0 (environment manifest),80.0,70.0,82.7,99.55,1b7db4590e5805338f39a78d63f7c0260b5ca8ffab7521173a20ebed64cefeef,38b5b35c141f9da7c938ded5d958f12601c1cadf293883f6c36476ddd6c08c4d
staphylococcus_capitis,GCF_013267675.1,plasmidfinder,True,2,True,nucl,488.0,2026-Apr-3,1.4.0 (environment manifest),80.0,70.0,85.93,86.74,e22872c9e39e15bf046c5adcf647303ef9453dc56f7e59b52870ce881f8adcb9,921031844035af7b5efee305484853774e42fb7593e42473c2f68aeac47365f5
staphylococcus_capitis,GCF_015243435.1,amrfinder,True,4,True,,,2026-05-15.1,4.2.7,,,,,fd24492f1497b0f3a1d118cbae399bf33125fe47d486436f292b70bdd2a66949,ababa6072c814eaeb90bd54b28ee7aa80bfb39ac90838fc3c6ee812dde606016
staphylococcus_capitis,GCF_015243435.1,vfdb,True,0,True,nucl,4592.0,2026-Apr-3,1.4.0 (environment manifest),80.0,70.0,,,47d770a37c6bc4e5e4f8c30214e6b716d5990c0f9f0cce597b4079076eb4d0d9,31909ef88540a92785268cae7a9de4358a52aa0a4ae8dad185fc744078f9df31
staphylococcus_capitis,GCF_015243435.1,card,True,5,True,nucl,6052.0,2026-Apr-3,1.4.0 (environment manifest),80.0,70.0,80.44,97.08,ddcc02ee0667f945d1a5dfc3b3bc495971d6e08154c060c6b6b7e49510745fc6,2051a32e23399c5727d174c688ec62a0f13b9738432dd63863c0d84988910753
staphylococcus_capitis,GCF_015243435.1,resfinder,True,2,True,nucl,3206.0,2026-Apr-3,1.4.0 (environment manifest),80.0,70.0,99.05,100.0,34c0cffe370c5c7c696077831c7435ecaf37951714c1742807a14a9aa6a1bb79,a3d6e0ae00a8c58c552ab9dbb6135abf7889698a058d19318ecef0331e328401
staphylococcus_capitis,GCF_015243435.1,bacmet2,True,5,True,prot,746.0,2026-Apr-3,1.4.0 (environment manifest),80.0,70.0,88.44,99.32,341ef8f0ae40c23c5883c7c286d6a7a4f2589846706da93bc3e459d509532cc4,43246dd3124a3fd004df9f650e9ec9baf83b1cf77cc26e70d8357cab6ceab257
staphylococcus_capitis,GCF_015243435.1,victors,True,6,True,nucl,4545.0,2026-Apr-3,1.4.0 (environment manifest),80.0,70.0,80.09,99.29,5e8e041cdf326160ae17e80ce199c27c6db99abde0735d6a6b24495f10a8643e,096aa296fe9b8f30cc4ea2331b39382d1f290e10e47342343311161220c97b98
staphylococcus_capitis,GCF_015243435.1,plasmidfinder,True,2,True,nucl,488.0,2026-Apr-3,1.4.0 (environment manifest),80.0,70.0,97.99,100.0,e1cb0757f62f82c85c5cb0a1c0475248a3a95c0acb951e675c529e768465b3d1,e1d1405c83ca6a947ab932416c57e9e2d437e93178a0feef2a12ae1242b778ec
staphylococcus_capitis,GCF_020883475.1,amrfinder,True,11,True,,,2026-05-15.1,4.2.7,,,,,f6a4b73d083dcc34b47830beec6baab62573d30767f05e4bf16bbb511a04d2f2,1985204b6e809df03d0e890e7aeb6c15ce347d32d5372a3869da2f8a7252ef22
staphylococcus_capitis,GCF_020883475.1,vfdb,True,0,True,nucl,4592.0,2026-Apr-3,1.4.0 (environment manifest),80.0,70.0,,,47d770a37c6bc4e5e4f8c30214e6b716d5990c0f9f0cce597b4079076eb4d0d9,a13e581df87ba3bbca466a2d20f52323898816d8d000e9b757a288e427cf2cc2
staphylococcus_capitis,GCF_020883475.1,card,True,11,True,nucl,6052.0,2026-Apr-3,1.4.0 (environment manifest),80.0,70.0,80.44,97.08,0cb757152c6d84dfcb9966547eb7b5a9dcc3c2eb72ef40f4e2ae90dfd4a0bd99,ee3baf675b6e7c28de60dac696e31e1d859192baa41e291908f47b3700c30247
staphylococcus_capitis,GCF_020883475.1,resfinder,True,7,True,nucl,3206.0,2026-Apr-3,1.4.0 (environment manifest),80.0,70.0,99.74,100.0,8af117973bc5ce85cd375aca101d5b42c058869f07227605cfbf47d9e38a03ae,8623030840387c29fcaf1bc92d75c741ce678db0d9dc50bda6feaba3eded54b5
staphylococcus_capitis,GCF_020883475.1,bacmet2,True,2,True,prot,746.0,2026-Apr-3,1.4.0 (environment manifest),80.0,70.0,87.75,99.32,0c3dc6b7747d91c4ff00f77f958635458b764943893703f36cd8825f5f731a7c,443f0583227601a644d44c718f99d07d3e500a857291ae2a18541d8ad502f4bf
staphylococcus_capitis,GCF_020883475.1,victors,True,6,True,nucl,4545.0,2026-Apr-3,1.4.0 (environment manifest),80.0,70.0,80.17,99.29,9b0282a046d0ac20906cf9467900cc9c2a91fe208acc711ab3f5cbe68e9c7ff6,23d3761bfe5b51a6bd212666f1183a4e0d6fb0da5b9fd6c860fdc273de1f7569
staphylococcus_capitis,GCF_020883475.1,plasmidfinder,True,1,True,nucl,488.0,2026-Apr-3,1.4.0 (environment manifest),80.0,70.0,99.8,100.0,a7fd89198898bb97d561a6a980f387a1610afe106fc04c94a99e32eda47f3409,ed79c686d71b1698663ced2c0773847cd547e530417140379c45470a28edbb9e
staphylococcus_epidermidis,GCF_000759555.1,amrfinder,True,1,True,,,2026-05-15.1,4.2.7,,,,,a960e878109894e4fbe6af458f06ac36eed5c6b0fbad6f304eaeba1643b4059a,2414794f8431e17c971b7e2e73cb2f20f003412854e8e2279e4f4dde72a2c3fe
staphylococcus_epidermidis,GCF_000759555.1,vfdb,True,0,True,nucl,4592.0,2026-Apr-3,1.4.0 (environment manifest),80.0,70.0,,,47d770a37c6bc4e5e4f8c30214e6b716d5990c0f9f0cce597b4079076eb4d0d9,5c0bd7d93fd2eaf2dd37058d8d2cb20262f2113557ac3b8393d7a0210a72a0cf
staphylococcus_epidermidis,GCF_000759555.1,card,True,3,True,nucl,6052.0,2026-Apr-3,1.4.0 (environment manifest),80.0,70.0,88.51,100.0,34c5c5a828bb60434deba3ccbf02880a55f6167a693bcedd70ef000ef5a52055,e3940c7bbb6f2d3117e305637fb88a3b13a5d45ee6c7525867bb06ca320f5e99
staphylococcus_epidermidis,GCF_000759555.1,resfinder,True,0,True,nucl,3206.0,2026-Apr-3,1.4.0 (environment manifest),80.0,70.0,,,47d770a37c6bc4e5e4f8c30214e6b716d5990c0f9f0cce597b4079076eb4d0d9,5a94bfee8c5a70dbff74dcc357610546433ac637ef400f070227b3b38b82803c
staphylococcus_epidermidis,GCF_000759555.1,bacmet2,True,7,True,prot,746.0,2026-Apr-3,1.4.0 (environment manifest),80.0,70.0,80.1,99.74,b835251435371163384861964c27e0ec42d917cdcf0c5a80d4d14d0b6677e52c,3e2a9ef9505e63ecf3b11c9a671ccf503050a85b1e9f458f522d14f131577213
staphylococcus_epidermidis,GCF_000759555.1,victors,True,7,True,nucl,4545.0,2026-Apr-3,1.4.0 (environment manifest),80.0,70.0,80.02,99.29,3ba6fa8546d20a80b49aea55e316c1b7a17b364e8b8c8d3455e2c7dce48feb42,498bbd059c0d01a293a02eed1da5617d8b0bae59dccf85ed5ef5b1de88567a7e
staphylococcus_epidermidis,GCF_000759555.1,plasmidfinder,True,1,True,nucl,488.0,2026-Apr-3,1.4.0 (environment manifest),80.0,70.0,90.93,99.39,d30bbe1201dec4f0cc2e85f886390f6729c99880962922844c99a0d75bc1a76f,193bbdff70bd444b6236bf8b8d4689d7755c24cd5ac72637a7ed60b18f571acb
staphylococcus_epidermidis,GCF_001956655.1,amrfinder,True,3,True,,,2026-05-15.1,4.2.7,,,,,570840304a957ded3c0aaee17cfd6601a68f122a3fe93f067f7aad5ccd85486a,d3ceb32f8aa965c171f1c3281e50e25487bba7070b103bd61bcbfcec3443c707
staphylococcus_epidermidis,GCF_001956655.1,vfdb,True,2,True,nucl,4592.0,2026-Apr-3,1.4.0 (environment manifest),80.0,70.0,83.93,78.52,e1c96520a0497521a47a23160f94e4cb02b18e8af452095a9222ab8e4fd84820,9e783b83d46e7d62003e15bf90066baccf827812124c888d4e4d9284bf611c24
staphylococcus_epidermidis,GCF_001956655.1,card,True,5,True,nucl,6052.0,2026-Apr-3,1.4.0 (environment manifest),80.0,70.0,88.29,100.0,9b100186abace887a1c610dcfdb1b61b81e47f4c9575ee522e1aa7508e2d65cc,d60525e1696b792f7622f116302c05ee21c5aa67a9aeafdc34a07fbd283abeeb
staphylococcus_epidermidis,GCF_001956655.1,resfinder,True,1,True,nucl,3206.0,2026-Apr-3,1.4.0 (environment manifest),80.0,70.0,100.0,100.0,0c47e9caaba8339fe8bf86bf1c21211bf95b7e4c33c829bcac82a0eca1514929,33f47b823d802549ba7240279a703382b5a5c661555a7bb71cb9674851a75520
staphylococcus_epidermidis,GCF_001956655.1,bacmet2,True,11,True,prot,746.0,2026-Apr-3,1.4.0 (environment manifest),80.0,70.0,80.1,99.55,be32f34fcdae589ad842488b775516bcb7e21af0d38a5ffceceb119ff5b2cfc0,0d88b9fb1d7553ce653034e425aa0882f7b043ec99eafc4f97d7533260e2da30
staphylococcus_epidermidis,GCF_001956655.1,victors,True,5,True,nucl,4545.0,2026-Apr-3,1.4.0 (environment manifest),80.0,70.0,81.75,99.52,01a88b8c999500c39def388e9d0ab88fa68bfd4200dbcce61a31875e649223d5,62898cf19b1e2b1f89ee0a32120de43cfd6743985842bb14245a777846d1f83b
staphylococcus_epidermidis,GCF_001956655.1,plasmidfinder,True,2,True,nucl,488.0,2026-Apr-3,1.4.0 (environment manifest),80.0,70.0,88.99,93.27,963fea32200f6bc219136f381f2c269cf5f29a8798c7e3251a129efd31c237b1,f00a41c7effdf86e1b44b22bdbb43fdc9fac07c4506bbf754b3dac356bb32f0d
staphylococcus_epidermidis,GCF_002085695.1,amrfinder,True,1,True,,,2026-05-15.1,4.2.7,,,,,177973490a930f631d55cb201f86812be684a0409597f571a2290c68e3465815,e21251b4e11e4de9ca497b5a29f0c73d769d2ccd24e50833abeda24400ecf043
staphylococcus_epidermidis,GCF_002085695.1,vfdb,True,0,True,nucl,4592.0,2026-Apr-3,1.4.0 (environment manifest),80.0,70.0,,,47d770a37c6bc4e5e4f8c30214e6b716d5990c0f9f0cce597b4079076eb4d0d9,54a21f8ac7d0a7a02df7c079b4e4895affe5847dfbc31a41ca7d14002d084712
staphylococcus_epidermidis,GCF_002085695.1,card,True,3,True,nucl,6052.0,2026-Apr-3,1.4.0 (environment manifest),80.0,70.0,88.51,100.0,34f326d863a69091cce04640d5b42ab7686741159ea7bbabaa2a03b3688d5837,ad946cec3f24c0097813207a0047db896e2202549f142f34f534ccb495a66fa6
staphylococcus_epidermidis,GCF_002085695.1,resfinder,True,0,True,nucl,3206.0,2026-Apr-3,1.4.0 (environment manifest),80.0,70.0,,,47d770a37c6bc4e5e4f8c30214e6b716d5990c0f9f0cce597b4079076eb4d0d9,cacbf225bee0b6ca5d7d64650c99a3c6fc6fb640b643892bc1c411a0a431d887
staphylococcus_epidermidis,GCF_002085695.1,bacmet2,True,4,True,prot,746.0,2026-Apr-3,1.4.0 (environment manifest),80.0,70.0,80.1,99.74,09cd9e985d77e0c578fe1d301e07e2401cc9b154f1a2a947fd717dd331e8c41a,e6ee6b97303e7d0de579913ab7470fca51b2473cd83b192625d8de4b5268c11a
staphylococcus_epidermidis,GCF_002085695.1,victors,True,6,True,nucl,4545.0,2026-Apr-3,1.4.0 (environment manifest),80.0,70.0,80.05,99.52,7893476c9bd43d1b1272f475c1ca622c883c428c6cffa58ffcb42a77e2dbf07a,c7efe97fc767c2fc1d20c95fa862d23002c1ad63180d77015c5d3e5d9593fb6d
staphylococcus_epidermidis,GCF_002085695.1,plasmidfinder,True,1,True,nucl,488.0,2026-Apr-3,1.4.0 (environment manifest),80.0,70.0,93.15,94.98,350aaf13176df0e6e6d9370349234eb8b2dde5afcfd583541ee97f0e145619e1,b87e39e08c008bc1734ccc502ffdbcc420fcfb336331f833bdb4f9d7fadbc67a
staphylococcus_epidermidis,GCF_002215535.1,amrfinder,True,8,True,,,2026-05-15.1,4.2.7,,,,,7b19feec60114aa3382ed6bb34a3ed189812546e8b2d1cad5fa9842ac3969802,824833a0a07ec1013afe7c2193737bfbc7e703a4e40df4073fca616435bda25c
staphylococcus_epidermidis,GCF_002215535.1,vfdb,True,1,True,nucl,4592.0,2026-Apr-3,1.4.0 (environment manifest),80.0,70.0,89.46,100.0,4f0355da22e126fe96dfc92399ed6fed553c35fa527e5a2ceea5184e3941b16c,3ec6c428a00f61f44f24add0bb03af22dbd0d9604f8b8bbf4873ab3c5655a6df
staphylococcus_epidermidis,GCF_002215535.1,card,True,7,True,nucl,6052.0,2026-Apr-3,1.4.0 (environment manifest),80.0,70.0,88.29,100.0,b9305de8883484fa649f77f379d50eddc03dcc7ea9769e7f48e224c8031672e0,106738f9dda2bd13fd00cbbc3136a20955581c2f4c5bd5cf6b2615f93d149330
staphylococcus_epidermidis,GCF_002215535.1,resfinder,True,3,True,nucl,3206.0,2026-Apr-3,1.4.0 (environment manifest),80.0,70.0,98.78,99.78,58d443360fe077d62d9ae2fa51e4cfb09d3622720b1a8e2d676c43632b9b369b,93c7022859722ed1bc08ad5de51231412baab8f17ab1d2e3fd5a96a8aeed583c
staphylococcus_epidermidis,GCF_002215535.1,bacmet2,True,12,True,prot,746.0,2026-Apr-3,1.4.0 (environment manifest),80.0,70.0,80.36,99.74,f49db62f7c40aa459bff4cf79191139b0ce3d237409cd70930a6aacc6a60e7a1,9f01240894e3b462e532cac2f77771f7721383a802f79b4610f284b840267622
staphylococcus_epidermidis,GCF_002215535.1,victors,True,5,True,nucl,4545.0,2026-Apr-3,1.4.0 (environment manifest),80.0,70.0,81.75,99.52,ae074c9e9a2e0c680b7dd357734b12a360daed49a1b2642ef0e75af07bace2f6,006cee42b852a0c29feb48299a1154191d805e514df96bb18190cd640ed4c58e
staphylococcus_epidermidis,GCF_002215535.1,plasmidfinder,True,2,True,nucl,488.0,2026-Apr-3,1.4.0 (environment manifest),80.0,70.0,95.28,100.0,6474d92a9afd2b1f85d30abfc2bd1fb6a6c8ff7721097db9a03f424888ef5b62,3b922b4b204574213d4324488eeda2969c14fa80add8f14c252aa5665cbf95da
staphylococcus_epidermidis,GCF_006094375.1,amrfinder,True,5,True,,,2026-05-15.1,4.2.7,,,,,e02b7e8242784a4db264de5c9d6acde60272959092898b615227616fefb37638,53084efbdf6f98729beb39d5173da2698b4c7f5804aa072e5efaf3dbc83c9d88
staphylococcus_epidermidis,GCF_006094375.1,vfdb,True,0,True,nucl,4592.0,2026-Apr-3,1.4.0 (environment manifest),80.0,70.0,,,47d770a37c6bc4e5e4f8c30214e6b716d5990c0f9f0cce597b4079076eb4d0d9,46b1518c7be283706af8a5b40feb7c84609951127578a9ad3ea0b59eb5f82e5f
staphylococcus_epidermidis,GCF_006094375.1,card,True,5,True,nucl,6052.0,2026-Apr-3,1.4.0 (environment manifest),80.0,70.0,88.51,74.13,d21a5be7889bc4ba8d3a6f232fac693197887251f5bb76e87d11cdcd6c41fa42,b7859bffffb95c2a005b5a74f3586163576cb6b289d1c5c9b3d857e2d25bcace
staphylococcus_epidermidis,GCF_006094375.1,resfinder,True,2,True,nucl,3206.0,2026-Apr-3,1.4.0 (environment manifest),80.0,70.0,99.0,74.13,81a8ffeb8ed2c8aa4492fc8786f200636431da92f1285b455ebc3bd3dc5e254f,ebff9ab867bc98dc347ea4af9fbdf41d559ed4f978b4641c481140af76c90529
staphylococcus_epidermidis,GCF_006094375.1,bacmet2,True,11,True,prot,746.0,2026-Apr-3,1.4.0 (environment manifest),80.0,70.0,80.1,94.53,647bdce55547c5713ab2f9bbe6e1c7bca9af420d8015bf93d233c1524fd9259e,cfd1a0fdd701c0fd26a49d0f8956048b40676cdb48bdfe93665880c2454c540c
staphylococcus_epidermidis,GCF_006094375.1,victors,True,7,True,nucl,4545.0,2026-Apr-3,1.4.0 (environment manifest),80.0,70.0,80.02,99.29,f29c466c79b3c4822f7ec63d547e56717da8ef1122690bbd9380915e639dd87e,aa676f1b3bdf5215d4c3652fbb28c3662e33f9d4b39d428f3d134ca7092763d7
staphylococcus_epidermidis,GCF_006094375.1,plasmidfinder,True,3,True,nucl,488.0,2026-Apr-3,1.4.0 (environment manifest),80.0,70.0,90.94,78.31,c8b889c0dc4378084513fcfa4a8842de01c7ddba6775a0b048b22b09e3c8387e,33997660d85f32e783773eec0f5323741d061564d2c7bdf46c49933536d49588
staphylococcus_haemolyticus,GCF_001611955.1,amrfinder,True,5,True,,,2026-05-15.1,4.2.7,,,,,ac81d5f3d211c27e882487a00fce2642351fdf4796d71ea3f3268037febfdcd1,5d3881d5ef4f63b79fab0ade6bd6fb99dc6625c8ee5da31038ec84dc235c4725
staphylococcus_haemolyticus,GCF_001611955.1,vfdb,True,1,True,nucl,4592.0,2026-Apr-3,1.4.0 (environment manifest),80.0,70.0,81.21,99.82,2939a85ccbc24ffd36de5fb5a4dbff3b156db2abe1bd5f59e68410c1ca598d97,e3106f26ec3375fc715b78cfbc5231ee3c6af2c6b48e1323cca31b4f12a48b4e
staphylococcus_haemolyticus,GCF_001611955.1,card,True,3,True,nucl,6052.0,2026-Apr-3,1.4.0 (environment manifest),80.0,70.0,81.82,99.1,fec675df43467ba1d935949632e99122a8c50db76cc79c0f394a6dc88edc3245,669d5fae326302fd3731f8a7d38f2279f2913bbe62506c501214747fa37d89e3
staphylococcus_haemolyticus,GCF_001611955.1,resfinder,True,2,True,nucl,3206.0,2026-Apr-3,1.4.0 (environment manifest),80.0,70.0,99.66,100.0,de5ea78d714b35969a13895f191d1cd995795c98f502ee18e16b8ba4d845337d,a497f942102f2080e3d35b1fee65da188ec255024b2bc6e411c3f6bff5dae872
staphylococcus_haemolyticus,GCF_001611955.1,bacmet2,True,11,True,prot,746.0,2026-Apr-3,1.4.0 (environment manifest),80.0,70.0,85.5,97.71,319d135b7bb890c42e56d860b2a4b3b1f0cdc3155daf74e9b844a53e67abb656,52d944b80a8a49168eee7be686489c3b0c7e27284beb34675dc82375587f6100
staphylococcus_haemolyticus,GCF_001611955.1,victors,True,7,True,nucl,4545.0,2026-Apr-3,1.4.0 (environment manifest),80.0,70.0,80.64,98.87,c0b646f690aa26745bc521ede19aaad767541905a5f9a6971029f187980aad14,f43f56f42eb5c3f8b2a7cf8f7c0b067a9a8377bc15b6415dcaadb761e8f41471
staphylococcus_haemolyticus,GCF_001611955.1,plasmidfinder,True,0,True,nucl,488.0,2026-Apr-3,1.4.0 (environment manifest),80.0,70.0,,,47d770a37c6bc4e5e4f8c30214e6b716d5990c0f9f0cce597b4079076eb4d0d9,5e7b43f8dc14b272dc46145f662e25554335d0e6b2e9590e984f446604e4a2ed
staphylococcus_haemolyticus,GCF_002906595.1,amrfinder,True,14,True,,,2026-05-15.1,4.2.7,,,,,7c1fddd231af45f2ed8777ef784a0f466622acea155e20c6fcfc5a8000cf14ea,68d5f14715754488e330c89e6ee61915806788d1e1519b1b411c8422ee41b061
staphylococcus_haemolyticus,GCF_002906595.1,vfdb,True,1,True,nucl,4592.0,2026-Apr-3,1.4.0 (environment manifest),80.0,70.0,81.21,99.82,da213dbefa4880f71dfa6674e2a8622a8babec000c13801a6b6bd19deebe1cd2,b27ce9f1b9ff67b4546c5f6dbeee27980417b0c3b7297ab91165aae1240e504f
staphylococcus_haemolyticus,GCF_002906595.1,card,True,12,True,nucl,6052.0,2026-Apr-3,1.4.0 (environment manifest),80.0,70.0,81.59,77.14,c575b817e011aa8b2d2d43ab3a130728668673e4ad42f0d22b7e99e0d82c9a1f,c9da1abe33535ee2b6490839369ddf4b21f79fd4214bd64152cba0092df9925c
staphylococcus_haemolyticus,GCF_002906595.1,resfinder,True,9,True,nucl,3206.0,2026-Apr-3,1.4.0 (environment manifest),80.0,70.0,99.05,70.52,85eb0610d4e4037c8b783e67d818e51fc0ae5cb823f42d15ef559b6480a18f82,4a861b8185e3b2905e22e2904e726f9e93d9acc2148c8080c213aeeb01de8bd8
staphylococcus_haemolyticus,GCF_002906595.1,bacmet2,True,13,True,prot,746.0,2026-Apr-3,1.4.0 (environment manifest),80.0,70.0,82.95,89.31,d7effe9e0012aa38a1fdac6d46b82078a42b683ca22aa6ee1254069e09772be5,323f7038fe4870c2a114136d199ce10089c504c450ec84d211a26b8efcba6845
staphylococcus_haemolyticus,GCF_002906595.1,victors,True,7,True,nucl,4545.0,2026-Apr-3,1.4.0 (environment manifest),80.0,70.0,80.55,98.87,304176d38d3a4b37b07ed97a20bd31ed8648f873a7af8d72aa719a3c5157f9fe,1bbcbc314b7b959b5c3c220304a587b49325b18986867d4816c3a6f4adf57134
staphylococcus_haemolyticus,GCF_002906595.1,plasmidfinder,True,3,True,nucl,488.0,2026-Apr-3,1.4.0 (environment manifest),80.0,70.0,88.08,79.13,cff28add9f34dcfbd1ce010712097cfe577efffb4444b9f5c81e57b5f09f6f02,3dd5b54db4540ef62e629fc410dd60abca44098acb2fae6ed1f89e9c87750c68
staphylococcus_haemolyticus,GCF_002906615.1,amrfinder,True,16,True,,,2026-05-15.1,4.2.7,,,,,ad750d9784229faf9f199a1153afac790562e764995fa5beb5798af2495e8cec,18ba884ef6752bc6ebd6fcddcce3579340d64b1a8cc85e092f503996967de80b
staphylococcus_haemolyticus,GCF_002906615.1,vfdb,True,1,True,nucl,4592.0,2026-Apr-3,1.4.0 (environment manifest),80.0,70.0,81.21,99.82,c8943089808a3f09f8cac721414d449688ff55388d241a6a46eabbdac1b22e37,b3665b4eb4cc56ae2f48399f8515f16be1faeee680e485f9578096a85e3a4c85
staphylococcus_haemolyticus,GCF_002906615.1,card,True,12,True,nucl,6052.0,2026-Apr-3,1.4.0 (environment manifest),80.0,70.0,81.59,77.14,2a4211449ea08d3146f06443afe569e4bcf0424e998749b06da92f2b95f5e071,f4a5d8309498ebeb7b2651526c3b37189ada00fddf98299f808e4199350012c5
staphylococcus_haemolyticus,GCF_002906615.1,resfinder,True,9,True,nucl,3206.0,2026-Apr-3,1.4.0 (environment manifest),80.0,70.0,99.05,70.52,a6417540194dcc636703b354c7eb25942bda042d98ff447faae483972b6403f9,553a0324ce00a1e6f8063e9a8d8fa70fd2591107d702ee7176287f757032187e
staphylococcus_haemolyticus,GCF_002906615.1,bacmet2,True,13,True,prot,746.0,2026-Apr-3,1.4.0 (environment manifest),80.0,70.0,82.95,89.31,aa7d595ddee0f0279bd05881865495228060d70a4f82c70c8a772ffc196f4f8a,b02cbf1a1ee005435d0377a790d0111b241f7c098de6f17df569af9ec0cfcc70
staphylococcus_haemolyticus,GCF_002906615.1,victors,True,7,True,nucl,4545.0,2026-Apr-3,1.4.0 (environment manifest),80.0,70.0,80.55,98.87,7ceca5a1e7bf7a59956561d7cd4d779eb338145c23b737093b2f2b17712de420,c1ae5ddfe6ee0b675f8ca3fa42f6e478108251d18075cc61a835776e9d633f58
staphylococcus_haemolyticus,GCF_002906615.1,plasmidfinder,True,4,True,nucl,488.0,2026-Apr-3,1.4.0 (environment manifest),80.0,70.0,88.08,79.13,cada979d6bd805430f799966752dd66502fc20a2a2571091ff9ce2c5338df4da,7a734c301fd4d0bf0667a1074149b1eb0083f2217aacee9add5534aaf0838492
staphylococcus_haemolyticus,GCF_002952715.2,amrfinder,True,9,True,,,2026-05-15.1,4.2.7,,,,,6ccc03de849487fd1ca5e6dcb0417264bfb6891eb1327ffcf866dbb66e49fb3f,2b681b2b0d7aad26fda4effbb86c6e94e4d19dd061a4adce564eb1739b3ffa71
staphylococcus_haemolyticus,GCF_002952715.2,vfdb,True,1,True,nucl,4592.0,2026-Apr-3,1.4.0 (environment manifest),80.0,70.0,81.21,99.82,4e9ab33a9276313bab97d8ff7ed160f56f8d2679a97ebea4ad4a3a663d7f9490,c41796b9eb27e453e0e92898117fc1b92e161c8c5d5f0e274fc8852430ca8123
staphylococcus_haemolyticus,GCF_002952715.2,card,True,9,True,nucl,6052.0,2026-Apr-3,1.4.0 (environment manifest),80.0,70.0,81.82,99.1,f67cf56d4dbf1e28c0a6ca97de81fbb2728908c8ebdb9b74006d8cd4ce8e5853,2595fb8c1813e13c399ec797d51fee2493a62e4c92e81133dc947730ca025e14
staphylococcus_haemolyticus,GCF_002952715.2,resfinder,True,6,True,nucl,3206.0,2026-Apr-3,1.4.0 (environment manifest),80.0,70.0,99.05,100.0,17d5e1bd6b5105ef1d4e0f26d5936677867d06df29f9f1eab9587c3bd036ac6a,33449b79f00d4ad6fa3c16dea68a54157bb9446cb3403e80c7bc882c554f1a3b
staphylococcus_haemolyticus,GCF_002952715.2,bacmet2,True,9,True,prot,746.0,2026-Apr-3,1.4.0 (environment manifest),80.0,70.0,86.49,98.47,fa9ffe3514d85390f6b9fe10d759286477ee29179afc2a647454e134ccc82285,8181b95afa9660ba85d9f8c119bf50dd7652057e9921971404156acaa9d3c219
staphylococcus_haemolyticus,GCF_002952715.2,victors,True,7,True,nucl,4545.0,2026-Apr-3,1.4.0 (environment manifest),80.0,70.0,80.57,98.87,c2271c2c74c8077803e42c9ccb6347327d5a918cd3f3e974c71042fdd76f360a,4d607eec0f25cee60050c0143e1d372415feca93e6fd36f12c704986f865939a
staphylococcus_haemolyticus,GCF_002952715.2,plasmidfinder,True,3,True,nucl,488.0,2026-Apr-3,1.4.0 (environment manifest),80.0,70.0,98.85,100.0,97965da185ed5815f36f01540bd420b3d512e361b2511b17f88fb479e77d2cdb,b3583046ed3ac86e9357617c8071594a7c9efcbe4ef986930bfa6dd9e483ba25
staphylococcus_haemolyticus,GCF_006094395.1,amrfinder,True,0,True,,,2026-05-15.1,4.2.7,,,,,fdfec5f7924367729493b9a91622ca6a85a08f1c8cb1f3e5a6f54a3aa8bd9078,eefc916b17cde96de0e0a2b1bfef1bd32c668b775f3645669a3a33f8fe236429
staphylococcus_haemolyticus,GCF_006094395.1,vfdb,True,0,True,nucl,4592.0,2026-Apr-3,1.4.0 (environment manifest),80.0,70.0,,,47d770a37c6bc4e5e4f8c30214e6b716d5990c0f9f0cce597b4079076eb4d0d9,0f5100653353aa23acbb4e6f69314027c32876a50f3a0ad7e38589724afad7fa
staphylococcus_haemolyticus,GCF_006094395.1,card,True,1,True,nucl,6052.0,2026-Apr-3,1.4.0 (environment manifest),80.0,70.0,81.82,99.1,78060ec8df790fc2694dbddf2ccf268ceae43a21341bbde8a7d46b03e8842442,307faebfea89d80d673d6642ade4a69297de1d7bac8be54a6d1224ebce798edb
staphylococcus_haemolyticus,GCF_006094395.1,resfinder,True,0,True,nucl,3206.0,2026-Apr-3,1.4.0 (environment manifest),80.0,70.0,,,47d770a37c6bc4e5e4f8c30214e6b716d5990c0f9f0cce597b4079076eb4d0d9,19b0c5cec6802ea8e1b35286b7e23be91f5a21e469fc86b25c8eb5b8ec2850e2
staphylococcus_haemolyticus,GCF_006094395.1,bacmet2,True,5,True,prot,746.0,2026-Apr-3,1.4.0 (environment manifest),80.0,70.0,83.97,99.18,b491317d779914d74efd0410bb6744edd69a2c8518d14b482599f22f6d94c381,31096b3e9d8f12611d109f15b167e84e93acb8691fc93e3878a67074cbf954de
staphylococcus_haemolyticus,GCF_006094395.1,victors,True,7,True,nucl,4545.0,2026-Apr-3,1.4.0 (environment manifest),80.0,70.0,80.55,98.87,fc296ef3f81edbb63c1cb99d1fb9aaf42b123774ab349013d0793555ae07aeed,0ffe53671ed924cffe24b046404b6c847e9673d67b15f1d14038a4a7a0d66e1b
staphylococcus_haemolyticus,GCF_006094395.1,plasmidfinder,True,2,True,nucl,488.0,2026-Apr-3,1.4.0 (environment manifest),80.0,70.0,99.27,100.0,54b66b5d13a6d1b1ef699f993f5e3f94bc09fe1e9439ba02a93b9d386550f463,a9e71839aabb6f54ccfec6c96b887211c619f4573f3e36b6a20eef9f4963872c
streptococcus_anginosus,GCF_000831165.1,amrfinder,True,9,True,,,2026-05-15.1,4.2.7,,,,,f57afec83ad827e141056c2ce5c219c940ae807f53fa8691189f0ade7870da8c,4647b5efc2f0a8cc7c623915deea49d1127329d3d2fa484e00b5bbd8fabf09b5
streptococcus_anginosus,GCF_000831165.1,vfdb,True,1,True,nucl,4592.0,2026-Apr-3,1.4.0 (environment manifest),80.0,70.0,80.12,89.68,0fcf2492ad21a51f4e42d166417361e4cc609c6f2e55564473b56852ee3db3ff,5e09015b5c0e891727e944a1e0be03d3a506a90e94081303afb35787a5a62c4e
streptococcus_anginosus,GCF_000831165.1,card,True,10,True,nucl,6052.0,2026-Apr-3,1.4.0 (environment manifest),80.0,70.0,84.29,98.68,337c91386b9d94c00d1329ad8498f7f2cfbe8759d3fff6e6a8fb5d048ff148cc,0b0b07ad2523d7d9aa1294a3098c27b0d52599f73e8e1849c2be7f7bfd26566e
streptococcus_anginosus,GCF_000831165.1,resfinder,True,2,True,nucl,3206.0,2026-Apr-3,1.4.0 (environment manifest),80.0,70.0,100.0,100.0,4f597a5d6da1d16637be6b38226748d01889bd990019a9737ba596c8c2f701ab,3d450503a07ecc5b1ecb2aa9caea89b5c75bf2197abb7ba5b5e5564d62f967b2
streptococcus_anginosus,GCF_000831165.1,bacmet2,True,1,True,prot,746.0,2026-Apr-3,1.4.0 (environment manifest),80.0,70.0,88.27,100.0,087a23bf81140b1e1215b0b11830563c27a2bc57bcc787e1c1b6eb7f9548efff,84807bf83c53fbc34272eff1b7a26aeebc665df2c6d85cc0fd7fd1e58569305b
streptococcus_anginosus,GCF_000831165.1,victors,True,10,True,nucl,4545.0,2026-Apr-3,1.4.0 (environment manifest),80.0,70.0,80.0,89.68,0b965fae54fd3766120b4222f4edc0eb3a9997eeb8f298d3a5a1ff8ba252d0ef,c39ceab64424c4fb0df3a92df6ecaa2a4b3891b0764a6326cfeef799e06326f0
streptococcus_anginosus,GCF_000831165.1,plasmidfinder,True,0,True,nucl,488.0,2026-Apr-3,1.4.0 (environment manifest),80.0,70.0,,,47d770a37c6bc4e5e4f8c30214e6b716d5990c0f9f0cce597b4079076eb4d0d9,39a37534adbd9b44270cd4e01841c91424a66e2d077f89b7deba0add81b820f5
streptococcus_anginosus,GCF_001412635.1,amrfinder,True,1,True,,,2026-05-15.1,4.2.7,,,,,ee676af4a224ebfbd1f3b35d89d58b48221ff35e00ac9eca635106550ed280b3,f7f2938ed4159709639e3dea23abbcc3590ebd6088779cb5b62630f87113ec44
streptococcus_anginosus,GCF_001412635.1,vfdb,True,0,True,nucl,4592.0,2026-Apr-3,1.4.0 (environment manifest),80.0,70.0,,,47d770a37c6bc4e5e4f8c30214e6b716d5990c0f9f0cce597b4079076eb4d0d9,8036ca4295faf333a1f92c63fed7b32f300e6957945f56a90b52f3e858eb4a60
streptococcus_anginosus,GCF_001412635.1,card,True,1,True,nucl,6052.0,2026-Apr-3,1.4.0 (environment manifest),80.0,70.0,98.91,100.0,15e5b963ffd17a4492dfdf4eeab9bee62ee22706c5d47eef8a10c57029e91ef2,b5c7ca559f1406feb11425dbd20a1a50f62c25fd82a28592ad935176bd582ddc
streptococcus_anginosus,GCF_001412635.1,resfinder,True,1,True,nucl,3206.0,2026-Apr-3,1.4.0 (environment manifest),80.0,70.0,99.84,100.0,9127eac1b430723300d38cde38207b2ce4b2391bd15b7983a4ff1fc7a3035e2d,36ef4d969d592cba421e31152388c8f95571dc55b19fd4d8bf7f7183d21c2c7d
streptococcus_anginosus,GCF_001412635.1,bacmet2,True,1,True,prot,746.0,2026-Apr-3,1.4.0 (environment manifest),80.0,70.0,88.58,100.0,656a540d704b9a64cf47460c54d276bffe7de47f79d3759961242f26e79231e7,57a6c6d76b0e686005508b0f64c62f1e77659b8afb3dbe52e2fdc8e98eaba107
streptococcus_anginosus,GCF_001412635.1,victors,True,10,True,nucl,4545.0,2026-Apr-3,1.4.0 (environment manifest),80.0,70.0,80.15,89.61,9ddeec37ed13bd3933829233d324c69c1be13381fb70f4fe65d46014acf653a7,bd39b4a9a1799a91359fc53b50a19ef3ebad115fba05dbfd8eca4e6242508d55
streptococcus_anginosus,GCF_001412635.1,plasmidfinder,True,1,True,nucl,488.0,2026-Apr-3,1.4.0 (environment manifest),80.0,70.0,99.83,100.0,06743e870f909cc052f46039bcae138cba18802dfb95898e0a5c2a2005efc7da,364ff1b44b1833cb6b764a6ce9e4b5bab2ff81b5d1b6124fba80158554cb8e8f
streptococcus_anginosus,GCF_001697145.1,amrfinder,True,0,True,,,2026-05-15.1,4.2.7,,,,,fdfec5f7924367729493b9a91622ca6a85a08f1c8cb1f3e5a6f54a3aa8bd9078,466eb9a6c6e1caec23d75e3b8dc632c4a52994e640b54058df7b08284599ffa3
streptococcus_anginosus,GCF_001697145.1,vfdb,True,1,True,nucl,4592.0,2026-Apr-3,1.4.0 (environment manifest),80.0,70.0,80.12,89.68,119d226de5f3708b2a727b4aca8903a0df3af08b6efe8126fd61ac853f6df463,bdd29ed8d74f4e7a2025f2c0513fe47be5de4c1888ee593f615d75cd4bf57d32
streptococcus_anginosus,GCF_001697145.1,card,True,0,True,nucl,6052.0,2026-Apr-3,1.4.0 (environment manifest),80.0,70.0,,,47d770a37c6bc4e5e4f8c30214e6b716d5990c0f9f0cce597b4079076eb4d0d9,d2cfac3457094036a7e8029b34220c6cb88001af029a3b83a09a037f7ef85cc7
streptococcus_anginosus,GCF_001697145.1,resfinder,True,0,True,nucl,3206.0,2026-Apr-3,1.4.0 (environment manifest),80.0,70.0,,,47d770a37c6bc4e5e4f8c30214e6b716d5990c0f9f0cce597b4079076eb4d0d9,bee06c9f744a3d57c464cef24acd994a72ed6f4c8b77679081bc70a8ad6e0be5
streptococcus_anginosus,GCF_001697145.1,bacmet2,True,1,True,prot,746.0,2026-Apr-3,1.4.0 (environment manifest),80.0,70.0,88.27,100.0,371ac37b2a81dbc670875fba2c9d88fa91cefd1ca8421d5d8b36466e437a707f,e8f2e73754c2cfcad1d4f1e3ed4d75964b76333619b93ef737615dc13f2d561b
streptococcus_anginosus,GCF_001697145.1,victors,True,9,True,nucl,4545.0,2026-Apr-3,1.4.0 (environment manifest),80.0,70.0,80.0,89.68,7672bc91ca8abc4b0403988f8df0bd05f5a441dadf992060b73fdabc023a34cc,b38d5dd389c1b6bc636455088b3920143ac06368a76cfb6cadffbc3d249cb455
streptococcus_anginosus,GCF_001697145.1,plasmidfinder,True,0,True,nucl,488.0,2026-Apr-3,1.4.0 (environment manifest),80.0,70.0,,,47d770a37c6bc4e5e4f8c30214e6b716d5990c0f9f0cce597b4079076eb4d0d9,77496b2d54a13ff2b171fadfffab385253a5f701e4a06ccdcd54a1ce0919d674
streptococcus_anginosus,GCF_008726365.3,amrfinder,True,3,True,,,2026-05-15.1,4.2.7,,,,,19865c2d50e16c759038ba21fbf6954abb9227d6bcf63c651bd77defdf2cf536,a22f7fa02dbb6d5db157a2aeb62c33a75af48004ada6efe9b24d4dbad64fdbae
streptococcus_anginosus,GCF_008726365.3,vfdb,True,1,True,nucl,4592.0,2026-Apr-3,1.4.0 (environment manifest),80.0,70.0,80.24,88.71,2ccb6324c28b482ef4548962c605ac1299d412b555dad271599d2459d9e1c9a3,50979850130611a44f4b36a07c4f9f8914fb62be88d25de41f23b59e182b0e39
streptococcus_anginosus,GCF_008726365.3,card,True,2,True,nucl,6052.0,2026-Apr-3,1.4.0 (environment manifest),80.0,70.0,90.15,100.0,45b72ab0cfde0c2e07d8d1000d144046a7e67d833bddea0ad6eecd33106b66b7,6fb034476d91b4e9d07c0d4a1c422dba3b06acc77226c0755591ca9670da4dd2
streptococcus_anginosus,GCF_008726365.3,resfinder,True,3,True,nucl,3206.0,2026-Apr-3,1.4.0 (environment manifest),80.0,70.0,99.58,100.0,8fa28702c022e2ba955ce3a8211cd90505891c6f4a277f0116e0422e234dc678,1ca78d93806eced35bff3c5b797af7974f28dcb8497e06c14fa36f6755480dd2
streptococcus_anginosus,GCF_008726365.3,bacmet2,True,3,True,prot,746.0,2026-Apr-3,1.4.0 (environment manifest),80.0,70.0,88.27,100.0,3f3d73d5e49439b1f0dfa4090802eb4ac3f0906fcb9d6ae4a7d1fd3d2370ca1e,9b247c0852fd07450c03afd878cd52a45635f6688edbf130427780e4dc6b68b6
streptococcus_anginosus,GCF_008726365.3,victors,True,12,True,nucl,4545.0,2026-Apr-3,1.4.0 (environment manifest),80.0,70.0,80.06,88.71,9a88ca38efc4f7e9d8745cd249f85463341c44210b63cd508965723be54b617a,0f73b75eb809ce697cedff0095b2b95ebfd6598f0c4b2045f3f3ad3a443e7a0b
streptococcus_anginosus,GCF_008726365.3,plasmidfinder,True,0,True,nucl,488.0,2026-Apr-3,1.4.0 (environment manifest),80.0,70.0,,,47d770a37c6bc4e5e4f8c30214e6b716d5990c0f9f0cce597b4079076eb4d0d9,8a4f20d8da639fe09ef20c884686bea4ae239e7bfed678d6dc092b933c887787
streptococcus_anginosus,GCF_900636475.1,amrfinder,True,0,True,,,2026-05-15.1,4.2.7,,,,,fdfec5f7924367729493b9a91622ca6a85a08f1c8cb1f3e5a6f54a3aa8bd9078,b45649bc714e3a994a22a449ef0da0b86fa0609e2266b7faaf7f6a551f3741b0
streptococcus_anginosus,GCF_900636475.1,vfdb,True,1,True,nucl,4592.0,2026-Apr-3,1.4.0 (environment manifest),80.0,70.0,80.0,89.68,6816280c323a30f6bd2df55949e8eb49687e0b32ec3dd7b8132f852928ae45a7,d1c3ba0a5874bcafdc8a1d90690e4b742157c12de51f48d46cff785f48cf409c
streptococcus_anginosus,GCF_900636475.1,card,True,0,True,nucl,6052.0,2026-Apr-3,1.4.0 (environment manifest),80.0,70.0,,,47d770a37c6bc4e5e4f8c30214e6b716d5990c0f9f0cce597b4079076eb4d0d9,a08be62fcadaaca4b09a2e16f2d094ee8e343cec53cf48d19da99b2820317b60
streptococcus_anginosus,GCF_900636475.1,resfinder,True,0,True,nucl,3206.0,2026-Apr-3,1.4.0 (environment manifest),80.0,70.0,,,47d770a37c6bc4e5e4f8c30214e6b716d5990c0f9f0cce597b4079076eb4d0d9,da9baf6dc2abf3fd897fd9201b2ca7ee75b569692cf04a35cdefdb2a9d8fca3c
streptococcus_anginosus,GCF_900636475.1,bacmet2,True,2,True,prot,746.0,2026-Apr-3,1.4.0 (environment manifest),80.0,70.0,88.58,100.0,975e2ffee905c69566ebbb1fbd5ac9d32a7dc48cbc6522564a1f16ee2127fdcc,da8d612cc87c0eb5bc70ce481c290764cc3b4a1311a9ebe2489b3a4e424ca0bd
streptococcus_anginosus,GCF_900636475.1,victors,True,11,True,nucl,4545.0,2026-Apr-3,1.4.0 (environment manifest),80.0,70.0,80.0,89.61,573b0edf6e16559b3e0911ed1a795542f231876858bbe4637a597e9741d14d94,ccd938a54399569588b2c6be54f6dac0113bcdd219ea20a1886988367f56e197
streptococcus_anginosus,GCF_900636475.1,plasmidfinder,True,0,True,nucl,488.0,2026-Apr-3,1.4.0 (environment manifest),80.0,70.0,,,47d770a37c6bc4e5e4f8c30214e6b716d5990c0f9f0cce597b4079076eb4d0d9,7b1d50f78516485f6b5a505da3f182f9c64adea03f32391da9f27c7489354c43
streptococcus_mitis,GCF_000722765.2,amrfinder,True,2,True,,,2026-05-15.1,4.2.7,,,,,42b0404fda937c7f1dcb8c1a9211a86d36c71354e93ab336b1f0892c09dd4b76,827a2f58d955e182a1e1089db9f41f9c48db7b6e0c6239ce86d21fb340613376
streptococcus_mitis,GCF_000722765.2,vfdb,True,3,True,nucl,4592.0,2026-Apr-3,1.4.0 (environment manifest),80.0,70.0,91.3,99.94,27fd0145e4fb264ed6ef2356ee4a96fb93c4750f2d321bad51fd2b4055c0749c,4757ea75df7e2bffd2c44038015d10822d359898cba641b2bc2b75044a439de9
streptococcus_mitis,GCF_000722765.2,card,True,5,True,nucl,6052.0,2026-Apr-3,1.4.0 (environment manifest),80.0,70.0,89.64,100.0,a0f268c9811f9ee1d3a051876dbc5f090c9fb50e2f87bf09910fe3f06bdf6f4a,e489ec23c3249c85c16dc083d42d2bfb92f6d9cf1f489cfabe189a7032c38079
streptococcus_mitis,GCF_000722765.2,resfinder,True,2,True,nucl,3206.0,2026-Apr-3,1.4.0 (environment manifest),80.0,70.0,99.93,100.0,dd3ad9b08225e275d6de7bac70cc369f5b4321c949998d5153b8e87d78dbdf1b,2a85a619e5e12a18e01dcb607caea09d6a6d26f311db87b3d73c2bbccd88ea98
streptococcus_mitis,GCF_000722765.2,bacmet2,True,3,True,prot,746.0,2026-Apr-3,1.4.0 (environment manifest),80.0,70.0,95.08,98.68,f6ab457c510a42364b07da5d17a5f0d9517b03f034cb3d7e0a6e3d9782239f99,832dd05e505615417a7f643741e29dc0a722375f0d87992af3d2375d706e52c3
streptococcus_mitis,GCF_000722765.2,victors,True,168,True,nucl,4545.0,2026-Apr-3,1.4.0 (environment manifest),80.0,70.0,80.89,81.43,2f880b1144c92f38ebb1c2ee26ef650a8b8937507d00937aad9f8b53b4165989,bf4f46bc11854bc1902f6584bab27caa4fee136917bdc08fc1dfc5163b73a09c
streptococcus_mitis,GCF_000722765.2,plasmidfinder,True,0,True,nucl,488.0,2026-Apr-3,1.4.0 (environment manifest),80.0,70.0,,,47d770a37c6bc4e5e4f8c30214e6b716d5990c0f9f0cce597b4079076eb4d0d9,b716c732a9ab0fe689185254c7a3e3071fbe4f8f49684e1d79091e8826f12a11
streptococcus_mitis,GCF_001281025.1,amrfinder,True,1,True,,,2026-05-15.1,4.2.7,,,,,54fc55aaef45c9b884914adfdee587954b8ccb0d37208571ffd900d6d697b5bc,cd996afebddaa1a94c5b87cf0fd4c9ec362ba2642bd2adb157c608626e8bdf7b
streptococcus_mitis,GCF_001281025.1,vfdb,True,3,True,nucl,4592.0,2026-Apr-3,1.4.0 (environment manifest),80.0,70.0,93.12,99.84,58f567db4e260177750604f3e5005f6716c2a609788d97611f61c45705847843,b00659412e2b277b01c00c5113a644ad4aadf2f9756948478713cda16b66d1c3
streptococcus_mitis,GCF_001281025.1,card,True,4,True,nucl,6052.0,2026-Apr-3,1.4.0 (environment manifest),80.0,70.0,85.75,100.0,200337ee91bc6d79fa1e65d1b2849579ab91eb650c249ec21dc524359b08a01c,6ea3e413a11b68788e2ae369ce094909ac5ce1526f167136a24a9b0fe949ce59
streptococcus_mitis,GCF_001281025.1,resfinder,True,0,True,nucl,3206.0,2026-Apr-3,1.4.0 (environment manifest),80.0,70.0,,,47d770a37c6bc4e5e4f8c30214e6b716d5990c0f9f0cce597b4079076eb4d0d9,2d6a69a09160618b33a91b00552f1f24b4c103d814648e9de569899506873a63
streptococcus_mitis,GCF_001281025.1,bacmet2,True,3,True,prot,746.0,2026-Apr-3,1.4.0 (environment manifest),80.0,70.0,95.14,100.0,8df2f7c520539e8bba06808ba03fe1fbdd1971bb8d3084e99323d33d16461438,f383079f3eabbf568d723affd35c04517648821203ecb423cf3a6951ff4b618b
streptococcus_mitis,GCF_001281025.1,victors,True,176,True,nucl,4545.0,2026-Apr-3,1.4.0 (environment manifest),80.0,70.0,81.05,81.82,5af6aa758ce685f2c5d932eb92ab57eaca681f1885a7bfbeaf0ef8f685d98241,b526a4f303c0bae7d6bb37e81cfbc18c3dc6c3962c1339f951365d0c605c107b
streptococcus_mitis,GCF_001281025.1,plasmidfinder,True,0,True,nucl,488.0,2026-Apr-3,1.4.0 (environment manifest),80.0,70.0,,,47d770a37c6bc4e5e4f8c30214e6b716d5990c0f9f0cce597b4079076eb4d0d9,0ff80065c2135db7a2bdab1eb69788526085013cf3c7f0b6719bac72678d7b83
streptococcus_mitis,GCF_009730515.1,amrfinder,True,0,True,,,2026-05-15.1,4.2.7,,,,,fdfec5f7924367729493b9a91622ca6a85a08f1c8cb1f3e5a6f54a3aa8bd9078,15c23981f74f51c5c0de5802feb7af368fc5d76f18f82784573e27bd5e1e2dae
streptococcus_mitis,GCF_009730515.1,vfdb,True,3,True,nucl,4592.0,2026-Apr-3,1.4.0 (environment manifest),80.0,70.0,90.72,99.95,bd37abde4fd3fba0656923cc7addbd876ad079dac158b4c7d05f2ee3bab4638e,a2d5c657ad28187947d9b8a137c60914ccee658264ce461b1c6db27ab01e28ac
streptococcus_mitis,GCF_009730515.1,card,True,4,True,nucl,6052.0,2026-Apr-3,1.4.0 (environment manifest),80.0,70.0,91.17,100.0,9a433cb1e76c81be6a3f1420c8a8f33bfb49b6a46960273cda126667d6c43ef0,9bbeabcb1bcb6b99eec3b0ff39a310dd4d2d36dc1f2be51cc39ff73af1a64d43
streptococcus_mitis,GCF_009730515.1,resfinder,True,0,True,nucl,3206.0,2026-Apr-3,1.4.0 (environment manifest),80.0,70.0,,,47d770a37c6bc4e5e4f8c30214e6b716d5990c0f9f0cce597b4079076eb4d0d9,7c22e2f84b14dce8c2b30baf65a969f48b464831f8633571033e2d6b355f0b74
streptococcus_mitis,GCF_009730515.1,bacmet2,True,5,True,prot,746.0,2026-Apr-3,1.4.0 (environment manifest),80.0,70.0,84.33,88.27,fd5710c484dfc9b7466d00c7121c05851f7a5bc63ddfbf123c1820e5f20f6e94,c29a3c16b32774b9b73e7706306f9098c75fa73bbe5cb1543ef8d09be6046669
streptococcus_mitis,GCF_009730515.1,victors,True,170,True,nucl,4545.0,2026-Apr-3,1.4.0 (environment manifest),80.0,70.0,80.89,81.82,b67248190cc32e27a519dadd110c3daa8db99273dde6b91bce937c229abb2efd,7f22183bae3759bf2b1c0d483d9ce7c9234a4e252bbed4dd2c3b9a8fadf92ee1
streptococcus_mitis,GCF_009730515.1,plasmidfinder,True,0,True,nucl,488.0,2026-Apr-3,1.4.0 (environment manifest),80.0,70.0,,,47d770a37c6bc4e5e4f8c30214e6b716d5990c0f9f0cce597b4079076eb4d0d9,9e975945f08add2011e16cb286664567f3b5e7b3a81d0266fe6be1f4759f649d
streptococcus_mitis,GCF_013305725.1,amrfinder,True,3,True,,,2026-05-15.1,4.2.7,,,,,0121c83e2af77ac11a813ffe824d9c8e629c87053630dcb6262022caee010a44,98ccfd13b23766108ec618fe4cc521dd515c9a6c5e2a67498afa7c1616ea4a5d
streptococcus_mitis,GCF_013305725.1,vfdb,True,3,True,nucl,4592.0,2026-Apr-3,1.4.0 (environment manifest),80.0,70.0,82.84,97.92,0bb4880727e056421abccfd1a678363c4e96ac733ecab2e5c9a6f5d04d6ce25d,ca01ad20068ca7c3c5ee2cad27b0d8c92464afa9ee445051611b6ba3686bf9b1
streptococcus_mitis,GCF_013305725.1,card,True,6,True,nucl,6052.0,2026-Apr-3,1.4.0 (environment manifest),80.0,70.0,89.9,100.0,9c3965afe7e2b8a0e73bae12f99622dcc13779120e2ec686ac96eb0a3c2f05cc,9e785fd616baab49c3676c33014321a093b117f56d2980f241c6127e2b2215eb
streptococcus_mitis,GCF_013305725.1,resfinder,True,3,True,nucl,3206.0,2026-Apr-3,1.4.0 (environment manifest),80.0,70.0,98.28,100.0,c295b4d69b0eb252e564a7ad6ff28b1758d6c83adfb22b523519ebd4f7bfeda8,5683750c59d741ab9da863b7ec4e2425b493ed37f98decf0b1c237a0a1a9aefc
streptococcus_mitis,GCF_013305725.1,bacmet2,True,3,True,prot,746.0,2026-Apr-3,1.4.0 (environment manifest),80.0,70.0,93.36,99.78,13ae2bfbe329c584e63c61cfd04c8f434237eb6b1b9c441a98e28685c8b58579,7e782708f862d4ac6b6ff22c05eb439d72c1a06d0af74f23c8dd3516c334f830
streptococcus_mitis,GCF_013305725.1,victors,True,165,True,nucl,4545.0,2026-Apr-3,1.4.0 (environment manifest),80.0,70.0,81.05,81.47,9139349b834ec825b4bfb40b0a3ac1cea8a5933814e896ed1e65c05a872f8fff,56ff9565fa0cabd6c7f3893061a865c5892b88b7acbcc1210e933394ff52865e
streptococcus_mitis,GCF_013305725.1,plasmidfinder,True,0,True,nucl,488.0,2026-Apr-3,1.4.0 (environment manifest),80.0,70.0,,,47d770a37c6bc4e5e4f8c30214e6b716d5990c0f9f0cce597b4079076eb4d0d9,6107172b54e6cca6331a69d041719ffffe9af403cd51fdd2570af878d0716e24
streptococcus_mitis,GCF_018603625.2,amrfinder,True,2,True,,,2026-05-15.1,4.2.7,,,,,2bf3b4b12c9d246fd3a30acaf91f362b51642e038fe9b0e9b9057206a87e1d6d,eb98d4d2916f7e1e1b206ae7832d19127c6004fa08b9e5889378f1c98c286309
streptococcus_mitis,GCF_018603625.2,vfdb,True,2,True,nucl,4592.0,2026-Apr-3,1.4.0 (environment manifest),80.0,70.0,92.8,100.0,bf8ccc9cbf445ff8c1c6f087a3d96ffd6507930b04c4b8b00b7a22d2148fbed8,a687134798bdbac8ed35051346547db7970480ec0ca25bf11345b410d7456d69
streptococcus_mitis,GCF_018603625.2,card,True,5,True,nucl,6052.0,2026-Apr-3,1.4.0 (environment manifest),80.0,70.0,89.9,100.0,83b03e009ada37dffc763a6d003c9e83a08abb0d1647290af70d1ab1884dd4a7,294044f0f4c06eaf7476272b1835ea0266d4927d21d3cd7f191785c33f43dea6
streptococcus_mitis,GCF_018603625.2,resfinder,True,2,True,nucl,3206.0,2026-Apr-3,1.4.0 (environment manifest),80.0,70.0,100.0,100.0,b27156c64fade6c6900b632cf317ab98ec3dee1d395e1613d94d727b6865a820,c72c13ee784c032fa3e2eee9e08d600fd28ba24851f22554b2451ed9dbd824cf
streptococcus_mitis,GCF_018603625.2,bacmet2,True,5,True,prot,746.0,2026-Apr-3,1.4.0 (environment manifest),80.0,70.0,92.64,88.27,2c40401a53ffbd3ecf4aa0ff80b895535ca146909d5acda9f2315c89c55ae37a,b9783936dfedfaf37f4fa7f39c4d33b2fb334c94581f54bb59c946ebfcb4fb30
streptococcus_mitis,GCF_018603625.2,victors,True,165,True,nucl,4545.0,2026-Apr-3,1.4.0 (environment manifest),80.0,70.0,81.17,74.56,2c06b5d63b3d83b549d3f1626ea90b74982182c12e94af5e8157db63a1c50aad,49a0483d144095e2e5c9264b5f22c2895263f63cd32327f8f8824f75056c33d4
streptococcus_mitis,GCF_018603625.2,plasmidfinder,True,0,True,nucl,488.0,2026-Apr-3,1.4.0 (environment manifest),80.0,70.0,,,47d770a37c6bc4e5e4f8c30214e6b716d5990c0f9f0cce597b4079076eb4d0d9,73740d8b3a90d347dd078fd4c7567ea214a176768d0bb694817dd5803280993e
streptococcus_oralis,GCF_001983955.1,amrfinder,True,2,True,,,2026-05-15.1,4.2.7,,,,,39ae22fc17d24c2d7d17c15324e2eb1d35635304d39488dd77c6b5ba84d5c9bc,e8956365dc5228f259d1bead7a61d8432b4bd440a753a538c4a1c6b98391d864
streptococcus_oralis,GCF_001983955.1,vfdb,True,5,True,nucl,4592.0,2026-Apr-3,1.4.0 (environment manifest),80.0,70.0,81.57,84.12,3a14bb4cc12405de1e855a1a43e58c8fc395e9c0e2d3a230505e29a00bd73dd5,e91566953a77c3dc7e8057f64a81af0078433abef898e5dd23a535cb38735b17
streptococcus_oralis,GCF_001983955.1,card,True,3,True,nucl,6052.0,2026-Apr-3,1.4.0 (environment manifest),80.0,70.0,80.61,99.29,3bfc5bbe75b52bda50e65e8a0c2437346790217292b4045f7f56428d9139c7bc,179904d9898ebb803d67eac7596e314469ed7da10f6495c2d6fb541b57fe9b66
streptococcus_oralis,GCF_001983955.1,resfinder,True,2,True,nucl,3206.0,2026-Apr-3,1.4.0 (environment manifest),80.0,70.0,97.37,100.0,f565d0ecb87f2ff9a85b3ad6e85339f336385c2d2e778dddcbb7c4e69a4e4d7e,0dde97fdd491645ce86fb29c121785d70d2ba651891f9a6d72a94bf8c53bde12
streptococcus_oralis,GCF_001983955.1,bacmet2,True,3,True,prot,746.0,2026-Apr-3,1.4.0 (environment manifest),80.0,70.0,86.94,98.01,693b5fa98bef8d3e844fced7647701a95bd912eaca9ff77bd82d3ad97c70efc9,838dd1f30d7ce26111645eabf9f9bc5f5762811f84ad55dab15d2154a1799a18
streptococcus_oralis,GCF_001983955.1,victors,True,139,True,nucl,4545.0,2026-Apr-3,1.4.0 (environment manifest),80.0,70.0,80.62,79.05,8ab774eee1211024c7e3f1ec842c90e690d1736269ac837538d657f72aa2302a,b5ead68dc70b98102f5722da6c2fc86777c1dc04135dec326f49221549d9cc97
streptococcus_oralis,GCF_001983955.1,plasmidfinder,True,0,True,nucl,488.0,2026-Apr-3,1.4.0 (environment manifest),80.0,70.0,,,47d770a37c6bc4e5e4f8c30214e6b716d5990c0f9f0cce597b4079076eb4d0d9,28827223a2b8de47d256d3e331ee59b9788b7fa50d54bf28db4550a7832cb85d
streptococcus_oralis,GCF_002386345.1,amrfinder,True,2,True,,,2026-05-15.1,4.2.7,,,,,98f3753557c1838e429a2e1a9361f58408014908e0da5aac0fad6ce23eac5fb0,697905e4ef97a7de0af7907e12153056c35e0e3f30d9611d2da0c919abac672a
streptococcus_oralis,GCF_002386345.1,vfdb,True,5,True,nucl,4592.0,2026-Apr-3,1.4.0 (environment manifest),80.0,70.0,80.34,84.12,aa71f8aa65a05facae82e93124ae693b5111b359cbfc2f1cae3af3df10c1f254,86a8a0ede0e8ec399b9bd196590123fd824ee317458fd8bc757cd760822e6f25
streptococcus_oralis,GCF_002386345.1,card,True,5,True,nucl,6052.0,2026-Apr-3,1.4.0 (environment manifest),80.0,70.0,80.25,98.51,0860d283df9dabe291ba4748a6c146e02006d9a7c1078301aa7ad16aeed698b6,e55109c2bb999e5b87b829e4ce2719f0427d6c8bd4aa7e8f3a97ef019a29ac7b
streptococcus_oralis,GCF_002386345.1,resfinder,True,2,True,nucl,3206.0,2026-Apr-3,1.4.0 (environment manifest),80.0,70.0,100.0,100.0,e9e91b074deb3c8a8baae165fa3c8ddc583f7979424f27e4fd8cc33bf95d48a1,15580a89d6520dfaec1d078d3f2db0d56fa09f08ce083e5f93f371d4650a0926
streptococcus_oralis,GCF_002386345.1,bacmet2,True,7,True,prot,746.0,2026-Apr-3,1.4.0 (environment manifest),80.0,70.0,86.49,98.01,d4fc89392df0ed3f5a892d1d77a888518620206be6f5a310ebb3f2eb1d0b800d,fe3147139373e1730a1822bd2e11907c1d1632c6adb90ca14e7936c16bcb246c
streptococcus_oralis,GCF_002386345.1,victors,True,143,True,nucl,4545.0,2026-Apr-3,1.4.0 (environment manifest),80.0,70.0,80.02,77.01,b1762dff21603fa38f1bfc945c967e478c2580d704eeb626838734fe0783da88,8597ee44fc2cf559ab347e5931edbca6fa37e18d0a7284b4c6bff4aa17b46006
streptococcus_oralis,GCF_002386345.1,plasmidfinder,True,0,True,nucl,488.0,2026-Apr-3,1.4.0 (environment manifest),80.0,70.0,,,47d770a37c6bc4e5e4f8c30214e6b716d5990c0f9f0cce597b4079076eb4d0d9,84ed479911bf65494f577ba94f1937f09a497cd1f88a35faa39c9d8dca993833
streptococcus_oralis,GCF_007475365.1,amrfinder,True,0,True,,,2026-05-15.1,4.2.7,,,,,fdfec5f7924367729493b9a91622ca6a85a08f1c8cb1f3e5a6f54a3aa8bd9078,37d4c40e82f5e26c24dfd493a505367a3aad71e3fd43fc716c60cb4baf3df02b
streptococcus_oralis,GCF_007475365.1,vfdb,True,8,True,nucl,4592.0,2026-Apr-3,1.4.0 (environment manifest),80.0,70.0,81.06,92.52,ea723b9e65f1383366e492bee32f56decd5d07a471b468e3c719a7fac75e6927,733498d343338289fc7f0606e52d9a3acad66442a8a628408cae34194db53aea
streptococcus_oralis,GCF_007475365.1,card,True,4,True,nucl,6052.0,2026-Apr-3,1.4.0 (environment manifest),80.0,70.0,80.31,99.29,6330fb4fe50cd529a38ca83909ad3178dede0672e4a9d5c8cd1f89b7ca2da2cb,09e8b569db48cbbd97e3d9f6c81871ede2030984153b3e192cbd1ed9534af26c
streptococcus_oralis,GCF_007475365.1,resfinder,True,0,True,nucl,3206.0,2026-Apr-3,1.4.0 (environment manifest),80.0,70.0,,,47d770a37c6bc4e5e4f8c30214e6b716d5990c0f9f0cce597b4079076eb4d0d9,c751bcbe8be54fa57a1ea466a4a1c5fb53bb79258e572ab650daede6edf25c99
streptococcus_oralis,GCF_007475365.1,bacmet2,True,4,True,prot,746.0,2026-Apr-3,1.4.0 (environment manifest),80.0,70.0,84.21,99.78,179ee014ee94966df27e763f7dcfbe0151b8f6ca2ad4cc9711805e73ac5be496,a419ec6aedde07afe02716a0ba4a1946c9bc4a7074412fef44f55c30dd99e83e
streptococcus_oralis,GCF_007475365.1,victors,True,141,True,nucl,4545.0,2026-Apr-3,1.4.0 (environment manifest),80.0,70.0,80.11,77.62,808717fe895fe2209be8a5f769d5f4b6f75a262e48daab20e094cb267c5af550,97bfc5095dd01084c3b8a82f5415db078d85363bd78a927301f63a118ee82813
streptococcus_oralis,GCF_007475365.1,plasmidfinder,True,0,True,nucl,488.0,2026-Apr-3,1.4.0 (environment manifest),80.0,70.0,,,47d770a37c6bc4e5e4f8c30214e6b716d5990c0f9f0cce597b4079076eb4d0d9,e7bb6b8990cd32bd7856da89419cd1bd6ef070a132ff1381e5fe64063f98fedc
streptococcus_oralis,GCF_016028175.1,amrfinder,True,3,True,,,2026-05-15.1,4.2.7,,,,,9d28a5633d5a724af88503bb9962f1dc8fd6f8be521866c46737785507297142,c2a997d787e622c3eeda5cb0b709ea913e3eefd40da36c833c7a356242d5d781
streptococcus_oralis,GCF_016028175.1,vfdb,True,4,True,nucl,4592.0,2026-Apr-3,1.4.0 (environment manifest),80.0,70.0,88.14,99.68,bceefeb00855d9000920550bde044d8d457339d08251ecbc961875332674c37a,825724dec55aea3f585ed08310a2ef580f050c11477c4e43e9bf6712dfe816f9
streptococcus_oralis,GCF_016028175.1,card,True,5,True,nucl,6052.0,2026-Apr-3,1.4.0 (environment manifest),80.0,70.0,80.13,99.25,4467ea2de7369028d8e14bea04e8987f46d019f5be722bc981b3af4bd198240f,0680edea9463f85589a2a01122a3333beb0104ba4aa38da550e527915b91335a
streptococcus_oralis,GCF_016028175.1,resfinder,True,2,True,nucl,3206.0,2026-Apr-3,1.4.0 (environment manifest),80.0,70.0,100.0,100.0,fdf4621a9f233010d444b2a11732c0e08e5ddec915c02dc8cae70c06aae06263,1c5862d612e20f5d92a7087175c57ce21dd727f03d3fdbc543841f7b7a734e86
streptococcus_oralis,GCF_016028175.1,bacmet2,True,4,True,prot,746.0,2026-Apr-3,1.4.0 (environment manifest),80.0,70.0,82.29,98.45,f67a22170948784859fc154778df50ef5eaa6564b39c6edc4a31e720d4f658b4,a415688086e36a53648dd2f41cec147c104e9ef80e846599c4c1bcbfee14ce8e
streptococcus_oralis,GCF_016028175.1,victors,True,148,True,nucl,4545.0,2026-Apr-3,1.4.0 (environment manifest),80.0,70.0,80.11,77.62,cb8454525ed39c8984057cff71d8d5831a091a8c17928b12fa14fc7f9fcbc5a8,c5b85a3f9e60798eee2b160dc451c1352dd6f48e66bf1b9969c36020deb9dd8a
streptococcus_oralis,GCF_016028175.1,plasmidfinder,True,0,True,nucl,488.0,2026-Apr-3,1.4.0 (environment manifest),80.0,70.0,,,47d770a37c6bc4e5e4f8c30214e6b716d5990c0f9f0cce597b4079076eb4d0d9,8cc28b8f4650dce67693648abbe3324be3514dd2ea3cfb379b27119026a5aa3c
streptococcus_oralis,GCF_016028255.1,amrfinder,True,0,True,,,2026-05-15.1,4.2.7,,,,,fdfec5f7924367729493b9a91622ca6a85a08f1c8cb1f3e5a6f54a3aa8bd9078,d7a0d7fff29e310336f26560940343fbf24d7cff46fdce0f5891939c3129c591
streptococcus_oralis,GCF_016028255.1,vfdb,True,4,True,nucl,4592.0,2026-Apr-3,1.4.0 (environment manifest),80.0,70.0,88.23,99.57,11428106e89762be1b0237c956a662cbbb722b85bcc55b945080ceee6ece0938,39529cd3618fdb2efef1ba6ad52924ece71cd5fc5d2b98dec62a4ce0a7326ce2
streptococcus_oralis,GCF_016028255.1,card,True,4,True,nucl,6052.0,2026-Apr-3,1.4.0 (environment manifest),80.0,70.0,80.15,99.67,29d761ffbc7b4fe5192d0a92c5115c2cc43a7244174325ae542bb00323212204,75ff117d67cf70d9b48af96e0a5f52c67714f46232c6559031eff532c1cd2e33
streptococcus_oralis,GCF_016028255.1,resfinder,True,0,True,nucl,3206.0,2026-Apr-3,1.4.0 (environment manifest),80.0,70.0,,,47d770a37c6bc4e5e4f8c30214e6b716d5990c0f9f0cce597b4079076eb4d0d9,dd37b43f39e355e8e1cade9e4c4bebbcc72dccf51d68543efb925b4164c27aa2
streptococcus_oralis,GCF_016028255.1,bacmet2,True,4,True,prot,746.0,2026-Apr-3,1.4.0 (environment manifest),80.0,70.0,83.41,98.45,5e258651b2a7f822677c235dccd6a3c7fee228d6c317680fc2bf11df9d5d77a7,18ed8e0362549df3c7145f23f96a435c3a63bd4194fa332c733c75724cfd4b28
streptococcus_oralis,GCF_016028255.1,victors,True,150,True,nucl,4545.0,2026-Apr-3,1.4.0 (environment manifest),80.0,70.0,80.03,77.62,9b24c723de9331d131201095785b1535433b69bf39a9c8f6c9f9f11508307901,bdc94712deb34b2974446adae7486442ee200ad07fb6f81499d1c4f0f42d0443
streptococcus_oralis,GCF_016028255.1,plasmidfinder,True,0,True,nucl,488.0,2026-Apr-3,1.4.0 (environment manifest),80.0,70.0,,,47d770a37c6bc4e5e4f8c30214e6b716d5990c0f9f0cce597b4079076eb4d0d9,df891f30c2f9b6fbdf950d9e02e29a03e26d8ca7993dfe23ad07b1e7eb8fe5af
streptococcus_sanguinis,GCF_013343115.1,amrfinder,True,0,True,,,2026-05-15.1,4.2.7,,,,,fdfec5f7924367729493b9a91622ca6a85a08f1c8cb1f3e5a6f54a3aa8bd9078,3598157052a8cec7c8a464fd1b7a7380b8357e7379fa842297e825dad05d3b83
streptococcus_sanguinis,GCF_013343115.1,vfdb,True,1,True,nucl,4592.0,2026-Apr-3,1.4.0 (environment manifest),80.0,70.0,80.41,90.0,911ad3a50e97249ff2789322d2544474fd558857aec12e20ef875b30583a900b,3b685f83ddef48464e8986fed211b04ea96e98f540ff1520c7564182ae4b07d9
streptococcus_sanguinis,GCF_013343115.1,card,True,0,True,nucl,6052.0,2026-Apr-3,1.4.0 (environment manifest),80.0,70.0,,,47d770a37c6bc4e5e4f8c30214e6b716d5990c0f9f0cce597b4079076eb4d0d9,f53545fffa94a1998c650cca40158c69e36ff8df8e30c51a276bb9eb8d62c06c
streptococcus_sanguinis,GCF_013343115.1,resfinder,True,0,True,nucl,3206.0,2026-Apr-3,1.4.0 (environment manifest),80.0,70.0,,,47d770a37c6bc4e5e4f8c30214e6b716d5990c0f9f0cce597b4079076eb4d0d9,6b819cf1e1e1645bc68a68399e5945355637f253e4fd695121a13ac98375dd55
streptococcus_sanguinis,GCF_013343115.1,bacmet2,True,3,True,prot,746.0,2026-Apr-3,1.4.0 (environment manifest),80.0,70.0,88.89,100.0,db75cc7fc1f83f13363ba5659d3e1eff185a9ea316ce8e8e9f1bc3037f39f0db,ac6c4fee19371dd2a97d71bb2856fdc18f9d5a49badfb3fcaa76144ca646b88b
streptococcus_sanguinis,GCF_013343115.1,victors,True,19,True,nucl,4545.0,2026-Apr-3,1.4.0 (environment manifest),80.0,70.0,80.14,84.88,67406c011f898e25c48f63037b4fec0409a0f181468605a62f4a20546085c1be,54eddf12c4de36760da087dcf850d390616e4c152d2351b4ad74961d307ecf33
streptococcus_sanguinis,GCF_013343115.1,plasmidfinder,True,0,True,nucl,488.0,2026-Apr-3,1.4.0 (environment manifest),80.0,70.0,,,47d770a37c6bc4e5e4f8c30214e6b716d5990c0f9f0cce597b4079076eb4d0d9,a4cd6acfb3cd81b17d746238dc7aeb9753f741e9316acaff35cdb0074127915d
streptococcus_sanguinis,GCF_013378355.1,amrfinder,True,0,True,,,2026-05-15.1,4.2.7,,,,,fdfec5f7924367729493b9a91622ca6a85a08f1c8cb1f3e5a6f54a3aa8bd9078,3365ef72fa94eccba82a8459c92b5b7439769ba5157b1e3dde4140699e4de288
streptococcus_sanguinis,GCF_013378355.1,vfdb,True,0,True,nucl,4592.0,2026-Apr-3,1.4.0 (environment manifest),80.0,70.0,,,47d770a37c6bc4e5e4f8c30214e6b716d5990c0f9f0cce597b4079076eb4d0d9,eb27e8f48bc78e0bd3afb9acd89ae4b0a5f619fa4999da91f8cdd7a460b0deb8
streptococcus_sanguinis,GCF_013378355.1,card,True,0,True,nucl,6052.0,2026-Apr-3,1.4.0 (environment manifest),80.0,70.0,,,47d770a37c6bc4e5e4f8c30214e6b716d5990c0f9f0cce597b4079076eb4d0d9,f641623ce14edc971e3353e14bcc5e78a1b791687da4ab51002577acc98f9faa
streptococcus_sanguinis,GCF_013378355.1,resfinder,True,0,True,nucl,3206.0,2026-Apr-3,1.4.0 (environment manifest),80.0,70.0,,,47d770a37c6bc4e5e4f8c30214e6b716d5990c0f9f0cce597b4079076eb4d0d9,2f5c34700a612bfa51c098317822f3d922edc08a86189fe1bc5e5754b8f412ff
streptococcus_sanguinis,GCF_013378355.1,bacmet2,True,1,True,prot,746.0,2026-Apr-3,1.4.0 (environment manifest),80.0,70.0,88.89,100.0,5565ad2de395ac80fb9d42517609d0f840a4367fa3f42ddfa8d4a8e45071f4b8,14b097106668ee2abc02e523cfc2cafca1ee8870ac58284e920c7b846fa2c33d
streptococcus_sanguinis,GCF_013378355.1,victors,True,13,True,nucl,4545.0,2026-Apr-3,1.4.0 (environment manifest),80.0,70.0,80.03,93.75,dba2b2c3b6b8f44fcb44dcc76130120c5b02194ee41fe0e111b40db4ed670ae0,5ae7deeaf71b8857728d2cccd69d5a5fc026d7d1cea5cd7463772fdf0eaa37da
streptococcus_sanguinis,GCF_013378355.1,plasmidfinder,True,0,True,nucl,488.0,2026-Apr-3,1.4.0 (environment manifest),80.0,70.0,,,47d770a37c6bc4e5e4f8c30214e6b716d5990c0f9f0cce597b4079076eb4d0d9,a993b3884f264a1045ade1843d9836afab8bc75f7823df7f4d18ba7cf2850608
streptococcus_sanguinis,GCF_050220005.1,amrfinder,True,0,True,,,2026-05-15.1,4.2.7,,,,,fdfec5f7924367729493b9a91622ca6a85a08f1c8cb1f3e5a6f54a3aa8bd9078,8af6698a918e1180f5a1529b13e4c141fdb6b56ce1ba5c2c1dbc22128144b13a
streptococcus_sanguinis,GCF_050220005.1,vfdb,True,0,True,nucl,4592.0,2026-Apr-3,1.4.0 (environment manifest),80.0,70.0,,,47d770a37c6bc4e5e4f8c30214e6b716d5990c0f9f0cce597b4079076eb4d0d9,5a2f34cce06eb98f90641df713fa4994d269263c3bac9effb2fff609b766a20e
streptococcus_sanguinis,GCF_050220005.1,card,True,0,True,nucl,6052.0,2026-Apr-3,1.4.0 (environment manifest),80.0,70.0,,,47d770a37c6bc4e5e4f8c30214e6b716d5990c0f9f0cce597b4079076eb4d0d9,2f41992d7f35a3a39c16d7418a060ed6226855a356b9a21256b0ce44f90ee652
streptococcus_sanguinis,GCF_050220005.1,resfinder,True,0,True,nucl,3206.0,2026-Apr-3,1.4.0 (environment manifest),80.0,70.0,,,47d770a37c6bc4e5e4f8c30214e6b716d5990c0f9f0cce597b4079076eb4d0d9,52975820fa4f7bf40315adf38f585ed86572b06fd3fc3f0fa23f60fb9fe64025
streptococcus_sanguinis,GCF_050220005.1,bacmet2,True,2,True,prot,746.0,2026-Apr-3,1.4.0 (environment manifest),80.0,70.0,88.89,100.0,f8f00fdcd4e1027b8176fe92956a97f04cd17afa63d32d387eda43e0dcac4c70,a73974455a5100222ffd58a8f705f454ccf370f95c79cce6c672fa96c2fc7b51
streptococcus_sanguinis,GCF_050220005.1,victors,True,14,True,nucl,4545.0,2026-Apr-3,1.4.0 (environment manifest),80.0,70.0,80.0,93.75,e521a5388fb90b5773a28af08d8ff34ed341f11b0e4bb956dcc3812ae052d63f,9a877fae0bcbcea9ca346aa8e8714fff3ee0e90fb860efa2e3db1bfba5276dfa
streptococcus_sanguinis,GCF_050220005.1,plasmidfinder,True,0,True,nucl,488.0,2026-Apr-3,1.4.0 (environment manifest),80.0,70.0,,,47d770a37c6bc4e5e4f8c30214e6b716d5990c0f9f0cce597b4079076eb4d0d9,67558d21d9a2827021fbd487f8b6c45aedf1b423fad2e2337f3c714632a5b473
streptococcus_sanguinis,GCF_050220455.1,amrfinder,True,2,True,,,2026-05-15.1,4.2.7,,,,,6da85f78897a9cca2483341d6b41366566cddf46b22d1f657c776047ac61e304,83e0eff607a93932374fda12379f6dd69cefc875174d58c35b16de6f48a89bd0
streptococcus_sanguinis,GCF_050220455.1,vfdb,True,0,True,nucl,4592.0,2026-Apr-3,1.4.0 (environment manifest),80.0,70.0,,,47d770a37c6bc4e5e4f8c30214e6b716d5990c0f9f0cce597b4079076eb4d0d9,39b0fab04b46d1a12722513f1b840bbdd374dd7fea06654ee9faa5ab25cef023
streptococcus_sanguinis,GCF_050220455.1,card,True,1,True,nucl,6052.0,2026-Apr-3,1.4.0 (environment manifest),80.0,70.0,89.9,100.0,930e1b0b4a8974611bb65991c2a385a39de704be45391b85dddb9634a616bc48,bc1d85ffed623c28ecae8cd6a47ffa8bf49bb1f29a13bcd8df8505d5cb575228
streptococcus_sanguinis,GCF_050220455.1,resfinder,True,2,True,nucl,3206.0,2026-Apr-3,1.4.0 (environment manifest),80.0,70.0,100.0,100.0,358f2895ceee5538406d49d830f48b34c356d1a90cd1a55bbf5b185837e6b9a8,858a03afc6d4e77f42b6207f6ddcdd7b389e1008ac08d8106b665cabe64892c3
streptococcus_sanguinis,GCF_050220455.1,bacmet2,True,2,True,prot,746.0,2026-Apr-3,1.4.0 (environment manifest),80.0,70.0,88.89,100.0,41f1602d57ab3b5ae0aa15168ad71ec71c6c8081c521efce73909bf85e4c4f13,e25e77d64d77945317d752524decf390f69aef5671c64d137b49705d0edec86c
streptococcus_sanguinis,GCF_050220455.1,victors,True,14,True,nucl,4545.0,2026-Apr-3,1.4.0 (environment manifest),80.0,70.0,80.34,84.88,f818098e937b7206f6169ab459d2d146c247702b0a952a4f5015327250b82a5c,126a4a32570c4c76a86336e3f5f56edd5dfb7d5e343a436841a2288a13aab431
streptococcus_sanguinis,GCF_050220455.1,plasmidfinder,True,0,True,nucl,488.0,2026-Apr-3,1.4.0 (environment manifest),80.0,70.0,,,47d770a37c6bc4e5e4f8c30214e6b716d5990c0f9f0cce597b4079076eb4d0d9,acab46a91e48f5950139a2ffb675614910bd6bbd56ca2321b8883c471b5ea02d
streptococcus_sanguinis,GCF_900475505.1,amrfinder,True,0,True,,,2026-05-15.1,4.2.7,,,,,fdfec5f7924367729493b9a91622ca6a85a08f1c8cb1f3e5a6f54a3aa8bd9078,04656497002b15abda629342b92053c984eca8ba3346a1d41b6fd73975945351
streptococcus_sanguinis,GCF_900475505.1,vfdb,True,0,True,nucl,4592.0,2026-Apr-3,1.4.0 (environment manifest),80.0,70.0,,,47d770a37c6bc4e5e4f8c30214e6b716d5990c0f9f0cce597b4079076eb4d0d9,72d1010b5b5df176e8a408103f27203c57cc3306b744a0721124ca570e6a9774
streptococcus_sanguinis,GCF_900475505.1,card,True,0,True,nucl,6052.0,2026-Apr-3,1.4.0 (environment manifest),80.0,70.0,,,47d770a37c6bc4e5e4f8c30214e6b716d5990c0f9f0cce597b4079076eb4d0d9,53440fe9d0a50d8add052c3e5cbfcbd39db4b2f69817940db31c1e4a310bd9de
streptococcus_sanguinis,GCF_900475505.1,resfinder,True,0,True,nucl,3206.0,2026-Apr-3,1.4.0 (environment manifest),80.0,70.0,,,47d770a37c6bc4e5e4f8c30214e6b716d5990c0f9f0cce597b4079076eb4d0d9,bc106c68df282fd711aea71ce4eb2156ac542ac4bc089f3da29ec1ccb99df9fa
streptococcus_sanguinis,GCF_900475505.1,bacmet2,True,3,True,prot,746.0,2026-Apr-3,1.4.0 (environment manifest),80.0,70.0,88.89,88.27,ccadee7e759f85061abcef30094c40409bfa5e7415b234606a216e42653e6193,a844c8992c6e062acee33912279774545e1f4d8cdf62f45cc78fbc6ae8f3b866
streptococcus_sanguinis,GCF_900475505.1,victors,True,14,True,nucl,4545.0,2026-Apr-3,1.4.0 (environment manifest),80.0,70.0,80.22,84.88,2215d452dce62c3c44fed3a0349bf36170c0f875d7542073886bfeacbe1f827d,0db7ba01fa9cff68529654556cf57b5a42c51d3f3fca76cd0d1bbf7a8461c282
streptococcus_sanguinis,GCF_900475505.1,plasmidfinder,True,0,True,nucl,488.0,2026-Apr-3,1.4.0 (environment manifest),80.0,70.0,,,47d770a37c6bc4e5e4f8c30214e6b716d5990c0f9f0cce597b4079076eb4d0d9,4319381f8f74e847b2bd5b1718e185784780aca160d81cb716a79eedc94fe66e
tannerella_forsythia,GCF_000238215.1,amrfinder,True,1,True,,,2026-05-15.1,4.2.7,,,,,cec77c584d884e13cca3f77f8c6707267fce573e4e0ad3b07160178093ad5b75,80f2b2586ade6bb0884269ef536674f89c28b7a27a70cc98d559b96cc859f9ed
tannerella_forsythia,GCF_000238215.1,vfdb,True,0,True,nucl,4592.0,2026-Apr-3,1.4.0 (environment manifest),80.0,70.0,,,47d770a37c6bc4e5e4f8c30214e6b716d5990c0f9f0cce597b4079076eb4d0d9,b3feb8ed2f2ec97f8a00bd9e8fa3abcf60b8b1a13ae0bd1f8959bed886ff0e76
tannerella_forsythia,GCF_000238215.1,card,True,1,True,nucl,6052.0,2026-Apr-3,1.4.0 (environment manifest),80.0,70.0,90.07,99.95,9e35fface190fa3b8384af1c342f43d5de70f1684b6ce2d5aa0f96b592175232,3e7c9b766e80dbfc620c467f032209a873c8b1d24917d22458f0fb1e55978d27
tannerella_forsythia,GCF_000238215.1,resfinder,True,1,True,nucl,3206.0,2026-Apr-3,1.4.0 (environment manifest),80.0,70.0,90.5,100.0,09d4d82abed39028396d4ae3dc9d47c4750b368e094006c47655fc069fa0e9dc,1051ccdf2ed0aeabe3c6ef338b4a8d67b580d14f6c392846a142a8068a799e18
tannerella_forsythia,GCF_000238215.1,bacmet2,True,0,True,prot,746.0,2026-Apr-3,1.4.0 (environment manifest),80.0,70.0,,,c3171d5bff8a4b6643017eab7e0cbbfa7cabcb011cbf515b327249f938f6c214,487129746262d3dec50879c36fa8bdc5633b31e215ff70e61252f9400303d7f2
tannerella_forsythia,GCF_000238215.1,victors,True,0,True,nucl,4545.0,2026-Apr-3,1.4.0 (environment manifest),80.0,70.0,,,47d770a37c6bc4e5e4f8c30214e6b716d5990c0f9f0cce597b4079076eb4d0d9,9fb047e6cd07b5cacf510475744de67a0dbd1544bcd2c7e99a80b6226d6c1b8a
tannerella_forsythia,GCF_000238215.1,plasmidfinder,True,0,True,nucl,488.0,2026-Apr-3,1.4.0 (environment manifest),80.0,70.0,,,47d770a37c6bc4e5e4f8c30214e6b716d5990c0f9f0cce597b4079076eb4d0d9,fd8589f063f36869949d53d7a86c625f4714689c4d701c3f09d9dc61ea805fa4
tannerella_forsythia,GCF_001547855.1,amrfinder,True,0,True,,,2026-05-15.1,4.2.7,,,,,fdfec5f7924367729493b9a91622ca6a85a08f1c8cb1f3e5a6f54a3aa8bd9078,a9eaca247f922933796d5e43409242c484ef1b1d71725185c88be176621b4b79
tannerella_forsythia,GCF_001547855.1,vfdb,True,0,True,nucl,4592.0,2026-Apr-3,1.4.0 (environment manifest),80.0,70.0,,,47d770a37c6bc4e5e4f8c30214e6b716d5990c0f9f0cce597b4079076eb4d0d9,20d24082099e5f6556c8ee87d009a3ff63e3ceceeae4b42c600a417e7873a44e
tannerella_forsythia,GCF_001547855.1,card,True,0,True,nucl,6052.0,2026-Apr-3,1.4.0 (environment manifest),80.0,70.0,,,47d770a37c6bc4e5e4f8c30214e6b716d5990c0f9f0cce597b4079076eb4d0d9,4dbe635fe2dc9faec0f0a9bd2170854343da9def756d865798b3e8b45b83e050
tannerella_forsythia,GCF_001547855.1,resfinder,True,0,True,nucl,3206.0,2026-Apr-3,1.4.0 (environment manifest),80.0,70.0,,,47d770a37c6bc4e5e4f8c30214e6b716d5990c0f9f0cce597b4079076eb4d0d9,f8a3d0e8f51e03c11503ccfe1342f3e45378f1d55430234a48aa8166dc8757ad
tannerella_forsythia,GCF_001547855.1,bacmet2,True,0,True,prot,746.0,2026-Apr-3,1.4.0 (environment manifest),80.0,70.0,,,dfe37834a487f7c0586c22119fbfdec75ebdb407f3b20142257697222967967e,b5e679d9b74a7911aedf8a3309a606553e1cdf10af9a86ad80daa880e8b6ca06
tannerella_forsythia,GCF_001547855.1,victors,True,0,True,nucl,4545.0,2026-Apr-3,1.4.0 (environment manifest),80.0,70.0,,,47d770a37c6bc4e5e4f8c30214e6b716d5990c0f9f0cce597b4079076eb4d0d9,6f6c12bd4cc6019e0b9c11ed97a4dc63cee11f18eea14d179ab3576730b82b8b
tannerella_forsythia,GCF_001547855.1,plasmidfinder,True,0,True,nucl,488.0,2026-Apr-3,1.4.0 (environment manifest),80.0,70.0,,,47d770a37c6bc4e5e4f8c30214e6b716d5990c0f9f0cce597b4079076eb4d0d9,cbf07ceafeaf61fff8fe45d998e4ceab9d2793b37e9895a4efaf73ed6db961b1
tannerella_forsythia,GCF_001547875.1,amrfinder,True,0,True,,,2026-05-15.1,4.2.7,,,,,fdfec5f7924367729493b9a91622ca6a85a08f1c8cb1f3e5a6f54a3aa8bd9078,57ab41f35e786aeaaa8e5dcfd4624f34c92569734f3998ce167b289e3c83f56e
tannerella_forsythia,GCF_001547875.1,vfdb,True,0,True,nucl,4592.0,2026-Apr-3,1.4.0 (environment manifest),80.0,70.0,,,47d770a37c6bc4e5e4f8c30214e6b716d5990c0f9f0cce597b4079076eb4d0d9,6c6a2bcdc8bc9eee0191abdccd550254de41b8bb7202a87448be2598ec3e1f88
tannerella_forsythia,GCF_001547875.1,card,True,0,True,nucl,6052.0,2026-Apr-3,1.4.0 (environment manifest),80.0,70.0,,,47d770a37c6bc4e5e4f8c30214e6b716d5990c0f9f0cce597b4079076eb4d0d9,aa04bf1273bf4ef9aa220a6ae15a5d18f14926f7327c5d895ea6f35d8c147595
tannerella_forsythia,GCF_001547875.1,resfinder,True,0,True,nucl,3206.0,2026-Apr-3,1.4.0 (environment manifest),80.0,70.0,,,47d770a37c6bc4e5e4f8c30214e6b716d5990c0f9f0cce597b4079076eb4d0d9,3789c81f3a22dac34f8c90211c31a075d83b1767cbbc9bde93933a5e6deaa3f4
tannerella_forsythia,GCF_001547875.1,bacmet2,True,0,True,prot,746.0,2026-Apr-3,1.4.0 (environment manifest),80.0,70.0,,,4451acda8a04e48adc9d9667875895dc24a1e8ab61de54b3e483d6b56ce00644,c4b8f00f495a3d1a3ab41d5c46b2502e3718ff0c69b8d0123f7f7a416c4d2ac1
tannerella_forsythia,GCF_001547875.1,victors,True,0,True,nucl,4545.0,2026-Apr-3,1.4.0 (environment manifest),80.0,70.0,,,47d770a37c6bc4e5e4f8c30214e6b716d5990c0f9f0cce597b4079076eb4d0d9,a4c4f831f9797e2d56677c3c1ff2078197707f87fb52d381417703d5831f92a9
tannerella_forsythia,GCF_001547875.1,plasmidfinder,True,0,True,nucl,488.0,2026-Apr-3,1.4.0 (environment manifest),80.0,70.0,,,47d770a37c6bc4e5e4f8c30214e6b716d5990c0f9f0cce597b4079076eb4d0d9,a4a710a08d6c7813d86fa856c8e3e6428ef7c4bd60d4b40282abd65da05e6866
treponema_denticola,GCF_024181405.1,amrfinder,True,0,True,,,2026-05-15.1,4.2.7,,,,,fdfec5f7924367729493b9a91622ca6a85a08f1c8cb1f3e5a6f54a3aa8bd9078,cca9fefe69c6f256657db476441eae77e6cbef3c406ddf6f518d567d42d9e8f4
treponema_denticola,GCF_024181405.1,vfdb,True,0,True,nucl,4592.0,2026-Apr-3,1.4.0 (environment manifest),80.0,70.0,,,47d770a37c6bc4e5e4f8c30214e6b716d5990c0f9f0cce597b4079076eb4d0d9,71d54f536723fcff469cec469bbe9e59060964b91da9c63af5cf512e0f57ddc3
treponema_denticola,GCF_024181405.1,card,True,0,True,nucl,6052.0,2026-Apr-3,1.4.0 (environment manifest),80.0,70.0,,,47d770a37c6bc4e5e4f8c30214e6b716d5990c0f9f0cce597b4079076eb4d0d9,3fc08d260589f917621071d2e510effb9a1b46a7e0e419e7f8133916182ff002
treponema_denticola,GCF_024181405.1,resfinder,True,0,True,nucl,3206.0,2026-Apr-3,1.4.0 (environment manifest),80.0,70.0,,,47d770a37c6bc4e5e4f8c30214e6b716d5990c0f9f0cce597b4079076eb4d0d9,665e4226022de260ffc4e7a172edff35f006b2f6a6c98196138489b727c92790
treponema_denticola,GCF_024181405.1,bacmet2,True,0,True,prot,746.0,2026-Apr-3,1.4.0 (environment manifest),80.0,70.0,,,ed7922ad953a359d1df4453b7a5bc4424584d0a063c730eedaddafc17fd4501e,d0c9b8cca4bd21252bc55bd4486509f4f7d1a4cd1b645abafe40faee1db9f039
treponema_denticola,GCF_024181405.1,victors,True,0,True,nucl,4545.0,2026-Apr-3,1.4.0 (environment manifest),80.0,70.0,,,47d770a37c6bc4e5e4f8c30214e6b716d5990c0f9f0cce597b4079076eb4d0d9,cd67f54d7a30f5202fa428200e27a981488a486d6501ce3b53c7f74dee1ca867
treponema_denticola,GCF_024181405.1,plasmidfinder,True,0,True,nucl,488.0,2026-Apr-3,1.4.0 (environment manifest),80.0,70.0,,,47d770a37c6bc4e5e4f8c30214e6b716d5990c0f9f0cce597b4079076eb4d0d9,700ab319a5d82a4f6d42da65f1710b8ac6b9dcb95b0ad1d90aefd5cada415d84
treponema_denticola,GCF_024181425.1,amrfinder,True,0,True,,,2026-05-15.1,4.2.7,,,,,fdfec5f7924367729493b9a91622ca6a85a08f1c8cb1f3e5a6f54a3aa8bd9078,232c4e3b1fccc311bd76b9d33df8fd8d548d06288546b7ef9bdf613b2c03a67c
treponema_denticola,GCF_024181425.1,vfdb,True,0,True,nucl,4592.0,2026-Apr-3,1.4.0 (environment manifest),80.0,70.0,,,47d770a37c6bc4e5e4f8c30214e6b716d5990c0f9f0cce597b4079076eb4d0d9,ea4b23de1a29bc9e83ae1d80ec2ade7e302b89daf5523ce66759dd50ef695e98
treponema_denticola,GCF_024181425.1,card,True,0,True,nucl,6052.0,2026-Apr-3,1.4.0 (environment manifest),80.0,70.0,,,47d770a37c6bc4e5e4f8c30214e6b716d5990c0f9f0cce597b4079076eb4d0d9,e629ebdf1fc1d4d65bc233f6ec7e6c1a5897f99deda37eb82cf1ca2ce6f76332
treponema_denticola,GCF_024181425.1,resfinder,True,0,True,nucl,3206.0,2026-Apr-3,1.4.0 (environment manifest),80.0,70.0,,,47d770a37c6bc4e5e4f8c30214e6b716d5990c0f9f0cce597b4079076eb4d0d9,6c1a1f343706fe927cf69be1e96466de23cc23645d13191da2c4dea1bb2e1dc5
treponema_denticola,GCF_024181425.1,bacmet2,True,0,True,prot,746.0,2026-Apr-3,1.4.0 (environment manifest),80.0,70.0,,,f8f05122cfc7530c49acec3d59002837c349030be9353dde63c5360d0065b2e8,b84a21b172752ee6ae795013f71a88ac48175a4164807894c383fc6d53fe6167
treponema_denticola,GCF_024181425.1,victors,True,0,True,nucl,4545.0,2026-Apr-3,1.4.0 (environment manifest),80.0,70.0,,,47d770a37c6bc4e5e4f8c30214e6b716d5990c0f9f0cce597b4079076eb4d0d9,b18b7c1eadc32290bff9177d8ed31d2a0b1c86fc470cd5f3e80841bbca8522af
treponema_denticola,GCF_024181425.1,plasmidfinder,True,0,True,nucl,488.0,2026-Apr-3,1.4.0 (environment manifest),80.0,70.0,,,47d770a37c6bc4e5e4f8c30214e6b716d5990c0f9f0cce597b4079076eb4d0d9,1f6c9d0d5ead6d8f915e7f62dde0b3553b1b61772a11e3a256bd4f04bf880a2e
treponema_denticola,GCF_024181445.1,amrfinder,True,0,True,,,2026-05-15.1,4.2.7,,,,,fdfec5f7924367729493b9a91622ca6a85a08f1c8cb1f3e5a6f54a3aa8bd9078,8ed20c0678a8aaea3d1a6b54c6c65a15fa3935a5b78faab3898dc3c1a6369f98
treponema_denticola,GCF_024181445.1,vfdb,True,0,True,nucl,4592.0,2026-Apr-3,1.4.0 (environment manifest),80.0,70.0,,,47d770a37c6bc4e5e4f8c30214e6b716d5990c0f9f0cce597b4079076eb4d0d9,7682bfcddf9eabca6f6ce2d23c084323c77cb611c6aff708d79e810f9a8d6449
treponema_denticola,GCF_024181445.1,card,True,0,True,nucl,6052.0,2026-Apr-3,1.4.0 (environment manifest),80.0,70.0,,,47d770a37c6bc4e5e4f8c30214e6b716d5990c0f9f0cce597b4079076eb4d0d9,77b77e255b82ddd2bf02cb3944ca531f99f22b01b199b3074fc50106dab060f0
treponema_denticola,GCF_024181445.1,resfinder,True,0,True,nucl,3206.0,2026-Apr-3,1.4.0 (environment manifest),80.0,70.0,,,47d770a37c6bc4e5e4f8c30214e6b716d5990c0f9f0cce597b4079076eb4d0d9,4d65822a8a5c8153b48f5a1e967d7f986d9f088f5f609659667dfdf91998c1d6
treponema_denticola,GCF_024181445.1,bacmet2,True,0,True,prot,746.0,2026-Apr-3,1.4.0 (environment manifest),80.0,70.0,,,d1352f59f37fbdd7f87cb9447d0854d52c47b087620dd991f86d1c20f7fd189f,89824f2e98555d1d6354d9102b1a3c3f6e309d2fc79520200df9dd4d711c31ab
treponema_denticola,GCF_024181445.1,victors,True,0,True,nucl,4545.0,2026-Apr-3,1.4.0 (environment manifest),80.0,70.0,,,47d770a37c6bc4e5e4f8c30214e6b716d5990c0f9f0cce597b4079076eb4d0d9,71df5bdfa5b158f59f38b9fc79d4719b4d1b8f42c69b43f0f48b3e9c6287d5cd
treponema_denticola,GCF_024181445.1,plasmidfinder,True,0,True,nucl,488.0,2026-Apr-3,1.4.0 (environment manifest),80.0,70.0,,,47d770a37c6bc4e5e4f8c30214e6b716d5990c0f9f0cce597b4079076eb4d0d9,4245820618ce6f683fc6966c11854e408e184e1e72600e4404d95d0e97964a37
treponema_denticola,GCF_024181465.1,amrfinder,True,0,True,,,2026-05-15.1,4.2.7,,,,,fdfec5f7924367729493b9a91622ca6a85a08f1c8cb1f3e5a6f54a3aa8bd9078,fa67d95075575b218a33e553cdd8d12afaa6399f1f5ac2ecba9ef1ea0420d948
treponema_denticola,GCF_024181465.1,vfdb,True,0,True,nucl,4592.0,2026-Apr-3,1.4.0 (environment manifest),80.0,70.0,,,47d770a37c6bc4e5e4f8c30214e6b716d5990c0f9f0cce597b4079076eb4d0d9,d275fedefb600646955cbf01d9ca6cd9e868bfdf222334f2863528ca64e0eb80
treponema_denticola,GCF_024181465.1,card,True,0,True,nucl,6052.0,2026-Apr-3,1.4.0 (environment manifest),80.0,70.0,,,47d770a37c6bc4e5e4f8c30214e6b716d5990c0f9f0cce597b4079076eb4d0d9,debbcb7b772af7f5d03e9942f320c21be164ecf709ed94c555b2fb43ebce03b0
treponema_denticola,GCF_024181465.1,resfinder,True,0,True,nucl,3206.0,2026-Apr-3,1.4.0 (environment manifest),80.0,70.0,,,47d770a37c6bc4e5e4f8c30214e6b716d5990c0f9f0cce597b4079076eb4d0d9,3b67cfe2b7cfaef606d93e751beef85b7972b15e00eca2cc95f141bda608912e
treponema_denticola,GCF_024181465.1,bacmet2,True,0,True,prot,746.0,2026-Apr-3,1.4.0 (environment manifest),80.0,70.0,,,8fc14a7642728d3cad558c7cf9c051ea7deb078b40e374dc0993c019d308ddf8,e1ad828ce3a07d35bf8e34d812fceb74ed6d8153fff38559b4c62dc0263cfebf
treponema_denticola,GCF_024181465.1,victors,True,0,True,nucl,4545.0,2026-Apr-3,1.4.0 (environment manifest),80.0,70.0,,,47d770a37c6bc4e5e4f8c30214e6b716d5990c0f9f0cce597b4079076eb4d0d9,bf2d55a04e57e91e1b9fadb66719c221dd6b1ee4a26174d8ffacd58e9e5e6035
treponema_denticola,GCF_024181465.1,plasmidfinder,True,0,True,nucl,488.0,2026-Apr-3,1.4.0 (environment manifest),80.0,70.0,,,47d770a37c6bc4e5e4f8c30214e6b716d5990c0f9f0cce597b4079076eb4d0d9,d1a04c71746e5c48c0894052989aee4195cb36963aec00593b72a33c4d735692
treponema_denticola,GCF_024181485.1,amrfinder,True,0,True,,,2026-05-15.1,4.2.7,,,,,fdfec5f7924367729493b9a91622ca6a85a08f1c8cb1f3e5a6f54a3aa8bd9078,c70dc984091a21873a46e537a33edc130afde321c9b393f6bb73a2433b5e19eb
treponema_denticola,GCF_024181485.1,vfdb,True,0,True,nucl,4592.0,2026-Apr-3,1.4.0 (environment manifest),80.0,70.0,,,47d770a37c6bc4e5e4f8c30214e6b716d5990c0f9f0cce597b4079076eb4d0d9,731240f33d25a972ac2d979f2aa6fe384468418e2dfe5c1ae7f43ba36eaa9442
treponema_denticola,GCF_024181485.1,card,True,0,True,nucl,6052.0,2026-Apr-3,1.4.0 (environment manifest),80.0,70.0,,,47d770a37c6bc4e5e4f8c30214e6b716d5990c0f9f0cce597b4079076eb4d0d9,ab88150f779f7729b6dcb27ab8a70f7f1154d00d4720780806fcd4c4b8379ee6
treponema_denticola,GCF_024181485.1,resfinder,True,0,True,nucl,3206.0,2026-Apr-3,1.4.0 (environment manifest),80.0,70.0,,,47d770a37c6bc4e5e4f8c30214e6b716d5990c0f9f0cce597b4079076eb4d0d9,a236c926b0b4296d9ba3e4b45bfdc43a36c9b76d140110f4c6d6a377b75b6fc7
treponema_denticola,GCF_024181485.1,bacmet2,True,0,True,prot,746.0,2026-Apr-3,1.4.0 (environment manifest),80.0,70.0,,,364ba1568a482a8f62bad27ecf70e0f1cd29c4d9ff9e55f55b0b3c3968140338,3a1ce35c6590b98d9ca6b5398660a7f035fcb0c3b3590f2ea0ba109aba484212
treponema_denticola,GCF_024181485.1,victors,True,0,True,nucl,4545.0,2026-Apr-3,1.4.0 (environment manifest),80.0,70.0,,,47d770a37c6bc4e5e4f8c30214e6b716d5990c0f9f0cce597b4079076eb4d0d9,e0095eab51227813f8168e976b1786539d4aa0ca3250c0ce75594f75c3512f6b
treponema_denticola,GCF_024181485.1,plasmidfinder,True,0,True,nucl,488.0,2026-Apr-3,1.4.0 (environment manifest),80.0,70.0,,,47d770a37c6bc4e5e4f8c30214e6b716d5990c0f9f0cce597b4079076eb4d0d9,449ebd0d32b117cefcd54868883fb0d6ff7aa4da08860f01395e12bc0cbab9e9
veillonella_parvula,GCF_002005185.1,amrfinder,True,0,True,,,2026-05-15.1,4.2.7,,,,,fdfec5f7924367729493b9a91622ca6a85a08f1c8cb1f3e5a6f54a3aa8bd9078,0d98c3bddd72b7066955cbcfcb8943c0f4161ce162750af87a72ea9ced68984e
veillonella_parvula,GCF_002005185.1,vfdb,True,0,True,nucl,4592.0,2026-Apr-3,1.4.0 (environment manifest),80.0,70.0,,,47d770a37c6bc4e5e4f8c30214e6b716d5990c0f9f0cce597b4079076eb4d0d9,cb8768d2e7c7d3684e00134de255288c1c3230e0ff8b46f21ffb1f4691a43aad
veillonella_parvula,GCF_002005185.1,card,True,0,True,nucl,6052.0,2026-Apr-3,1.4.0 (environment manifest),80.0,70.0,,,47d770a37c6bc4e5e4f8c30214e6b716d5990c0f9f0cce597b4079076eb4d0d9,69814ef48326f728ab2902968218ee3672f9c4d398d21016ae72816151e4208e
veillonella_parvula,GCF_002005185.1,resfinder,True,0,True,nucl,3206.0,2026-Apr-3,1.4.0 (environment manifest),80.0,70.0,,,47d770a37c6bc4e5e4f8c30214e6b716d5990c0f9f0cce597b4079076eb4d0d9,27d4cce5ae714f9e386049c03f0e21c0147fdda3682eb4f004275efd9ea60a30
veillonella_parvula,GCF_002005185.1,bacmet2,True,1,True,prot,746.0,2026-Apr-3,1.4.0 (environment manifest),80.0,70.0,95.44,100.0,304836a7a40945d951a5c2f033a772a7cb7901ec9cc2d6c659faee3ba3422227,b4899c6c6465c41aa442b20331ed99fbffd66f5c54dbb5e2a5c0f91924106959
veillonella_parvula,GCF_002005185.1,victors,True,0,True,nucl,4545.0,2026-Apr-3,1.4.0 (environment manifest),80.0,70.0,,,47d770a37c6bc4e5e4f8c30214e6b716d5990c0f9f0cce597b4079076eb4d0d9,ee0a299f56bf9d959f0cd462781edccf2dcf98fb98a3bcc40e419b15f2dc9938
veillonella_parvula,GCF_002005185.1,plasmidfinder,True,0,True,nucl,488.0,2026-Apr-3,1.4.0 (environment manifest),80.0,70.0,,,47d770a37c6bc4e5e4f8c30214e6b716d5990c0f9f0cce597b4079076eb4d0d9,1cb56bd20b8f520e8a3e7055cf59a25fd87e39595ce7b060b093ee6c77a4b694
veillonella_parvula,GCF_016127175.1,amrfinder,True,0,True,,,2026-05-15.1,4.2.7,,,,,fdfec5f7924367729493b9a91622ca6a85a08f1c8cb1f3e5a6f54a3aa8bd9078,c586f18778e3ee2e5e014859263852686ca1c918b74b7b4d071d52d31de24ec6
veillonella_parvula,GCF_016127175.1,vfdb,True,0,True,nucl,4592.0,2026-Apr-3,1.4.0 (environment manifest),80.0,70.0,,,47d770a37c6bc4e5e4f8c30214e6b716d5990c0f9f0cce597b4079076eb4d0d9,4a9369d72b6d2040e64b6c6c95568b7f9a748a62c90a2f3e3a2827573a7f2f02
veillonella_parvula,GCF_016127175.1,card,True,0,True,nucl,6052.0,2026-Apr-3,1.4.0 (environment manifest),80.0,70.0,,,47d770a37c6bc4e5e4f8c30214e6b716d5990c0f9f0cce597b4079076eb4d0d9,baf02bc1199cc6039ab66775aeef264d55050ae4a3fc19d82d92e4f260878849
veillonella_parvula,GCF_016127175.1,resfinder,True,0,True,nucl,3206.0,2026-Apr-3,1.4.0 (environment manifest),80.0,70.0,,,47d770a37c6bc4e5e4f8c30214e6b716d5990c0f9f0cce597b4079076eb4d0d9,da094b550630fc42106013c16093b1138018d758a907b196fde40f1d4288d143
veillonella_parvula,GCF_016127175.1,bacmet2,True,1,True,prot,746.0,2026-Apr-3,1.4.0 (environment manifest),80.0,70.0,95.14,100.0,4d747b1e39d5b85dd9984e5702b3dc5c69b427e5f7285dda5d5c23715b714b5f,5e18cc83568f28b43e3052c3936c10f4231458f220521fd95e9b74481e17ea0b
veillonella_parvula,GCF_016127175.1,victors,True,0,True,nucl,4545.0,2026-Apr-3,1.4.0 (environment manifest),80.0,70.0,,,47d770a37c6bc4e5e4f8c30214e6b716d5990c0f9f0cce597b4079076eb4d0d9,fb4baa5bc2375fc3262c6fb514a88aaf0ddaf4b256a77f34f884ff8729075eaa
veillonella_parvula,GCF_016127175.1,plasmidfinder,True,0,True,nucl,488.0,2026-Apr-3,1.4.0 (environment manifest),80.0,70.0,,,47d770a37c6bc4e5e4f8c30214e6b716d5990c0f9f0cce597b4079076eb4d0d9,e208c537402faf5c0cc54c777dab11d98c422702c5c2e2096393b9f3b1956509
veillonella_parvula,GCF_031190775.1,amrfinder,True,0,True,,,2026-05-15.1,4.2.7,,,,,fdfec5f7924367729493b9a91622ca6a85a08f1c8cb1f3e5a6f54a3aa8bd9078,3f731f3e704c4547840f157b4c56d0e14d91d7fbf10bf0782638c48be6c7ad30
veillonella_parvula,GCF_031190775.1,vfdb,True,0,True,nucl,4592.0,2026-Apr-3,1.4.0 (environment manifest),80.0,70.0,,,47d770a37c6bc4e5e4f8c30214e6b716d5990c0f9f0cce597b4079076eb4d0d9,c2a515b09ae32e1643d648c95e045d2def53f9abfea8e03641edb5e7c7762401
veillonella_parvula,GCF_031190775.1,card,True,0,True,nucl,6052.0,2026-Apr-3,1.4.0 (environment manifest),80.0,70.0,,,47d770a37c6bc4e5e4f8c30214e6b716d5990c0f9f0cce597b4079076eb4d0d9,36377a112363154930a8c0a5930efcfd1ac3d083216dd4916ae6c9c40a209a5a
veillonella_parvula,GCF_031190775.1,resfinder,True,0,True,nucl,3206.0,2026-Apr-3,1.4.0 (environment manifest),80.0,70.0,,,47d770a37c6bc4e5e4f8c30214e6b716d5990c0f9f0cce597b4079076eb4d0d9,b7a9f0217453d899d4f3d90ebe940bd294fe0fbd759a9d104500536087464a3f
veillonella_parvula,GCF_031190775.1,bacmet2,True,1,True,prot,746.0,2026-Apr-3,1.4.0 (environment manifest),80.0,70.0,96.05,100.0,7154e368d4f7dc2cd9d7e0af4a4c515cdd7dedb05218a642b59e447753677215,b4142c664c18243664153fdb490c5fc5eb5cff4911d2e2d26ef1bc831e612363
veillonella_parvula,GCF_031190775.1,victors,True,0,True,nucl,4545.0,2026-Apr-3,1.4.0 (environment manifest),80.0,70.0,,,47d770a37c6bc4e5e4f8c30214e6b716d5990c0f9f0cce597b4079076eb4d0d9,afab01e4d19037b31a4fbe73b12b5ed5d2900860627385b659ccdb2554a44571
veillonella_parvula,GCF_031190775.1,plasmidfinder,True,0,True,nucl,488.0,2026-Apr-3,1.4.0 (environment manifest),80.0,70.0,,,47d770a37c6bc4e5e4f8c30214e6b716d5990c0f9f0cce597b4079076eb4d0d9,46043e6fbcee7cd0a51c96e9001d8f3eb7af1d440f125926a3c6ddd94e97dcee
veillonella_parvula,GCF_036456085.1,amrfinder,True,1,True,,,2026-05-15.1,4.2.7,,,,,c181bb01ec9c8fa2cab833d19ef085254a7161fc2eaf9913748edae797c08b9f,fb5a7739ca562e0c56150572b61ac0b25acbe71c7211e6ab147cd0ed57b6b5c6
veillonella_parvula,GCF_036456085.1,vfdb,True,0,True,nucl,4592.0,2026-Apr-3,1.4.0 (environment manifest),80.0,70.0,,,47d770a37c6bc4e5e4f8c30214e6b716d5990c0f9f0cce597b4079076eb4d0d9,d075f200ef5c7a604af9f66429d4818f56e19c12002b4b486cf7f6897cbc03e5
veillonella_parvula,GCF_036456085.1,card,True,1,True,nucl,6052.0,2026-Apr-3,1.4.0 (environment manifest),80.0,70.0,95.42,100.0,9152c61ac1648a393a808520938b269f6af7bda12388b9ec997eb62443addd53,8583e9bc1139735ae11d64cd23b9b68bbd364ea459ee1db85070b1b44f2ad528
veillonella_parvula,GCF_036456085.1,resfinder,True,1,True,nucl,3206.0,2026-Apr-3,1.4.0 (environment manifest),80.0,70.0,99.9,100.0,8a3379c5d4805deb792a71bd1135bef5586181a529736c38e44f312c67c9db3c,15ad77589a264223f4bdc8089803d6c784838b455c8eeb8f012df63e87834c34
veillonella_parvula,GCF_036456085.1,bacmet2,True,1,True,prot,746.0,2026-Apr-3,1.4.0 (environment manifest),80.0,70.0,95.44,100.0,baa5a4791e475477ee15130bcafa97b01e4a3345fcf9b72de685b1437b08a899,c37b0f89e48fe4429feba9e6111785d943e2952c1bd605f849ffd1b94a324d6c
veillonella_parvula,GCF_036456085.1,victors,True,0,True,nucl,4545.0,2026-Apr-3,1.4.0 (environment manifest),80.0,70.0,,,47d770a37c6bc4e5e4f8c30214e6b716d5990c0f9f0cce597b4079076eb4d0d9,4ff340d460ac1c1d54766a28787d5891413f187279cdfe8ee038c7ae8017b14f
veillonella_parvula,GCF_036456085.1,plasmidfinder,True,1,True,nucl,488.0,2026-Apr-3,1.4.0 (environment manifest),80.0,70.0,100.0,100.0,c1a24e0505ff1e77a71fe09cbf21eb62153e36ecbb26e1df1c7085546f13b59f,84e8e61e9a38c3e38fc5c92ed70cf157f664a4a741c27ecf88bef8c31bddadfb
veillonella_parvula,GCF_900186885.1,amrfinder,True,0,True,,,2026-05-15.1,4.2.7,,,,,fdfec5f7924367729493b9a91622ca6a85a08f1c8cb1f3e5a6f54a3aa8bd9078,49dcccc2370edc05788201bc9d4193aeeafbd2ae2ccaf175c469f1e468d3ff39
veillonella_parvula,GCF_900186885.1,vfdb,True,0,True,nucl,4592.0,2026-Apr-3,1.4.0 (environment manifest),80.0,70.0,,,47d770a37c6bc4e5e4f8c30214e6b716d5990c0f9f0cce597b4079076eb4d0d9,065b7c3868b1e784193b5b483c580bbf345f41741fbaeb8acf1e9ab0537bd931
veillonella_parvula,GCF_900186885.1,card,True,0,True,nucl,6052.0,2026-Apr-3,1.4.0 (environment manifest),80.0,70.0,,,47d770a37c6bc4e5e4f8c30214e6b716d5990c0f9f0cce597b4079076eb4d0d9,09605bf82426f80b97eb98285d7ef1caac4998d6f2389ed42c0fb52bf9eedbe0
veillonella_parvula,GCF_900186885.1,resfinder,True,0,True,nucl,3206.0,2026-Apr-3,1.4.0 (environment manifest),80.0,70.0,,,47d770a37c6bc4e5e4f8c30214e6b716d5990c0f9f0cce597b4079076eb4d0d9,3464d008618d9b33e1a068e35d6c89aea22481d1692574f1d63555c0ae82779c
veillonella_parvula,GCF_900186885.1,bacmet2,True,1,True,prot,746.0,2026-Apr-3,1.4.0 (environment manifest),80.0,70.0,95.14,100.0,c9260e742bee846027f1913e70f4a9b2aa52867c14722af6eddbcdf51f69a3b3,f6dbcda65a6c2ab426acdb1668f7380bffed795ac846c3549ca6aa44e2b8e056
veillonella_parvula,GCF_900186885.1,victors,True,0,True,nucl,4545.0,2026-Apr-3,1.4.0 (environment manifest),80.0,70.0,,,47d770a37c6bc4e5e4f8c30214e6b716d5990c0f9f0cce597b4079076eb4d0d9,294173d5f5f06d55d9423805bfaa9b57ec1a083adc8e20987b875c8667f8e903
veillonella_parvula,GCF_900186885.1,plasmidfinder,True,0,True,nucl,488.0,2026-Apr-3,1.4.0 (environment manifest),80.0,70.0,,,47d770a37c6bc4e5e4f8c30214e6b716d5990c0f9f0cce597b4079076eb4d0d9,d4894dd25bf68f8ddd3a22b4323740f4551f28745f4d05d228a2e5a6f22c483e
