database	species_folder	accession	source_file	data/unzipped_genomes/corynebacterium_striatum/ncbi_dataset/data/GCF_002156805.1/GCF_002156805.1_ASM215680v1_genomic.fna	NZ_CP021252.1	2086415	2087956	-	Corynebacterium_striatum_tetA	1-1542/1542	===============	0/0	100.00	99.87	card	NC_004939.1:4565-6107	The tetAB genes of the Corynebacterium striatum R-plasmid encode an ABC transporter and confer tetracycline oxytetracycline and oxalic resistance.	penicillin_beta-lactam;tetracycline	data/unzipped_genomes/corynebacterium_striatum/ncbi_dataset/data/GCF_002803965.1/GCF_002803965.1_ASM280396v1_genomic.fna	NZ_CP024931.1	1962974	1964424	+	tet(W)	470-1920/1920	...============	75.57	97.66	AJ222769.3:3686-5606	Tet(W) is a ribosomal protection protein. It is associated with both conjugative and non conjugative DNA and has been found strains of Clostridioides difficile.	tetracycline	data/unzipped_genomes/corynebacterium_striatum/ncbi_dataset/data/GCF_002804085.1/GCF_002804085.1_ASM280408v1_genomic.fna	NZ_CP024932.1	2380204	2381058	ErmX	1-855/855	========/======	2/2	99.88	99.18	M36726.1:295-1150	ErmX is a rRNA methyltransferase that protects the ribosome from inactivation due to antibiotic binding.	lincosamide;macrolide;streptogramin;streptogramin_A;streptogramin_B	data/unzipped_genomes/enterococcus_faecalis/ncbi_dataset/data/GCF_001598635.1/GCF_001598635.1_ASM159863v1_genomic.fna	NZ_CP014949.1	41983	43137	emeA	1-1182/1182	1/27	97.72	97.12	AB091338.1:173-1355	A multidrug efflux pump from Enterococcus faecalis. There exist efflux activity of several antimicrobial agents such as DAPI Hoechst 33342 and acriflavine. Efflux of DAPI via EmeA was strongly inhibited by reserpine.	disinfecting_agents_and_antiseptics	data/unzipped_genomes/enterococcus_faecalis/ncbi_dataset/data/GCF_001689055.2/GCF_001689055.2_ASM168905v2_genomic.fna	NZ_CP015410.2	195912	198068	IreK	1-2157/2157	98.42	CP124778.1:2492204-2494361	E. faecalis IreK maintains cell wall integrity possibly by regulating peptidoglycan biosynthesis and metabolism. Antibiotic-induced cell wall stress leads to activation of IreK-mediated phosphorylation signaling pathways to mitigate and repair the damage. Absence of IreK leads to cell envelope defects and increased susceptibility to a variety of cephalosporins including ceftriaxone. Increased IreK phosphorylation in response to ceftriaxone treatment has been shown to correlate with antimicrobial resistance.	cephalosporin	data/unzipped_genomes/enterococcus_faecalis/ncbi_dataset/data/GCF_001989555.1/GCF_001989555.1_ASM198955v1_genomic.fna	NZ_CP019512.1	1063016	1064170	97.63	data/unzipped_genomes/enterococcus_faecalis/ncbi_dataset/data/GCF_002163735.1/GCF_002163735.1_ASM216373v1_genomic.fna	NZ_CP015883.1	1008928	1010082	96.87	data/unzipped_genomes/enterococcus_faecalis/ncbi_dataset/data/GCF_002208945.1/GCF_002208945.1_ASM220894v2_genomic.fna	NZ_CP022059.1	736880	738799	tet(M)	1-1920/1920	98.54	AB039845.1:25-1945	Tet(M) is a ribosomal protection protein that confers tetracycline resistance. It is found on transposable DNA elements and its horizontal transfer between bacterial species has been documented.	data/unzipped_genomes/fusobacterium_nucleatum/ncbi_dataset/data/GCF_028621975.1/GCF_028621975.1_ASM2862197v1_genomic.fna	NZ_CP117525.1	1966516	1967261	ErmB	1-747/747	1/1	99.60	AF242872.1:2131-2878	ErmB confers the MLSb phenotype. Similar to ErmC expression of ErmB is inducible by erythromycin. The leader peptide causes attenuation of the mRNA and stabilizes the structure preventing further translation. When erythromycin is present it binds the leader peptide causing a change in conformation allowing for the expression of ErmB.	data/unzipped_genomes/prevotella_intermedia/ncbi_dataset/data/GCF_002763535.1/GCF_002763535.1_ASM276353v1_genomic.fna	NZ_CP024696.1	16531	17496	CfxA2	1-966/966	100.00.1	AF118110.1:1037-71	CfxA2 beta-lactamase is a class A beta-lactamase found in Prevotella intermedia.	data/unzipped_genomes/prevotella_intermedia/ncbi_dataset/data/GCF_002763575.1/GCF_002763575.1_ASM276357v1_genomic.fna	NZ_CP024697.1	2516446	2517411	data/unzipped_genomes/staphylococcus_capitis/ncbi_dataset/data/GCF_002356175.1/GCF_002356175.1_ASM235617v1_genomic.fna	NZ_AP014956.1	40048	40809	ANT(4')-Ia	1-762/762	K02551.1:240-1002	ANT(4')-Ia is a plasmid-encoded aminoglycoside nucleotidyltransferase in S. epidermidis S. aureus Enterococcus spp. and Bacillus spp.	aminoglycoside	data/unzipped_genomes/staphylococcus_capitis/ncbi_dataset/data/GCF_002591175.1/GCF_002591175.1_ASM259117v1_genomic.fna	NZ_CP023966.1	1932263	1933392	norA	1-1130/1164	97.08	80.27	AY566250.1:391-1555	NorA is a multidrug efflux pump in Staphylococcus aureus that confers resistance to fluoroquinolones and other structurally unrelated antibiotics like acriflavine. It shares 30% similarity with NorA and is a structural homolog of Bmr of Bacillus subtilis. It is regulated by arlRS and mgrA the latter also known as NorR.	disinfecting_agents_and_antiseptics;fluoroquinolone	data/unzipped_genomes/staphylococcus_capitis/ncbi_dataset/data/GCF_015243435.1/GCF_015243435.1_ASM1524343v1_genomic.fna	NZ_CP042341.1	515021	516565	qacA	1-1545/1545	99.68	AB566411.1:0-1545	qacA is a subunit of the qac multidrug efflux pump.	fluoroquinolone	data/unzipped_genomes/staphylococcus_capitis/ncbi_dataset/data/GCF_020883475.1/GCF_020883475.1_ASM2088347v1_genomic.fna	NZ_CP086659.1	108336	109118	ANT(9)-Ia	1-783/783	X02588.1:330-1113	ANT(9)-Ia is an aminoglycoside nucleotidyltransferase encoded by plasmids and transposons in S. aureus Enterococcus spp. Mammaliicoccus sciuri and E. faecalis.	data/unzipped_genomes/staphylococcus_epidermidis/ncbi_dataset/data/GCF_000759555.1/GCF_000759555.1_ASM75955v1_genomic.fna	NZ_CP009046.1	82734	83219	dfrC	1-486/486	99.59	AE015929.1:1129419-1128933	dfrC is a chromosome-encoded dihydrofolate reductase found in Staphylococcus aureus.	diaminopyrimidine	data/unzipped_genomes/staphylococcus_epidermidis/ncbi_dataset/data/GCF_001956655.1/GCF_001956655.1_ASM195665v2_genomic.fna	NZ_CP018842.1	566954	567595	fusB	1-642/642	AY047358.1:1710-2352	FusB encodes a 2-domain zinc-binding protein that binds the ribosomal translocase EF-G causing it to dissociate from the ribosome. This action increases the ribosomal turnover rate and confers resistance to fusidic acid. This protein is considered a FusB-type protein.	fusidane	data/unzipped_genomes/staphylococcus_epidermidis/ncbi_dataset/data/GCF_002085695.1/GCF_002085695.1_ASM208569v1_genomic.fna	NZ_CP020463.1	1392059	1392544	data/unzipped_genomes/staphylococcus_epidermidis/ncbi_dataset/data/GCF_002215535.1/GCF_002215535.1_ASM221553v1_genomic.fna	NZ_CP022247.1	808072	808557	96.91	data/unzipped_genomes/staphylococcus_epidermidis/ncbi_dataset/data/GCF_006094375.1/GCF_006094375.1_ASM609437v1_genomic.fna	NZ_CP035288.1	955026	955871	PC1	1-846/846	98.23	X04121.1:139-985	BlaZ family penicillin-hydrolyzing class A beta-lactamase PC1.	penicillin_beta-lactam	data/unzipped_genomes/staphylococcus_haemolyticus/ncbi_dataset/data/GCF_001611955.1/GCF_001611955.1_ASM161195v1_genomic.fna	NZ_CP013911.1	415731	416170	mgrA	1-440/444	99.10	81.82	BA000018.3:735860-735416	MgrA also known as NorR is a regulator for norA norB and tet38. It is a positive regulator for norA expression but is a direct repressor for norB and an indirect repressor of tet38.	cephalosporin;disinfecting_agents_and_antiseptics;fluoroquinolone;moenomycin;penicillin_beta-lactam;peptide;tetracycline	data/unzipped_genomes/staphylococcus_haemolyticus/ncbi_dataset/data/GCF_002906595.1/GCF_002906595.1_ASM290659v1_genomic.fna	NZ_CP024809.1	70429	72435	mecA	1-2007/2007	99.85	KC243783.1:0-2007	A foreign PBP2a acquired by lateral gene transfer that is able to perform peptidoglycan synthesis in the presence of beta-lactams.	data/unzipped_genomes/staphylococcus_haemolyticus/ncbi_dataset/data/GCF_002906615.1/GCF_002906615.1_ASM290661v1_genomic.fna	NZ_CP025396.1	data/unzipped_genomes/staphylococcus_haemolyticus/ncbi_dataset/data/GCF_002952715.2/GCF_002952715.2_ASM295271v2_genomic.fna	NZ_CP025031.1	866051	867430	tet(K)	1-1380/1380	S67449.1:0-1380	TetK is a tetracycline efflux protein found in both Gram-negative (Haemophilus and Gallibacterium) and Gram-positive (many species including mycobacteria) bacteria.	data/unzipped_genomes/streptococcus_anginosus/ncbi_dataset/data/GCF_000831165.1/GCF_000831165.1_ASM83116v1_genomic.fna	NZ_CP007573.1	760594	760821	vanU_gene_in_vanG_cluster	1-228/228	DQ212986.1:2029-2257	Also known as vanUG is a vanG variant found in the vanG gene cluster.	glycopeptide	data/unzipped_genomes/streptococcus_anginosus/ncbi_dataset/data/GCF_008726365.3/GCF_008726365.3_ASM872636v3_genomic.fna	NZ_CP136160.1	1260795	1262714	tet(O)	99.48	M18896.2:206-2126	Tet(O) is a ribosomal protection protein. It is associated with conjugative plasmids.	data/unzipped_genomes/streptococcus_mitis/ncbi_dataset/data/GCF_000722765.2/GCF_000722765.2_ASM72276v2_genomic.fna	NZ_CP028415.1	157785	158633	RlmA(II)	1-849/849	89.64	CP007593.1:2148923-2149772	RlmA(II) is a methyltransferase found in Streptococcus pneumoniae and confers resistance to tylosin and mycinamicin. Specifically this enzyme adds a methyl group to guanosine 748 (E. coli numbering) of 23S ribosomal RNA.	lincosamide;macrolide	data/unzipped_genomes/streptococcus_mitis/ncbi_dataset/data/GCF_001281025.1/GCF_001281025.1_ASM128102v1_genomic.fna	NZ_CP012646.1	222274	224040	patB	1-1767/1767	93.94	AE005672.3:1982324-1980557	PatB is an ABC transporter of Streptococcus pneumoniae that interacts with PatA to confer fluoroquinolone resistance..	data/unzipped_genomes/streptococcus_mitis/ncbi_dataset/data/GCF_009730515.1/GCF_009730515.1_ASM973051v1_genomic.fna	NZ_CP046335.1	127687	128535	91.17	data/unzipped_genomes/streptococcus_mitis/ncbi_dataset/data/GCF_013305725.1/GCF_013305725.1_ASM1330572v1_genomic.fna	NZ_CP047883.1	136178	137026	90.11	data/unzipped_genomes/streptococcus_mitis/ncbi_dataset/data/GCF_018603625.2/GCF_018603625.2_ASM1860362v2_genomic.fna	NZ_CP190759.1	147270	148118	91.28	data/unzipped_genomes/streptococcus_oralis/ncbi_dataset/data/GCF_001983955.1/GCF_001983955.1_ASM198395v1_genomic.fna	NZ_CP019562.1	935477	936694	mel	1-1218/1218	92.53	AF227521.1:3269-4487	Mel a homolog of MsrA is an ABC-F subfamily protein associated with macrolide resistance. It is expressed on the same operon as mefA and mefE both MFS-type efflux proteins that confer macrolide resistance.	macrolide;streptogramin	data/unzipped_genomes/streptococcus_oralis/ncbi_dataset/data/GCF_002386345.1/GCF_002386345.1_ASM238634v1_genomic.fna	NZ_CP023507.1	692213	693407	mef(E)	11-1204/1212	98.51	84.35	AE007317.1:953382-954594	mef(E) is a proton motive efflux pump in Streptococcus pneumoniae that confers resistance to macrolides. It is found on the same operon as mefA and the ABC-efflux pump mel.	macrolide	data/unzipped_genomes/streptococcus_oralis/ncbi_dataset/data/GCF_007475365.1/GCF_007475365.1_ASM747536v1_genomic.fna	NZ_CP034442.1	705006	706203	pmrA	1-1198/1200	2/4	99.67	80.67	AE007317.1:866210-867410	PmrA is a MFS-type efflux pump expressed in Streptococcus pneumoniae that confers low-level resistance to norfloxacin ciprofloxacin and acriflavine.	data/unzipped_genomes/streptococcus_oralis/ncbi_dataset/data/GCF_016028175.1/GCF_016028175.1_ASM1602817v1_genomic.fna	NZ_CP065706.1	314862	315710	84.71	data/unzipped_genomes/streptococcus_oralis/ncbi_dataset/data/GCF_016028255.1/GCF_016028255.1_ASM1602825v1_genomic.fna	NZ_CP065707.1	601317	602165	86.22
card	corynebacterium_striatum	GCF_002156805.1	results/abricate_extra/card/corynebacterium_striatum_GCF_002156805.1_card.tsv	data/unzipped_genomes/corynebacterium_striatum/ncbi_dataset/data/GCF_002156805.1/GCF_002156805.1_ASM215680v1_genomic.fna	NZ_CP021252.1	2089553.0	2090407.0	+	ErmX	1-855/855	========/======	2/2	99.88	99.3	card	M36726.1:295-1150	ErmX is a rRNA methyltransferase that protects the ribosome from inactivation due to antibiotic binding.	lincosamide;macrolide;streptogramin;streptogramin_A;streptogramin_B																																																																																																																																																																																																																																																																																																	
card	corynebacterium_striatum	GCF_002803965.1	results/abricate_extra/card/corynebacterium_striatum_GCF_002803965.1_card.tsv									0/0			card				data/unzipped_genomes/corynebacterium_striatum/ncbi_dataset/data/GCF_002803965.1/GCF_002803965.1_ASM280396v1_genomic.fna	NZ_CP024931.1	1991808.0	1992983.0	+	cmx	1-1176/1176	===============	100.0	99.92	AF024666.2:35934-37110	cmx is a plasmid or transposon-encoded chloramphenicol exporter that is found in Corynebacterium striatum and Pseudomonas aeruginosa.	phenicol																																																																																																																																																																																																																																																																																				
card	corynebacterium_striatum	GCF_002803965.1	results/abricate_extra/card/corynebacterium_striatum_GCF_002803965.1_card.tsv									0/0			card				data/unzipped_genomes/corynebacterium_striatum/ncbi_dataset/data/GCF_002803965.1/GCF_002803965.1_ASM280396v1_genomic.fna	NZ_CP024931.1	1993187.0	1994023.0	-	APH(6)-Id	1-837/837	===============	100.0	99.64	AF024602.1:3155-3992	APH(6)-Id is an aminoglycoside phosphotransferase encoded by plasmids integrative conjugative elements and chromosomal genomic islands in K. pneumoniae Salmonella spp. E. coli Shigella flexneri Providencia alcalifaciens Pseudomonas spp. V. cholerae Edwardsiella tarda Pasteurella multocida and Aeromonas bestiarum.	aminoglycoside																																																																																																																																																																																																																																																																																				
card	corynebacterium_striatum	GCF_002803965.1	results/abricate_extra/card/corynebacterium_striatum_GCF_002803965.1_card.tsv									0/0			card				data/unzipped_genomes/corynebacterium_striatum/ncbi_dataset/data/GCF_002803965.1/GCF_002803965.1_ASM280396v1_genomic.fna	NZ_CP024931.1	1994023.0	1994826.0	-	APH(3'')-Ib	1-804/804	===============	100.0	99.88	AF313472.2:15593-16397	APH(3'')-Ib is an aminoglycoside phosphotransferase encoded by plasmids transposons integrative conjugative elements and chromosomes in Enterobacteriaceae and Pseudomonas spp.	aminoglycoside																																																																																																																																																																																																																																																																																				
card	corynebacterium_striatum	GCF_002803965.1	results/abricate_extra/card/corynebacterium_striatum_GCF_002803965.1_card.tsv									0/0			card				data/unzipped_genomes/corynebacterium_striatum/ncbi_dataset/data/GCF_002803965.1/GCF_002803965.1_ASM280396v1_genomic.fna	NZ_CP024931.1	1996127.0	1996942.0	-	APH(3')-Ia	1-816/816	===============	100.0	100.0	BX664015.1:103833-103017	APH(3')-Ia is a transposon-encoded aminoglycoside phosphotransferase in E. coli and S. enterica. It is identical at the protein sequence to APH(3')-Ic an aminoglycoside phosphotransferase encoded by plasmids transposons and genomic islands in K. pneumoniae A. baumannii S. marcescens Corynebacterium spp. Photobacterium spp. and Citrobacter spp.	aminoglycoside																																																																																																																																																																																																																																																																																				
card	corynebacterium_striatum	GCF_002803965.1	results/abricate_extra/card/corynebacterium_striatum_GCF_002803965.1_card.tsv									0/0			card				data/unzipped_genomes/corynebacterium_striatum/ncbi_dataset/data/GCF_002803965.1/GCF_002803965.1_ASM280396v1_genomic.fna	NZ_CP024931.1	2007872.0	2009413.0	-	Corynebacterium_striatum_tetA	1-1542/1542	===============	100.0	98.7	NC_004939.1:4565-6107	The tetAB genes of the Corynebacterium striatum R-plasmid encode an ABC transporter and confer tetracycline oxytetracycline and oxalic resistance.	penicillin_beta-lactam;tetracycline																																																																																																																																																																																																																																																																																				
card	corynebacterium_striatum	GCF_002803965.1	results/abricate_extra/card/corynebacterium_striatum_GCF_002803965.1_card.tsv									2/2			card				data/unzipped_genomes/corynebacterium_striatum/ncbi_dataset/data/GCF_002803965.1/GCF_002803965.1_ASM280396v1_genomic.fna	NZ_CP024931.1	2009676.0	2010530.0	+	ErmX	1-855/855	========/======	99.88	99.18	M36726.1:295-1150	ErmX is a rRNA methyltransferase that protects the ribosome from inactivation due to antibiotic binding.	lincosamide;macrolide;streptogramin;streptogramin_A;streptogramin_B																																																																																																																																																																																																																																																																																				
card	corynebacterium_striatum	GCF_002804085.1	results/abricate_extra/card/corynebacterium_striatum_GCF_002804085.1_card.tsv					-							card																	data/unzipped_genomes/corynebacterium_striatum/ncbi_dataset/data/GCF_002804085.1/GCF_002804085.1_ASM280408v1_genomic.fna	NZ_CP024932.1	2400796.0	2402715.0	tet(W)	1-1920/1920	===============	0/0	100.0	98.18	AJ222769.3:3686-5606	Tet(W) is a ribosomal protection protein. It is associated with both conjugative and non conjugative DNA and has been found strains of Clostridioides difficile.	tetracycline																																																																																																																																																																																																																																																																							
card	enterococcus_faecalis	GCF_001598635.1	results/abricate_extra/card/enterococcus_faecalis_GCF_001598635.1_card.tsv												card								+															===============							data/unzipped_genomes/enterococcus_faecalis/ncbi_dataset/data/GCF_001598635.1/GCF_001598635.1_ASM159863v1_genomic.fna	NZ_CP014949.1	483366.0	483860.0	dfrE	1-495/495	0/0	100.0	97.98	AIIS01000002.1:234307-233812	dfrE is a chromosome-encoded dihydrofolate reductase found in Enterococcus faecalis.	diaminopyrimidine																																																																																																																																																																																																																																																											
card	enterococcus_faecalis	GCF_001598635.1	results/abricate_extra/card/enterococcus_faecalis_GCF_001598635.1_card.tsv												card								-															===============							data/unzipped_genomes/enterococcus_faecalis/ncbi_dataset/data/GCF_001598635.1/GCF_001598635.1_ASM159863v1_genomic.fna	NZ_CP014949.1	1353939.0	1355435.0	lsaA	1-1497/1497	0/0	100.0	99.06	AY225127.1:40-1537	LsaA is an ABC-F subfamily protein expressed in Enterococcus faecalis. It confers resistance to clindamycin quinupristin-dalfopristin and dalfopristin.	lincosamide;pleuromutilin;streptogramin;streptogramin_A;streptogramin_B																																																																																																																																																																																																																																																											
card	enterococcus_faecalis	GCF_001598635.1	results/abricate_extra/card/enterococcus_faecalis_GCF_001598635.1_card.tsv												card								-															========/======							data/unzipped_genomes/enterococcus_faecalis/ncbi_dataset/data/GCF_001598635.1/GCF_001598635.1_ASM159863v1_genomic.fna	NZ_CP014949.1	1500515.0	1501568.0	efrB	34-1085/1086	6/6	96.69	97.54	HG970103.1:0-1086	efrB is a part of the EfrAB efflux pump and both efrA and efrB are necessary to confer multidrug resistance.	fluoroquinolone;macrolide;rifamycin																																																																																																																																																																																																																																																											
card	enterococcus_faecalis	GCF_001598635.1	results/abricate_extra/card/enterococcus_faecalis_GCF_001598635.1_card.tsv												card								-															===============							data/unzipped_genomes/enterococcus_faecalis/ncbi_dataset/data/GCF_001598635.1/GCF_001598635.1_ASM159863v1_genomic.fna	NZ_CP014949.1	1502127.0	1503854.0	efrA	1-1728/1728	0/0	100.0	99.77	NZ_PTWF01000025.1:35858-37586	efrA is a part of the EfrAB efflux pump and both efrA and efrB are necessary to confer drug resistance.	fluoroquinolone;macrolide;rifamycin																																																																																																																																																																																																																																																											
card	enterococcus_faecalis	GCF_001598635.1	results/abricate_extra/card/enterococcus_faecalis_GCF_001598635.1_card.tsv												card								-															===============							data/unzipped_genomes/enterococcus_faecalis/ncbi_dataset/data/GCF_001598635.1/GCF_001598635.1_ASM159863v1_genomic.fna	NZ_CP014949.1	1694055.0	1696211.0	IreK	1-2157/2157	0/0	100.0	98.66	CP124778.1:2492204-2494361	E. faecalis IreK maintains cell wall integrity possibly by regulating peptidoglycan biosynthesis and metabolism. Antibiotic-induced cell wall stress leads to activation of IreK-mediated phosphorylation signaling pathways to mitigate and repair the damage. Absence of IreK leads to cell envelope defects and increased susceptibility to a variety of cephalosporins including ceftriaxone. Increased IreK phosphorylation in response to ceftriaxone treatment has been shown to correlate with antimicrobial resistance.	cephalosporin																																																																																																																																																																																																																																																											
card	enterococcus_faecalis	GCF_001689055.2	results/abricate_extra/card/enterococcus_faecalis_GCF_001689055.2_card.tsv					+			===============	0/0	100.0		card																																										data/unzipped_genomes/enterococcus_faecalis/ncbi_dataset/data/GCF_001689055.2/GCF_001689055.2_ASM168905v2_genomic.fna	NZ_CP015410.2	867844.0	869340.0	lsaA	1-1497/1497	98.2	AY225127.1:40-1537	LsaA is an ABC-F subfamily protein expressed in Enterococcus faecalis. It confers resistance to clindamycin quinupristin-dalfopristin and dalfopristin.	lincosamide;pleuromutilin;streptogramin;streptogramin_A;streptogramin_B																																																																																																																																																																																																																																																	
card	enterococcus_faecalis	GCF_001689055.2	results/abricate_extra/card/enterococcus_faecalis_GCF_001689055.2_card.tsv					+			========/======	1/27	97.72		card																																										data/unzipped_genomes/enterococcus_faecalis/ncbi_dataset/data/GCF_001689055.2/GCF_001689055.2_ASM168905v2_genomic.fna	NZ_CP015410.2	1601249.0	1602403.0	emeA	1-1182/1182	97.63	AB091338.1:173-1355	A multidrug efflux pump from Enterococcus faecalis. There exist efflux activity of several antimicrobial agents such as DAPI Hoechst 33342 and acriflavine. Efflux of DAPI via EmeA was strongly inhibited by reserpine.	disinfecting_agents_and_antiseptics																																																																																																																																																																																																																																																	
card	enterococcus_faecalis	GCF_001689055.2	results/abricate_extra/card/enterococcus_faecalis_GCF_001689055.2_card.tsv					+			===============	0/0	100.0		card																																										data/unzipped_genomes/enterococcus_faecalis/ncbi_dataset/data/GCF_001689055.2/GCF_001689055.2_ASM168905v2_genomic.fna	NZ_CP015410.2	2035599.0	2036093.0	dfrE	1-495/495	97.98	AIIS01000002.1:234307-233812	dfrE is a chromosome-encoded dihydrofolate reductase found in Enterococcus faecalis.	diaminopyrimidine																																																																																																																																																																																																																																																	
card	enterococcus_faecalis	GCF_001689055.2	results/abricate_extra/card/enterococcus_faecalis_GCF_001689055.2_card.tsv					-			========/======	6/6	96.69		card																																										data/unzipped_genomes/enterococcus_faecalis/ncbi_dataset/data/GCF_001689055.2/GCF_001689055.2_ASM168905v2_genomic.fna	NZ_CP015410.2	2978484.0	2979537.0	efrB	34-1085/1086	97.82	HG970103.1:0-1086	efrB is a part of the EfrAB efflux pump and both efrA and efrB are necessary to confer multidrug resistance.	fluoroquinolone;macrolide;rifamycin																																																																																																																																																																																																																																																	
card	enterococcus_faecalis	GCF_001689055.2	results/abricate_extra/card/enterococcus_faecalis_GCF_001689055.2_card.tsv					-			===============	0/0	100.0		card																																										data/unzipped_genomes/enterococcus_faecalis/ncbi_dataset/data/GCF_001689055.2/GCF_001689055.2_ASM168905v2_genomic.fna	NZ_CP015410.2	2980096.0	2981823.0	efrA	1-1728/1728	99.19	NZ_PTWF01000025.1:35858-37586	efrA is a part of the EfrAB efflux pump and both efrA and efrB are necessary to confer drug resistance.	fluoroquinolone;macrolide;rifamycin																																																																																																																																																																																																																																																	
card	enterococcus_faecalis	GCF_001989555.1	results/abricate_extra/card/enterococcus_faecalis_GCF_001989555.1_card.tsv												card								+															===============											dfrE	1-495/495	0/0	100.0		AIIS01000002.1:234307-233812	dfrE is a chromosome-encoded dihydrofolate reductase found in Enterococcus faecalis.	diaminopyrimidine											data/unzipped_genomes/enterococcus_faecalis/ncbi_dataset/data/GCF_001989555.1/GCF_001989555.1_ASM198955v1_genomic.fna	NZ_CP019512.1	1498147.0	1498641.0	97.58																																																																																																																																																																																																																																												
card	enterococcus_faecalis	GCF_001989555.1	results/abricate_extra/card/enterococcus_faecalis_GCF_001989555.1_card.tsv												card								-															===============											lsaA	1-1497/1497	0/0	100.0		AY225127.1:40-1537	LsaA is an ABC-F subfamily protein expressed in Enterococcus faecalis. It confers resistance to clindamycin quinupristin-dalfopristin and dalfopristin.	lincosamide;pleuromutilin;streptogramin;streptogramin_A;streptogramin_B											data/unzipped_genomes/enterococcus_faecalis/ncbi_dataset/data/GCF_001989555.1/GCF_001989555.1_ASM198955v1_genomic.fna	NZ_CP019512.1	2525483.0	2526979.0	98.26																																																																																																																																																																																																																																												
card	enterococcus_faecalis	GCF_001989555.1	results/abricate_extra/card/enterococcus_faecalis_GCF_001989555.1_card.tsv												card								-															========/======											efrB	34-1085/1086	6/6	96.69		HG970103.1:0-1086	efrB is a part of the EfrAB efflux pump and both efrA and efrB are necessary to confer multidrug resistance.	fluoroquinolone;macrolide;rifamycin											data/unzipped_genomes/enterococcus_faecalis/ncbi_dataset/data/GCF_001989555.1/GCF_001989555.1_ASM198955v1_genomic.fna	NZ_CP019512.1	2696379.0	2697432.0	97.54																																																																																																																																																																																																																																												
card	enterococcus_faecalis	GCF_001989555.1	results/abricate_extra/card/enterococcus_faecalis_GCF_001989555.1_card.tsv												card								-															===============											efrA	1-1728/1728	0/0	100.0		NZ_PTWF01000025.1:35858-37586	efrA is a part of the EfrAB efflux pump and both efrA and efrB are necessary to confer drug resistance.	fluoroquinolone;macrolide;rifamycin											data/unzipped_genomes/enterococcus_faecalis/ncbi_dataset/data/GCF_001989555.1/GCF_001989555.1_ASM198955v1_genomic.fna	NZ_CP019512.1	2697991.0	2699718.0	99.19																																																																																																																																																																																																																																												
card	enterococcus_faecalis	GCF_001989555.1	results/abricate_extra/card/enterococcus_faecalis_GCF_001989555.1_card.tsv												card								-															===============											IreK	1-2157/2157	0/0	100.0		CP124778.1:2492204-2494361	E. faecalis IreK maintains cell wall integrity possibly by regulating peptidoglycan biosynthesis and metabolism. Antibiotic-induced cell wall stress leads to activation of IreK-mediated phosphorylation signaling pathways to mitigate and repair the damage. Absence of IreK leads to cell envelope defects and increased susceptibility to a variety of cephalosporins including ceftriaxone. Increased IreK phosphorylation in response to ceftriaxone treatment has been shown to correlate with antimicrobial resistance.	cephalosporin											data/unzipped_genomes/enterococcus_faecalis/ncbi_dataset/data/GCF_001989555.1/GCF_001989555.1_ASM198955v1_genomic.fna	NZ_CP019512.1	2876937.0	2879093.0	98.61																																																																																																																																																																																																																																												
card	enterococcus_faecalis	GCF_001989555.1	results/abricate_extra/card/enterococcus_faecalis_GCF_001989555.1_card.tsv												card								+															===============											tet(M)	1-1920/1920	0/0	100.0		AB039845.1:25-1945	Tet(M) is a ribosomal protection protein that confers tetracycline resistance. It is found on transposable DNA elements and its horizontal transfer between bacterial species has been documented.	tetracycline											data/unzipped_genomes/enterococcus_faecalis/ncbi_dataset/data/GCF_001989555.1/GCF_001989555.1_ASM198955v1_genomic.fna	NZ_CP019512.1	3088429.0	3090348.0	99.06																																																																																																																																																																																																																																												
card	enterococcus_faecalis	GCF_001989555.1	results/abricate_extra/card/enterococcus_faecalis_GCF_001989555.1_card.tsv												card								-															===============											AAC(6')-Ie-APH(2'')-Ia_bifunctional_protein	1-1440/1440	0/0	100.0		GU565967.1:26419-24979	AAC(6')-Ie-APH(2'')-Ia is an aminoglycoside acetyltransferase encoded by plasmids and transposons in S. aureus E. faecalis E. faecium and Staphylococcus warneri.	aminoglycoside											data/unzipped_genomes/enterococcus_faecalis/ncbi_dataset/data/GCF_001989555.1/GCF_001989555.1_ASM198955v1_genomic.fna	NZ_CP019513.1	38390.0	39829.0	100.0																																																																																																																																																																																																																																												
card	enterococcus_faecalis	GCF_001989555.1	results/abricate_extra/card/enterococcus_faecalis_GCF_001989555.1_card.tsv												card								+															===============											qacH	1-324/324	0/0	100.0		Y16945.1:1861-2185	qacH is a subunit of the qac multidrug efflux pump in Staphylococcus saprophyticus.	disinfecting_agents_and_antiseptics											data/unzipped_genomes/enterococcus_faecalis/ncbi_dataset/data/GCF_001989555.1/GCF_001989555.1_ASM198955v1_genomic.fna	NZ_CP019513.1	42369.0	42692.0	98.46																																																																																																																																																																																																																																												
card	enterococcus_faecalis	GCF_001989555.1	results/abricate_extra/card/enterococcus_faecalis_GCF_001989555.1_card.tsv												card								+															===============											dfrG	1-498/498	0/0	100.0		AB205645.1:1012-1510	dfrG is a plasmid-encoded dihydrofolate reductase found in Staphylococcus aureus.	diaminopyrimidine											data/unzipped_genomes/enterococcus_faecalis/ncbi_dataset/data/GCF_001989555.1/GCF_001989555.1_ASM198955v1_genomic.fna	NZ_CP019513.1	45436.0	45933.0	100.0																																																																																																																																																																																																																																												
card	enterococcus_faecalis	GCF_001989555.1	results/abricate_extra/card/enterococcus_faecalis_GCF_001989555.1_card.tsv												card								+															========/======											ErmB	1-747/747	1/1	99.87		AF242872.1:2131-2878	ErmB confers the MLSb phenotype. Similar to ErmC expression of ErmB is inducible by erythromycin. The leader peptide causes attenuation of the mRNA and stabilizes the structure preventing further translation. When erythromycin is present it binds the leader peptide causing a change in conformation allowing for the expression of ErmB.	lincosamide;macrolide;streptogramin;streptogramin_A;streptogramin_B											data/unzipped_genomes/enterococcus_faecalis/ncbi_dataset/data/GCF_001989555.1/GCF_001989555.1_ASM198955v1_genomic.fna	NZ_CP019514.1	49594.0	50339.0	99.2																																																																																																																																																																																																																																												
card	enterococcus_faecalis	GCF_001989555.1	results/abricate_extra/card/enterococcus_faecalis_GCF_001989555.1_card.tsv												card								+															===============											aad(6)	1-831/831	0/0	100.0		AY712687.1:0-831	ANT(6)-Ia/aad(6) is a plasmid-encoded aminoglycoside nucleotidyltransferase gene in E. faecalis and Streptococcus oralis.	aminoglycoside											data/unzipped_genomes/enterococcus_faecalis/ncbi_dataset/data/GCF_001989555.1/GCF_001989555.1_ASM198955v1_genomic.fna	NZ_CP019514.1	53668.0	54498.0	100.0																																																																																																																																																																																																																																												
card	enterococcus_faecalis	GCF_001989555.1	results/abricate_extra/card/enterococcus_faecalis_GCF_001989555.1_card.tsv												card								+															===============											SAT-4	1-543/543	0/0	100.0		U01945.1:373-916	SAT-4 is a plasmid-mediated streptothricin acetyltransferase and streptothricin (a nucleoside antibiotic) resistant determinant. Originally described from a Campylobacter coli BE/G4 plasmid gene sequence by Jacob et al 1994.	nucleoside											data/unzipped_genomes/enterococcus_faecalis/ncbi_dataset/data/GCF_001989555.1/GCF_001989555.1_ASM198955v1_genomic.fna	NZ_CP019514.1	54495.0	55037.0	99.82																																																																																																																																																																																																																																												
card	enterococcus_faecalis	GCF_001989555.1	results/abricate_extra/card/enterococcus_faecalis_GCF_001989555.1_card.tsv												card								+															===============											APH(3')-IIIa	1-795/795	0/0	100.0		CP004067.1:52914-53709	APH(3')-IIIa is a plasmid-encoded aminoglycoside phosphotransferase in S. aureus and Enterococcus spp.	aminoglycoside											data/unzipped_genomes/enterococcus_faecalis/ncbi_dataset/data/GCF_001989555.1/GCF_001989555.1_ASM198955v1_genomic.fna	NZ_CP019514.1	55130.0	55924.0	100.0																																																																																																																																																																																																																																												
card	enterococcus_faecalis	GCF_002163735.1	results/abricate_extra/card/enterococcus_faecalis_GCF_002163735.1_card.tsv												card								+															===============											dfrE	1-495/495	0/0	100.0		AIIS01000002.1:234307-233812	dfrE is a chromosome-encoded dihydrofolate reductase found in Enterococcus faecalis.	diaminopyrimidine																data/unzipped_genomes/enterococcus_faecalis/ncbi_dataset/data/GCF_002163735.1/GCF_002163735.1_ASM216373v1_genomic.fna	NZ_CP015883.1	1442740.0	1443234.0	97.37																																																																																																																																																																																																																																							
card	enterococcus_faecalis	GCF_002163735.1	results/abricate_extra/card/enterococcus_faecalis_GCF_002163735.1_card.tsv												card								-															===============											lsaA	1-1497/1497	0/0	100.0		AY225127.1:40-1537	LsaA is an ABC-F subfamily protein expressed in Enterococcus faecalis. It confers resistance to clindamycin quinupristin-dalfopristin and dalfopristin.	lincosamide;pleuromutilin;streptogramin;streptogramin_A;streptogramin_B																data/unzipped_genomes/enterococcus_faecalis/ncbi_dataset/data/GCF_002163735.1/GCF_002163735.1_ASM216373v1_genomic.fna	NZ_CP015883.1	2352704.0	2354200.0	99.06																																																																																																																																																																																																																																							
card	enterococcus_faecalis	GCF_002163735.1	results/abricate_extra/card/enterococcus_faecalis_GCF_002163735.1_card.tsv												card								-															========/======											efrB	34-1085/1086	6/6	96.69		HG970103.1:0-1086	efrB is a part of the EfrAB efflux pump and both efrA and efrB are necessary to confer multidrug resistance.	fluoroquinolone;macrolide;rifamycin																data/unzipped_genomes/enterococcus_faecalis/ncbi_dataset/data/GCF_002163735.1/GCF_002163735.1_ASM216373v1_genomic.fna	NZ_CP015883.1	2481947.0	2483000.0	97.44																																																																																																																																																																																																																																							
card	enterococcus_faecalis	GCF_002163735.1	results/abricate_extra/card/enterococcus_faecalis_GCF_002163735.1_card.tsv												card								-															===============											efrA	1-1728/1728	0/0	100.0		NZ_PTWF01000025.1:35858-37586	efrA is a part of the EfrAB efflux pump and both efrA and efrB are necessary to confer drug resistance.	fluoroquinolone;macrolide;rifamycin																data/unzipped_genomes/enterococcus_faecalis/ncbi_dataset/data/GCF_002163735.1/GCF_002163735.1_ASM216373v1_genomic.fna	NZ_CP015883.1	2483559.0	2485286.0	99.25																																																																																																																																																																																																																																							
card	enterococcus_faecalis	GCF_002163735.1	results/abricate_extra/card/enterococcus_faecalis_GCF_002163735.1_card.tsv												card								-															===============											IreK	1-2157/2157	0/0	100.0		CP124778.1:2492204-2494361	E. faecalis IreK maintains cell wall integrity possibly by regulating peptidoglycan biosynthesis and metabolism. Antibiotic-induced cell wall stress leads to activation of IreK-mediated phosphorylation signaling pathways to mitigate and repair the damage. Absence of IreK leads to cell envelope defects and increased susceptibility to a variety of cephalosporins including ceftriaxone. Increased IreK phosphorylation in response to ceftriaxone treatment has been shown to correlate with antimicrobial resistance.	cephalosporin																data/unzipped_genomes/enterococcus_faecalis/ncbi_dataset/data/GCF_002163735.1/GCF_002163735.1_ASM216373v1_genomic.fna	NZ_CP015883.1	2660443.0	2662599.0	98.89																																																																																																																																																																																																																																							
card	enterococcus_faecalis	GCF_002208945.1	results/abricate_extra/card/enterococcus_faecalis_GCF_002208945.1_card.tsv								===============	0/0	100.0		card								+								cephalosporin																																														data/unzipped_genomes/enterococcus_faecalis/ncbi_dataset/data/GCF_002208945.1/GCF_002208945.1_ASM220894v2_genomic.fna	NZ_CP022059.1	826736.0	828892.0	IreK	1-2157/2157	98.56	CP124778.1:2492204-2494361	E. faecalis IreK maintains cell wall integrity possibly by regulating peptidoglycan biosynthesis and metabolism. Antibiotic-induced cell wall stress leads to activation of IreK-mediated phosphorylation signaling pathways to mitigate and repair the damage. Absence of IreK leads to cell envelope defects and increased susceptibility to a variety of cephalosporins including ceftriaxone. Increased IreK phosphorylation in response to ceftriaxone treatment has been shown to correlate with antimicrobial resistance.																																																																																																																																																																																																																														
card	enterococcus_faecalis	GCF_002208945.1	results/abricate_extra/card/enterococcus_faecalis_GCF_002208945.1_card.tsv								===============	0/0	100.0		card								+								fluoroquinolone;macrolide;rifamycin																																														data/unzipped_genomes/enterococcus_faecalis/ncbi_dataset/data/GCF_002208945.1/GCF_002208945.1_ASM220894v2_genomic.fna	NZ_CP022059.1	984810.0	986537.0	efrA	1-1728/1728	98.96	NZ_PTWF01000025.1:35858-37586	efrA is a part of the EfrAB efflux pump and both efrA and efrB are necessary to confer drug resistance.																																																																																																																																																																																																																														
card	enterococcus_faecalis	GCF_002208945.1	results/abricate_extra/card/enterococcus_faecalis_GCF_002208945.1_card.tsv								========/======	6/6	96.78		card								+								fluoroquinolone;macrolide;rifamycin																																														data/unzipped_genomes/enterococcus_faecalis/ncbi_dataset/data/GCF_002208945.1/GCF_002208945.1_ASM220894v2_genomic.fna	NZ_CP022059.1	987096.0	988150.0	efrB	34-1086/1086	97.82	HG970103.1:0-1086	efrB is a part of the EfrAB efflux pump and both efrA and efrB are necessary to confer multidrug resistance.																																																																																																																																																																																																																														
card	enterococcus_faecalis	GCF_002208945.1	results/abricate_extra/card/enterococcus_faecalis_GCF_002208945.1_card.tsv								========/======	1/27	97.72		card								+								disinfecting_agents_and_antiseptics																																														data/unzipped_genomes/enterococcus_faecalis/ncbi_dataset/data/GCF_002208945.1/GCF_002208945.1_ASM220894v2_genomic.fna	NZ_CP022059.1	1383375.0	1384529.0	emeA	1-1182/1182	97.72	AB091338.1:173-1355	A multidrug efflux pump from Enterococcus faecalis. There exist efflux activity of several antimicrobial agents such as DAPI Hoechst 33342 and acriflavine. Efflux of DAPI via EmeA was strongly inhibited by reserpine.																																																																																																																																																																																																																														
card	enterococcus_faecalis	GCF_002208945.1	results/abricate_extra/card/enterococcus_faecalis_GCF_002208945.1_card.tsv								===============	0/0	100.0		card								+								diaminopyrimidine																																														data/unzipped_genomes/enterococcus_faecalis/ncbi_dataset/data/GCF_002208945.1/GCF_002208945.1_ASM220894v2_genomic.fna	NZ_CP022059.1	1834599.0	1835093.0	dfrE	1-495/495	97.98	AIIS01000002.1:234307-233812	dfrE is a chromosome-encoded dihydrofolate reductase found in Enterococcus faecalis.																																																																																																																																																																																																																														
card	enterococcus_faecalis	GCF_002208945.1	results/abricate_extra/card/enterococcus_faecalis_GCF_002208945.1_card.tsv								===============	0/0	100.0		card								-								lincosamide;pleuromutilin;streptogramin;streptogramin_A;streptogramin_B																																														data/unzipped_genomes/enterococcus_faecalis/ncbi_dataset/data/GCF_002208945.1/GCF_002208945.1_ASM220894v2_genomic.fna	NZ_CP022059.1	2699472.0	2700968.0	lsaA	1-1497/1497	98.2	AY225127.1:40-1537	LsaA is an ABC-F subfamily protein expressed in Enterococcus faecalis. It confers resistance to clindamycin quinupristin-dalfopristin and dalfopristin.																																																																																																																																																																																																																														
card	fusobacterium_nucleatum	GCF_028621975.1	results/abricate_extra/card/fusobacterium_nucleatum_GCF_028621975.1_card.tsv											99.95	card								+															===============						tetracycline																																										data/unzipped_genomes/fusobacterium_nucleatum/ncbi_dataset/data/GCF_028621975.1/GCF_028621975.1_ASM2862197v1_genomic.fna	NZ_CP117525.1	1977171.0	1979089.0	tet(M)	1-1919/1920	0/0	95.62	AB039845.1:25-1945	Tet(M) is a ribosomal protection protein that confers tetracycline resistance. It is found on transposable DNA elements and its horizontal transfer between bacterial species has been documented.																																																																																																																																																																																																																				
card	prevotella_intermedia	GCF_002763535.1	results/abricate_extra/card/prevotella_intermedia_GCF_002763535.1_card.tsv								===============	0/0	100.0		card								+																																											tetracycline																														data/unzipped_genomes/prevotella_intermedia/ncbi_dataset/data/GCF_002763535.1/GCF_002763535.1_ASM276353v1_genomic.fna	NZ_CP024696.1	2717162.0	2719135.0	tet(Q)	1-1974/1974	97.37	Z21523.1:0-1974	Tet(Q) is a ribosomal protection protein. Its gene is associated with a conjugative transposon and has been found in both Gram-positive and Gram-negative bacteria.																																																																																																																																																																																																											
card	prevotella_intermedia	GCF_002763575.1	results/abricate_extra/card/prevotella_intermedia_GCF_002763575.1_card.tsv								===============	0/0	100.0		card								+																																											tetracycline																																		tet(Q)	1-1974/1974	100.0	Z21523.1:0-1974	Tet(Q) is a ribosomal protection protein. Its gene is associated with a conjugative transposon and has been found in both Gram-positive and Gram-negative bacteria.	data/unzipped_genomes/prevotella_intermedia/ncbi_dataset/data/GCF_002763575.1/GCF_002763575.1_ASM276357v1_genomic.fna	NZ_CP024697.1	2610324.0	2612297.0																																																																																																																																																																																																							
card	staphylococcus_capitis	GCF_002356175.1	results/abricate_extra/card/staphylococcus_capitis_GCF_002356175.1_card.tsv					-			===============	0/0	100.0	99.9	card																																																																																														data/unzipped_genomes/staphylococcus_capitis/ncbi_dataset/data/GCF_002356175.1/GCF_002356175.1_ASM235617v1_genomic.fna	NZ_AP014956.1	44220.0	46226.0	mecA	1-2007/2007	KC243783.1:0-2007	A foreign PBP2a acquired by lateral gene transfer that is able to perform peptidoglycan synthesis in the presence of beta-lactams.	penicillin_beta-lactam																																																																																																																																																																																														
card	staphylococcus_capitis	GCF_002356175.1	results/abricate_extra/card/staphylococcus_capitis_GCF_002356175.1_card.tsv					+			===============	0/0	100.0	99.94	card																																																																																														data/unzipped_genomes/staphylococcus_capitis/ncbi_dataset/data/GCF_002356175.1/GCF_002356175.1_ASM235617v1_genomic.fna	NZ_AP014956.1	46326.0	48083.0	mecR1	1-1758/1758	CP000703.1:40848-42606	mecR1 is a transmembrane spanning and signal transducing protein which in response to interaction with beta-lactam antibiotics results in upregulation of the mecA/mecR1/mecI operon.	penicillin_beta-lactam																																																																																																																																																																																														
card	staphylococcus_capitis	GCF_002356175.1	results/abricate_extra/card/staphylococcus_capitis_GCF_002356175.1_card.tsv					+			===============	0/0	100.0	100.0	card																																																																																														data/unzipped_genomes/staphylococcus_capitis/ncbi_dataset/data/GCF_002356175.1/GCF_002356175.1_ASM235617v1_genomic.fna	NZ_AP014956.1	48083.0	48454.0	mecI	1-372/372	BA000018.3:48893-49265	mecI acts as a repressor of transcription of the mecA/mecR1/mecI operon.	penicillin_beta-lactam																																																																																																																																																																																														
card	staphylococcus_capitis	GCF_002356175.1	results/abricate_extra/card/staphylococcus_capitis_GCF_002356175.1_card.tsv					+			===============	0/0	100.0	100.0	card																																																																																														data/unzipped_genomes/staphylococcus_capitis/ncbi_dataset/data/GCF_002356175.1/GCF_002356175.1_ASM235617v1_genomic.fna	NZ_AP014956.1	55166.0	55897.0	ErmA	1-732/732	X03216.1:5282-4550	ErmA confers the MLSb phenotype. Similar to ErmC Expression of ErmA is inducible by erythromycin. The leader peptide causes attenuation of the mRNA and stabilizes the structure preventing further translation. When erythromycin is present it binds the leader peptide causing a change in conformation allowing for the expression of ErmA.	lincosamide;macrolide;streptogramin;streptogramin_A;streptogramin_B																																																																																																																																																																																														
card	staphylococcus_capitis	GCF_002356175.1	results/abricate_extra/card/staphylococcus_capitis_GCF_002356175.1_card.tsv					-			===============	0/0	100.0	100.0	card																																																																																														data/unzipped_genomes/staphylococcus_capitis/ncbi_dataset/data/GCF_002356175.1/GCF_002356175.1_ASM235617v1_genomic.fna	NZ_AP014956.1	56023.0	56805.0	ANT(9)-Ia	1-783/783	X02588.1:330-1113	ANT(9)-Ia is an aminoglycoside nucleotidyltransferase encoded by plasmids and transposons in S. aureus Enterococcus spp. Mammaliicoccus sciuri and E. faecalis.	aminoglycoside																																																																																																																																																																																														
card	staphylococcus_capitis	GCF_002356175.1	results/abricate_extra/card/staphylococcus_capitis_GCF_002356175.1_card.tsv					+			===============	0/0	100.0	100.0	card																																																																																														data/unzipped_genomes/staphylococcus_capitis/ncbi_dataset/data/GCF_002356175.1/GCF_002356175.1_ASM235617v1_genomic.fna	NZ_AP014956.1	1165560.0	1166342.0	ANT(9)-Ia	1-783/783	X02588.1:330-1113	ANT(9)-Ia is an aminoglycoside nucleotidyltransferase encoded by plasmids and transposons in S. aureus Enterococcus spp. Mammaliicoccus sciuri and E. faecalis.	aminoglycoside																																																																																																																																																																																														
card	staphylococcus_capitis	GCF_002356175.1	results/abricate_extra/card/staphylococcus_capitis_GCF_002356175.1_card.tsv					-			===============	0/0	100.0	100.0	card																																																																																														data/unzipped_genomes/staphylococcus_capitis/ncbi_dataset/data/GCF_002356175.1/GCF_002356175.1_ASM235617v1_genomic.fna	NZ_AP014956.1	1166468.0	1167199.0	ErmA	1-732/732	X03216.1:5282-4550	ErmA confers the MLSb phenotype. Similar to ErmC Expression of ErmA is inducible by erythromycin. The leader peptide causes attenuation of the mRNA and stabilizes the structure preventing further translation. When erythromycin is present it binds the leader peptide causing a change in conformation allowing for the expression of ErmA.	lincosamide;macrolide;streptogramin;streptogramin_A;streptogramin_B																																																																																																																																																																																														
card	staphylococcus_capitis	GCF_002356175.1	results/abricate_extra/card/staphylococcus_capitis_GCF_002356175.1_card.tsv					+			===============	0/0	100.0	99.06	card																																																																																														data/unzipped_genomes/staphylococcus_capitis/ncbi_dataset/data/GCF_002356175.1/GCF_002356175.1_ASM235617v1_genomic.fna	NZ_AP014956.1	2003882.0	2005801.0	tet(M)	1-1920/1920	AB039845.1:25-1945	Tet(M) is a ribosomal protection protein that confers tetracycline resistance. It is found on transposable DNA elements and its horizontal transfer between bacterial species has been documented.	tetracycline																																																																																																																																																																																														
card	staphylococcus_capitis	GCF_002356175.1	results/abricate_extra/card/staphylococcus_capitis_GCF_002356175.1_card.tsv					-			===============	0/0	97.08	80.44	card																																																																																														data/unzipped_genomes/staphylococcus_capitis/ncbi_dataset/data/GCF_002356175.1/GCF_002356175.1_ASM235617v1_genomic.fna	NZ_AP014956.1	2110054.0	2111183.0	norA	1-1130/1164	AY566250.1:391-1555	NorA is a multidrug efflux pump in Staphylococcus aureus that confers resistance to fluoroquinolones and other structurally unrelated antibiotics like acriflavine. It shares 30% similarity with NorA and is a structural homolog of Bmr of Bacillus subtilis. It is regulated by arlRS and mgrA the latter also known as NorR.	disinfecting_agents_and_antiseptics;fluoroquinolone																																																																																																																																																																																														
card	staphylococcus_capitis	GCF_002356175.1	results/abricate_extra/card/staphylococcus_capitis_GCF_002356175.1_card.tsv					+			===============	0/0	99.77	88.04	card																																																																																														data/unzipped_genomes/staphylococcus_capitis/ncbi_dataset/data/GCF_002356175.1/GCF_002356175.1_ASM235617v1_genomic.fna	NZ_AP014956.1	2118782.0	2119224.0	mgrA	1-443/444	BA000018.3:735860-735416	MgrA also known as NorR is a regulator for norA norB and tet38. It is a positive regulator for norA expression but is a direct repressor for norB and an indirect repressor of tet38.	cephalosporin;disinfecting_agents_and_antiseptics;fluoroquinolone;moenomycin;penicillin_beta-lactam;peptide;tetracycline																																																																																																																																																																																														
card	staphylococcus_capitis	GCF_002591175.1	results/abricate_extra/card/staphylococcus_capitis_GCF_002591175.1_card.tsv					+			===============	0/0			card																																																																																																							data/unzipped_genomes/staphylococcus_capitis/ncbi_dataset/data/GCF_002591175.1/GCF_002591175.1_ASM259117v1_genomic.fna	NZ_CP023966.1	1940990.0	1941432.0	mgrA	1-443/444	99.77	88.04	BA000018.3:735860-735416	MgrA also known as NorR is a regulator for norA norB and tet38. It is a positive regulator for norA expression but is a direct repressor for norB and an indirect repressor of tet38.	cephalosporin;disinfecting_agents_and_antiseptics;fluoroquinolone;moenomycin;penicillin_beta-lactam;peptide;tetracycline																																																																																																																																																																																			
card	staphylococcus_capitis	GCF_002591175.1	results/abricate_extra/card/staphylococcus_capitis_GCF_002591175.1_card.tsv					+			===============	0/0			card																																																																																																							data/unzipped_genomes/staphylococcus_capitis/ncbi_dataset/data/GCF_002591175.1/GCF_002591175.1_ASM259117v1_genomic.fna	NZ_CP023967.1	25636.0	26481.0	PC1	1-846/846	100.0	97.99	X04121.1:139-985	BlaZ family penicillin-hydrolyzing class A beta-lactamase PC1.	penicillin_beta-lactam																																																																																																																																																																																			
card	staphylococcus_capitis	GCF_015243435.1	results/abricate_extra/card/staphylococcus_capitis_GCF_015243435.1_card.tsv					-			===============	0/0	100.0		card																																																																																																																		data/unzipped_genomes/staphylococcus_capitis/ncbi_dataset/data/GCF_015243435.1/GCF_015243435.1_ASM1524343v1_genomic.fna	NZ_CP042341.1	518613.0	519512.0	mphC	1-900/900	98.44	AB013298.1:2295-3195	The mphC gene was identified from Staphylococcus aureus.  This gene shows similarity to mphB gene from Escherchia coli.	macrolide																																																																																																																																																																									
card	staphylococcus_capitis	GCF_015243435.1	results/abricate_extra/card/staphylococcus_capitis_GCF_015243435.1_card.tsv					-			===============	0/0	100.0		card																																																																																																																		data/unzipped_genomes/staphylococcus_capitis/ncbi_dataset/data/GCF_015243435.1/GCF_015243435.1_ASM1524343v1_genomic.fna	NZ_CP042341.1	519611.0	521077.0	msrA	1-1467/1467	99.05	X52085.1:342-1809	MsrA is an ABC-F subfamily ribosomal protection protein expressed in Staphylococcus species which confers resistance to erythromycin and streptogramin B antibiotics through antibiotic target protection mechanisms. It is associated with plasmid DNA.	macrolide;streptogramin;streptogramin_B																																																																																																																																																																									
card	staphylococcus_capitis	GCF_015243435.1	results/abricate_extra/card/staphylococcus_capitis_GCF_015243435.1_card.tsv					-			===============	0/0	97.08		card																																																																																																																		data/unzipped_genomes/staphylococcus_capitis/ncbi_dataset/data/GCF_015243435.1/GCF_015243435.1_ASM1524343v1_genomic.fna	NZ_CP042341.1	2096989.0	2098118.0	norA	1-1130/1164	80.44	AY566250.1:391-1555	NorA is a multidrug efflux pump in Staphylococcus aureus that confers resistance to fluoroquinolones and other structurally unrelated antibiotics like acriflavine. It shares 30% similarity with NorA and is a structural homolog of Bmr of Bacillus subtilis. It is regulated by arlRS and mgrA the latter also known as NorR.	disinfecting_agents_and_antiseptics;fluoroquinolone																																																																																																																																																																									
card	staphylococcus_capitis	GCF_015243435.1	results/abricate_extra/card/staphylococcus_capitis_GCF_015243435.1_card.tsv					+			===============	0/0	99.77		card																																																																																																																		data/unzipped_genomes/staphylococcus_capitis/ncbi_dataset/data/GCF_015243435.1/GCF_015243435.1_ASM1524343v1_genomic.fna	NZ_CP042341.1	2105717.0	2106159.0	mgrA	1-443/444	88.04	BA000018.3:735860-735416	MgrA also known as NorR is a regulator for norA norB and tet38. It is a positive regulator for norA expression but is a direct repressor for norB and an indirect repressor of tet38.	cephalosporin;disinfecting_agents_and_antiseptics;fluoroquinolone;moenomycin;penicillin_beta-lactam;peptide;tetracycline																																																																																																																																																																									
card	staphylococcus_capitis	GCF_020883475.1	results/abricate_extra/card/staphylococcus_capitis_GCF_020883475.1_card.tsv								===============	0/0	100.0		card								-																																																																															100.0															lincosamide;macrolide;streptogramin;streptogramin_A;streptogramin_B																						data/unzipped_genomes/staphylococcus_capitis/ncbi_dataset/data/GCF_020883475.1/GCF_020883475.1_ASM2088347v1_genomic.fna	NZ_CP086659.1	109244.0	109975.0	ErmA	1-732/732	X03216.1:5282-4550	ErmA confers the MLSb phenotype. Similar to ErmC Expression of ErmA is inducible by erythromycin. The leader peptide causes attenuation of the mRNA and stabilizes the structure preventing further translation. When erythromycin is present it binds the leader peptide causing a change in conformation allowing for the expression of ErmA.																																																																																																																																																																	
card	staphylococcus_capitis	GCF_020883475.1	results/abricate_extra/card/staphylococcus_capitis_GCF_020883475.1_card.tsv								===============	0/0	100.0		card								-																																																																															100.0															penicillin_beta-lactam																						data/unzipped_genomes/staphylococcus_capitis/ncbi_dataset/data/GCF_020883475.1/GCF_020883475.1_ASM2088347v1_genomic.fna	NZ_CP086659.1	116686.0	117057.0	mecI	1-372/372	BA000018.3:48893-49265	mecI acts as a repressor of transcription of the mecA/mecR1/mecI operon.																																																																																																																																																																	
card	staphylococcus_capitis	GCF_020883475.1	results/abricate_extra/card/staphylococcus_capitis_GCF_020883475.1_card.tsv								===============	0/0	100.0		card								-																																																																															99.94															penicillin_beta-lactam																						data/unzipped_genomes/staphylococcus_capitis/ncbi_dataset/data/GCF_020883475.1/GCF_020883475.1_ASM2088347v1_genomic.fna	NZ_CP086659.1	117057.0	118814.0	mecR1	1-1758/1758	CP000703.1:40848-42606	mecR1 is a transmembrane spanning and signal transducing protein which in response to interaction with beta-lactam antibiotics results in upregulation of the mecA/mecR1/mecI operon.																																																																																																																																																																	
card	staphylococcus_capitis	GCF_020883475.1	results/abricate_extra/card/staphylococcus_capitis_GCF_020883475.1_card.tsv								===============	0/0	100.0		card								+																																																																															99.9															penicillin_beta-lactam																						data/unzipped_genomes/staphylococcus_capitis/ncbi_dataset/data/GCF_020883475.1/GCF_020883475.1_ASM2088347v1_genomic.fna	NZ_CP086659.1	118914.0	120920.0	mecA	1-2007/2007	KC243783.1:0-2007	A foreign PBP2a acquired by lateral gene transfer that is able to perform peptidoglycan synthesis in the presence of beta-lactams.																																																																																																																																																																	
card	staphylococcus_capitis	GCF_020883475.1	results/abricate_extra/card/staphylococcus_capitis_GCF_020883475.1_card.tsv								===============	0/0	100.0		card								+																																																																															99.87															aminoglycoside																						data/unzipped_genomes/staphylococcus_capitis/ncbi_dataset/data/GCF_020883475.1/GCF_020883475.1_ASM2088347v1_genomic.fna	NZ_CP086659.1	124292.0	125053.0	ANT(4')-Ia	1-762/762	K02551.1:240-1002	ANT(4')-Ia is a plasmid-encoded aminoglycoside nucleotidyltransferase in S. epidermidis S. aureus Enterococcus spp. and Bacillus spp.																																																																																																																																																																	
card	staphylococcus_capitis	GCF_020883475.1	results/abricate_extra/card/staphylococcus_capitis_GCF_020883475.1_card.tsv								===============	0/0	100.0		card								+																																																																															98.97															diaminopyrimidine																						data/unzipped_genomes/staphylococcus_capitis/ncbi_dataset/data/GCF_020883475.1/GCF_020883475.1_ASM2088347v1_genomic.fna	NZ_CP086659.1	953179.0	953664.0	dfrC	1-486/486	AE015929.1:1129419-1128933	dfrC is a chromosome-encoded dihydrofolate reductase found in Staphylococcus aureus.																																																																																																																																																																	
card	staphylococcus_capitis	GCF_020883475.1	results/abricate_extra/card/staphylococcus_capitis_GCF_020883475.1_card.tsv								===============	0/0	100.0		card								+																																																																															100.0															aminoglycoside																						data/unzipped_genomes/staphylococcus_capitis/ncbi_dataset/data/GCF_020883475.1/GCF_020883475.1_ASM2088347v1_genomic.fna	NZ_CP086659.1	1329442.0	1330224.0	ANT(9)-Ia	1-783/783	X02588.1:330-1113	ANT(9)-Ia is an aminoglycoside nucleotidyltransferase encoded by plasmids and transposons in S. aureus Enterococcus spp. Mammaliicoccus sciuri and E. faecalis.																																																																																																																																																																	
card	staphylococcus_capitis	GCF_020883475.1	results/abricate_extra/card/staphylococcus_capitis_GCF_020883475.1_card.tsv								===============	0/0	100.0		card								-																																																																															100.0															lincosamide;macrolide;streptogramin;streptogramin_A;streptogramin_B																						data/unzipped_genomes/staphylococcus_capitis/ncbi_dataset/data/GCF_020883475.1/GCF_020883475.1_ASM2088347v1_genomic.fna	NZ_CP086659.1	1330350.0	1331081.0	ErmA	1-732/732	X03216.1:5282-4550	ErmA confers the MLSb phenotype. Similar to ErmC Expression of ErmA is inducible by erythromycin. The leader peptide causes attenuation of the mRNA and stabilizes the structure preventing further translation. When erythromycin is present it binds the leader peptide causing a change in conformation allowing for the expression of ErmA.																																																																																																																																																																	
card	staphylococcus_capitis	GCF_020883475.1	results/abricate_extra/card/staphylococcus_capitis_GCF_020883475.1_card.tsv								===============	0/0	97.08		card								-																																																																															80.44															disinfecting_agents_and_antiseptics;fluoroquinolone																						data/unzipped_genomes/staphylococcus_capitis/ncbi_dataset/data/GCF_020883475.1/GCF_020883475.1_ASM2088347v1_genomic.fna	NZ_CP086659.1	2211056.0	2212185.0	norA	1-1130/1164	AY566250.1:391-1555	NorA is a multidrug efflux pump in Staphylococcus aureus that confers resistance to fluoroquinolones and other structurally unrelated antibiotics like acriflavine. It shares 30% similarity with NorA and is a structural homolog of Bmr of Bacillus subtilis. It is regulated by arlRS and mgrA the latter also known as NorR.																																																																																																																																																																	
card	staphylococcus_capitis	GCF_020883475.1	results/abricate_extra/card/staphylococcus_capitis_GCF_020883475.1_card.tsv								===============	0/0	99.77		card								+																																																																															88.04															cephalosporin;disinfecting_agents_and_antiseptics;fluoroquinolone;moenomycin;penicillin_beta-lactam;peptide;tetracycline																						data/unzipped_genomes/staphylococcus_capitis/ncbi_dataset/data/GCF_020883475.1/GCF_020883475.1_ASM2088347v1_genomic.fna	NZ_CP086659.1	2219784.0	2220226.0	mgrA	1-443/444	BA000018.3:735860-735416	MgrA also known as NorR is a regulator for norA norB and tet38. It is a positive regulator for norA expression but is a direct repressor for norB and an indirect repressor of tet38.																																																																																																																																																																	
card	staphylococcus_epidermidis	GCF_000759555.1	results/abricate_extra/card/staphylococcus_epidermidis_GCF_000759555.1_card.tsv					-			===============	0/0	100.0		card																																																																																																																																				data/unzipped_genomes/staphylococcus_epidermidis/ncbi_dataset/data/GCF_000759555.1/GCF_000759555.1_ASM75955v1_genomic.fna	NZ_CP009046.1	1854982.0	1855425.0	mgrA	1-444/444	88.51	BA000018.3:735860-735416	MgrA also known as NorR is a regulator for norA norB and tet38. It is a positive regulator for norA expression but is a direct repressor for norB and an indirect repressor of tet38.	cephalosporin;disinfecting_agents_and_antiseptics;fluoroquinolone;moenomycin;penicillin_beta-lactam;peptide;tetracycline																																																																																																																																																							
card	staphylococcus_epidermidis	GCF_000759555.1	results/abricate_extra/card/staphylococcus_epidermidis_GCF_000759555.1_card.tsv					+			===============	0/0	100.0		card																																																																																																																																				data/unzipped_genomes/staphylococcus_epidermidis/ncbi_dataset/data/GCF_000759555.1/GCF_000759555.1_ASM75955v1_genomic.fna	NZ_CP009046.1	1862550.0	1863713.0	norA	1-1164/1164	100.0	AY566250.1:391-1555	NorA is a multidrug efflux pump in Staphylococcus aureus that confers resistance to fluoroquinolones and other structurally unrelated antibiotics like acriflavine. It shares 30% similarity with NorA and is a structural homolog of Bmr of Bacillus subtilis. It is regulated by arlRS and mgrA the latter also known as NorR.	disinfecting_agents_and_antiseptics;fluoroquinolone																																																																																																																																																							
card	staphylococcus_epidermidis	GCF_001956655.1	results/abricate_extra/card/staphylococcus_epidermidis_GCF_001956655.1_card.tsv								===============	0/0	100.0		card								+																																																																															96.71																																																							data/unzipped_genomes/staphylococcus_epidermidis/ncbi_dataset/data/GCF_001956655.1/GCF_001956655.1_ASM195665v2_genomic.fna	NZ_CP018842.1	1074087.0	1074572.0	dfrC	1-486/486	AE015929.1:1129419-1128933	dfrC is a chromosome-encoded dihydrofolate reductase found in Staphylococcus aureus.	diaminopyrimidine																																																																																																																																														
card	staphylococcus_epidermidis	GCF_001956655.1	results/abricate_extra/card/staphylococcus_epidermidis_GCF_001956655.1_card.tsv								===============	0/0	100.0		card								-																																																																															97.59																																																							data/unzipped_genomes/staphylococcus_epidermidis/ncbi_dataset/data/GCF_001956655.1/GCF_001956655.1_ASM195665v2_genomic.fna	NZ_CP018842.1	1815585.0	1816748.0	norA	1-1164/1164	AY566250.1:391-1555	NorA is a multidrug efflux pump in Staphylococcus aureus that confers resistance to fluoroquinolones and other structurally unrelated antibiotics like acriflavine. It shares 30% similarity with NorA and is a structural homolog of Bmr of Bacillus subtilis. It is regulated by arlRS and mgrA the latter also known as NorR.	disinfecting_agents_and_antiseptics;fluoroquinolone																																																																																																																																														
card	staphylococcus_epidermidis	GCF_001956655.1	results/abricate_extra/card/staphylococcus_epidermidis_GCF_001956655.1_card.tsv								===============	0/0	100.0		card								+																																																																															88.29																																																							data/unzipped_genomes/staphylococcus_epidermidis/ncbi_dataset/data/GCF_001956655.1/GCF_001956655.1_ASM195665v2_genomic.fna	NZ_CP018842.1	1823884.0	1824327.0	mgrA	1-444/444	BA000018.3:735860-735416	MgrA also known as NorR is a regulator for norA norB and tet38. It is a positive regulator for norA expression but is a direct repressor for norB and an indirect repressor of tet38.	cephalosporin;disinfecting_agents_and_antiseptics;fluoroquinolone;moenomycin;penicillin_beta-lactam;peptide;tetracycline																																																																																																																																														
card	staphylococcus_epidermidis	GCF_001956655.1	results/abricate_extra/card/staphylococcus_epidermidis_GCF_001956655.1_card.tsv								===============	0/0	100.0		card								-																																																																															99.55																																																							data/unzipped_genomes/staphylococcus_epidermidis/ncbi_dataset/data/GCF_001956655.1/GCF_001956655.1_ASM195665v2_genomic.fna	NZ_CP018843.1	10079.0	11623.0	qacA	1-1545/1545	AB566411.1:0-1545	qacA is a subunit of the qac multidrug efflux pump.	fluoroquinolone																																																																																																																																														
card	staphylococcus_epidermidis	GCF_002085695.1	results/abricate_extra/card/staphylococcus_epidermidis_GCF_002085695.1_card.tsv								===============	0/0	100.0		card								-																																																																																																																																norA	1-1164/1164	100.0	AY566250.1:391-1555	NorA is a multidrug efflux pump in Staphylococcus aureus that confers resistance to fluoroquinolones and other structurally unrelated antibiotics like acriflavine. It shares 30% similarity with NorA and is a structural homolog of Bmr of Bacillus subtilis. It is regulated by arlRS and mgrA the latter also known as NorR.	disinfecting_agents_and_antiseptics;fluoroquinolone										data/unzipped_genomes/staphylococcus_epidermidis/ncbi_dataset/data/GCF_002085695.1/GCF_002085695.1_ASM208569v1_genomic.fna	NZ_CP020463.1	2091950.0	2093113.0																																																																																																																																										
card	staphylococcus_epidermidis	GCF_002085695.1	results/abricate_extra/card/staphylococcus_epidermidis_GCF_002085695.1_card.tsv								===============	0/0	100.0		card								+																																																																																																																																mgrA	1-444/444	88.51	BA000018.3:735860-735416	MgrA also known as NorR is a regulator for norA norB and tet38. It is a positive regulator for norA expression but is a direct repressor for norB and an indirect repressor of tet38.	cephalosporin;disinfecting_agents_and_antiseptics;fluoroquinolone;moenomycin;penicillin_beta-lactam;peptide;tetracycline										data/unzipped_genomes/staphylococcus_epidermidis/ncbi_dataset/data/GCF_002085695.1/GCF_002085695.1_ASM208569v1_genomic.fna	NZ_CP020463.1	2100250.0	2100693.0																																																																																																																																										
card	staphylococcus_epidermidis	GCF_002215535.1	results/abricate_extra/card/staphylococcus_epidermidis_GCF_002215535.1_card.tsv								===============	0/0	100.0		card								-																																																																																																																																fusB	1-642/642		AY047358.1:1710-2352	FusB encodes a 2-domain zinc-binding protein that binds the ribosomal translocase EF-G causing it to dissociate from the ribosome. This action increases the ribosomal turnover rate and confers resistance to fusidic acid. This protein is considered a FusB-type protein.	fusidane														data/unzipped_genomes/staphylococcus_epidermidis/ncbi_dataset/data/GCF_002215535.1/GCF_002215535.1_ASM221553v1_genomic.fna	NZ_CP022247.1	1414727.0	1415368.0	100.0																																																																																																																																					
card	staphylococcus_epidermidis	GCF_002215535.1	results/abricate_extra/card/staphylococcus_epidermidis_GCF_002215535.1_card.tsv								===============	0/0	100.0		card								-																																																																																																																																norA	1-1164/1164		AY566250.1:391-1555	NorA is a multidrug efflux pump in Staphylococcus aureus that confers resistance to fluoroquinolones and other structurally unrelated antibiotics like acriflavine. It shares 30% similarity with NorA and is a structural homolog of Bmr of Bacillus subtilis. It is regulated by arlRS and mgrA the latter also known as NorR.	disinfecting_agents_and_antiseptics;fluoroquinolone														data/unzipped_genomes/staphylococcus_epidermidis/ncbi_dataset/data/GCF_002215535.1/GCF_002215535.1_ASM221553v1_genomic.fna	NZ_CP022247.1	1542776.0	1543939.0	97.59																																																																																																																																					
card	staphylococcus_epidermidis	GCF_002215535.1	results/abricate_extra/card/staphylococcus_epidermidis_GCF_002215535.1_card.tsv								===============	0/0	100.0		card								+																																																																																																																																mgrA	1-444/444		BA000018.3:735860-735416	MgrA also known as NorR is a regulator for norA norB and tet38. It is a positive regulator for norA expression but is a direct repressor for norB and an indirect repressor of tet38.	cephalosporin;disinfecting_agents_and_antiseptics;fluoroquinolone;moenomycin;penicillin_beta-lactam;peptide;tetracycline														data/unzipped_genomes/staphylococcus_epidermidis/ncbi_dataset/data/GCF_002215535.1/GCF_002215535.1_ASM221553v1_genomic.fna	NZ_CP022247.1	1551076.0	1551519.0	88.29																																																																																																																																					
card	staphylococcus_epidermidis	GCF_002215535.1	results/abricate_extra/card/staphylococcus_epidermidis_GCF_002215535.1_card.tsv								===============	0/0	100.0		card								-																																																																																																																																qacA	1-1545/1545		AB566411.1:0-1545	qacA is a subunit of the qac multidrug efflux pump.	fluoroquinolone														data/unzipped_genomes/staphylococcus_epidermidis/ncbi_dataset/data/GCF_002215535.1/GCF_002215535.1_ASM221553v1_genomic.fna	NZ_CP022250.1	2674.0	4218.0	99.94																																																																																																																																					
card	staphylococcus_epidermidis	GCF_002215535.1	results/abricate_extra/card/staphylococcus_epidermidis_GCF_002215535.1_card.tsv								===============	0/0	100.0		card								+																																																																																																																																PC1	1-846/846		X04121.1:139-985	BlaZ family penicillin-hydrolyzing class A beta-lactamase PC1.	penicillin_beta-lactam														data/unzipped_genomes/staphylococcus_epidermidis/ncbi_dataset/data/GCF_002215535.1/GCF_002215535.1_ASM221553v1_genomic.fna	NZ_CP022250.1	8982.0	9827.0	98.11																																																																																																																																					
card	staphylococcus_epidermidis	GCF_002215535.1	results/abricate_extra/card/staphylococcus_epidermidis_GCF_002215535.1_card.tsv								===============	0/0	100.0		card								-																																																																																																																																vgaA	1-1569/1569		M90056.1:908-2477	vgaA is an ABC-F subfamily protein expressed in staphylococci that confers resistance to streptogramin A antibiotics and related compounds. It is associated with plasmid DNA.	lincosamide;pleuromutilin;streptogramin;streptogramin_A														data/unzipped_genomes/staphylococcus_epidermidis/ncbi_dataset/data/GCF_002215535.1/GCF_002215535.1_ASM221553v1_genomic.fna	NZ_CP022251.1	640.0	2208.0	99.43																																																																																																																																					
card	staphylococcus_epidermidis	GCF_006094375.1	results/abricate_extra/card/staphylococcus_epidermidis_GCF_006094375.1_card.tsv					+			===============	0/0	100.0		card																																																																																																																																																																data/unzipped_genomes/staphylococcus_epidermidis/ncbi_dataset/data/GCF_006094375.1/GCF_006094375.1_ASM609437v1_genomic.fna	NZ_CP035288.1	1450672.0	1451157.0	dfrC	1-486/486	100.0	AE015929.1:1129419-1128933	dfrC is a chromosome-encoded dihydrofolate reductase found in Staphylococcus aureus.	diaminopyrimidine																																																																																																																											
card	staphylococcus_epidermidis	GCF_006094375.1	results/abricate_extra/card/staphylococcus_epidermidis_GCF_006094375.1_card.tsv					-			===============	0/0	100.0		card																																																																																																																																																																data/unzipped_genomes/staphylococcus_epidermidis/ncbi_dataset/data/GCF_006094375.1/GCF_006094375.1_ASM609437v1_genomic.fna	NZ_CP035288.1	2110842.0	2112005.0	norA	1-1164/1164	100.0	AY566250.1:391-1555	NorA is a multidrug efflux pump in Staphylococcus aureus that confers resistance to fluoroquinolones and other structurally unrelated antibiotics like acriflavine. It shares 30% similarity with NorA and is a structural homolog of Bmr of Bacillus subtilis. It is regulated by arlRS and mgrA the latter also known as NorR.	disinfecting_agents_and_antiseptics;fluoroquinolone																																																																																																																											
card	staphylococcus_epidermidis	GCF_006094375.1	results/abricate_extra/card/staphylococcus_epidermidis_GCF_006094375.1_card.tsv					+			===============	0/0	100.0		card																																																																																																																																																																data/unzipped_genomes/staphylococcus_epidermidis/ncbi_dataset/data/GCF_006094375.1/GCF_006094375.1_ASM609437v1_genomic.fna	NZ_CP035288.1	2119140.0	2119583.0	mgrA	1-444/444	88.51	BA000018.3:735860-735416	MgrA also known as NorR is a regulator for norA norB and tet38. It is a positive regulator for norA expression but is a direct repressor for norB and an indirect repressor of tet38.	cephalosporin;disinfecting_agents_and_antiseptics;fluoroquinolone;moenomycin;penicillin_beta-lactam;peptide;tetracycline																																																																																																																											
card	staphylococcus_epidermidis	GCF_006094375.1	results/abricate_extra/card/staphylococcus_epidermidis_GCF_006094375.1_card.tsv					-			...============	0/0	74.13		card																																																																																																																																																																data/unzipped_genomes/staphylococcus_epidermidis/ncbi_dataset/data/GCF_006094375.1/GCF_006094375.1_ASM609437v1_genomic.fna	NZ_CP035290.1	3417.0	4439.0	tet(K)	358-1380/1380	100.0	S67449.1:0-1380	TetK is a tetracycline efflux protein found in both Gram-negative (Haemophilus and Gallibacterium) and Gram-positive (many species including mycobacteria) bacteria.	tetracycline																																																																																																																											
card	staphylococcus_haemolyticus	GCF_001611955.1	results/abricate_extra/card/staphylococcus_haemolyticus_GCF_001611955.1_card.tsv					+			===============	0/0			card																																																																																																																																																																										data/unzipped_genomes/staphylococcus_haemolyticus/ncbi_dataset/data/GCF_001611955.1/GCF_001611955.1_ASM161195v1_genomic.fna	NZ_CP013911.1	2511891.0	2513897.0	mecA	1-2007/2007	100.0	99.9	KC243783.1:0-2007	A foreign PBP2a acquired by lateral gene transfer that is able to perform peptidoglycan synthesis in the presence of beta-lactams.	penicillin_beta-lactam																																																																																																																
card	staphylococcus_haemolyticus	GCF_001611955.1	results/abricate_extra/card/staphylococcus_haemolyticus_GCF_001611955.1_card.tsv					-			===============	0/0			card																																																																																																																																																																										data/unzipped_genomes/staphylococcus_haemolyticus/ncbi_dataset/data/GCF_001611955.1/GCF_001611955.1_ASM161195v1_genomic.fna	NZ_CP013912.1	2762.0	3607.0	PC1	1-846/846	100.0	99.41	X04121.1:139-985	BlaZ family penicillin-hydrolyzing class A beta-lactamase PC1.	penicillin_beta-lactam																																																																																																																
card	staphylococcus_haemolyticus	GCF_002906595.1	results/abricate_extra/card/staphylococcus_haemolyticus_GCF_002906595.1_card.tsv								===============	0/0	100.0		card								-																																																																																																																																																																	diaminopyrimidine												data/unzipped_genomes/staphylococcus_haemolyticus/ncbi_dataset/data/GCF_002906595.1/GCF_002906595.1_ASM290659v1_genomic.fna	NZ_CP024809.1	1184546.0	1185043.0	dfrG	1-498/498	100.0	AB205645.1:1012-1510	dfrG is a plasmid-encoded dihydrofolate reductase found in Staphylococcus aureus.																																																																																																							
card	staphylococcus_haemolyticus	GCF_002906595.1	results/abricate_extra/card/staphylococcus_haemolyticus_GCF_002906595.1_card.tsv								===============	0/0	100.0		card								-																																																																																																																																																																	aminoglycoside												data/unzipped_genomes/staphylococcus_haemolyticus/ncbi_dataset/data/GCF_002906595.1/GCF_002906595.1_ASM290659v1_genomic.fna	NZ_CP024809.1	1678136.0	1679575.0	AAC(6')-Ie-APH(2'')-Ia_bifunctional_protein	1-1440/1440	100.0	GU565967.1:26419-24979	AAC(6')-Ie-APH(2'')-Ia is an aminoglycoside acetyltransferase encoded by plasmids and transposons in S. aureus E. faecalis E. faecium and Staphylococcus warneri.																																																																																																							
card	staphylococcus_haemolyticus	GCF_002906595.1	results/abricate_extra/card/staphylococcus_haemolyticus_GCF_002906595.1_card.tsv								===============	0/0	99.1		card								+																																																																																																																																																																	cephalosporin;disinfecting_agents_and_antiseptics;fluoroquinolone;moenomycin;penicillin_beta-lactam;peptide;tetracycline												data/unzipped_genomes/staphylococcus_haemolyticus/ncbi_dataset/data/GCF_002906595.1/GCF_002906595.1_ASM290659v1_genomic.fna	NZ_CP024809.1	2174972.0	2175411.0	mgrA	1-440/444	81.59	BA000018.3:735860-735416	MgrA also known as NorR is a regulator for norA norB and tet38. It is a positive regulator for norA expression but is a direct repressor for norB and an indirect repressor of tet38.																																																																																																							
card	staphylococcus_haemolyticus	GCF_002906595.1	results/abricate_extra/card/staphylococcus_haemolyticus_GCF_002906595.1_card.tsv								===============	0/0	100.0		card								+																																																																																																																																																																	aminoglycoside												data/unzipped_genomes/staphylococcus_haemolyticus/ncbi_dataset/data/GCF_002906595.1/GCF_002906595.1_ASM290659v1_genomic.fna	NZ_CP024809.1	2266835.0	2268274.0	AAC(6')-Ie-APH(2'')-Ia_bifunctional_protein	1-1440/1440	100.0	GU565967.1:26419-24979	AAC(6')-Ie-APH(2'')-Ia is an aminoglycoside acetyltransferase encoded by plasmids and transposons in S. aureus E. faecalis E. faecium and Staphylococcus warneri.																																																																																																							
card	staphylococcus_haemolyticus	GCF_002906595.1	results/abricate_extra/card/staphylococcus_haemolyticus_GCF_002906595.1_card.tsv								===============	0/0	100.0		card								+																																																																																																																																																																	macrolide;streptogramin;streptogramin_B												data/unzipped_genomes/staphylococcus_haemolyticus/ncbi_dataset/data/GCF_002906595.1/GCF_002906595.1_ASM290659v1_genomic.fna	NZ_CP024809.1	2271833.0	2273299.0	msrA	1-1467/1467	99.05	X52085.1:342-1809	MsrA is an ABC-F subfamily ribosomal protection protein expressed in Staphylococcus species which confers resistance to erythromycin and streptogramin B antibiotics through antibiotic target protection mechanisms. It is associated with plasmid DNA.																																																																																																							
card	staphylococcus_haemolyticus	GCF_002906595.1	results/abricate_extra/card/staphylococcus_haemolyticus_GCF_002906595.1_card.tsv								===============	0/0	100.0		card								+																																																																																																																																																																	macrolide												data/unzipped_genomes/staphylococcus_haemolyticus/ncbi_dataset/data/GCF_002906595.1/GCF_002906595.1_ASM290659v1_genomic.fna	NZ_CP024809.1	2273398.0	2274297.0	mphC	1-900/900	98.44	AB013298.1:2295-3195	The mphC gene was identified from Staphylococcus aureus.  This gene shows similarity to mphB gene from Escherchia coli.																																																																																																							
card	staphylococcus_haemolyticus	GCF_002906595.1	results/abricate_extra/card/staphylococcus_haemolyticus_GCF_002906595.1_card.tsv								===============	0/0	100.0		card								+																																																																																																																																																																	fluoroquinolone												data/unzipped_genomes/staphylococcus_haemolyticus/ncbi_dataset/data/GCF_002906595.1/GCF_002906595.1_ASM290659v1_genomic.fna	NZ_CP024809.1	2276340.0	2277884.0	qacA	1-1545/1545	99.87	AB566411.1:0-1545	qacA is a subunit of the qac multidrug efflux pump.																																																																																																							
card	staphylococcus_haemolyticus	GCF_002906595.1	results/abricate_extra/card/staphylococcus_haemolyticus_GCF_002906595.1_card.tsv								===============	0/0	100.0		card								-																																																																																																																																																																	aminoglycoside												data/unzipped_genomes/staphylococcus_haemolyticus/ncbi_dataset/data/GCF_002906595.1/GCF_002906595.1_ASM290659v1_genomic.fna	NZ_CP024809.1	2503419.0	2504213.0	APH(3')-IIIa	1-795/795	100.0	CP004067.1:52914-53709	APH(3')-IIIa is a plasmid-encoded aminoglycoside phosphotransferase in S. aureus and Enterococcus spp.																																																																																																							
card	staphylococcus_haemolyticus	GCF_002906595.1	results/abricate_extra/card/staphylococcus_haemolyticus_GCF_002906595.1_card.tsv								===============	0/0	100.0		card								-																																																																																																																																																																	nucleoside												data/unzipped_genomes/staphylococcus_haemolyticus/ncbi_dataset/data/GCF_002906595.1/GCF_002906595.1_ASM290659v1_genomic.fna	NZ_CP024809.1	2504306.0	2504848.0	SAT-4	1-543/543	99.63	U01945.1:373-916	SAT-4 is a plasmid-mediated streptothricin acetyltransferase and streptothricin (a nucleoside antibiotic) resistant determinant. Originally described from a Campylobacter coli BE/G4 plasmid gene sequence by Jacob et al 1994.																																																																																																							
card	staphylococcus_haemolyticus	GCF_002906595.1	results/abricate_extra/card/staphylococcus_haemolyticus_GCF_002906595.1_card.tsv								...=====/======	1/1	77.14		card								-																																																																																																																																																																	aminoglycoside												data/unzipped_genomes/staphylococcus_haemolyticus/ncbi_dataset/data/GCF_002906595.1/GCF_002906595.1_ASM290659v1_genomic.fna	NZ_CP024809.1	2504845.0	2505486.0	aad(6)	191-831/831	99.84	AY712687.1:0-831	ANT(6)-Ia/aad(6) is a plasmid-encoded aminoglycoside nucleotidyltransferase gene in E. faecalis and Streptococcus oralis.																																																																																																							
card	staphylococcus_haemolyticus	GCF_002906595.1	results/abricate_extra/card/staphylococcus_haemolyticus_GCF_002906595.1_card.tsv								===============	0/0	100.0		card								-																																																																																																																																																																	penicillin_beta-lactam												data/unzipped_genomes/staphylococcus_haemolyticus/ncbi_dataset/data/GCF_002906595.1/GCF_002906595.1_ASM290659v1_genomic.fna	NZ_CP024809.1	2510043.0	2510888.0	PC1	1-846/846	99.41	X04121.1:139-985	BlaZ family penicillin-hydrolyzing class A beta-lactamase PC1.																																																																																																							
card	staphylococcus_haemolyticus	GCF_002906615.1	results/abricate_extra/card/staphylococcus_haemolyticus_GCF_002906615.1_card.tsv								===============	0/0	100.0		card								-																																																																																																																																																																	diaminopyrimidine														1183549.0	1184046.0	dfrG	1-498/498	100.0	AB205645.1:1012-1510	dfrG is a plasmid-encoded dihydrofolate reductase found in Staphylococcus aureus.	data/unzipped_genomes/staphylococcus_haemolyticus/ncbi_dataset/data/GCF_002906615.1/GCF_002906615.1_ASM290661v1_genomic.fna	NZ_CP025396.1																																																																																																					
card	staphylococcus_haemolyticus	GCF_002906615.1	results/abricate_extra/card/staphylococcus_haemolyticus_GCF_002906615.1_card.tsv								===============	0/0	100.0		card								-																																																																																																																																																																	aminoglycoside														1677139.0	1678578.0	AAC(6')-Ie-APH(2'')-Ia_bifunctional_protein	1-1440/1440	100.0	GU565967.1:26419-24979	AAC(6')-Ie-APH(2'')-Ia is an aminoglycoside acetyltransferase encoded by plasmids and transposons in S. aureus E. faecalis E. faecium and Staphylococcus warneri.	data/unzipped_genomes/staphylococcus_haemolyticus/ncbi_dataset/data/GCF_002906615.1/GCF_002906615.1_ASM290661v1_genomic.fna	NZ_CP025396.1																																																																																																					
card	staphylococcus_haemolyticus	GCF_002906615.1	results/abricate_extra/card/staphylococcus_haemolyticus_GCF_002906615.1_card.tsv								===============	0/0	99.1		card								+																																																																																																																																																																	cephalosporin;disinfecting_agents_and_antiseptics;fluoroquinolone;moenomycin;penicillin_beta-lactam;peptide;tetracycline														2173975.0	2174414.0	mgrA	1-440/444	81.59	BA000018.3:735860-735416	MgrA also known as NorR is a regulator for norA norB and tet38. It is a positive regulator for norA expression but is a direct repressor for norB and an indirect repressor of tet38.	data/unzipped_genomes/staphylococcus_haemolyticus/ncbi_dataset/data/GCF_002906615.1/GCF_002906615.1_ASM290661v1_genomic.fna	NZ_CP025396.1																																																																																																					
card	staphylococcus_haemolyticus	GCF_002906615.1	results/abricate_extra/card/staphylococcus_haemolyticus_GCF_002906615.1_card.tsv								===============	0/0	100.0		card								+																																																																																																																																																																	aminoglycoside														2265838.0	2267277.0	AAC(6')-Ie-APH(2'')-Ia_bifunctional_protein	1-1440/1440	100.0	GU565967.1:26419-24979	AAC(6')-Ie-APH(2'')-Ia is an aminoglycoside acetyltransferase encoded by plasmids and transposons in S. aureus E. faecalis E. faecium and Staphylococcus warneri.	data/unzipped_genomes/staphylococcus_haemolyticus/ncbi_dataset/data/GCF_002906615.1/GCF_002906615.1_ASM290661v1_genomic.fna	NZ_CP025396.1																																																																																																					
card	staphylococcus_haemolyticus	GCF_002906615.1	results/abricate_extra/card/staphylococcus_haemolyticus_GCF_002906615.1_card.tsv								===============	0/0	100.0		card								+																																																																																																																																																																	macrolide;streptogramin;streptogramin_B														2270836.0	2272302.0	msrA	1-1467/1467	99.05	X52085.1:342-1809	MsrA is an ABC-F subfamily ribosomal protection protein expressed in Staphylococcus species which confers resistance to erythromycin and streptogramin B antibiotics through antibiotic target protection mechanisms. It is associated with plasmid DNA.	data/unzipped_genomes/staphylococcus_haemolyticus/ncbi_dataset/data/GCF_002906615.1/GCF_002906615.1_ASM290661v1_genomic.fna	NZ_CP025396.1																																																																																																					
card	staphylococcus_haemolyticus	GCF_002906615.1	results/abricate_extra/card/staphylococcus_haemolyticus_GCF_002906615.1_card.tsv								===============	0/0	100.0		card								+																																																																																																																																																																	macrolide														2272401.0	2273300.0	mphC	1-900/900	98.44	AB013298.1:2295-3195	The mphC gene was identified from Staphylococcus aureus.  This gene shows similarity to mphB gene from Escherchia coli.	data/unzipped_genomes/staphylococcus_haemolyticus/ncbi_dataset/data/GCF_002906615.1/GCF_002906615.1_ASM290661v1_genomic.fna	NZ_CP025396.1																																																																																																					
card	staphylococcus_haemolyticus	GCF_002906615.1	results/abricate_extra/card/staphylococcus_haemolyticus_GCF_002906615.1_card.tsv								===============	0/0	100.0		card								+																																																																																																																																																																	fluoroquinolone														2275343.0	2276887.0	qacA	1-1545/1545	99.87	AB566411.1:0-1545	qacA is a subunit of the qac multidrug efflux pump.	data/unzipped_genomes/staphylococcus_haemolyticus/ncbi_dataset/data/GCF_002906615.1/GCF_002906615.1_ASM290661v1_genomic.fna	NZ_CP025396.1																																																																																																					
card	staphylococcus_haemolyticus	GCF_002906615.1	results/abricate_extra/card/staphylococcus_haemolyticus_GCF_002906615.1_card.tsv								===============	0/0	100.0		card								-																																																																																																																																																																	aminoglycoside														2502854.0	2503648.0	APH(3')-IIIa	1-795/795	100.0	CP004067.1:52914-53709	APH(3')-IIIa is a plasmid-encoded aminoglycoside phosphotransferase in S. aureus and Enterococcus spp.	data/unzipped_genomes/staphylococcus_haemolyticus/ncbi_dataset/data/GCF_002906615.1/GCF_002906615.1_ASM290661v1_genomic.fna	NZ_CP025396.1																																																																																																					
card	staphylococcus_haemolyticus	GCF_002906615.1	results/abricate_extra/card/staphylococcus_haemolyticus_GCF_002906615.1_card.tsv								===============	0/0	100.0		card								-																																																																																																																																																																	nucleoside														2503741.0	2504283.0	SAT-4	1-543/543	99.63	U01945.1:373-916	SAT-4 is a plasmid-mediated streptothricin acetyltransferase and streptothricin (a nucleoside antibiotic) resistant determinant. Originally described from a Campylobacter coli BE/G4 plasmid gene sequence by Jacob et al 1994.	data/unzipped_genomes/staphylococcus_haemolyticus/ncbi_dataset/data/GCF_002906615.1/GCF_002906615.1_ASM290661v1_genomic.fna	NZ_CP025396.1																																																																																																					
card	staphylococcus_haemolyticus	GCF_002906615.1	results/abricate_extra/card/staphylococcus_haemolyticus_GCF_002906615.1_card.tsv								...=====/======	1/1	77.14		card								-																																																																																																																																																																	aminoglycoside														2504280.0	2504921.0	aad(6)	191-831/831	99.84	AY712687.1:0-831	ANT(6)-Ia/aad(6) is a plasmid-encoded aminoglycoside nucleotidyltransferase gene in E. faecalis and Streptococcus oralis.	data/unzipped_genomes/staphylococcus_haemolyticus/ncbi_dataset/data/GCF_002906615.1/GCF_002906615.1_ASM290661v1_genomic.fna	NZ_CP025396.1																																																																																																					
card	staphylococcus_haemolyticus	GCF_002906615.1	results/abricate_extra/card/staphylococcus_haemolyticus_GCF_002906615.1_card.tsv								===============	0/0	100.0		card								-																																																																																																																																																																	penicillin_beta-lactam														2509478.0	2510323.0	PC1	1-846/846	99.41	X04121.1:139-985	BlaZ family penicillin-hydrolyzing class A beta-lactamase PC1.	data/unzipped_genomes/staphylococcus_haemolyticus/ncbi_dataset/data/GCF_002906615.1/GCF_002906615.1_ASM290661v1_genomic.fna	NZ_CP025396.1																																																																																																					
card	staphylococcus_haemolyticus	GCF_002952715.2	results/abricate_extra/card/staphylococcus_haemolyticus_GCF_002952715.2_card.tsv					+			===============	0/0	100.0		card																penicillin_beta-lactam																																																																							99.85																																																																																																									data/unzipped_genomes/staphylococcus_haemolyticus/ncbi_dataset/data/GCF_002952715.2/GCF_002952715.2_ASM295271v2_genomic.fna	NZ_CP025031.1	879415.0	881421.0	mecA	1-2007/2007	KC243783.1:0-2007	A foreign PBP2a acquired by lateral gene transfer that is able to perform peptidoglycan synthesis in the presence of beta-lactams.																																																																																													
card	staphylococcus_haemolyticus	GCF_002952715.2	results/abricate_extra/card/staphylococcus_haemolyticus_GCF_002952715.2_card.tsv					-			===============	0/0	100.0		card																aminoglycoside																																																																							100.0																																																																																																									data/unzipped_genomes/staphylococcus_haemolyticus/ncbi_dataset/data/GCF_002952715.2/GCF_002952715.2_ASM295271v2_genomic.fna	NZ_CP025031.1	978231.0	979670.0	AAC(6')-Ie-APH(2'')-Ia_bifunctional_protein	1-1440/1440	GU565967.1:26419-24979	AAC(6')-Ie-APH(2'')-Ia is an aminoglycoside acetyltransferase encoded by plasmids and transposons in S. aureus E. faecalis E. faecium and Staphylococcus warneri.																																																																																													
card	staphylococcus_haemolyticus	GCF_002952715.2	results/abricate_extra/card/staphylococcus_haemolyticus_GCF_002952715.2_card.tsv					+			===============	0/0	100.0		card																penicillin_beta-lactam																																																																							99.41																																																																																																									data/unzipped_genomes/staphylococcus_haemolyticus/ncbi_dataset/data/GCF_002952715.2/GCF_002952715.2_ASM295271v2_genomic.fna	NZ_CP025031.1	990397.0	991242.0	PC1	1-846/846	X04121.1:139-985	BlaZ family penicillin-hydrolyzing class A beta-lactamase PC1.																																																																																													
card	staphylococcus_haemolyticus	GCF_002952715.2	results/abricate_extra/card/staphylococcus_haemolyticus_GCF_002952715.2_card.tsv					-			===============	0/0	99.1		card																cephalosporin;disinfecting_agents_and_antiseptics;fluoroquinolone;moenomycin;penicillin_beta-lactam;peptide;tetracycline																																																																							81.82																																																																																																									data/unzipped_genomes/staphylococcus_haemolyticus/ncbi_dataset/data/GCF_002952715.2/GCF_002952715.2_ASM295271v2_genomic.fna	NZ_CP025031.1	1322006.0	1322445.0	mgrA	1-440/444	BA000018.3:735860-735416	MgrA also known as NorR is a regulator for norA norB and tet38. It is a positive regulator for norA expression but is a direct repressor for norB and an indirect repressor of tet38.																																																																																													
card	staphylococcus_haemolyticus	GCF_002952715.2	results/abricate_extra/card/staphylococcus_haemolyticus_GCF_002952715.2_card.tsv					-			===============	0/0	100.0		card																fluoroquinolone																																																																							99.61																																																																																																									data/unzipped_genomes/staphylococcus_haemolyticus/ncbi_dataset/data/GCF_002952715.2/GCF_002952715.2_ASM295271v2_genomic.fna	NZ_CP025033.1	11492.0	13036.0	qacA	1-1545/1545	AB566411.1:0-1545	qacA is a subunit of the qac multidrug efflux pump.																																																																																													
card	staphylococcus_haemolyticus	GCF_002952715.2	results/abricate_extra/card/staphylococcus_haemolyticus_GCF_002952715.2_card.tsv					-			===============	0/0	100.0		card																macrolide																																																																							98.44																																																																																																									data/unzipped_genomes/staphylococcus_haemolyticus/ncbi_dataset/data/GCF_002952715.2/GCF_002952715.2_ASM295271v2_genomic.fna	NZ_CP025033.1	15083.0	15982.0	mphC	1-900/900	AB013298.1:2295-3195	The mphC gene was identified from Staphylococcus aureus.  This gene shows similarity to mphB gene from Escherchia coli.																																																																																													
card	staphylococcus_haemolyticus	GCF_002952715.2	results/abricate_extra/card/staphylococcus_haemolyticus_GCF_002952715.2_card.tsv					-			===============	0/0	100.0		card																macrolide;streptogramin;streptogramin_B																																																																							99.05																																																																																																									data/unzipped_genomes/staphylococcus_haemolyticus/ncbi_dataset/data/GCF_002952715.2/GCF_002952715.2_ASM295271v2_genomic.fna	NZ_CP025033.1	16081.0	17547.0	msrA	1-1467/1467	X52085.1:342-1809	MsrA is an ABC-F subfamily ribosomal protection protein expressed in Staphylococcus species which confers resistance to erythromycin and streptogramin B antibiotics through antibiotic target protection mechanisms. It is associated with plasmid DNA.																																																																																													
card	staphylococcus_haemolyticus	GCF_002952715.2	results/abricate_extra/card/staphylococcus_haemolyticus_GCF_002952715.2_card.tsv					-			========/======	4/5	99.74		card																fluoroquinolone																																																																							99.35																																																																																																									data/unzipped_genomes/staphylococcus_haemolyticus/ncbi_dataset/data/GCF_002952715.2/GCF_002952715.2_ASM295271v2_genomic.fna	NZ_CP025033.1	38424.0	39965.0	qacA	1-1545/1545	AB566411.1:0-1545	qacA is a subunit of the qac multidrug efflux pump.																																																																																													
card	streptococcus_anginosus	GCF_000831165.1	results/abricate_extra/card/streptococcus_anginosus_GCF_000831165.1_card.tsv								===============	0/0	100.0		card								+																																																																															100.0																																																																																																																	data/unzipped_genomes/streptococcus_anginosus/ncbi_dataset/data/GCF_000831165.1/GCF_000831165.1_ASM83116v1_genomic.fna	NZ_CP007573.1	760823.0	761530.0	vanR_gene_in_vanG_cluster	1-708/708	DQ212986.1:2258-2966	Also known as vanRG is a vanR variant found in the vanG gene cluster.	glycopeptide																																																																																				
card	streptococcus_anginosus	GCF_000831165.1	results/abricate_extra/card/streptococcus_anginosus_GCF_000831165.1_card.tsv								===============	0/0	100.0		card								+																																																																															100.0																																																																																																																	data/unzipped_genomes/streptococcus_anginosus/ncbi_dataset/data/GCF_000831165.1/GCF_000831165.1_ASM83116v1_genomic.fna	NZ_CP007573.1	761544.0	762650.0	vanS_gene_in_vanG_cluster	1-1107/1107	DQ212986.1:2979-4086	Also known as vanSG is a vanS variant found in the vanG gene cluster.	glycopeptide																																																																																				
card	streptococcus_anginosus	GCF_000831165.1	results/abricate_extra/card/streptococcus_anginosus_GCF_000831165.1_card.tsv								===============	0/0	100.0		card								+																																																																															100.0																																																																																																																	data/unzipped_genomes/streptococcus_anginosus/ncbi_dataset/data/GCF_000831165.1/GCF_000831165.1_ASM83116v1_genomic.fna	NZ_CP007573.1	762787.0	763626.0	vanY_gene_in_vanG_cluster	1-840/840	DQ212986.1:4222-5062	Also known as vanYG is a vanY variant found in the vanG gene cluster.	glycopeptide																																																																																				
card	streptococcus_anginosus	GCF_000831165.1	results/abricate_extra/card/streptococcus_anginosus_GCF_000831165.1_card.tsv								===============	0/0	100.0		card								+																																																																															100.0																																																																																																																	data/unzipped_genomes/streptococcus_anginosus/ncbi_dataset/data/GCF_000831165.1/GCF_000831165.1_ASM83116v1_genomic.fna	NZ_CP007573.1	763702.0	764547.0	vanW_gene_in_vanG_cluster	1-846/846	DQ212986.1:5137-5983	Also known as vanWG is a vanW variant found in the vanG gene cluster.	glycopeptide																																																																																				
card	streptococcus_anginosus	GCF_000831165.1	results/abricate_extra/card/streptococcus_anginosus_GCF_000831165.1_card.tsv								===============	0/0	100.0		card								+																																																																															100.0																																																																																																																	data/unzipped_genomes/streptococcus_anginosus/ncbi_dataset/data/GCF_000831165.1/GCF_000831165.1_ASM83116v1_genomic.fna	NZ_CP007573.1	764549.0	765598.0	vanG	1-1050/1050	DQ212986.1:5984-7034	VanG is a D-Ala-D-Ala ligase homolog that can synthesize D-Ala-D-Ser an alternative substrate for peptidoglycan synthesis that reduces vancomycin binding affinity in Enterococcus faecalis.	glycopeptide																																																																																				
card	streptococcus_anginosus	GCF_000831165.1	results/abricate_extra/card/streptococcus_anginosus_GCF_000831165.1_card.tsv								===============	0/0	100.0		card								+																																																																															100.0																																																																																																																	data/unzipped_genomes/streptococcus_anginosus/ncbi_dataset/data/GCF_000831165.1/GCF_000831165.1_ASM83116v1_genomic.fna	NZ_CP007573.1	765595.0	766359.0	vanXY_gene_in_vanG_cluster	1-765/765	DQ212986.1:7030-7795	Also known as vanXYG is a vanXY variant found in the vanG gene cluster.	glycopeptide																																																																																				
card	streptococcus_anginosus	GCF_000831165.1	results/abricate_extra/card/streptococcus_anginosus_GCF_000831165.1_card.tsv								===============	0/0	100.0		card								+																																																																															100.0																																																																																																																	data/unzipped_genomes/streptococcus_anginosus/ncbi_dataset/data/GCF_000831165.1/GCF_000831165.1_ASM83116v1_genomic.fna	NZ_CP007573.1	766352.0	768490.0	vanT_gene_in_vanG_cluster	1-2139/2139	DQ212986.1:7787-9926	Also known as vanTG is a vanT variant found in the vanG gene cluster.	glycopeptide																																																																																				
card	streptococcus_anginosus	GCF_000831165.1	results/abricate_extra/card/streptococcus_anginosus_GCF_000831165.1_card.tsv								===============	0/0	100.0		card								+																																																																															100.0																																																																																																																	data/unzipped_genomes/streptococcus_anginosus/ncbi_dataset/data/GCF_000831165.1/GCF_000831165.1_ASM83116v1_genomic.fna	NZ_CP007573.1	787337.0	789256.0	tet(32)	1-1920/1920	EU722333.1:1932-3852	Tet(32) is a tetracycline resistance gene similar to Tet(O) and binds to the ribosome to confer tetracycline resistance as a ribosomal protection protein.	tetracycline																																																																																				
card	streptococcus_anginosus	GCF_000831165.1	results/abricate_extra/card/streptococcus_anginosus_GCF_000831165.1_card.tsv								========/======	1/1	98.68		card								+																																																																															84.29																																																																																																																	data/unzipped_genomes/streptococcus_anginosus/ncbi_dataset/data/GCF_000831165.1/GCF_000831165.1_ASM83116v1_genomic.fna	NZ_CP007573.1	988034.0	989230.0	mef(E)	11-1206/1212	AE007317.1:953382-954594	mef(E) is a proton motive efflux pump in Streptococcus pneumoniae that confers resistance to macrolides. It is found on the same operon as mefA and the ABC-efflux pump mel.	macrolide																																																																																				
card	streptococcus_anginosus	GCF_008726365.3	results/abricate_extra/card/streptococcus_anginosus_GCF_008726365.3_card.tsv					-			===============	0/0	100.0		card																macrolide;streptogramin																																																			1-1218/1218																																																																																																																																														data/unzipped_genomes/streptococcus_anginosus/ncbi_dataset/data/GCF_008726365.3/GCF_008726365.3_ASM872636v3_genomic.fna	NZ_CP136160.1	1350976.0	1352193.0	mel	90.15	AF227521.1:3269-4487	Mel a homolog of MsrA is an ABC-F subfamily protein associated with macrolide resistance. It is expressed on the same operon as mefA and mefE both MFS-type efflux proteins that confer macrolide resistance.																																																																												
card	streptococcus_mitis	GCF_000722765.2	results/abricate_extra/card/streptococcus_mitis_GCF_000722765.2_card.tsv					+			===============	0/0	100.0		card																																																																																																																																																																																																																									data/unzipped_genomes/streptococcus_mitis/ncbi_dataset/data/GCF_000722765.2/GCF_000722765.2_ASM72276v2_genomic.fna	NZ_CP028415.1	177444.0	179138.0	patA	1-1695/1695	94.81	AE005672.3:1984810-1983115	PatA is an ABC transporter of Streptococcus pneumoniae that interacts with PatB to confer fluoroquinolone resistance.	fluoroquinolone																																																																		
card	streptococcus_mitis	GCF_000722765.2	results/abricate_extra/card/streptococcus_mitis_GCF_000722765.2_card.tsv					+			===============	0/0	100.0		card																																																																																																																																																																																																																									data/unzipped_genomes/streptococcus_mitis/ncbi_dataset/data/GCF_000722765.2/GCF_000722765.2_ASM72276v2_genomic.fna	NZ_CP028415.1	179152.0	180918.0	patB	1-1767/1767	93.38	AE005672.3:1982324-1980557	PatB is an ABC transporter of Streptococcus pneumoniae that interacts with PatA to confer fluoroquinolone resistance..	fluoroquinolone																																																																		
card	streptococcus_mitis	GCF_000722765.2	results/abricate_extra/card/streptococcus_mitis_GCF_000722765.2_card.tsv					+			===============	0/0	100.0		card																																																																																																																																																																																																																									data/unzipped_genomes/streptococcus_mitis/ncbi_dataset/data/GCF_000722765.2/GCF_000722765.2_ASM72276v2_genomic.fna	NZ_CP028415.1	800465.0	801664.0	pmrA	1-1200/1200	92.92	AE007317.1:866210-867410	PmrA is a MFS-type efflux pump expressed in Streptococcus pneumoniae that confers low-level resistance to norfloxacin ciprofloxacin and acriflavine.	fluoroquinolone																																																																		
card	streptococcus_mitis	GCF_000722765.2	results/abricate_extra/card/streptococcus_mitis_GCF_000722765.2_card.tsv					-			===============	0/0	100.0		card																																																																																																																																																																																																																									data/unzipped_genomes/streptococcus_mitis/ncbi_dataset/data/GCF_000722765.2/GCF_000722765.2_ASM72276v2_genomic.fna	NZ_CP028415.1	973592.0	974809.0	mel	1-1218/1218	89.9	AF227521.1:3269-4487	Mel a homolog of MsrA is an ABC-F subfamily protein associated with macrolide resistance. It is expressed on the same operon as mefA and mefE both MFS-type efflux proteins that confer macrolide resistance.	macrolide;streptogramin																																																																		
card	streptococcus_mitis	GCF_001281025.1	results/abricate_extra/card/streptococcus_mitis_GCF_001281025.1_card.tsv					-			===============	0/0	100.0		card																																																																																																																											fluoroquinolone																																																																																																								data/unzipped_genomes/streptococcus_mitis/ncbi_dataset/data/GCF_001281025.1/GCF_001281025.1_ASM128102v1_genomic.fna	NZ_CP012646.1	224054.0	225748.0	patA	1-1695/1695	94.04	AE005672.3:1984810-1983115	PatA is an ABC transporter of Streptococcus pneumoniae that interacts with PatB to confer fluoroquinolone resistance.																																																									
card	streptococcus_mitis	GCF_001281025.1	results/abricate_extra/card/streptococcus_mitis_GCF_001281025.1_card.tsv					+			===============	0/0	100.0		card																																																																																																																											lincosamide;macrolide																																																																																																								data/unzipped_genomes/streptococcus_mitis/ncbi_dataset/data/GCF_001281025.1/GCF_001281025.1_ASM128102v1_genomic.fna	NZ_CP012646.1	245349.0	246197.0	RlmA(II)	1-849/849	85.75	CP007593.1:2148923-2149772	RlmA(II) is a methyltransferase found in Streptococcus pneumoniae and confers resistance to tylosin and mycinamicin. Specifically this enzyme adds a methyl group to guanosine 748 (E. coli numbering) of 23S ribosomal RNA.																																																									
card	streptococcus_mitis	GCF_001281025.1	results/abricate_extra/card/streptococcus_mitis_GCF_001281025.1_card.tsv					-			===============	0/0	100.0		card																																																																																																																											fluoroquinolone																																																																																																								data/unzipped_genomes/streptococcus_mitis/ncbi_dataset/data/GCF_001281025.1/GCF_001281025.1_ASM128102v1_genomic.fna	NZ_CP012646.1	1450462.0	1451661.0	pmrA	1-1200/1200	95.08	AE007317.1:866210-867410	PmrA is a MFS-type efflux pump expressed in Streptococcus pneumoniae that confers low-level resistance to norfloxacin ciprofloxacin and acriflavine.																																																									
card	streptococcus_mitis	GCF_009730515.1	results/abricate_extra/card/streptococcus_mitis_GCF_009730515.1_card.tsv					+			===============	0/0	100.0		card																																																																																																																																																																																																																													patA	1-1695/1695		AE005672.3:1984810-1983115	PatA is an ABC transporter of Streptococcus pneumoniae that interacts with PatB to confer fluoroquinolone resistance.	fluoroquinolone										data/unzipped_genomes/streptococcus_mitis/ncbi_dataset/data/GCF_009730515.1/GCF_009730515.1_ASM973051v1_genomic.fna	NZ_CP046335.1	147127.0	148821.0	93.98																																																				
card	streptococcus_mitis	GCF_009730515.1	results/abricate_extra/card/streptococcus_mitis_GCF_009730515.1_card.tsv					+			===============	0/0	100.0		card																																																																																																																																																																																																																													patB	1-1767/1767		AE005672.3:1982324-1980557	PatB is an ABC transporter of Streptococcus pneumoniae that interacts with PatA to confer fluoroquinolone resistance..	fluoroquinolone										data/unzipped_genomes/streptococcus_mitis/ncbi_dataset/data/GCF_009730515.1/GCF_009730515.1_ASM973051v1_genomic.fna	NZ_CP046335.1	148835.0	150601.0	93.38																																																				
card	streptococcus_mitis	GCF_009730515.1	results/abricate_extra/card/streptococcus_mitis_GCF_009730515.1_card.tsv					+			===============	0/0	100.0		card																																																																																																																																																																																																																													pmrA	1-1200/1200		AE007317.1:866210-867410	PmrA is a MFS-type efflux pump expressed in Streptococcus pneumoniae that confers low-level resistance to norfloxacin ciprofloxacin and acriflavine.	fluoroquinolone										data/unzipped_genomes/streptococcus_mitis/ncbi_dataset/data/GCF_009730515.1/GCF_009730515.1_ASM973051v1_genomic.fna	NZ_CP046335.1	798088.0	799287.0	95.58																																																				
card	streptococcus_mitis	GCF_013305725.1	results/abricate_extra/card/streptococcus_mitis_GCF_013305725.1_card.tsv					+			===============	0/0	100.0		card																																																																																																																																																																																																																													patA	1-1695/1695		AE005672.3:1984810-1983115	PatA is an ABC transporter of Streptococcus pneumoniae that interacts with PatB to confer fluoroquinolone resistance.	fluoroquinolone															data/unzipped_genomes/streptococcus_mitis/ncbi_dataset/data/GCF_013305725.1/GCF_013305725.1_ASM1330572v1_genomic.fna	NZ_CP047883.1	150872.0	152566.0	93.81																																															
card	streptococcus_mitis	GCF_013305725.1	results/abricate_extra/card/streptococcus_mitis_GCF_013305725.1_card.tsv					+			===============	0/0	100.0		card																																																																																																																																																																																																																													patB	1-1767/1767		AE005672.3:1982324-1980557	PatB is an ABC transporter of Streptococcus pneumoniae that interacts with PatA to confer fluoroquinolone resistance..	fluoroquinolone															data/unzipped_genomes/streptococcus_mitis/ncbi_dataset/data/GCF_013305725.1/GCF_013305725.1_ASM1330572v1_genomic.fna	NZ_CP047883.1	152580.0	154346.0	94.0																																															
card	streptococcus_mitis	GCF_013305725.1	results/abricate_extra/card/streptococcus_mitis_GCF_013305725.1_card.tsv					+			===============	0/0	100.0		card																																																																																																																																																																																																																													mel	1-1218/1218		AF227521.1:3269-4487	Mel a homolog of MsrA is an ABC-F subfamily protein associated with macrolide resistance. It is expressed on the same operon as mefA and mefE both MFS-type efflux proteins that confer macrolide resistance.	macrolide;streptogramin															data/unzipped_genomes/streptococcus_mitis/ncbi_dataset/data/GCF_013305725.1/GCF_013305725.1_ASM1330572v1_genomic.fna	NZ_CP047883.1	982363.0	983580.0	89.9																																															
card	streptococcus_mitis	GCF_013305725.1	results/abricate_extra/card/streptococcus_mitis_GCF_013305725.1_card.tsv					+			===============	0/0	100.0		card																																																																																																																																																																																																																													tet(M)	1-1920/1920		AB039845.1:25-1945	Tet(M) is a ribosomal protection protein that confers tetracycline resistance. It is found on transposable DNA elements and its horizontal transfer between bacterial species has been documented.	tetracycline															data/unzipped_genomes/streptococcus_mitis/ncbi_dataset/data/GCF_013305725.1/GCF_013305725.1_ASM1330572v1_genomic.fna	NZ_CP047883.1	1005010.0	1006929.0	98.18																																															
card	streptococcus_mitis	GCF_013305725.1	results/abricate_extra/card/streptococcus_mitis_GCF_013305725.1_card.tsv					-			===============	0/0	100.0		card																																																																																																																																																																																																																													pmrA	1-1200/1200		AE007317.1:866210-867410	PmrA is a MFS-type efflux pump expressed in Streptococcus pneumoniae that confers low-level resistance to norfloxacin ciprofloxacin and acriflavine.	fluoroquinolone															data/unzipped_genomes/streptococcus_mitis/ncbi_dataset/data/GCF_013305725.1/GCF_013305725.1_ASM1330572v1_genomic.fna	NZ_CP047883.1	1282946.0	1284145.0	93.33																																															
card	streptococcus_mitis	GCF_018603625.2	results/abricate_extra/card/streptococcus_mitis_GCF_018603625.2_card.tsv					+			===============	0/0	100.0		card																																																																																																																																																																																																																													patA	1-1695/1695		AE005672.3:1984810-1983115	PatA is an ABC transporter of Streptococcus pneumoniae that interacts with PatB to confer fluoroquinolone resistance.	fluoroquinolone																				data/unzipped_genomes/streptococcus_mitis/ncbi_dataset/data/GCF_018603625.2/GCF_018603625.2_ASM1860362v2_genomic.fna	NZ_CP190759.1	200427.0	202121.0	94.04																																										
card	streptococcus_mitis	GCF_018603625.2	results/abricate_extra/card/streptococcus_mitis_GCF_018603625.2_card.tsv					+			===============	0/0	100.0		card																																																																																																																																																																																																																													patB	1-1767/1767		AE005672.3:1982324-1980557	PatB is an ABC transporter of Streptococcus pneumoniae that interacts with PatA to confer fluoroquinolone resistance..	fluoroquinolone																				data/unzipped_genomes/streptococcus_mitis/ncbi_dataset/data/GCF_018603625.2/GCF_018603625.2_ASM1860362v2_genomic.fna	NZ_CP190759.1	202135.0	203901.0	93.61																																										
card	streptococcus_mitis	GCF_018603625.2	results/abricate_extra/card/streptococcus_mitis_GCF_018603625.2_card.tsv					+			===============	0/0	100.0		card																																																																																																																																																																																																																													mel	1-1218/1218		AF227521.1:3269-4487	Mel a homolog of MsrA is an ABC-F subfamily protein associated with macrolide resistance. It is expressed on the same operon as mefA and mefE both MFS-type efflux proteins that confer macrolide resistance.	macrolide;streptogramin																				data/unzipped_genomes/streptococcus_mitis/ncbi_dataset/data/GCF_018603625.2/GCF_018603625.2_ASM1860362v2_genomic.fna	NZ_CP190759.1	934867.0	936084.0	89.9																																										
card	streptococcus_mitis	GCF_018603625.2	results/abricate_extra/card/streptococcus_mitis_GCF_018603625.2_card.tsv					-			===============	0/0	100.0		card																																																																																																																																																																																																																													pmrA	1-1200/1200		AE007317.1:866210-867410	PmrA is a MFS-type efflux pump expressed in Streptococcus pneumoniae that confers low-level resistance to norfloxacin ciprofloxacin and acriflavine.	fluoroquinolone																				data/unzipped_genomes/streptococcus_mitis/ncbi_dataset/data/GCF_018603625.2/GCF_018603625.2_ASM1860362v2_genomic.fna	NZ_CP190759.1	1144363.0	1145562.0	92.17																																										
card	streptococcus_oralis	GCF_001983955.1	results/abricate_extra/card/streptococcus_oralis_GCF_001983955.1_card.tsv								========/======	2/4	99.89		card								-																																																																																																																																																																																																																																																			data/unzipped_genomes/streptococcus_oralis/ncbi_dataset/data/GCF_001983955.1/GCF_001983955.1_ASM198395v1_genomic.fna	NZ_CP019562.1	1814539.0	1816305.0	patB	1-1767/1767	80.61	AE005672.3:1982324-1980557	PatB is an ABC transporter of Streptococcus pneumoniae that interacts with PatA to confer fluoroquinolone resistance..	fluoroquinolone																																
card	streptococcus_oralis	GCF_001983955.1	results/abricate_extra/card/streptococcus_oralis_GCF_001983955.1_card.tsv								===============	0/0	99.29		card								+																																																																																																																																																																																																																																																			data/unzipped_genomes/streptococcus_oralis/ncbi_dataset/data/GCF_001983955.1/GCF_001983955.1_ASM198395v1_genomic.fna	NZ_CP019562.1	1828958.0	1829800.0	RlmA(II)	1-843/849	84.94	CP007593.1:2148923-2149772	RlmA(II) is a methyltransferase found in Streptococcus pneumoniae and confers resistance to tylosin and mycinamicin. Specifically this enzyme adds a methyl group to guanosine 748 (E. coli numbering) of 23S ribosomal RNA.	lincosamide;macrolide																																
card	streptococcus_oralis	GCF_002386345.1	results/abricate_extra/card/streptococcus_oralis_GCF_002386345.1_card.tsv												card								-															===============																																																						0/0																																																																																																																																																																																								data/unzipped_genomes/streptococcus_oralis/ncbi_dataset/data/GCF_002386345.1/GCF_002386345.1_ASM238634v1_genomic.fna	NZ_CP023507.1	940147.0	941364.0	mel	1-1218/1218	100.0	89.9	AF227521.1:3269-4487	Mel a homolog of MsrA is an ABC-F subfamily protein associated with macrolide resistance. It is expressed on the same operon as mefA and mefE both MFS-type efflux proteins that confer macrolide resistance.	macrolide;streptogramin																					
card	streptococcus_oralis	GCF_002386345.1	results/abricate_extra/card/streptococcus_oralis_GCF_002386345.1_card.tsv												card								-															========/======																																																						2/2																																																																																																																																																																																								data/unzipped_genomes/streptococcus_oralis/ncbi_dataset/data/GCF_002386345.1/GCF_002386345.1_ASM238634v1_genomic.fna	NZ_CP023507.1	1993280.0	1994128.0	RlmA(II)	1-849/849	99.88	84.71	CP007593.1:2148923-2149772	RlmA(II) is a methyltransferase found in Streptococcus pneumoniae and confers resistance to tylosin and mycinamicin. Specifically this enzyme adds a methyl group to guanosine 748 (E. coli numbering) of 23S ribosomal RNA.	lincosamide;macrolide																					
card	streptococcus_oralis	GCF_002386345.1	results/abricate_extra/card/streptococcus_oralis_GCF_002386345.1_card.tsv												card								+															===============																																																						0/0																																																																																																																																																																																								data/unzipped_genomes/streptococcus_oralis/ncbi_dataset/data/GCF_002386345.1/GCF_002386345.1_ASM238634v1_genomic.fna	NZ_CP023507.1	2014287.0	2015977.0	patA	1-1691/1695	99.76	80.25	AE005672.3:1984810-1983115	PatA is an ABC transporter of Streptococcus pneumoniae that interacts with PatB to confer fluoroquinolone resistance.	fluoroquinolone																					
card	streptococcus_oralis	GCF_002386345.1	results/abricate_extra/card/streptococcus_oralis_GCF_002386345.1_card.tsv												card								+															========/======																																																						2/4																																																																																																																																																																																								data/unzipped_genomes/streptococcus_oralis/ncbi_dataset/data/GCF_002386345.1/GCF_002386345.1_ASM238634v1_genomic.fna	NZ_CP023507.1	2015995.0	2017761.0	patB	1-1767/1767	99.89	80.95	AE005672.3:1982324-1980557	PatB is an ABC transporter of Streptococcus pneumoniae that interacts with PatA to confer fluoroquinolone resistance..	fluoroquinolone																					
card	streptococcus_oralis	GCF_007475365.1	results/abricate_extra/card/streptococcus_oralis_GCF_007475365.1_card.tsv					-							card																							===============																																																																																																				lincosamide;macrolide																																																																																																																																																					data/unzipped_genomes/streptococcus_oralis/ncbi_dataset/data/GCF_007475365.1/GCF_007475365.1_ASM747536v1_genomic.fna	NZ_CP034442.1	1575675.0	1576517.0	RlmA(II)	1-843/849	0/0	99.29	85.65	CP007593.1:2148923-2149772	RlmA(II) is a methyltransferase found in Streptococcus pneumoniae and confers resistance to tylosin and mycinamicin. Specifically this enzyme adds a methyl group to guanosine 748 (E. coli numbering) of 23S ribosomal RNA.										
card	streptococcus_oralis	GCF_007475365.1	results/abricate_extra/card/streptococcus_oralis_GCF_007475365.1_card.tsv					+							card																							===============																																																																																																				fluoroquinolone																																																																																																																																																					data/unzipped_genomes/streptococcus_oralis/ncbi_dataset/data/GCF_007475365.1/GCF_007475365.1_ASM747536v1_genomic.fna	NZ_CP034442.1	1590454.0	1592144.0	patA	1-1691/1695	0/0	99.76	80.31	AE005672.3:1984810-1983115	PatA is an ABC transporter of Streptococcus pneumoniae that interacts with PatB to confer fluoroquinolone resistance.										
card	streptococcus_oralis	GCF_007475365.1	results/abricate_extra/card/streptococcus_oralis_GCF_007475365.1_card.tsv					+							card																							========/======																																																																																																				fluoroquinolone																																																																																																																																																					data/unzipped_genomes/streptococcus_oralis/ncbi_dataset/data/GCF_007475365.1/GCF_007475365.1_ASM747536v1_genomic.fna	NZ_CP034442.1	1592162.0	1593928.0	patB	1-1767/1767	2/4	99.89	80.84	AE005672.3:1982324-1980557	PatB is an ABC transporter of Streptococcus pneumoniae that interacts with PatA to confer fluoroquinolone resistance..										
card	streptococcus_oralis	GCF_016028175.1	results/abricate_extra/card/streptococcus_oralis_GCF_016028175.1_card.tsv					+							card																							===============	0/0	99.76																																																																																																																																																																																																				patA	1-1691/1695		AE005672.3:1984810-1983115	PatA is an ABC transporter of Streptococcus pneumoniae that interacts with PatB to confer fluoroquinolone resistance.	fluoroquinolone																																																									data/unzipped_genomes/streptococcus_oralis/ncbi_dataset/data/GCF_016028175.1/GCF_016028175.1_ASM1602817v1_genomic.fna	NZ_CP065706.1	328590.0	330280.0	80.13					
card	streptococcus_oralis	GCF_016028175.1	results/abricate_extra/card/streptococcus_oralis_GCF_016028175.1_card.tsv					+							card																							========/======	2/4	99.89																																																																																																																																																																																																				patB	1-1767/1767		AE005672.3:1982324-1980557	PatB is an ABC transporter of Streptococcus pneumoniae that interacts with PatA to confer fluoroquinolone resistance..	fluoroquinolone																																																									data/unzipped_genomes/streptococcus_oralis/ncbi_dataset/data/GCF_016028175.1/GCF_016028175.1_ASM1602817v1_genomic.fna	NZ_CP065706.1	330298.0	332064.0	80.78					
card	streptococcus_oralis	GCF_016028175.1	results/abricate_extra/card/streptococcus_oralis_GCF_016028175.1_card.tsv					+							card																							========/======	2/4	99.25																																																																																																																																																																																																				pmrA	6-1198/1200		AE007317.1:866210-867410	PmrA is a MFS-type efflux pump expressed in Streptococcus pneumoniae that confers low-level resistance to norfloxacin ciprofloxacin and acriflavine.	fluoroquinolone																																																									data/unzipped_genomes/streptococcus_oralis/ncbi_dataset/data/GCF_016028175.1/GCF_016028175.1_ASM1602817v1_genomic.fna	NZ_CP065706.1	963331.0	964523.0	80.67					
card	streptococcus_oralis	GCF_016028175.1	results/abricate_extra/card/streptococcus_oralis_GCF_016028175.1_card.tsv					-							card																							===============	0/0	100.0																																																																																																																																																																																																				mel	1-1218/1218		AF227521.1:3269-4487	Mel a homolog of MsrA is an ABC-F subfamily protein associated with macrolide resistance. It is expressed on the same operon as mefA and mefE both MFS-type efflux proteins that confer macrolide resistance.	macrolide;streptogramin																																																									data/unzipped_genomes/streptococcus_oralis/ncbi_dataset/data/GCF_016028175.1/GCF_016028175.1_ASM1602817v1_genomic.fna	NZ_CP065706.1	1182877.0	1184094.0	89.9					
card	streptococcus_oralis	GCF_016028255.1	results/abricate_extra/card/streptococcus_oralis_GCF_016028255.1_card.tsv					+			===============	0/0	99.76		card																																																																																																																																																																																																																													patA	1-1691/1695		AE005672.3:1984810-1983115	PatA is an ABC transporter of Streptococcus pneumoniae that interacts with PatB to confer fluoroquinolone resistance.	fluoroquinolone																																																														data/unzipped_genomes/streptococcus_oralis/ncbi_dataset/data/GCF_016028255.1/GCF_016028255.1_ASM1602825v1_genomic.fna	NZ_CP065707.1	614985.0	616675.0	80.6
card	streptococcus_oralis	GCF_016028255.1	results/abricate_extra/card/streptococcus_oralis_GCF_016028255.1_card.tsv					+			========/======	2/4	99.83		card																																																																																																																																																																																																																													patB	1-1766/1767		AE005672.3:1982324-1980557	PatB is an ABC transporter of Streptococcus pneumoniae that interacts with PatA to confer fluoroquinolone resistance..	fluoroquinolone																																																														data/unzipped_genomes/streptococcus_oralis/ncbi_dataset/data/GCF_016028255.1/GCF_016028255.1_ASM1602825v1_genomic.fna	NZ_CP065707.1	616693.0	618458.0	80.15
card	streptococcus_oralis	GCF_016028255.1	results/abricate_extra/card/streptococcus_oralis_GCF_016028255.1_card.tsv					+			========/======	2/4	99.67		card																																																																																																																																																																																																																													pmrA	1-1198/1200		AE007317.1:866210-867410	PmrA is a MFS-type efflux pump expressed in Streptococcus pneumoniae that confers low-level resistance to norfloxacin ciprofloxacin and acriflavine.	fluoroquinolone																																																														data/unzipped_genomes/streptococcus_oralis/ncbi_dataset/data/GCF_016028255.1/GCF_016028255.1_ASM1602825v1_genomic.fna	NZ_CP065707.1	1235695.0	1236892.0	80.5
