species_folder	accession	category	target_regex	description	match_count
actinomyces_naeslundii	GCF_016127855.1	biofilm_ica	icaA|icaB|icaC|icaD|icaR	Staphylococcal intercellular adhesion locus	28
actinomyces_naeslundii	GCF_016127855.1	biofilm_accumulation	aap|accumulation-associated protein	Biofilm accumulation-associated protein	777
actinomyces_naeslundii	GCF_016127855.1	adhesion_autolysin	atlE|autolysin	Autolysin-mediated adhesion	27
actinomyces_naeslundii	GCF_016127855.1	adhesion_collagen	cna|collagen adhesin|collagen-binding	Collagen-binding adhesin	15
actinomyces_naeslundii	GCF_016127855.1	adhesion_sdr	sdrC|sdrD|sdrE|serine-aspartate repeat	Serine-aspartate repeat adhesins	15
actinomyces_naeslundii	GCF_016127855.1	biofilm_sasG	sasG	Staphylococcal surface protein G	56
actinomyces_naeslundii	GCF_016127855.1	quorum_agr	agrA|agrB|agrC|agrD	Staphylococcal quorum sensing agr system	107
actinomyces_naeslundii	GCF_016127855.1	regulation_sarA	sarA	Staphylococcal accessory regulator	59
actinomyces_naeslundii	GCF_016127855.1	streptococcus_gtf	gtfB|gtfC|gtfD|glucosyltransferase	Glucosyltransferases	16
actinomyces_naeslundii	GCF_016127855.1	streptococcus_spaP	spaP|pac|antigen I/II	Streptococcal adhesin antigen I/II	109
actinomyces_naeslundii	GCF_016127855.1	competence_com	comC|comD|comE	Competence quorum sensing	3
actinomyces_naeslundii	GCF_016127855.1	regulation_vicRK	vicR|vicK|covR|covS	Two-component biofilm regulation	3
actinomyces_naeslundii	GCF_016127855.1	sortase	srtA|srtC|sortase	Sortase and surface protein anchoring	41
actinomyces_naeslundii	GCF_016127855.1	adhesion_enolase	eno|enolase	Surface-associated enolase	111
actinomyces_naeslundii	GCF_016127855.1	enterococcus_esp	esp|enterococcal surface protein	Enterococcal biofilm surface protein	209
actinomyces_naeslundii	GCF_016127855.1	enterococcus_ace	ace|collagen adhesin	Collagen-binding adhesin	260
actinomyces_naeslundii	GCF_016127855.1	enterococcus_efaA	efaA	Endocarditis-associated antigen	10
actinomyces_naeslundii	GCF_016127855.1	enterococcus_gelE	gelE|gelatinase	Gelatinase	23
actinomyces_naeslundii	GCF_016127855.1	enterococcus_fsr	fsrA|fsrB|fsrC	Enterococcal quorum sensing	14
actinomyces_naeslundii	GCF_016127855.1	enterococcus_ebp	ebpA|ebpB|ebpC	Endocarditis/biofilm pili	2
actinomyces_naeslundii	GCF_016127855.1	pseudomonas_alg	algD|algU|algR	Alginate pathway	130
actinomyces_naeslundii	GCF_016127855.1	pseudomonas_pel	pelA|pelB|pelC|pelD|pelE|pelF|pelG	Pel exopolysaccharide	115
actinomyces_naeslundii	GCF_016127855.1	pseudomonas_psl	pslA|pslB|pslC|pslD|pslE	Psl exopolysaccharide	69
actinomyces_naeslundii	GCF_016127855.1	pseudomonas_las	lasI|lasR	Las quorum sensing	101
actinomyces_naeslundii	GCF_016127855.1	pseudomonas_rhl	rhlI|rhlR	Rhl quorum sensing	23
actinomyces_naeslundii	GCF_016127855.1	pseudomonas_pqs	pqsA|pqsB|pqsC|pqsD|pqsE|pqsR	PQS quorum sensing	25
actinomyces_naeslundii	GCF_016127855.1	pseudomonas_pili	pilA|pilB|pilT|type IV pilus	Type IV pili	30
actinomyces_naeslundii	GCF_016127855.1	pg_fimbriae	fimA|mfa1	Porphyromonas fimbriae	4
actinomyces_naeslundii	GCF_016127855.1	pg_gingipain	rgpA|rgpB|kgp	Gingipain proteases	70
actinomyces_naeslundii	GCF_016127855.1	pg_hagA	hagA	Hemagglutinin adhesin	16
actinomyces_naeslundii	GCF_016127855.1	fn_adhesin	fadA|fap2|radD|fomA	Fusobacterium adhesins	43
actinomyces_naeslundii	GCF_016127855.1	td_virulence	prtP|dentilisin|msp	Treponema denticola virulence	121
actinomyces_naeslundii	GCF_963265035.1	biofilm_ica	icaA|icaB|icaC|icaD|icaR	Staphylococcal intercellular adhesion locus	27
actinomyces_naeslundii	GCF_963265035.1	biofilm_accumulation	aap|accumulation-associated protein	Biofilm accumulation-associated protein	766
actinomyces_naeslundii	GCF_963265035.1	adhesion_autolysin	atlE|autolysin	Autolysin-mediated adhesion	31
actinomyces_naeslundii	GCF_963265035.1	adhesion_fibronectin	fnbA|fnbB|fibronectin	Fibronectin-binding proteins	4
actinomyces_naeslundii	GCF_963265035.1	adhesion_collagen	cna|collagen adhesin|collagen-binding	Collagen-binding adhesin	15
actinomyces_naeslundii	GCF_963265035.1	adhesion_sdr	sdrC|sdrD|sdrE|serine-aspartate repeat	Serine-aspartate repeat adhesins	12
actinomyces_naeslundii	GCF_963265035.1	biofilm_sasG	sasG	Staphylococcal surface protein G	56
actinomyces_naeslundii	GCF_963265035.1	quorum_agr	agrA|agrB|agrC|agrD	Staphylococcal quorum sensing agr system	103
actinomyces_naeslundii	GCF_963265035.1	regulation_sarA	sarA	Staphylococcal accessory regulator	61
actinomyces_naeslundii	GCF_963265035.1	streptococcus_gtf	gtfB|gtfC|gtfD|glucosyltransferase	Glucosyltransferases	17
actinomyces_naeslundii	GCF_963265035.1	streptococcus_spaP	spaP|pac|antigen I/II	Streptococcal adhesin antigen I/II	99
actinomyces_naeslundii	GCF_963265035.1	competence_com	comC|comD|comE	Competence quorum sensing	3
actinomyces_naeslundii	GCF_963265035.1	regulation_vicRK	vicR|vicK|covR|covS	Two-component biofilm regulation	3
actinomyces_naeslundii	GCF_963265035.1	sortase	srtA|srtC|sortase	Sortase and surface protein anchoring	37
actinomyces_naeslundii	GCF_963265035.1	adhesion_enolase	eno|enolase	Surface-associated enolase	113
actinomyces_naeslundii	GCF_963265035.1	adhesion_fbp	fbp|fibronectin-binding	Fibronectin-binding protein	2
actinomyces_naeslundii	GCF_963265035.1	enterococcus_esp	esp|enterococcal surface protein	Enterococcal biofilm surface protein	208
actinomyces_naeslundii	GCF_963265035.1	enterococcus_ace	ace|collagen adhesin	Collagen-binding adhesin	259
actinomyces_naeslundii	GCF_963265035.1	enterococcus_efaA	efaA	Endocarditis-associated antigen	12
actinomyces_naeslundii	GCF_963265035.1	enterococcus_gelE	gelE|gelatinase	Gelatinase	23
actinomyces_naeslundii	GCF_963265035.1	enterococcus_fsr	fsrA|fsrB|fsrC	Enterococcal quorum sensing	14
actinomyces_naeslundii	GCF_963265035.1	enterococcus_ebp	ebpA|ebpB|ebpC	Endocarditis/biofilm pili	2
actinomyces_naeslundii	GCF_963265035.1	pseudomonas_alg	algD|algU|algR	Alginate pathway	134
actinomyces_naeslundii	GCF_963265035.1	pseudomonas_pel	pelA|pelB|pelC|pelD|pelE|pelF|pelG	Pel exopolysaccharide	109
actinomyces_naeslundii	GCF_963265035.1	pseudomonas_psl	pslA|pslB|pslC|pslD|pslE	Psl exopolysaccharide	68
actinomyces_naeslundii	GCF_963265035.1	pseudomonas_las	lasI|lasR	Las quorum sensing	103
actinomyces_naeslundii	GCF_963265035.1	pseudomonas_rhl	rhlI|rhlR	Rhl quorum sensing	23
actinomyces_naeslundii	GCF_963265035.1	pseudomonas_pqs	pqsA|pqsB|pqsC|pqsD|pqsE|pqsR	PQS quorum sensing	23
actinomyces_naeslundii	GCF_963265035.1	pseudomonas_pili	pilA|pilB|pilT|type IV pilus	Type IV pili	28
actinomyces_naeslundii	GCF_963265035.1	pg_fimbriae	fimA|mfa1	Porphyromonas fimbriae	4
actinomyces_naeslundii	GCF_963265035.1	pg_gingipain	rgpA|rgpB|kgp	Gingipain proteases	68
actinomyces_naeslundii	GCF_963265035.1	pg_hagA	hagA	Hemagglutinin adhesin	18
actinomyces_naeslundii	GCF_963265035.1	fn_adhesin	fadA|fap2|radD|fomA	Fusobacterium adhesins	43
actinomyces_naeslundii	GCF_963265035.1	td_virulence	prtP|dentilisin|msp	Treponema denticola virulence	124
actinomyces_naeslundii	GCF_963340285.1	biofilm_ica	icaA|icaB|icaC|icaD|icaR	Staphylococcal intercellular adhesion locus	27
actinomyces_naeslundii	GCF_963340285.1	biofilm_accumulation	aap|accumulation-associated protein	Biofilm accumulation-associated protein	764
actinomyces_naeslundii	GCF_963340285.1	adhesion_autolysin	atlE|autolysin	Autolysin-mediated adhesion	31
actinomyces_naeslundii	GCF_963340285.1	adhesion_fibronectin	fnbA|fnbB|fibronectin	Fibronectin-binding proteins	4
actinomyces_naeslundii	GCF_963340285.1	adhesion_collagen	cna|collagen adhesin|collagen-binding	Collagen-binding adhesin	15
actinomyces_naeslundii	GCF_963340285.1	adhesion_sdr	sdrC|sdrD|sdrE|serine-aspartate repeat	Serine-aspartate repeat adhesins	12
actinomyces_naeslundii	GCF_963340285.1	biofilm_sasG	sasG	Staphylococcal surface protein G	56
actinomyces_naeslundii	GCF_963340285.1	quorum_agr	agrA|agrB|agrC|agrD	Staphylococcal quorum sensing agr system	103
actinomyces_naeslundii	GCF_963340285.1	regulation_sarA	sarA	Staphylococcal accessory regulator	61
actinomyces_naeslundii	GCF_963340285.1	streptococcus_gtf	gtfB|gtfC|gtfD|glucosyltransferase	Glucosyltransferases	17
actinomyces_naeslundii	GCF_963340285.1	streptococcus_spaP	spaP|pac|antigen I/II	Streptococcal adhesin antigen I/II	99
actinomyces_naeslundii	GCF_963340285.1	competence_com	comC|comD|comE	Competence quorum sensing	3
actinomyces_naeslundii	GCF_963340285.1	regulation_vicRK	vicR|vicK|covR|covS	Two-component biofilm regulation	3
actinomyces_naeslundii	GCF_963340285.1	sortase	srtA|srtC|sortase	Sortase and surface protein anchoring	37
actinomyces_naeslundii	GCF_963340285.1	adhesion_enolase	eno|enolase	Surface-associated enolase	113
actinomyces_naeslundii	GCF_963340285.1	adhesion_fbp	fbp|fibronectin-binding	Fibronectin-binding protein	2
actinomyces_naeslundii	GCF_963340285.1	enterococcus_esp	esp|enterococcal surface protein	Enterococcal biofilm surface protein	208
actinomyces_naeslundii	GCF_963340285.1	enterococcus_ace	ace|collagen adhesin	Collagen-binding adhesin	259
actinomyces_naeslundii	GCF_963340285.1	enterococcus_efaA	efaA	Endocarditis-associated antigen	12
actinomyces_naeslundii	GCF_963340285.1	enterococcus_gelE	gelE|gelatinase	Gelatinase	23
actinomyces_naeslundii	GCF_963340285.1	enterococcus_fsr	fsrA|fsrB|fsrC	Enterococcal quorum sensing	14
actinomyces_naeslundii	GCF_963340285.1	enterococcus_ebp	ebpA|ebpB|ebpC	Endocarditis/biofilm pili	2
actinomyces_naeslundii	GCF_963340285.1	pseudomonas_alg	algD|algU|algR	Alginate pathway	134
actinomyces_naeslundii	GCF_963340285.1	pseudomonas_pel	pelA|pelB|pelC|pelD|pelE|pelF|pelG	Pel exopolysaccharide	109
actinomyces_naeslundii	GCF_963340285.1	pseudomonas_psl	pslA|pslB|pslC|pslD|pslE	Psl exopolysaccharide	68
actinomyces_naeslundii	GCF_963340285.1	pseudomonas_las	lasI|lasR	Las quorum sensing	103
actinomyces_naeslundii	GCF_963340285.1	pseudomonas_rhl	rhlI|rhlR	Rhl quorum sensing	23
actinomyces_naeslundii	GCF_963340285.1	pseudomonas_pqs	pqsA|pqsB|pqsC|pqsD|pqsE|pqsR	PQS quorum sensing	23
actinomyces_naeslundii	GCF_963340285.1	pseudomonas_pili	pilA|pilB|pilT|type IV pilus	Type IV pili	28
actinomyces_naeslundii	GCF_963340285.1	pg_fimbriae	fimA|mfa1	Porphyromonas fimbriae	4
actinomyces_naeslundii	GCF_963340285.1	pg_gingipain	rgpA|rgpB|kgp	Gingipain proteases	68
actinomyces_naeslundii	GCF_963340285.1	pg_hagA	hagA	Hemagglutinin adhesin	19
actinomyces_naeslundii	GCF_963340285.1	fn_adhesin	fadA|fap2|radD|fomA	Fusobacterium adhesins	43
actinomyces_naeslundii	GCF_963340285.1	td_virulence	prtP|dentilisin|msp	Treponema denticola virulence	123
actinomyces_naeslundii	GCF_963340415.1	biofilm_ica	icaA|icaB|icaC|icaD|icaR	Staphylococcal intercellular adhesion locus	27
actinomyces_naeslundii	GCF_963340415.1	biofilm_accumulation	aap|accumulation-associated protein	Biofilm accumulation-associated protein	763
actinomyces_naeslundii	GCF_963340415.1	adhesion_autolysin	atlE|autolysin	Autolysin-mediated adhesion	31
actinomyces_naeslundii	GCF_963340415.1	adhesion_fibronectin	fnbA|fnbB|fibronectin	Fibronectin-binding proteins	4
actinomyces_naeslundii	GCF_963340415.1	adhesion_collagen	cna|collagen adhesin|collagen-binding	Collagen-binding adhesin	15
actinomyces_naeslundii	GCF_963340415.1	adhesion_sdr	sdrC|sdrD|sdrE|serine-aspartate repeat	Serine-aspartate repeat adhesins	12
actinomyces_naeslundii	GCF_963340415.1	biofilm_sasG	sasG	Staphylococcal surface protein G	56
actinomyces_naeslundii	GCF_963340415.1	quorum_agr	agrA|agrB|agrC|agrD	Staphylococcal quorum sensing agr system	103
actinomyces_naeslundii	GCF_963340415.1	regulation_sarA	sarA	Staphylococcal accessory regulator	61
actinomyces_naeslundii	GCF_963340415.1	streptococcus_gtf	gtfB|gtfC|gtfD|glucosyltransferase	Glucosyltransferases	17
actinomyces_naeslundii	GCF_963340415.1	streptococcus_spaP	spaP|pac|antigen I/II	Streptococcal adhesin antigen I/II	99
actinomyces_naeslundii	GCF_963340415.1	competence_com	comC|comD|comE	Competence quorum sensing	3
actinomyces_naeslundii	GCF_963340415.1	regulation_vicRK	vicR|vicK|covR|covS	Two-component biofilm regulation	3
actinomyces_naeslundii	GCF_963340415.1	sortase	srtA|srtC|sortase	Sortase and surface protein anchoring	37
actinomyces_naeslundii	GCF_963340415.1	adhesion_enolase	eno|enolase	Surface-associated enolase	113
actinomyces_naeslundii	GCF_963340415.1	adhesion_fbp	fbp|fibronectin-binding	Fibronectin-binding protein	2
actinomyces_naeslundii	GCF_963340415.1	enterococcus_esp	esp|enterococcal surface protein	Enterococcal biofilm surface protein	208
actinomyces_naeslundii	GCF_963340415.1	enterococcus_ace	ace|collagen adhesin	Collagen-binding adhesin	259
actinomyces_naeslundii	GCF_963340415.1	enterococcus_efaA	efaA	Endocarditis-associated antigen	12
actinomyces_naeslundii	GCF_963340415.1	enterococcus_gelE	gelE|gelatinase	Gelatinase	23
actinomyces_naeslundii	GCF_963340415.1	enterococcus_fsr	fsrA|fsrB|fsrC	Enterococcal quorum sensing	14
actinomyces_naeslundii	GCF_963340415.1	enterococcus_ebp	ebpA|ebpB|ebpC	Endocarditis/biofilm pili	2
actinomyces_naeslundii	GCF_963340415.1	pseudomonas_alg	algD|algU|algR	Alginate pathway	134
actinomyces_naeslundii	GCF_963340415.1	pseudomonas_pel	pelA|pelB|pelC|pelD|pelE|pelF|pelG	Pel exopolysaccharide	109
actinomyces_naeslundii	GCF_963340415.1	pseudomonas_psl	pslA|pslB|pslC|pslD|pslE	Psl exopolysaccharide	68
actinomyces_naeslundii	GCF_963340415.1	pseudomonas_las	lasI|lasR	Las quorum sensing	103
actinomyces_naeslundii	GCF_963340415.1	pseudomonas_rhl	rhlI|rhlR	Rhl quorum sensing	23
actinomyces_naeslundii	GCF_963340415.1	pseudomonas_pqs	pqsA|pqsB|pqsC|pqsD|pqsE|pqsR	PQS quorum sensing	23
actinomyces_naeslundii	GCF_963340415.1	pseudomonas_pili	pilA|pilB|pilT|type IV pilus	Type IV pili	28
actinomyces_naeslundii	GCF_963340415.1	pg_fimbriae	fimA|mfa1	Porphyromonas fimbriae	4
actinomyces_naeslundii	GCF_963340415.1	pg_gingipain	rgpA|rgpB|kgp	Gingipain proteases	68
actinomyces_naeslundii	GCF_963340415.1	pg_hagA	hagA	Hemagglutinin adhesin	19
actinomyces_naeslundii	GCF_963340415.1	fn_adhesin	fadA|fap2|radD|fomA	Fusobacterium adhesins	43
actinomyces_naeslundii	GCF_963340415.1	td_virulence	prtP|dentilisin|msp	Treponema denticola virulence	124
corynebacterium_striatum	GCF_002156805.1	biofilm_ica	icaA|icaB|icaC|icaD|icaR	Staphylococcal intercellular adhesion locus	37
corynebacterium_striatum	GCF_002156805.1	biofilm_accumulation	aap|accumulation-associated protein	Biofilm accumulation-associated protein	476
corynebacterium_striatum	GCF_002156805.1	adhesion_autolysin	atlE|autolysin	Autolysin-mediated adhesion	24
corynebacterium_striatum	GCF_002156805.1	adhesion_clumping	clfA|clfB|clumping factor	Clumping factors	4
corynebacterium_striatum	GCF_002156805.1	adhesion_collagen	cna|collagen adhesin|collagen-binding	Collagen-binding adhesin	11
corynebacterium_striatum	GCF_002156805.1	adhesion_sdr	sdrC|sdrD|sdrE|serine-aspartate repeat	Serine-aspartate repeat adhesins	24
corynebacterium_striatum	GCF_002156805.1	biofilm_sasG	sasG	Staphylococcal surface protein G	27
corynebacterium_striatum	GCF_002156805.1	quorum_agr	agrA|agrB|agrC|agrD	Staphylococcal quorum sensing agr system	52
corynebacterium_striatum	GCF_002156805.1	regulation_sarA	sarA	Staphylococcal accessory regulator	42
corynebacterium_striatum	GCF_002156805.1	streptococcus_gtf	gtfB|gtfC|gtfD|glucosyltransferase	Glucosyltransferases	11
corynebacterium_striatum	GCF_002156805.1	streptococcus_spaP	spaP|pac|antigen I/II	Streptococcal adhesin antigen I/II	44
corynebacterium_striatum	GCF_002156805.1	competence_com	comC|comD|comE	Competence quorum sensing	4
corynebacterium_striatum	GCF_002156805.1	regulation_vicRK	vicR|vicK|covR|covS	Two-component biofilm regulation	3
corynebacterium_striatum	GCF_002156805.1	sortase	srtA|srtC|sortase	Sortase and surface protein anchoring	23
corynebacterium_striatum	GCF_002156805.1	adhesion_enolase	eno|enolase	Surface-associated enolase	113
corynebacterium_striatum	GCF_002156805.1	enterococcus_esp	esp|enterococcal surface protein	Enterococcal biofilm surface protein	182
corynebacterium_striatum	GCF_002156805.1	enterococcus_ace	ace|collagen adhesin	Collagen-binding adhesin	303
corynebacterium_striatum	GCF_002156805.1	enterococcus_efaA	efaA	Endocarditis-associated antigen	22
corynebacterium_striatum	GCF_002156805.1	enterococcus_gelE	gelE|gelatinase	Gelatinase	27
corynebacterium_striatum	GCF_002156805.1	enterococcus_fsr	fsrA|fsrB|fsrC	Enterococcal quorum sensing	17
corynebacterium_striatum	GCF_002156805.1	enterococcus_ebp	ebpA|ebpB|ebpC	Endocarditis/biofilm pili	2
corynebacterium_striatum	GCF_002156805.1	pseudomonas_alg	algD|algU|algR	Alginate pathway	89
corynebacterium_striatum	GCF_002156805.1	pseudomonas_pel	pelA|pelB|pelC|pelD|pelE|pelF|pelG	Pel exopolysaccharide	118
corynebacterium_striatum	GCF_002156805.1	pseudomonas_psl	pslA|pslB|pslC|pslD|pslE	Psl exopolysaccharide	35
corynebacterium_striatum	GCF_002156805.1	pseudomonas_las	lasI|lasR	Las quorum sensing	56
corynebacterium_striatum	GCF_002156805.1	pseudomonas_rhl	rhlI|rhlR	Rhl quorum sensing	13
corynebacterium_striatum	GCF_002156805.1	pseudomonas_pqs	pqsA|pqsB|pqsC|pqsD|pqsE|pqsR	PQS quorum sensing	22
corynebacterium_striatum	GCF_002156805.1	pseudomonas_pili	pilA|pilB|pilT|type IV pilus	Type IV pili	33
corynebacterium_striatum	GCF_002156805.1	pg_fimbriae	fimA|mfa1	Porphyromonas fimbriae	2
corynebacterium_striatum	GCF_002156805.1	pg_gingipain	rgpA|rgpB|kgp	Gingipain proteases	79
corynebacterium_striatum	GCF_002156805.1	pg_hagA	hagA	Hemagglutinin adhesin	12
corynebacterium_striatum	GCF_002156805.1	fn_adhesin	fadA|fap2|radD|fomA	Fusobacterium adhesins	46
corynebacterium_striatum	GCF_002156805.1	td_virulence	prtP|dentilisin|msp	Treponema denticola virulence	60
corynebacterium_striatum	GCF_002803965.1	biofilm_ica	icaA|icaB|icaC|icaD|icaR	Staphylococcal intercellular adhesion locus	44
corynebacterium_striatum	GCF_002803965.1	biofilm_accumulation	aap|accumulation-associated protein	Biofilm accumulation-associated protein	509
corynebacterium_striatum	GCF_002803965.1	adhesion_autolysin	atlE|autolysin	Autolysin-mediated adhesion	32
corynebacterium_striatum	GCF_002803965.1	adhesion_clumping	clfA|clfB|clumping factor	Clumping factors	4
corynebacterium_striatum	GCF_002803965.1	adhesion_collagen	cna|collagen adhesin|collagen-binding	Collagen-binding adhesin	9
corynebacterium_striatum	GCF_002803965.1	adhesion_sdr	sdrC|sdrD|sdrE|serine-aspartate repeat	Serine-aspartate repeat adhesins	19
corynebacterium_striatum	GCF_002803965.1	biofilm_sasG	sasG	Staphylococcal surface protein G	25
corynebacterium_striatum	GCF_002803965.1	quorum_agr	agrA|agrB|agrC|agrD	Staphylococcal quorum sensing agr system	51
corynebacterium_striatum	GCF_002803965.1	regulation_sarA	sarA	Staphylococcal accessory regulator	38
corynebacterium_striatum	GCF_002803965.1	streptococcus_gtf	gtfB|gtfC|gtfD|glucosyltransferase	Glucosyltransferases	12
corynebacterium_striatum	GCF_002803965.1	streptococcus_spaP	spaP|pac|antigen I/II	Streptococcal adhesin antigen I/II	49
corynebacterium_striatum	GCF_002803965.1	competence_com	comC|comD|comE	Competence quorum sensing	4
corynebacterium_striatum	GCF_002803965.1	regulation_vicRK	vicR|vicK|covR|covS	Two-component biofilm regulation	2
corynebacterium_striatum	GCF_002803965.1	sortase	srtA|srtC|sortase	Sortase and surface protein anchoring	25
corynebacterium_striatum	GCF_002803965.1	adhesion_enolase	eno|enolase	Surface-associated enolase	120
corynebacterium_striatum	GCF_002803965.1	enterococcus_esp	esp|enterococcal surface protein	Enterococcal biofilm surface protein	167
corynebacterium_striatum	GCF_002803965.1	enterococcus_ace	ace|collagen adhesin	Collagen-binding adhesin	284
corynebacterium_striatum	GCF_002803965.1	enterococcus_efaA	efaA	Endocarditis-associated antigen	25
corynebacterium_striatum	GCF_002803965.1	enterococcus_gelE	gelE|gelatinase	Gelatinase	27
corynebacterium_striatum	GCF_002803965.1	enterococcus_fsr	fsrA|fsrB|fsrC	Enterococcal quorum sensing	18
corynebacterium_striatum	GCF_002803965.1	enterococcus_ebp	ebpA|ebpB|ebpC	Endocarditis/biofilm pili	4
corynebacterium_striatum	GCF_002803965.1	pseudomonas_alg	algD|algU|algR	Alginate pathway	97
corynebacterium_striatum	GCF_002803965.1	pseudomonas_pel	pelA|pelB|pelC|pelD|pelE|pelF|pelG	Pel exopolysaccharide	121
corynebacterium_striatum	GCF_002803965.1	pseudomonas_psl	pslA|pslB|pslC|pslD|pslE	Psl exopolysaccharide	38
corynebacterium_striatum	GCF_002803965.1	pseudomonas_las	lasI|lasR	Las quorum sensing	64
corynebacterium_striatum	GCF_002803965.1	pseudomonas_rhl	rhlI|rhlR	Rhl quorum sensing	16
corynebacterium_striatum	GCF_002803965.1	pseudomonas_pqs	pqsA|pqsB|pqsC|pqsD|pqsE|pqsR	PQS quorum sensing	25
corynebacterium_striatum	GCF_002803965.1	pseudomonas_pili	pilA|pilB|pilT|type IV pilus	Type IV pili	35
corynebacterium_striatum	GCF_002803965.1	pg_fimbriae	fimA|mfa1	Porphyromonas fimbriae	3
corynebacterium_striatum	GCF_002803965.1	pg_gingipain	rgpA|rgpB|kgp	Gingipain proteases	84
corynebacterium_striatum	GCF_002803965.1	pg_hagA	hagA	Hemagglutinin adhesin	12
corynebacterium_striatum	GCF_002803965.1	fn_adhesin	fadA|fap2|radD|fomA	Fusobacterium adhesins	44
corynebacterium_striatum	GCF_002803965.1	td_virulence	prtP|dentilisin|msp	Treponema denticola virulence	60
corynebacterium_striatum	GCF_002804085.1	biofilm_ica	icaA|icaB|icaC|icaD|icaR	Staphylococcal intercellular adhesion locus	45
corynebacterium_striatum	GCF_002804085.1	biofilm_accumulation	aap|accumulation-associated protein	Biofilm accumulation-associated protein	487
corynebacterium_striatum	GCF_002804085.1	adhesion_autolysin	atlE|autolysin	Autolysin-mediated adhesion	31
corynebacterium_striatum	GCF_002804085.1	adhesion_clumping	clfA|clfB|clumping factor	Clumping factors	4
corynebacterium_striatum	GCF_002804085.1	adhesion_collagen	cna|collagen adhesin|collagen-binding	Collagen-binding adhesin	10
corynebacterium_striatum	GCF_002804085.1	adhesion_sdr	sdrC|sdrD|sdrE|serine-aspartate repeat	Serine-aspartate repeat adhesins	21
corynebacterium_striatum	GCF_002804085.1	biofilm_sasG	sasG	Staphylococcal surface protein G	25
corynebacterium_striatum	GCF_002804085.1	quorum_agr	agrA|agrB|agrC|agrD	Staphylococcal quorum sensing agr system	45
corynebacterium_striatum	GCF_002804085.1	regulation_sarA	sarA	Staphylococcal accessory regulator	39
corynebacterium_striatum	GCF_002804085.1	streptococcus_gtf	gtfB|gtfC|gtfD|glucosyltransferase	Glucosyltransferases	11
corynebacterium_striatum	GCF_002804085.1	streptococcus_spaP	spaP|pac|antigen I/II	Streptococcal adhesin antigen I/II	42
corynebacterium_striatum	GCF_002804085.1	competence_com	comC|comD|comE	Competence quorum sensing	4
corynebacterium_striatum	GCF_002804085.1	regulation_vicRK	vicR|vicK|covR|covS	Two-component biofilm regulation	2
corynebacterium_striatum	GCF_002804085.1	sortase	srtA|srtC|sortase	Sortase and surface protein anchoring	26
corynebacterium_striatum	GCF_002804085.1	adhesion_enolase	eno|enolase	Surface-associated enolase	110
corynebacterium_striatum	GCF_002804085.1	enterococcus_esp	esp|enterococcal surface protein	Enterococcal biofilm surface protein	176
corynebacterium_striatum	GCF_002804085.1	enterococcus_ace	ace|collagen adhesin	Collagen-binding adhesin	283
corynebacterium_striatum	GCF_002804085.1	enterococcus_efaA	efaA	Endocarditis-associated antigen	27
corynebacterium_striatum	GCF_002804085.1	enterococcus_gelE	gelE|gelatinase	Gelatinase	27
corynebacterium_striatum	GCF_002804085.1	enterococcus_fsr	fsrA|fsrB|fsrC	Enterococcal quorum sensing	15
corynebacterium_striatum	GCF_002804085.1	enterococcus_ebp	ebpA|ebpB|ebpC	Endocarditis/biofilm pili	4
corynebacterium_striatum	GCF_002804085.1	pseudomonas_alg	algD|algU|algR	Alginate pathway	95
corynebacterium_striatum	GCF_002804085.1	pseudomonas_pel	pelA|pelB|pelC|pelD|pelE|pelF|pelG	Pel exopolysaccharide	121
corynebacterium_striatum	GCF_002804085.1	pseudomonas_psl	pslA|pslB|pslC|pslD|pslE	Psl exopolysaccharide	36
corynebacterium_striatum	GCF_002804085.1	pseudomonas_las	lasI|lasR	Las quorum sensing	59
corynebacterium_striatum	GCF_002804085.1	pseudomonas_rhl	rhlI|rhlR	Rhl quorum sensing	19
corynebacterium_striatum	GCF_002804085.1	pseudomonas_pqs	pqsA|pqsB|pqsC|pqsD|pqsE|pqsR	PQS quorum sensing	23
corynebacterium_striatum	GCF_002804085.1	pseudomonas_pili	pilA|pilB|pilT|type IV pilus	Type IV pili	36
corynebacterium_striatum	GCF_002804085.1	pg_fimbriae	fimA|mfa1	Porphyromonas fimbriae	2
corynebacterium_striatum	GCF_002804085.1	pg_gingipain	rgpA|rgpB|kgp	Gingipain proteases	86
corynebacterium_striatum	GCF_002804085.1	pg_hagA	hagA	Hemagglutinin adhesin	12
corynebacterium_striatum	GCF_002804085.1	fn_adhesin	fadA|fap2|radD|fomA	Fusobacterium adhesins	43
corynebacterium_striatum	GCF_002804085.1	td_virulence	prtP|dentilisin|msp	Treponema denticola virulence	58
corynebacterium_striatum	GCF_016728105.1	biofilm_ica	icaA|icaB|icaC|icaD|icaR	Staphylococcal intercellular adhesion locus	43
corynebacterium_striatum	GCF_016728105.1	biofilm_accumulation	aap|accumulation-associated protein	Biofilm accumulation-associated protein	525
corynebacterium_striatum	GCF_016728105.1	adhesion_autolysin	atlE|autolysin	Autolysin-mediated adhesion	34
corynebacterium_striatum	GCF_016728105.1	adhesion_clumping	clfA|clfB|clumping factor	Clumping factors	4
corynebacterium_striatum	GCF_016728105.1	adhesion_collagen	cna|collagen adhesin|collagen-binding	Collagen-binding adhesin	12
corynebacterium_striatum	GCF_016728105.1	adhesion_sdr	sdrC|sdrD|sdrE|serine-aspartate repeat	Serine-aspartate repeat adhesins	21
corynebacterium_striatum	GCF_016728105.1	biofilm_sasG	sasG	Staphylococcal surface protein G	26
corynebacterium_striatum	GCF_016728105.1	quorum_agr	agrA|agrB|agrC|agrD	Staphylococcal quorum sensing agr system	53
corynebacterium_striatum	GCF_016728105.1	regulation_sarA	sarA	Staphylococcal accessory regulator	36
corynebacterium_striatum	GCF_016728105.1	streptococcus_gtf	gtfB|gtfC|gtfD|glucosyltransferase	Glucosyltransferases	14
corynebacterium_striatum	GCF_016728105.1	streptococcus_spaP	spaP|pac|antigen I/II	Streptococcal adhesin antigen I/II	43
corynebacterium_striatum	GCF_016728105.1	competence_com	comC|comD|comE	Competence quorum sensing	4
corynebacterium_striatum	GCF_016728105.1	regulation_vicRK	vicR|vicK|covR|covS	Two-component biofilm regulation	2
corynebacterium_striatum	GCF_016728105.1	sortase	srtA|srtC|sortase	Sortase and surface protein anchoring	26
corynebacterium_striatum	GCF_016728105.1	adhesion_enolase	eno|enolase	Surface-associated enolase	117
corynebacterium_striatum	GCF_016728105.1	enterococcus_esp	esp|enterococcal surface protein	Enterococcal biofilm surface protein	171
corynebacterium_striatum	GCF_016728105.1	enterococcus_ace	ace|collagen adhesin	Collagen-binding adhesin	305
corynebacterium_striatum	GCF_016728105.1	enterococcus_efaA	efaA	Endocarditis-associated antigen	27
corynebacterium_striatum	GCF_016728105.1	enterococcus_gelE	gelE|gelatinase	Gelatinase	27
corynebacterium_striatum	GCF_016728105.1	enterococcus_fsr	fsrA|fsrB|fsrC	Enterococcal quorum sensing	17
corynebacterium_striatum	GCF_016728105.1	enterococcus_ebp	ebpA|ebpB|ebpC	Endocarditis/biofilm pili	4
corynebacterium_striatum	GCF_016728105.1	pseudomonas_alg	algD|algU|algR	Alginate pathway	94
corynebacterium_striatum	GCF_016728105.1	pseudomonas_pel	pelA|pelB|pelC|pelD|pelE|pelF|pelG	Pel exopolysaccharide	124
corynebacterium_striatum	GCF_016728105.1	pseudomonas_psl	pslA|pslB|pslC|pslD|pslE	Psl exopolysaccharide	38
corynebacterium_striatum	GCF_016728105.1	pseudomonas_las	lasI|lasR	Las quorum sensing	61
corynebacterium_striatum	GCF_016728105.1	pseudomonas_rhl	rhlI|rhlR	Rhl quorum sensing	18
corynebacterium_striatum	GCF_016728105.1	pseudomonas_pqs	pqsA|pqsB|pqsC|pqsD|pqsE|pqsR	PQS quorum sensing	25
corynebacterium_striatum	GCF_016728105.1	pseudomonas_pili	pilA|pilB|pilT|type IV pilus	Type IV pili	34
corynebacterium_striatum	GCF_016728105.1	pg_fimbriae	fimA|mfa1	Porphyromonas fimbriae	2
corynebacterium_striatum	GCF_016728105.1	pg_gingipain	rgpA|rgpB|kgp	Gingipain proteases	81
corynebacterium_striatum	GCF_016728105.1	pg_hagA	hagA	Hemagglutinin adhesin	11
corynebacterium_striatum	GCF_016728105.1	fn_adhesin	fadA|fap2|radD|fomA	Fusobacterium adhesins	44
corynebacterium_striatum	GCF_016728105.1	td_virulence	prtP|dentilisin|msp	Treponema denticola virulence	58
corynebacterium_striatum	GCF_016728205.1	biofilm_ica	icaA|icaB|icaC|icaD|icaR	Staphylococcal intercellular adhesion locus	42
corynebacterium_striatum	GCF_016728205.1	biofilm_accumulation	aap|accumulation-associated protein	Biofilm accumulation-associated protein	484
corynebacterium_striatum	GCF_016728205.1	adhesion_autolysin	atlE|autolysin	Autolysin-mediated adhesion	31
corynebacterium_striatum	GCF_016728205.1	adhesion_clumping	clfA|clfB|clumping factor	Clumping factors	3
corynebacterium_striatum	GCF_016728205.1	adhesion_collagen	cna|collagen adhesin|collagen-binding	Collagen-binding adhesin	9
corynebacterium_striatum	GCF_016728205.1	adhesion_sdr	sdrC|sdrD|sdrE|serine-aspartate repeat	Serine-aspartate repeat adhesins	19
corynebacterium_striatum	GCF_016728205.1	biofilm_sasG	sasG	Staphylococcal surface protein G	21
corynebacterium_striatum	GCF_016728205.1	quorum_agr	agrA|agrB|agrC|agrD	Staphylococcal quorum sensing agr system	49
corynebacterium_striatum	GCF_016728205.1	regulation_sarA	sarA	Staphylococcal accessory regulator	35
corynebacterium_striatum	GCF_016728205.1	streptococcus_gtf	gtfB|gtfC|gtfD|glucosyltransferase	Glucosyltransferases	13
corynebacterium_striatum	GCF_016728205.1	streptococcus_spaP	spaP|pac|antigen I/II	Streptococcal adhesin antigen I/II	42
corynebacterium_striatum	GCF_016728205.1	competence_com	comC|comD|comE	Competence quorum sensing	4
corynebacterium_striatum	GCF_016728205.1	regulation_vicRK	vicR|vicK|covR|covS	Two-component biofilm regulation	2
corynebacterium_striatum	GCF_016728205.1	sortase	srtA|srtC|sortase	Sortase and surface protein anchoring	25
corynebacterium_striatum	GCF_016728205.1	adhesion_enolase	eno|enolase	Surface-associated enolase	109
corynebacterium_striatum	GCF_016728205.1	enterococcus_esp	esp|enterococcal surface protein	Enterococcal biofilm surface protein	166
corynebacterium_striatum	GCF_016728205.1	enterococcus_ace	ace|collagen adhesin	Collagen-binding adhesin	283
corynebacterium_striatum	GCF_016728205.1	enterococcus_efaA	efaA	Endocarditis-associated antigen	21
corynebacterium_striatum	GCF_016728205.1	enterococcus_gelE	gelE|gelatinase	Gelatinase	29
corynebacterium_striatum	GCF_016728205.1	enterococcus_fsr	fsrA|fsrB|fsrC	Enterococcal quorum sensing	16
corynebacterium_striatum	GCF_016728205.1	enterococcus_ebp	ebpA|ebpB|ebpC	Endocarditis/biofilm pili	4
corynebacterium_striatum	GCF_016728205.1	pseudomonas_alg	algD|algU|algR	Alginate pathway	84
corynebacterium_striatum	GCF_016728205.1	pseudomonas_pel	pelA|pelB|pelC|pelD|pelE|pelF|pelG	Pel exopolysaccharide	119
corynebacterium_striatum	GCF_016728205.1	pseudomonas_psl	pslA|pslB|pslC|pslD|pslE	Psl exopolysaccharide	37
corynebacterium_striatum	GCF_016728205.1	pseudomonas_las	lasI|lasR	Las quorum sensing	61
corynebacterium_striatum	GCF_016728205.1	pseudomonas_rhl	rhlI|rhlR	Rhl quorum sensing	12
corynebacterium_striatum	GCF_016728205.1	pseudomonas_pqs	pqsA|pqsB|pqsC|pqsD|pqsE|pqsR	PQS quorum sensing	24
corynebacterium_striatum	GCF_016728205.1	pseudomonas_pili	pilA|pilB|pilT|type IV pilus	Type IV pili	34
corynebacterium_striatum	GCF_016728205.1	pg_fimbriae	fimA|mfa1	Porphyromonas fimbriae	2
corynebacterium_striatum	GCF_016728205.1	pg_gingipain	rgpA|rgpB|kgp	Gingipain proteases	77
corynebacterium_striatum	GCF_016728205.1	pg_hagA	hagA	Hemagglutinin adhesin	14
corynebacterium_striatum	GCF_016728205.1	fn_adhesin	fadA|fap2|radD|fomA	Fusobacterium adhesins	42
corynebacterium_striatum	GCF_016728205.1	td_virulence	prtP|dentilisin|msp	Treponema denticola virulence	53
cutibacterium_acnes	GCF_001281065.1	biofilm_ica	icaA|icaB|icaC|icaD|icaR	Staphylococcal intercellular adhesion locus	28
cutibacterium_acnes	GCF_001281065.1	biofilm_accumulation	aap|accumulation-associated protein	Biofilm accumulation-associated protein	310
cutibacterium_acnes	GCF_001281065.1	adhesion_autolysin	atlE|autolysin	Autolysin-mediated adhesion	12
cutibacterium_acnes	GCF_001281065.1	adhesion_clumping	clfA|clfB|clumping factor	Clumping factors	2
cutibacterium_acnes	GCF_001281065.1	adhesion_collagen	cna|collagen adhesin|collagen-binding	Collagen-binding adhesin	27
cutibacterium_acnes	GCF_001281065.1	adhesion_sdr	sdrC|sdrD|sdrE|serine-aspartate repeat	Serine-aspartate repeat adhesins	16
cutibacterium_acnes	GCF_001281065.1	biofilm_sasG	sasG	Staphylococcal surface protein G	29
cutibacterium_acnes	GCF_001281065.1	quorum_agr	agrA|agrB|agrC|agrD	Staphylococcal quorum sensing agr system	75
cutibacterium_acnes	GCF_001281065.1	regulation_sarA	sarA	Staphylococcal accessory regulator	34
cutibacterium_acnes	GCF_001281065.1	streptococcus_gtf	gtfB|gtfC|gtfD|glucosyltransferase	Glucosyltransferases	17
cutibacterium_acnes	GCF_001281065.1	streptococcus_spaP	spaP|pac|antigen I/II	Streptococcal adhesin antigen I/II	68
cutibacterium_acnes	GCF_001281065.1	competence_com	comC|comD|comE	Competence quorum sensing	2
cutibacterium_acnes	GCF_001281065.1	regulation_vicRK	vicR|vicK|covR|covS	Two-component biofilm regulation	2
cutibacterium_acnes	GCF_001281065.1	sortase	srtA|srtC|sortase	Sortase and surface protein anchoring	25
cutibacterium_acnes	GCF_001281065.1	adhesion_enolase	eno|enolase	Surface-associated enolase	146
cutibacterium_acnes	GCF_001281065.1	enterococcus_esp	esp|enterococcal surface protein	Enterococcal biofilm surface protein	144
cutibacterium_acnes	GCF_001281065.1	enterococcus_ace	ace|collagen adhesin	Collagen-binding adhesin	253
cutibacterium_acnes	GCF_001281065.1	enterococcus_efaA	efaA	Endocarditis-associated antigen	11
cutibacterium_acnes	GCF_001281065.1	enterococcus_gelE	gelE|gelatinase	Gelatinase	15
cutibacterium_acnes	GCF_001281065.1	enterococcus_fsr	fsrA|fsrB|fsrC	Enterococcal quorum sensing	11
cutibacterium_acnes	GCF_001281065.1	pseudomonas_alg	algD|algU|algR	Alginate pathway	77
cutibacterium_acnes	GCF_001281065.1	pseudomonas_pel	pelA|pelB|pelC|pelD|pelE|pelF|pelG	Pel exopolysaccharide	77
cutibacterium_acnes	GCF_001281065.1	pseudomonas_psl	pslA|pslB|pslC|pslD|pslE	Psl exopolysaccharide	39
cutibacterium_acnes	GCF_001281065.1	pseudomonas_las	lasI|lasR	Las quorum sensing	55
cutibacterium_acnes	GCF_001281065.1	pseudomonas_rhl	rhlI|rhlR	Rhl quorum sensing	10
cutibacterium_acnes	GCF_001281065.1	pseudomonas_pqs	pqsA|pqsB|pqsC|pqsD|pqsE|pqsR	PQS quorum sensing	19
cutibacterium_acnes	GCF_001281065.1	pseudomonas_pili	pilA|pilB|pilT|type IV pilus	Type IV pili	38
cutibacterium_acnes	GCF_001281065.1	pg_fimbriae	fimA|mfa1	Porphyromonas fimbriae	3
cutibacterium_acnes	GCF_001281065.1	pg_gingipain	rgpA|rgpB|kgp	Gingipain proteases	70
cutibacterium_acnes	GCF_001281065.1	pg_hagA	hagA	Hemagglutinin adhesin	21
cutibacterium_acnes	GCF_001281065.1	fn_adhesin	fadA|fap2|radD|fomA	Fusobacterium adhesins	34
cutibacterium_acnes	GCF_001281065.1	td_virulence	prtP|dentilisin|msp	Treponema denticola virulence	74
cutibacterium_acnes	GCF_001469565.1	biofilm_ica	icaA|icaB|icaC|icaD|icaR	Staphylococcal intercellular adhesion locus	29
cutibacterium_acnes	GCF_001469565.1	biofilm_accumulation	aap|accumulation-associated protein	Biofilm accumulation-associated protein	337
cutibacterium_acnes	GCF_001469565.1	adhesion_autolysin	atlE|autolysin	Autolysin-mediated adhesion	17
cutibacterium_acnes	GCF_001469565.1	adhesion_fibronectin	fnbA|fnbB|fibronectin	Fibronectin-binding proteins	1
cutibacterium_acnes	GCF_001469565.1	adhesion_clumping	clfA|clfB|clumping factor	Clumping factors	2
cutibacterium_acnes	GCF_001469565.1	adhesion_collagen	cna|collagen adhesin|collagen-binding	Collagen-binding adhesin	29
cutibacterium_acnes	GCF_001469565.1	adhesion_sdr	sdrC|sdrD|sdrE|serine-aspartate repeat	Serine-aspartate repeat adhesins	18
cutibacterium_acnes	GCF_001469565.1	biofilm_sasG	sasG	Staphylococcal surface protein G	33
cutibacterium_acnes	GCF_001469565.1	quorum_agr	agrA|agrB|agrC|agrD	Staphylococcal quorum sensing agr system	76
cutibacterium_acnes	GCF_001469565.1	regulation_sarA	sarA	Staphylococcal accessory regulator	33
cutibacterium_acnes	GCF_001469565.1	streptococcus_gtf	gtfB|gtfC|gtfD|glucosyltransferase	Glucosyltransferases	18
cutibacterium_acnes	GCF_001469565.1	streptococcus_spaP	spaP|pac|antigen I/II	Streptococcal adhesin antigen I/II	65
cutibacterium_acnes	GCF_001469565.1	competence_com	comC|comD|comE	Competence quorum sensing	2
cutibacterium_acnes	GCF_001469565.1	regulation_vicRK	vicR|vicK|covR|covS	Two-component biofilm regulation	2
cutibacterium_acnes	GCF_001469565.1	sortase	srtA|srtC|sortase	Sortase and surface protein anchoring	25
cutibacterium_acnes	GCF_001469565.1	adhesion_enolase	eno|enolase	Surface-associated enolase	161
cutibacterium_acnes	GCF_001469565.1	enterococcus_esp	esp|enterococcal surface protein	Enterococcal biofilm surface protein	155
cutibacterium_acnes	GCF_001469565.1	enterococcus_ace	ace|collagen adhesin	Collagen-binding adhesin	265
cutibacterium_acnes	GCF_001469565.1	enterococcus_efaA	efaA	Endocarditis-associated antigen	14
cutibacterium_acnes	GCF_001469565.1	enterococcus_gelE	gelE|gelatinase	Gelatinase	15
cutibacterium_acnes	GCF_001469565.1	enterococcus_fsr	fsrA|fsrB|fsrC	Enterococcal quorum sensing	9
cutibacterium_acnes	GCF_001469565.1	pseudomonas_alg	algD|algU|algR	Alginate pathway	82
cutibacterium_acnes	GCF_001469565.1	pseudomonas_pel	pelA|pelB|pelC|pelD|pelE|pelF|pelG	Pel exopolysaccharide	75
cutibacterium_acnes	GCF_001469565.1	pseudomonas_psl	pslA|pslB|pslC|pslD|pslE	Psl exopolysaccharide	46
cutibacterium_acnes	GCF_001469565.1	pseudomonas_las	lasI|lasR	Las quorum sensing	60
cutibacterium_acnes	GCF_001469565.1	pseudomonas_rhl	rhlI|rhlR	Rhl quorum sensing	13
cutibacterium_acnes	GCF_001469565.1	pseudomonas_pqs	pqsA|pqsB|pqsC|pqsD|pqsE|pqsR	PQS quorum sensing	22
cutibacterium_acnes	GCF_001469565.1	pseudomonas_pili	pilA|pilB|pilT|type IV pilus	Type IV pili	44
cutibacterium_acnes	GCF_001469565.1	pg_fimbriae	fimA|mfa1	Porphyromonas fimbriae	3
cutibacterium_acnes	GCF_001469565.1	pg_gingipain	rgpA|rgpB|kgp	Gingipain proteases	77
cutibacterium_acnes	GCF_001469565.1	pg_hagA	hagA	Hemagglutinin adhesin	19
cutibacterium_acnes	GCF_001469565.1	fn_adhesin	fadA|fap2|radD|fomA	Fusobacterium adhesins	37
cutibacterium_acnes	GCF_001469565.1	td_virulence	prtP|dentilisin|msp	Treponema denticola virulence	78
cutibacterium_acnes	GCF_001469595.1	biofilm_ica	icaA|icaB|icaC|icaD|icaR	Staphylococcal intercellular adhesion locus	29
cutibacterium_acnes	GCF_001469595.1	biofilm_accumulation	aap|accumulation-associated protein	Biofilm accumulation-associated protein	325
cutibacterium_acnes	GCF_001469595.1	adhesion_autolysin	atlE|autolysin	Autolysin-mediated adhesion	16
cutibacterium_acnes	GCF_001469595.1	adhesion_fibronectin	fnbA|fnbB|fibronectin	Fibronectin-binding proteins	2
cutibacterium_acnes	GCF_001469595.1	adhesion_clumping	clfA|clfB|clumping factor	Clumping factors	2
cutibacterium_acnes	GCF_001469595.1	adhesion_collagen	cna|collagen adhesin|collagen-binding	Collagen-binding adhesin	30
cutibacterium_acnes	GCF_001469595.1	adhesion_sdr	sdrC|sdrD|sdrE|serine-aspartate repeat	Serine-aspartate repeat adhesins	19
cutibacterium_acnes	GCF_001469595.1	biofilm_sasG	sasG	Staphylococcal surface protein G	31
cutibacterium_acnes	GCF_001469595.1	quorum_agr	agrA|agrB|agrC|agrD	Staphylococcal quorum sensing agr system	77
cutibacterium_acnes	GCF_001469595.1	regulation_sarA	sarA	Staphylococcal accessory regulator	35
cutibacterium_acnes	GCF_001469595.1	streptococcus_gtf	gtfB|gtfC|gtfD|glucosyltransferase	Glucosyltransferases	18
cutibacterium_acnes	GCF_001469595.1	streptococcus_spaP	spaP|pac|antigen I/II	Streptococcal adhesin antigen I/II	67
cutibacterium_acnes	GCF_001469595.1	competence_com	comC|comD|comE	Competence quorum sensing	2
cutibacterium_acnes	GCF_001469595.1	regulation_vicRK	vicR|vicK|covR|covS	Two-component biofilm regulation	1
cutibacterium_acnes	GCF_001469595.1	sortase	srtA|srtC|sortase	Sortase and surface protein anchoring	23
cutibacterium_acnes	GCF_001469595.1	adhesion_enolase	eno|enolase	Surface-associated enolase	161
cutibacterium_acnes	GCF_001469595.1	enterococcus_esp	esp|enterococcal surface protein	Enterococcal biofilm surface protein	154
cutibacterium_acnes	GCF_001469595.1	enterococcus_ace	ace|collagen adhesin	Collagen-binding adhesin	258
cutibacterium_acnes	GCF_001469595.1	enterococcus_efaA	efaA	Endocarditis-associated antigen	12
cutibacterium_acnes	GCF_001469595.1	enterococcus_gelE	gelE|gelatinase	Gelatinase	17
cutibacterium_acnes	GCF_001469595.1	enterococcus_fsr	fsrA|fsrB|fsrC	Enterococcal quorum sensing	9
cutibacterium_acnes	GCF_001469595.1	pseudomonas_alg	algD|algU|algR	Alginate pathway	84
cutibacterium_acnes	GCF_001469595.1	pseudomonas_pel	pelA|pelB|pelC|pelD|pelE|pelF|pelG	Pel exopolysaccharide	87
cutibacterium_acnes	GCF_001469595.1	pseudomonas_psl	pslA|pslB|pslC|pslD|pslE	Psl exopolysaccharide	42
cutibacterium_acnes	GCF_001469595.1	pseudomonas_las	lasI|lasR	Las quorum sensing	56
cutibacterium_acnes	GCF_001469595.1	pseudomonas_rhl	rhlI|rhlR	Rhl quorum sensing	12
cutibacterium_acnes	GCF_001469595.1	pseudomonas_pqs	pqsA|pqsB|pqsC|pqsD|pqsE|pqsR	PQS quorum sensing	22
cutibacterium_acnes	GCF_001469595.1	pseudomonas_pili	pilA|pilB|pilT|type IV pilus	Type IV pili	39
cutibacterium_acnes	GCF_001469595.1	pg_fimbriae	fimA|mfa1	Porphyromonas fimbriae	3
cutibacterium_acnes	GCF_001469595.1	pg_gingipain	rgpA|rgpB|kgp	Gingipain proteases	77
cutibacterium_acnes	GCF_001469595.1	pg_hagA	hagA	Hemagglutinin adhesin	20
cutibacterium_acnes	GCF_001469595.1	fn_adhesin	fadA|fap2|radD|fomA	Fusobacterium adhesins	35
cutibacterium_acnes	GCF_001469595.1	td_virulence	prtP|dentilisin|msp	Treponema denticola virulence	82
cutibacterium_acnes	GCF_001469615.1	biofilm_ica	icaA|icaB|icaC|icaD|icaR	Staphylococcal intercellular adhesion locus	29
cutibacterium_acnes	GCF_001469615.1	biofilm_accumulation	aap|accumulation-associated protein	Biofilm accumulation-associated protein	323
cutibacterium_acnes	GCF_001469615.1	adhesion_autolysin	atlE|autolysin	Autolysin-mediated adhesion	16
cutibacterium_acnes	GCF_001469615.1	adhesion_fibronectin	fnbA|fnbB|fibronectin	Fibronectin-binding proteins	2
cutibacterium_acnes	GCF_001469615.1	adhesion_clumping	clfA|clfB|clumping factor	Clumping factors	1
cutibacterium_acnes	GCF_001469615.1	adhesion_collagen	cna|collagen adhesin|collagen-binding	Collagen-binding adhesin	30
cutibacterium_acnes	GCF_001469615.1	adhesion_sdr	sdrC|sdrD|sdrE|serine-aspartate repeat	Serine-aspartate repeat adhesins	18
cutibacterium_acnes	GCF_001469615.1	biofilm_sasG	sasG	Staphylococcal surface protein G	33
cutibacterium_acnes	GCF_001469615.1	quorum_agr	agrA|agrB|agrC|agrD	Staphylococcal quorum sensing agr system	80
cutibacterium_acnes	GCF_001469615.1	regulation_sarA	sarA	Staphylococcal accessory regulator	35
cutibacterium_acnes	GCF_001469615.1	streptococcus_gtf	gtfB|gtfC|gtfD|glucosyltransferase	Glucosyltransferases	19
cutibacterium_acnes	GCF_001469615.1	streptococcus_spaP	spaP|pac|antigen I/II	Streptococcal adhesin antigen I/II	66
cutibacterium_acnes	GCF_001469615.1	competence_com	comC|comD|comE	Competence quorum sensing	1
cutibacterium_acnes	GCF_001469615.1	regulation_vicRK	vicR|vicK|covR|covS	Two-component biofilm regulation	2
cutibacterium_acnes	GCF_001469615.1	sortase	srtA|srtC|sortase	Sortase and surface protein anchoring	24
cutibacterium_acnes	GCF_001469615.1	adhesion_enolase	eno|enolase	Surface-associated enolase	158
cutibacterium_acnes	GCF_001469615.1	enterococcus_esp	esp|enterococcal surface protein	Enterococcal biofilm surface protein	163
cutibacterium_acnes	GCF_001469615.1	enterococcus_ace	ace|collagen adhesin	Collagen-binding adhesin	264
cutibacterium_acnes	GCF_001469615.1	enterococcus_efaA	efaA	Endocarditis-associated antigen	15
cutibacterium_acnes	GCF_001469615.1	enterococcus_gelE	gelE|gelatinase	Gelatinase	14
cutibacterium_acnes	GCF_001469615.1	enterococcus_fsr	fsrA|fsrB|fsrC	Enterococcal quorum sensing	11
cutibacterium_acnes	GCF_001469615.1	pseudomonas_alg	algD|algU|algR	Alginate pathway	81
cutibacterium_acnes	GCF_001469615.1	pseudomonas_pel	pelA|pelB|pelC|pelD|pelE|pelF|pelG	Pel exopolysaccharide	79
cutibacterium_acnes	GCF_001469615.1	pseudomonas_psl	pslA|pslB|pslC|pslD|pslE	Psl exopolysaccharide	43
cutibacterium_acnes	GCF_001469615.1	pseudomonas_las	lasI|lasR	Las quorum sensing	58
cutibacterium_acnes	GCF_001469615.1	pseudomonas_rhl	rhlI|rhlR	Rhl quorum sensing	12
cutibacterium_acnes	GCF_001469615.1	pseudomonas_pqs	pqsA|pqsB|pqsC|pqsD|pqsE|pqsR	PQS quorum sensing	23
cutibacterium_acnes	GCF_001469615.1	pseudomonas_pili	pilA|pilB|pilT|type IV pilus	Type IV pili	41
cutibacterium_acnes	GCF_001469615.1	pg_fimbriae	fimA|mfa1	Porphyromonas fimbriae	3
cutibacterium_acnes	GCF_001469615.1	pg_gingipain	rgpA|rgpB|kgp	Gingipain proteases	79
cutibacterium_acnes	GCF_001469615.1	pg_hagA	hagA	Hemagglutinin adhesin	20
cutibacterium_acnes	GCF_001469615.1	fn_adhesin	fadA|fap2|radD|fomA	Fusobacterium adhesins	38
cutibacterium_acnes	GCF_001469615.1	td_virulence	prtP|dentilisin|msp	Treponema denticola virulence	79
cutibacterium_acnes	GCF_001469655.1	biofilm_ica	icaA|icaB|icaC|icaD|icaR	Staphylococcal intercellular adhesion locus	29
cutibacterium_acnes	GCF_001469655.1	biofilm_accumulation	aap|accumulation-associated protein	Biofilm accumulation-associated protein	319
cutibacterium_acnes	GCF_001469655.1	adhesion_autolysin	atlE|autolysin	Autolysin-mediated adhesion	14
cutibacterium_acnes	GCF_001469655.1	adhesion_fibronectin	fnbA|fnbB|fibronectin	Fibronectin-binding proteins	2
cutibacterium_acnes	GCF_001469655.1	adhesion_clumping	clfA|clfB|clumping factor	Clumping factors	1
cutibacterium_acnes	GCF_001469655.1	adhesion_collagen	cna|collagen adhesin|collagen-binding	Collagen-binding adhesin	30
cutibacterium_acnes	GCF_001469655.1	adhesion_sdr	sdrC|sdrD|sdrE|serine-aspartate repeat	Serine-aspartate repeat adhesins	18
cutibacterium_acnes	GCF_001469655.1	biofilm_sasG	sasG	Staphylococcal surface protein G	33
cutibacterium_acnes	GCF_001469655.1	quorum_agr	agrA|agrB|agrC|agrD	Staphylococcal quorum sensing agr system	76
cutibacterium_acnes	GCF_001469655.1	regulation_sarA	sarA	Staphylococcal accessory regulator	34
cutibacterium_acnes	GCF_001469655.1	streptococcus_gtf	gtfB|gtfC|gtfD|glucosyltransferase	Glucosyltransferases	19
cutibacterium_acnes	GCF_001469655.1	streptococcus_spaP	spaP|pac|antigen I/II	Streptococcal adhesin antigen I/II	64
cutibacterium_acnes	GCF_001469655.1	competence_com	comC|comD|comE	Competence quorum sensing	2
cutibacterium_acnes	GCF_001469655.1	regulation_vicRK	vicR|vicK|covR|covS	Two-component biofilm regulation	2
cutibacterium_acnes	GCF_001469655.1	sortase	srtA|srtC|sortase	Sortase and surface protein anchoring	23
cutibacterium_acnes	GCF_001469655.1	adhesion_enolase	eno|enolase	Surface-associated enolase	158
cutibacterium_acnes	GCF_001469655.1	enterococcus_esp	esp|enterococcal surface protein	Enterococcal biofilm surface protein	156
cutibacterium_acnes	GCF_001469655.1	enterococcus_ace	ace|collagen adhesin	Collagen-binding adhesin	257
cutibacterium_acnes	GCF_001469655.1	enterococcus_efaA	efaA	Endocarditis-associated antigen	14
cutibacterium_acnes	GCF_001469655.1	enterococcus_gelE	gelE|gelatinase	Gelatinase	14
cutibacterium_acnes	GCF_001469655.1	enterococcus_fsr	fsrA|fsrB|fsrC	Enterococcal quorum sensing	10
cutibacterium_acnes	GCF_001469655.1	pseudomonas_alg	algD|algU|algR	Alginate pathway	81
cutibacterium_acnes	GCF_001469655.1	pseudomonas_pel	pelA|pelB|pelC|pelD|pelE|pelF|pelG	Pel exopolysaccharide	78
cutibacterium_acnes	GCF_001469655.1	pseudomonas_psl	pslA|pslB|pslC|pslD|pslE	Psl exopolysaccharide	43
cutibacterium_acnes	GCF_001469655.1	pseudomonas_las	lasI|lasR	Las quorum sensing	58
cutibacterium_acnes	GCF_001469655.1	pseudomonas_rhl	rhlI|rhlR	Rhl quorum sensing	12
cutibacterium_acnes	GCF_001469655.1	pseudomonas_pqs	pqsA|pqsB|pqsC|pqsD|pqsE|pqsR	PQS quorum sensing	22
cutibacterium_acnes	GCF_001469655.1	pseudomonas_pili	pilA|pilB|pilT|type IV pilus	Type IV pili	42
cutibacterium_acnes	GCF_001469655.1	pg_fimbriae	fimA|mfa1	Porphyromonas fimbriae	3
cutibacterium_acnes	GCF_001469655.1	pg_gingipain	rgpA|rgpB|kgp	Gingipain proteases	79
cutibacterium_acnes	GCF_001469655.1	pg_hagA	hagA	Hemagglutinin adhesin	20
cutibacterium_acnes	GCF_001469655.1	fn_adhesin	fadA|fap2|radD|fomA	Fusobacterium adhesins	36
cutibacterium_acnes	GCF_001469655.1	td_virulence	prtP|dentilisin|msp	Treponema denticola virulence	80
enterococcus_faecalis	GCF_001598635.1	biofilm_ica	icaA|icaB|icaC|icaD|icaR	Staphylococcal intercellular adhesion locus	15
enterococcus_faecalis	GCF_001598635.1	biofilm_accumulation	aap|accumulation-associated protein	Biofilm accumulation-associated protein	112
enterococcus_faecalis	GCF_001598635.1	adhesion_autolysin	atlE|autolysin	Autolysin-mediated adhesion	26
enterococcus_faecalis	GCF_001598635.1	adhesion_fibronectin	fnbA|fnbB|fibronectin	Fibronectin-binding proteins	2
enterococcus_faecalis	GCF_001598635.1	adhesion_clumping	clfA|clfB|clumping factor	Clumping factors	4
enterococcus_faecalis	GCF_001598635.1	adhesion_collagen	cna|collagen adhesin|collagen-binding	Collagen-binding adhesin	10
enterococcus_faecalis	GCF_001598635.1	adhesion_sdr	sdrC|sdrD|sdrE|serine-aspartate repeat	Serine-aspartate repeat adhesins	11
enterococcus_faecalis	GCF_001598635.1	biofilm_sasG	sasG	Staphylococcal surface protein G	22
enterococcus_faecalis	GCF_001598635.1	quorum_agr	agrA|agrB|agrC|agrD	Staphylococcal quorum sensing agr system	19
enterococcus_faecalis	GCF_001598635.1	regulation_sarA	sarA	Staphylococcal accessory regulator	6
enterococcus_faecalis	GCF_001598635.1	streptococcus_gtf	gtfB|gtfC|gtfD|glucosyltransferase	Glucosyltransferases	17
enterococcus_faecalis	GCF_001598635.1	streptococcus_spaP	spaP|pac|antigen I/II	Streptococcal adhesin antigen I/II	20
enterococcus_faecalis	GCF_001598635.1	competence_com	comC|comD|comE	Competence quorum sensing	4
enterococcus_faecalis	GCF_001598635.1	regulation_vicRK	vicR|vicK|covR|covS	Two-component biofilm regulation	2
enterococcus_faecalis	GCF_001598635.1	sortase	srtA|srtC|sortase	Sortase and surface protein anchoring	11
enterococcus_faecalis	GCF_001598635.1	adhesion_enolase	eno|enolase	Surface-associated enolase	197
enterococcus_faecalis	GCF_001598635.1	adhesion_fbp	fbp|fibronectin-binding	Fibronectin-binding protein	2
enterococcus_faecalis	GCF_001598635.1	enterococcus_esp	esp|enterococcal surface protein	Enterococcal biofilm surface protein	161
enterococcus_faecalis	GCF_001598635.1	enterococcus_ace	ace|collagen adhesin	Collagen-binding adhesin	317
enterococcus_faecalis	GCF_001598635.1	enterococcus_efaA	efaA	Endocarditis-associated antigen	4
enterococcus_faecalis	GCF_001598635.1	enterococcus_gelE	gelE|gelatinase	Gelatinase	19
enterococcus_faecalis	GCF_001598635.1	enterococcus_fsr	fsrA|fsrB|fsrC	Enterococcal quorum sensing	6
enterococcus_faecalis	GCF_001598635.1	enterococcus_ebp	ebpA|ebpB|ebpC	Endocarditis/biofilm pili	15
enterococcus_faecalis	GCF_001598635.1	pseudomonas_alg	algD|algU|algR	Alginate pathway	25
enterococcus_faecalis	GCF_001598635.1	pseudomonas_pel	pelA|pelB|pelC|pelD|pelE|pelF|pelG	Pel exopolysaccharide	56
enterococcus_faecalis	GCF_001598635.1	pseudomonas_psl	pslA|pslB|pslC|pslD|pslE	Psl exopolysaccharide	39
enterococcus_faecalis	GCF_001598635.1	pseudomonas_las	lasI|lasR	Las quorum sensing	29
enterococcus_faecalis	GCF_001598635.1	pseudomonas_rhl	rhlI|rhlR	Rhl quorum sensing	6
enterococcus_faecalis	GCF_001598635.1	pseudomonas_pqs	pqsA|pqsB|pqsC|pqsD|pqsE|pqsR	PQS quorum sensing	10
enterococcus_faecalis	GCF_001598635.1	pseudomonas_pili	pilA|pilB|pilT|type IV pilus	Type IV pili	42
enterococcus_faecalis	GCF_001598635.1	pg_fimbriae	fimA|mfa1	Porphyromonas fimbriae	3
enterococcus_faecalis	GCF_001598635.1	pg_gingipain	rgpA|rgpB|kgp	Gingipain proteases	65
enterococcus_faecalis	GCF_001598635.1	fn_adhesin	fadA|fap2|radD|fomA	Fusobacterium adhesins	9
enterococcus_faecalis	GCF_001598635.1	td_virulence	prtP|dentilisin|msp	Treponema denticola virulence	32
enterococcus_faecalis	GCF_001689055.2	biofilm_ica	icaA|icaB|icaC|icaD|icaR	Staphylococcal intercellular adhesion locus	15
enterococcus_faecalis	GCF_001689055.2	biofilm_accumulation	aap|accumulation-associated protein	Biofilm accumulation-associated protein	121
enterococcus_faecalis	GCF_001689055.2	adhesion_autolysin	atlE|autolysin	Autolysin-mediated adhesion	22
enterococcus_faecalis	GCF_001689055.2	adhesion_fibronectin	fnbA|fnbB|fibronectin	Fibronectin-binding proteins	2
enterococcus_faecalis	GCF_001689055.2	adhesion_clumping	clfA|clfB|clumping factor	Clumping factors	4
enterococcus_faecalis	GCF_001689055.2	adhesion_collagen	cna|collagen adhesin|collagen-binding	Collagen-binding adhesin	12
enterococcus_faecalis	GCF_001689055.2	adhesion_sdr	sdrC|sdrD|sdrE|serine-aspartate repeat	Serine-aspartate repeat adhesins	11
enterococcus_faecalis	GCF_001689055.2	biofilm_sasG	sasG	Staphylococcal surface protein G	16
enterococcus_faecalis	GCF_001689055.2	quorum_agr	agrA|agrB|agrC|agrD	Staphylococcal quorum sensing agr system	20
enterococcus_faecalis	GCF_001689055.2	regulation_sarA	sarA	Staphylococcal accessory regulator	8
enterococcus_faecalis	GCF_001689055.2	streptococcus_gtf	gtfB|gtfC|gtfD|glucosyltransferase	Glucosyltransferases	25
enterococcus_faecalis	GCF_001689055.2	streptococcus_spaP	spaP|pac|antigen I/II	Streptococcal adhesin antigen I/II	16
enterococcus_faecalis	GCF_001689055.2	competence_com	comC|comD|comE	Competence quorum sensing	4
enterococcus_faecalis	GCF_001689055.2	regulation_vicRK	vicR|vicK|covR|covS	Two-component biofilm regulation	2
enterococcus_faecalis	GCF_001689055.2	sortase	srtA|srtC|sortase	Sortase and surface protein anchoring	14
enterococcus_faecalis	GCF_001689055.2	adhesion_enolase	eno|enolase	Surface-associated enolase	181
enterococcus_faecalis	GCF_001689055.2	adhesion_fbp	fbp|fibronectin-binding	Fibronectin-binding protein	2
enterococcus_faecalis	GCF_001689055.2	enterococcus_esp	esp|enterococcal surface protein	Enterococcal biofilm surface protein	170
enterococcus_faecalis	GCF_001689055.2	enterococcus_asa	asa1|aggregation substance	Aggregation substance	2
enterococcus_faecalis	GCF_001689055.2	enterococcus_ace	ace|collagen adhesin	Collagen-binding adhesin	340
enterococcus_faecalis	GCF_001689055.2	enterococcus_efaA	efaA	Endocarditis-associated antigen	4
enterococcus_faecalis	GCF_001689055.2	enterococcus_gelE	gelE|gelatinase	Gelatinase	21
enterococcus_faecalis	GCF_001689055.2	enterococcus_fsr	fsrA|fsrB|fsrC	Enterococcal quorum sensing	18
enterococcus_faecalis	GCF_001689055.2	enterococcus_ebp	ebpA|ebpB|ebpC	Endocarditis/biofilm pili	15
enterococcus_faecalis	GCF_001689055.2	pseudomonas_alg	algD|algU|algR	Alginate pathway	24
enterococcus_faecalis	GCF_001689055.2	pseudomonas_pel	pelA|pelB|pelC|pelD|pelE|pelF|pelG	Pel exopolysaccharide	61
enterococcus_faecalis	GCF_001689055.2	pseudomonas_psl	pslA|pslB|pslC|pslD|pslE	Psl exopolysaccharide	39
enterococcus_faecalis	GCF_001689055.2	pseudomonas_las	lasI|lasR	Las quorum sensing	37
enterococcus_faecalis	GCF_001689055.2	pseudomonas_rhl	rhlI|rhlR	Rhl quorum sensing	5
enterococcus_faecalis	GCF_001689055.2	pseudomonas_pqs	pqsA|pqsB|pqsC|pqsD|pqsE|pqsR	PQS quorum sensing	9
enterococcus_faecalis	GCF_001689055.2	pseudomonas_pili	pilA|pilB|pilT|type IV pilus	Type IV pili	47
enterococcus_faecalis	GCF_001689055.2	pg_fimbriae	fimA|mfa1	Porphyromonas fimbriae	2
enterococcus_faecalis	GCF_001689055.2	pg_gingipain	rgpA|rgpB|kgp	Gingipain proteases	63
enterococcus_faecalis	GCF_001689055.2	fn_adhesin	fadA|fap2|radD|fomA	Fusobacterium adhesins	9
enterococcus_faecalis	GCF_001689055.2	td_virulence	prtP|dentilisin|msp	Treponema denticola virulence	33
enterococcus_faecalis	GCF_001989555.1	biofilm_ica	icaA|icaB|icaC|icaD|icaR	Staphylococcal intercellular adhesion locus	17
enterococcus_faecalis	GCF_001989555.1	biofilm_accumulation	aap|accumulation-associated protein	Biofilm accumulation-associated protein	124
enterococcus_faecalis	GCF_001989555.1	adhesion_autolysin	atlE|autolysin	Autolysin-mediated adhesion	27
enterococcus_faecalis	GCF_001989555.1	adhesion_fibronectin	fnbA|fnbB|fibronectin	Fibronectin-binding proteins	2
enterococcus_faecalis	GCF_001989555.1	adhesion_clumping	clfA|clfB|clumping factor	Clumping factors	4
enterococcus_faecalis	GCF_001989555.1	adhesion_collagen	cna|collagen adhesin|collagen-binding	Collagen-binding adhesin	13
enterococcus_faecalis	GCF_001989555.1	adhesion_sdr	sdrC|sdrD|sdrE|serine-aspartate repeat	Serine-aspartate repeat adhesins	11
enterococcus_faecalis	GCF_001989555.1	biofilm_sasG	sasG	Staphylococcal surface protein G	21
enterococcus_faecalis	GCF_001989555.1	quorum_agr	agrA|agrB|agrC|agrD	Staphylococcal quorum sensing agr system	21
enterococcus_faecalis	GCF_001989555.1	regulation_sarA	sarA	Staphylococcal accessory regulator	7
enterococcus_faecalis	GCF_001989555.1	streptococcus_gtf	gtfB|gtfC|gtfD|glucosyltransferase	Glucosyltransferases	23
enterococcus_faecalis	GCF_001989555.1	streptococcus_spaP	spaP|pac|antigen I/II	Streptococcal adhesin antigen I/II	25
enterococcus_faecalis	GCF_001989555.1	competence_com	comC|comD|comE	Competence quorum sensing	4
enterococcus_faecalis	GCF_001989555.1	regulation_vicRK	vicR|vicK|covR|covS	Two-component biofilm regulation	2
enterococcus_faecalis	GCF_001989555.1	sortase	srtA|srtC|sortase	Sortase and surface protein anchoring	15
enterococcus_faecalis	GCF_001989555.1	adhesion_enolase	eno|enolase	Surface-associated enolase	192
enterococcus_faecalis	GCF_001989555.1	adhesion_fbp	fbp|fibronectin-binding	Fibronectin-binding protein	2
enterococcus_faecalis	GCF_001989555.1	enterococcus_esp	esp|enterococcal surface protein	Enterococcal biofilm surface protein	171
enterococcus_faecalis	GCF_001989555.1	enterococcus_asa	asa1|aggregation substance	Aggregation substance	8
enterococcus_faecalis	GCF_001989555.1	enterococcus_ace	ace|collagen adhesin	Collagen-binding adhesin	345
enterococcus_faecalis	GCF_001989555.1	enterococcus_efaA	efaA	Endocarditis-associated antigen	5
enterococcus_faecalis	GCF_001989555.1	enterococcus_gelE	gelE|gelatinase	Gelatinase	24
enterococcus_faecalis	GCF_001989555.1	enterococcus_fsr	fsrA|fsrB|fsrC	Enterococcal quorum sensing	7
enterococcus_faecalis	GCF_001989555.1	enterococcus_ebp	ebpA|ebpB|ebpC	Endocarditis/biofilm pili	15
enterococcus_faecalis	GCF_001989555.1	pseudomonas_alg	algD|algU|algR	Alginate pathway	25
enterococcus_faecalis	GCF_001989555.1	pseudomonas_pel	pelA|pelB|pelC|pelD|pelE|pelF|pelG	Pel exopolysaccharide	61
enterococcus_faecalis	GCF_001989555.1	pseudomonas_psl	pslA|pslB|pslC|pslD|pslE	Psl exopolysaccharide	42
enterococcus_faecalis	GCF_001989555.1	pseudomonas_las	lasI|lasR	Las quorum sensing	39
enterococcus_faecalis	GCF_001989555.1	pseudomonas_rhl	rhlI|rhlR	Rhl quorum sensing	5
enterococcus_faecalis	GCF_001989555.1	pseudomonas_pqs	pqsA|pqsB|pqsC|pqsD|pqsE|pqsR	PQS quorum sensing	16
enterococcus_faecalis	GCF_001989555.1	pseudomonas_pili	pilA|pilB|pilT|type IV pilus	Type IV pili	49
enterococcus_faecalis	GCF_001989555.1	pg_fimbriae	fimA|mfa1	Porphyromonas fimbriae	4
enterococcus_faecalis	GCF_001989555.1	pg_gingipain	rgpA|rgpB|kgp	Gingipain proteases	69
enterococcus_faecalis	GCF_001989555.1	fn_adhesin	fadA|fap2|radD|fomA	Fusobacterium adhesins	13
enterococcus_faecalis	GCF_001989555.1	tf_bspA	bspA	Tannerella BspA adhesin	2
enterococcus_faecalis	GCF_001989555.1	td_virulence	prtP|dentilisin|msp	Treponema denticola virulence	31
enterococcus_faecalis	GCF_002163735.1	biofilm_ica	icaA|icaB|icaC|icaD|icaR	Staphylococcal intercellular adhesion locus	15
enterococcus_faecalis	GCF_002163735.1	biofilm_accumulation	aap|accumulation-associated protein	Biofilm accumulation-associated protein	128
enterococcus_faecalis	GCF_002163735.1	adhesion_autolysin	atlE|autolysin	Autolysin-mediated adhesion	24
enterococcus_faecalis	GCF_002163735.1	adhesion_fibronectin	fnbA|fnbB|fibronectin	Fibronectin-binding proteins	6
enterococcus_faecalis	GCF_002163735.1	adhesion_clumping	clfA|clfB|clumping factor	Clumping factors	5
enterococcus_faecalis	GCF_002163735.1	adhesion_collagen	cna|collagen adhesin|collagen-binding	Collagen-binding adhesin	15
enterococcus_faecalis	GCF_002163735.1	adhesion_sdr	sdrC|sdrD|sdrE|serine-aspartate repeat	Serine-aspartate repeat adhesins	14
enterococcus_faecalis	GCF_002163735.1	biofilm_sasG	sasG	Staphylococcal surface protein G	17
enterococcus_faecalis	GCF_002163735.1	quorum_agr	agrA|agrB|agrC|agrD	Staphylococcal quorum sensing agr system	21
enterococcus_faecalis	GCF_002163735.1	regulation_sarA	sarA	Staphylococcal accessory regulator	8
enterococcus_faecalis	GCF_002163735.1	streptococcus_gtf	gtfB|gtfC|gtfD|glucosyltransferase	Glucosyltransferases	18
enterococcus_faecalis	GCF_002163735.1	streptococcus_spaP	spaP|pac|antigen I/II	Streptococcal adhesin antigen I/II	22
enterococcus_faecalis	GCF_002163735.1	competence_com	comC|comD|comE	Competence quorum sensing	4
enterococcus_faecalis	GCF_002163735.1	regulation_vicRK	vicR|vicK|covR|covS	Two-component biofilm regulation	2
enterococcus_faecalis	GCF_002163735.1	sortase	srtA|srtC|sortase	Sortase and surface protein anchoring	13
enterococcus_faecalis	GCF_002163735.1	adhesion_enolase	eno|enolase	Surface-associated enolase	201
enterococcus_faecalis	GCF_002163735.1	adhesion_fbp	fbp|fibronectin-binding	Fibronectin-binding protein	2
enterococcus_faecalis	GCF_002163735.1	enterococcus_esp	esp|enterococcal surface protein	Enterococcal biofilm surface protein	174
enterococcus_faecalis	GCF_002163735.1	enterococcus_asa	asa1|aggregation substance	Aggregation substance	3
enterococcus_faecalis	GCF_002163735.1	enterococcus_ace	ace|collagen adhesin	Collagen-binding adhesin	349
enterococcus_faecalis	GCF_002163735.1	enterococcus_efaA	efaA	Endocarditis-associated antigen	5
enterococcus_faecalis	GCF_002163735.1	enterococcus_gelE	gelE|gelatinase	Gelatinase	20
enterococcus_faecalis	GCF_002163735.1	enterococcus_fsr	fsrA|fsrB|fsrC	Enterococcal quorum sensing	19
enterococcus_faecalis	GCF_002163735.1	enterococcus_ebp	ebpA|ebpB|ebpC	Endocarditis/biofilm pili	15
enterococcus_faecalis	GCF_002163735.1	pseudomonas_alg	algD|algU|algR	Alginate pathway	23
enterococcus_faecalis	GCF_002163735.1	pseudomonas_pel	pelA|pelB|pelC|pelD|pelE|pelF|pelG	Pel exopolysaccharide	66
enterococcus_faecalis	GCF_002163735.1	pseudomonas_psl	pslA|pslB|pslC|pslD|pslE	Psl exopolysaccharide	41
enterococcus_faecalis	GCF_002163735.1	pseudomonas_las	lasI|lasR	Las quorum sensing	34
enterococcus_faecalis	GCF_002163735.1	pseudomonas_rhl	rhlI|rhlR	Rhl quorum sensing	6
enterococcus_faecalis	GCF_002163735.1	pseudomonas_pqs	pqsA|pqsB|pqsC|pqsD|pqsE|pqsR	PQS quorum sensing	10
enterococcus_faecalis	GCF_002163735.1	pseudomonas_pili	pilA|pilB|pilT|type IV pilus	Type IV pili	48
enterococcus_faecalis	GCF_002163735.1	pg_fimbriae	fimA|mfa1	Porphyromonas fimbriae	3
enterococcus_faecalis	GCF_002163735.1	pg_gingipain	rgpA|rgpB|kgp	Gingipain proteases	69
enterococcus_faecalis	GCF_002163735.1	pg_hagA	hagA	Hemagglutinin adhesin	1
enterococcus_faecalis	GCF_002163735.1	fn_adhesin	fadA|fap2|radD|fomA	Fusobacterium adhesins	13
enterococcus_faecalis	GCF_002163735.1	td_virulence	prtP|dentilisin|msp	Treponema denticola virulence	31
enterococcus_faecalis	GCF_002208945.1	biofilm_ica	icaA|icaB|icaC|icaD|icaR	Staphylococcal intercellular adhesion locus	17
enterococcus_faecalis	GCF_002208945.1	biofilm_accumulation	aap|accumulation-associated protein	Biofilm accumulation-associated protein	113
enterococcus_faecalis	GCF_002208945.1	adhesion_autolysin	atlE|autolysin	Autolysin-mediated adhesion	24
enterococcus_faecalis	GCF_002208945.1	adhesion_fibronectin	fnbA|fnbB|fibronectin	Fibronectin-binding proteins	2
enterococcus_faecalis	GCF_002208945.1	adhesion_clumping	clfA|clfB|clumping factor	Clumping factors	3
enterococcus_faecalis	GCF_002208945.1	adhesion_collagen	cna|collagen adhesin|collagen-binding	Collagen-binding adhesin	9
enterococcus_faecalis	GCF_002208945.1	adhesion_sdr	sdrC|sdrD|sdrE|serine-aspartate repeat	Serine-aspartate repeat adhesins	12
enterococcus_faecalis	GCF_002208945.1	biofilm_sasG	sasG	Staphylococcal surface protein G	21
enterococcus_faecalis	GCF_002208945.1	quorum_agr	agrA|agrB|agrC|agrD	Staphylococcal quorum sensing agr system	20
enterococcus_faecalis	GCF_002208945.1	regulation_sarA	sarA	Staphylococcal accessory regulator	7
enterococcus_faecalis	GCF_002208945.1	streptococcus_gtf	gtfB|gtfC|gtfD|glucosyltransferase	Glucosyltransferases	19
enterococcus_faecalis	GCF_002208945.1	streptococcus_spaP	spaP|pac|antigen I/II	Streptococcal adhesin antigen I/II	18
enterococcus_faecalis	GCF_002208945.1	competence_com	comC|comD|comE	Competence quorum sensing	4
enterococcus_faecalis	GCF_002208945.1	regulation_vicRK	vicR|vicK|covR|covS	Two-component biofilm regulation	3
enterococcus_faecalis	GCF_002208945.1	sortase	srtA|srtC|sortase	Sortase and surface protein anchoring	11
enterococcus_faecalis	GCF_002208945.1	adhesion_enolase	eno|enolase	Surface-associated enolase	170
enterococcus_faecalis	GCF_002208945.1	adhesion_fbp	fbp|fibronectin-binding	Fibronectin-binding protein	2
enterococcus_faecalis	GCF_002208945.1	enterococcus_esp	esp|enterococcal surface protein	Enterococcal biofilm surface protein	155
enterococcus_faecalis	GCF_002208945.1	enterococcus_ace	ace|collagen adhesin	Collagen-binding adhesin	306
enterococcus_faecalis	GCF_002208945.1	enterococcus_efaA	efaA	Endocarditis-associated antigen	5
enterococcus_faecalis	GCF_002208945.1	enterococcus_gelE	gelE|gelatinase	Gelatinase	18
enterococcus_faecalis	GCF_002208945.1	enterococcus_fsr	fsrA|fsrB|fsrC	Enterococcal quorum sensing	19
enterococcus_faecalis	GCF_002208945.1	enterococcus_ebp	ebpA|ebpB|ebpC	Endocarditis/biofilm pili	15
enterococcus_faecalis	GCF_002208945.1	pseudomonas_alg	algD|algU|algR	Alginate pathway	23
enterococcus_faecalis	GCF_002208945.1	pseudomonas_pel	pelA|pelB|pelC|pelD|pelE|pelF|pelG	Pel exopolysaccharide	59
enterococcus_faecalis	GCF_002208945.1	pseudomonas_psl	pslA|pslB|pslC|pslD|pslE	Psl exopolysaccharide	40
enterococcus_faecalis	GCF_002208945.1	pseudomonas_las	lasI|lasR	Las quorum sensing	33
enterococcus_faecalis	GCF_002208945.1	pseudomonas_rhl	rhlI|rhlR	Rhl quorum sensing	7
enterococcus_faecalis	GCF_002208945.1	pseudomonas_pqs	pqsA|pqsB|pqsC|pqsD|pqsE|pqsR	PQS quorum sensing	8
enterococcus_faecalis	GCF_002208945.1	pseudomonas_pili	pilA|pilB|pilT|type IV pilus	Type IV pili	45
enterococcus_faecalis	GCF_002208945.1	pg_fimbriae	fimA|mfa1	Porphyromonas fimbriae	3
enterococcus_faecalis	GCF_002208945.1	pg_gingipain	rgpA|rgpB|kgp	Gingipain proteases	65
enterococcus_faecalis	GCF_002208945.1	fn_adhesin	fadA|fap2|radD|fomA	Fusobacterium adhesins	12
enterococcus_faecalis	GCF_002208945.1	td_virulence	prtP|dentilisin|msp	Treponema denticola virulence	34
fusobacterium_nucleatum	GCF_028621975.1	biofilm_ica	icaA|icaB|icaC|icaD|icaR	Staphylococcal intercellular adhesion locus	21
fusobacterium_nucleatum	GCF_028621975.1	biofilm_accumulation	aap|accumulation-associated protein	Biofilm accumulation-associated protein	49
fusobacterium_nucleatum	GCF_028621975.1	adhesion_autolysin	atlE|autolysin	Autolysin-mediated adhesion	16
fusobacterium_nucleatum	GCF_028621975.1	adhesion_fibronectin	fnbA|fnbB|fibronectin	Fibronectin-binding proteins	3
fusobacterium_nucleatum	GCF_028621975.1	adhesion_clumping	clfA|clfB|clumping factor	Clumping factors	1
fusobacterium_nucleatum	GCF_028621975.1	adhesion_collagen	cna|collagen adhesin|collagen-binding	Collagen-binding adhesin	7
fusobacterium_nucleatum	GCF_028621975.1	adhesion_sdr	sdrC|sdrD|sdrE|serine-aspartate repeat	Serine-aspartate repeat adhesins	9
fusobacterium_nucleatum	GCF_028621975.1	biofilm_sasG	sasG	Staphylococcal surface protein G	6
fusobacterium_nucleatum	GCF_028621975.1	quorum_agr	agrA|agrB|agrC|agrD	Staphylococcal quorum sensing agr system	13
fusobacterium_nucleatum	GCF_028621975.1	regulation_sarA	sarA	Staphylococcal accessory regulator	2
fusobacterium_nucleatum	GCF_028621975.1	streptococcus_gtf	gtfB|gtfC|gtfD|glucosyltransferase	Glucosyltransferases	7
fusobacterium_nucleatum	GCF_028621975.1	streptococcus_spaP	spaP|pac|antigen I/II	Streptococcal adhesin antigen I/II	17
fusobacterium_nucleatum	GCF_028621975.1	competence_com	comC|comD|comE	Competence quorum sensing	4
fusobacterium_nucleatum	GCF_028621975.1	regulation_vicRK	vicR|vicK|covR|covS	Two-component biofilm regulation	2
fusobacterium_nucleatum	GCF_028621975.1	sortase	srtA|srtC|sortase	Sortase and surface protein anchoring	2
fusobacterium_nucleatum	GCF_028621975.1	adhesion_enolase	eno|enolase	Surface-associated enolase	152
fusobacterium_nucleatum	GCF_028621975.1	adhesion_fbp	fbp|fibronectin-binding	Fibronectin-binding protein	2
fusobacterium_nucleatum	GCF_028621975.1	enterococcus_esp	esp|enterococcal surface protein	Enterococcal biofilm surface protein	89
fusobacterium_nucleatum	GCF_028621975.1	enterococcus_ace	ace|collagen adhesin	Collagen-binding adhesin	219
fusobacterium_nucleatum	GCF_028621975.1	enterococcus_efaA	efaA	Endocarditis-associated antigen	4
fusobacterium_nucleatum	GCF_028621975.1	enterococcus_gelE	gelE|gelatinase	Gelatinase	15
fusobacterium_nucleatum	GCF_028621975.1	enterococcus_fsr	fsrA|fsrB|fsrC	Enterococcal quorum sensing	8
fusobacterium_nucleatum	GCF_028621975.1	pseudomonas_alg	algD|algU|algR	Alginate pathway	21
fusobacterium_nucleatum	GCF_028621975.1	pseudomonas_pel	pelA|pelB|pelC|pelD|pelE|pelF|pelG	Pel exopolysaccharide	46
fusobacterium_nucleatum	GCF_028621975.1	pseudomonas_psl	pslA|pslB|pslC|pslD|pslE	Psl exopolysaccharide	27
fusobacterium_nucleatum	GCF_028621975.1	pseudomonas_las	lasI|lasR	Las quorum sensing	27
fusobacterium_nucleatum	GCF_028621975.1	pseudomonas_rhl	rhlI|rhlR	Rhl quorum sensing	3
fusobacterium_nucleatum	GCF_028621975.1	pseudomonas_pqs	pqsA|pqsB|pqsC|pqsD|pqsE|pqsR	PQS quorum sensing	7
fusobacterium_nucleatum	GCF_028621975.1	pseudomonas_pili	pilA|pilB|pilT|type IV pilus	Type IV pili	31
fusobacterium_nucleatum	GCF_028621975.1	pg_fimbriae	fimA|mfa1	Porphyromonas fimbriae	2
fusobacterium_nucleatum	GCF_028621975.1	pg_gingipain	rgpA|rgpB|kgp	Gingipain proteases	41
fusobacterium_nucleatum	GCF_028621975.1	pg_hagA	hagA	Hemagglutinin adhesin	2
fusobacterium_nucleatum	GCF_028621975.1	fn_adhesin	fadA|fap2|radD|fomA	Fusobacterium adhesins	27
fusobacterium_nucleatum	GCF_028621975.1	tf_bspA	bspA	Tannerella BspA adhesin	2
fusobacterium_nucleatum	GCF_028621975.1	td_virulence	prtP|dentilisin|msp	Treponema denticola virulence	23
fusobacterium_nucleatum	GCF_028621995.1	biofilm_ica	icaA|icaB|icaC|icaD|icaR	Staphylococcal intercellular adhesion locus	21
fusobacterium_nucleatum	GCF_028621995.1	biofilm_accumulation	aap|accumulation-associated protein	Biofilm accumulation-associated protein	54
fusobacterium_nucleatum	GCF_028621995.1	adhesion_autolysin	atlE|autolysin	Autolysin-mediated adhesion	15
fusobacterium_nucleatum	GCF_028621995.1	adhesion_fibronectin	fnbA|fnbB|fibronectin	Fibronectin-binding proteins	3
fusobacterium_nucleatum	GCF_028621995.1	adhesion_clumping	clfA|clfB|clumping factor	Clumping factors	1
fusobacterium_nucleatum	GCF_028621995.1	adhesion_collagen	cna|collagen adhesin|collagen-binding	Collagen-binding adhesin	3
fusobacterium_nucleatum	GCF_028621995.1	adhesion_sdr	sdrC|sdrD|sdrE|serine-aspartate repeat	Serine-aspartate repeat adhesins	8
fusobacterium_nucleatum	GCF_028621995.1	biofilm_sasG	sasG	Staphylococcal surface protein G	5
fusobacterium_nucleatum	GCF_028621995.1	quorum_agr	agrA|agrB|agrC|agrD	Staphylococcal quorum sensing agr system	10
fusobacterium_nucleatum	GCF_028621995.1	regulation_sarA	sarA	Staphylococcal accessory regulator	2
fusobacterium_nucleatum	GCF_028621995.1	streptococcus_gtf	gtfB|gtfC|gtfD|glucosyltransferase	Glucosyltransferases	5
fusobacterium_nucleatum	GCF_028621995.1	streptococcus_spaP	spaP|pac|antigen I/II	Streptococcal adhesin antigen I/II	20
fusobacterium_nucleatum	GCF_028621995.1	competence_com	comC|comD|comE	Competence quorum sensing	4
fusobacterium_nucleatum	GCF_028621995.1	regulation_vicRK	vicR|vicK|covR|covS	Two-component biofilm regulation	1
fusobacterium_nucleatum	GCF_028621995.1	sortase	srtA|srtC|sortase	Sortase and surface protein anchoring	4
fusobacterium_nucleatum	GCF_028621995.1	adhesion_enolase	eno|enolase	Surface-associated enolase	145
fusobacterium_nucleatum	GCF_028621995.1	adhesion_fbp	fbp|fibronectin-binding	Fibronectin-binding protein	2
fusobacterium_nucleatum	GCF_028621995.1	enterococcus_esp	esp|enterococcal surface protein	Enterococcal biofilm surface protein	82
fusobacterium_nucleatum	GCF_028621995.1	enterococcus_ace	ace|collagen adhesin	Collagen-binding adhesin	201
fusobacterium_nucleatum	GCF_028621995.1	enterococcus_efaA	efaA	Endocarditis-associated antigen	3
fusobacterium_nucleatum	GCF_028621995.1	enterococcus_gelE	gelE|gelatinase	Gelatinase	24
fusobacterium_nucleatum	GCF_028621995.1	enterococcus_fsr	fsrA|fsrB|fsrC	Enterococcal quorum sensing	6
fusobacterium_nucleatum	GCF_028621995.1	pseudomonas_alg	algD|algU|algR	Alginate pathway	25
fusobacterium_nucleatum	GCF_028621995.1	pseudomonas_pel	pelA|pelB|pelC|pelD|pelE|pelF|pelG	Pel exopolysaccharide	40
fusobacterium_nucleatum	GCF_028621995.1	pseudomonas_psl	pslA|pslB|pslC|pslD|pslE	Psl exopolysaccharide	24
fusobacterium_nucleatum	GCF_028621995.1	pseudomonas_las	lasI|lasR	Las quorum sensing	34
fusobacterium_nucleatum	GCF_028621995.1	pseudomonas_rhl	rhlI|rhlR	Rhl quorum sensing	2
fusobacterium_nucleatum	GCF_028621995.1	pseudomonas_pqs	pqsA|pqsB|pqsC|pqsD|pqsE|pqsR	PQS quorum sensing	9
fusobacterium_nucleatum	GCF_028621995.1	pseudomonas_pili	pilA|pilB|pilT|type IV pilus	Type IV pili	36
fusobacterium_nucleatum	GCF_028621995.1	pg_fimbriae	fimA|mfa1	Porphyromonas fimbriae	3
fusobacterium_nucleatum	GCF_028621995.1	pg_gingipain	rgpA|rgpB|kgp	Gingipain proteases	36
fusobacterium_nucleatum	GCF_028621995.1	pg_hagA	hagA	Hemagglutinin adhesin	1
fusobacterium_nucleatum	GCF_028621995.1	fn_adhesin	fadA|fap2|radD|fomA	Fusobacterium adhesins	28
fusobacterium_nucleatum	GCF_028621995.1	tf_bspA	bspA	Tannerella BspA adhesin	2
fusobacterium_nucleatum	GCF_028621995.1	td_virulence	prtP|dentilisin|msp	Treponema denticola virulence	20
fusobacterium_nucleatum	GCF_031191795.1	biofilm_ica	icaA|icaB|icaC|icaD|icaR	Staphylococcal intercellular adhesion locus	20
fusobacterium_nucleatum	GCF_031191795.1	biofilm_accumulation	aap|accumulation-associated protein	Biofilm accumulation-associated protein	55
fusobacterium_nucleatum	GCF_031191795.1	adhesion_autolysin	atlE|autolysin	Autolysin-mediated adhesion	14
fusobacterium_nucleatum	GCF_031191795.1	adhesion_fibronectin	fnbA|fnbB|fibronectin	Fibronectin-binding proteins	3
fusobacterium_nucleatum	GCF_031191795.1	adhesion_clumping	clfA|clfB|clumping factor	Clumping factors	1
fusobacterium_nucleatum	GCF_031191795.1	adhesion_collagen	cna|collagen adhesin|collagen-binding	Collagen-binding adhesin	5
fusobacterium_nucleatum	GCF_031191795.1	adhesion_sdr	sdrC|sdrD|sdrE|serine-aspartate repeat	Serine-aspartate repeat adhesins	10
fusobacterium_nucleatum	GCF_031191795.1	biofilm_sasG	sasG	Staphylococcal surface protein G	9
fusobacterium_nucleatum	GCF_031191795.1	quorum_agr	agrA|agrB|agrC|agrD	Staphylococcal quorum sensing agr system	11
fusobacterium_nucleatum	GCF_031191795.1	regulation_sarA	sarA	Staphylococcal accessory regulator	4
fusobacterium_nucleatum	GCF_031191795.1	streptococcus_gtf	gtfB|gtfC|gtfD|glucosyltransferase	Glucosyltransferases	5
fusobacterium_nucleatum	GCF_031191795.1	streptococcus_spaP	spaP|pac|antigen I/II	Streptococcal adhesin antigen I/II	21
fusobacterium_nucleatum	GCF_031191795.1	competence_com	comC|comD|comE	Competence quorum sensing	4
fusobacterium_nucleatum	GCF_031191795.1	regulation_vicRK	vicR|vicK|covR|covS	Two-component biofilm regulation	2
fusobacterium_nucleatum	GCF_031191795.1	sortase	srtA|srtC|sortase	Sortase and surface protein anchoring	3
fusobacterium_nucleatum	GCF_031191795.1	adhesion_enolase	eno|enolase	Surface-associated enolase	152
fusobacterium_nucleatum	GCF_031191795.1	adhesion_fbp	fbp|fibronectin-binding	Fibronectin-binding protein	2
fusobacterium_nucleatum	GCF_031191795.1	enterococcus_esp	esp|enterococcal surface protein	Enterococcal biofilm surface protein	90
fusobacterium_nucleatum	GCF_031191795.1	enterococcus_ace	ace|collagen adhesin	Collagen-binding adhesin	237
fusobacterium_nucleatum	GCF_031191795.1	enterococcus_efaA	efaA	Endocarditis-associated antigen	4
fusobacterium_nucleatum	GCF_031191795.1	enterococcus_gelE	gelE|gelatinase	Gelatinase	16
fusobacterium_nucleatum	GCF_031191795.1	enterococcus_fsr	fsrA|fsrB|fsrC	Enterococcal quorum sensing	9
fusobacterium_nucleatum	GCF_031191795.1	pseudomonas_alg	algD|algU|algR	Alginate pathway	25
fusobacterium_nucleatum	GCF_031191795.1	pseudomonas_pel	pelA|pelB|pelC|pelD|pelE|pelF|pelG	Pel exopolysaccharide	42
fusobacterium_nucleatum	GCF_031191795.1	pseudomonas_psl	pslA|pslB|pslC|pslD|pslE	Psl exopolysaccharide	27
fusobacterium_nucleatum	GCF_031191795.1	pseudomonas_las	lasI|lasR	Las quorum sensing	30
fusobacterium_nucleatum	GCF_031191795.1	pseudomonas_rhl	rhlI|rhlR	Rhl quorum sensing	4
fusobacterium_nucleatum	GCF_031191795.1	pseudomonas_pqs	pqsA|pqsB|pqsC|pqsD|pqsE|pqsR	PQS quorum sensing	6
fusobacterium_nucleatum	GCF_031191795.1	pseudomonas_pili	pilA|pilB|pilT|type IV pilus	Type IV pili	33
fusobacterium_nucleatum	GCF_031191795.1	pg_fimbriae	fimA|mfa1	Porphyromonas fimbriae	2
fusobacterium_nucleatum	GCF_031191795.1	pg_gingipain	rgpA|rgpB|kgp	Gingipain proteases	38
fusobacterium_nucleatum	GCF_031191795.1	pg_hagA	hagA	Hemagglutinin adhesin	2
fusobacterium_nucleatum	GCF_031191795.1	fn_adhesin	fadA|fap2|radD|fomA	Fusobacterium adhesins	25
fusobacterium_nucleatum	GCF_031191795.1	td_virulence	prtP|dentilisin|msp	Treponema denticola virulence	20
fusobacterium_nucleatum	GCF_037889055.1	biofilm_ica	icaA|icaB|icaC|icaD|icaR	Staphylococcal intercellular adhesion locus	22
fusobacterium_nucleatum	GCF_037889055.1	biofilm_accumulation	aap|accumulation-associated protein	Biofilm accumulation-associated protein	60
fusobacterium_nucleatum	GCF_037889055.1	adhesion_autolysin	atlE|autolysin	Autolysin-mediated adhesion	16
fusobacterium_nucleatum	GCF_037889055.1	adhesion_fibronectin	fnbA|fnbB|fibronectin	Fibronectin-binding proteins	3
fusobacterium_nucleatum	GCF_037889055.1	adhesion_clumping	clfA|clfB|clumping factor	Clumping factors	1
fusobacterium_nucleatum	GCF_037889055.1	adhesion_collagen	cna|collagen adhesin|collagen-binding	Collagen-binding adhesin	4
fusobacterium_nucleatum	GCF_037889055.1	adhesion_sdr	sdrC|sdrD|sdrE|serine-aspartate repeat	Serine-aspartate repeat adhesins	12
fusobacterium_nucleatum	GCF_037889055.1	biofilm_sasG	sasG	Staphylococcal surface protein G	8
fusobacterium_nucleatum	GCF_037889055.1	quorum_agr	agrA|agrB|agrC|agrD	Staphylococcal quorum sensing agr system	11
fusobacterium_nucleatum	GCF_037889055.1	regulation_sarA	sarA	Staphylococcal accessory regulator	4
fusobacterium_nucleatum	GCF_037889055.1	streptococcus_gtf	gtfB|gtfC|gtfD|glucosyltransferase	Glucosyltransferases	5
fusobacterium_nucleatum	GCF_037889055.1	streptococcus_spaP	spaP|pac|antigen I/II	Streptococcal adhesin antigen I/II	20
fusobacterium_nucleatum	GCF_037889055.1	competence_com	comC|comD|comE	Competence quorum sensing	4
fusobacterium_nucleatum	GCF_037889055.1	regulation_vicRK	vicR|vicK|covR|covS	Two-component biofilm regulation	3
fusobacterium_nucleatum	GCF_037889055.1	sortase	srtA|srtC|sortase	Sortase and surface protein anchoring	3
fusobacterium_nucleatum	GCF_037889055.1	adhesion_enolase	eno|enolase	Surface-associated enolase	154
fusobacterium_nucleatum	GCF_037889055.1	adhesion_fbp	fbp|fibronectin-binding	Fibronectin-binding protein	2
fusobacterium_nucleatum	GCF_037889055.1	enterococcus_esp	esp|enterococcal surface protein	Enterococcal biofilm surface protein	94
fusobacterium_nucleatum	GCF_037889055.1	enterococcus_ace	ace|collagen adhesin	Collagen-binding adhesin	225
fusobacterium_nucleatum	GCF_037889055.1	enterococcus_efaA	efaA	Endocarditis-associated antigen	5
fusobacterium_nucleatum	GCF_037889055.1	enterococcus_gelE	gelE|gelatinase	Gelatinase	18
fusobacterium_nucleatum	GCF_037889055.1	enterococcus_fsr	fsrA|fsrB|fsrC	Enterococcal quorum sensing	9
fusobacterium_nucleatum	GCF_037889055.1	pseudomonas_alg	algD|algU|algR	Alginate pathway	25
fusobacterium_nucleatum	GCF_037889055.1	pseudomonas_pel	pelA|pelB|pelC|pelD|pelE|pelF|pelG	Pel exopolysaccharide	41
fusobacterium_nucleatum	GCF_037889055.1	pseudomonas_psl	pslA|pslB|pslC|pslD|pslE	Psl exopolysaccharide	28
fusobacterium_nucleatum	GCF_037889055.1	pseudomonas_las	lasI|lasR	Las quorum sensing	26
fusobacterium_nucleatum	GCF_037889055.1	pseudomonas_rhl	rhlI|rhlR	Rhl quorum sensing	4
fusobacterium_nucleatum	GCF_037889055.1	pseudomonas_pqs	pqsA|pqsB|pqsC|pqsD|pqsE|pqsR	PQS quorum sensing	6
fusobacterium_nucleatum	GCF_037889055.1	pseudomonas_pili	pilA|pilB|pilT|type IV pilus	Type IV pili	35
fusobacterium_nucleatum	GCF_037889055.1	pg_fimbriae	fimA|mfa1	Porphyromonas fimbriae	2
fusobacterium_nucleatum	GCF_037889055.1	pg_gingipain	rgpA|rgpB|kgp	Gingipain proteases	38
fusobacterium_nucleatum	GCF_037889055.1	pg_hagA	hagA	Hemagglutinin adhesin	2
fusobacterium_nucleatum	GCF_037889055.1	fn_adhesin	fadA|fap2|radD|fomA	Fusobacterium adhesins	26
fusobacterium_nucleatum	GCF_037889055.1	td_virulence	prtP|dentilisin|msp	Treponema denticola virulence	25
fusobacterium_nucleatum	GCF_037889065.1	biofilm_ica	icaA|icaB|icaC|icaD|icaR	Staphylococcal intercellular adhesion locus	21
fusobacterium_nucleatum	GCF_037889065.1	biofilm_accumulation	aap|accumulation-associated protein	Biofilm accumulation-associated protein	55
fusobacterium_nucleatum	GCF_037889065.1	adhesion_autolysin	atlE|autolysin	Autolysin-mediated adhesion	17
fusobacterium_nucleatum	GCF_037889065.1	adhesion_clumping	clfA|clfB|clumping factor	Clumping factors	1
fusobacterium_nucleatum	GCF_037889065.1	adhesion_collagen	cna|collagen adhesin|collagen-binding	Collagen-binding adhesin	4
fusobacterium_nucleatum	GCF_037889065.1	adhesion_sdr	sdrC|sdrD|sdrE|serine-aspartate repeat	Serine-aspartate repeat adhesins	10
fusobacterium_nucleatum	GCF_037889065.1	biofilm_sasG	sasG	Staphylococcal surface protein G	7
fusobacterium_nucleatum	GCF_037889065.1	quorum_agr	agrA|agrB|agrC|agrD	Staphylococcal quorum sensing agr system	11
fusobacterium_nucleatum	GCF_037889065.1	regulation_sarA	sarA	Staphylococcal accessory regulator	2
fusobacterium_nucleatum	GCF_037889065.1	streptococcus_gtf	gtfB|gtfC|gtfD|glucosyltransferase	Glucosyltransferases	6
fusobacterium_nucleatum	GCF_037889065.1	streptococcus_spaP	spaP|pac|antigen I/II	Streptococcal adhesin antigen I/II	17
fusobacterium_nucleatum	GCF_037889065.1	competence_com	comC|comD|comE	Competence quorum sensing	4
fusobacterium_nucleatum	GCF_037889065.1	regulation_vicRK	vicR|vicK|covR|covS	Two-component biofilm regulation	1
fusobacterium_nucleatum	GCF_037889065.1	sortase	srtA|srtC|sortase	Sortase and surface protein anchoring	3
fusobacterium_nucleatum	GCF_037889065.1	adhesion_enolase	eno|enolase	Surface-associated enolase	141
fusobacterium_nucleatum	GCF_037889065.1	enterococcus_esp	esp|enterococcal surface protein	Enterococcal biofilm surface protein	77
fusobacterium_nucleatum	GCF_037889065.1	enterococcus_ace	ace|collagen adhesin	Collagen-binding adhesin	192
fusobacterium_nucleatum	GCF_037889065.1	enterococcus_efaA	efaA	Endocarditis-associated antigen	4
fusobacterium_nucleatum	GCF_037889065.1	enterococcus_gelE	gelE|gelatinase	Gelatinase	25
fusobacterium_nucleatum	GCF_037889065.1	enterococcus_fsr	fsrA|fsrB|fsrC	Enterococcal quorum sensing	6
fusobacterium_nucleatum	GCF_037889065.1	pseudomonas_alg	algD|algU|algR	Alginate pathway	28
fusobacterium_nucleatum	GCF_037889065.1	pseudomonas_pel	pelA|pelB|pelC|pelD|pelE|pelF|pelG	Pel exopolysaccharide	42
fusobacterium_nucleatum	GCF_037889065.1	pseudomonas_psl	pslA|pslB|pslC|pslD|pslE	Psl exopolysaccharide	25
fusobacterium_nucleatum	GCF_037889065.1	pseudomonas_las	lasI|lasR	Las quorum sensing	34
fusobacterium_nucleatum	GCF_037889065.1	pseudomonas_rhl	rhlI|rhlR	Rhl quorum sensing	2
fusobacterium_nucleatum	GCF_037889065.1	pseudomonas_pqs	pqsA|pqsB|pqsC|pqsD|pqsE|pqsR	PQS quorum sensing	8
fusobacterium_nucleatum	GCF_037889065.1	pseudomonas_pili	pilA|pilB|pilT|type IV pilus	Type IV pili	34
fusobacterium_nucleatum	GCF_037889065.1	pg_fimbriae	fimA|mfa1	Porphyromonas fimbriae	2
fusobacterium_nucleatum	GCF_037889065.1	pg_gingipain	rgpA|rgpB|kgp	Gingipain proteases	36
fusobacterium_nucleatum	GCF_037889065.1	pg_hagA	hagA	Hemagglutinin adhesin	1
fusobacterium_nucleatum	GCF_037889065.1	fn_adhesin	fadA|fap2|radD|fomA	Fusobacterium adhesins	29
fusobacterium_nucleatum	GCF_037889065.1	td_virulence	prtP|dentilisin|msp	Treponema denticola virulence	22
porphyromonas_gingivalis	GCF_001263815.1	biofilm_ica	icaA|icaB|icaC|icaD|icaR	Staphylococcal intercellular adhesion locus	16
porphyromonas_gingivalis	GCF_001263815.1	biofilm_accumulation	aap|accumulation-associated protein	Biofilm accumulation-associated protein	122
porphyromonas_gingivalis	GCF_001263815.1	adhesion_autolysin	atlE|autolysin	Autolysin-mediated adhesion	17
porphyromonas_gingivalis	GCF_001263815.1	adhesion_fibronectin	fnbA|fnbB|fibronectin	Fibronectin-binding proteins	4
porphyromonas_gingivalis	GCF_001263815.1	adhesion_clumping	clfA|clfB|clumping factor	Clumping factors	2
porphyromonas_gingivalis	GCF_001263815.1	adhesion_collagen	cna|collagen adhesin|collagen-binding	Collagen-binding adhesin	25
porphyromonas_gingivalis	GCF_001263815.1	adhesion_sdr	sdrC|sdrD|sdrE|serine-aspartate repeat	Serine-aspartate repeat adhesins	20
porphyromonas_gingivalis	GCF_001263815.1	biofilm_sasG	sasG	Staphylococcal surface protein G	16
porphyromonas_gingivalis	GCF_001263815.1	quorum_agr	agrA|agrB|agrC|agrD	Staphylococcal quorum sensing agr system	21
porphyromonas_gingivalis	GCF_001263815.1	regulation_sarA	sarA	Staphylococcal accessory regulator	10
porphyromonas_gingivalis	GCF_001263815.1	streptococcus_gtf	gtfB|gtfC|gtfD|glucosyltransferase	Glucosyltransferases	13
porphyromonas_gingivalis	GCF_001263815.1	streptococcus_spaP	spaP|pac|antigen I/II	Streptococcal adhesin antigen I/II	29
porphyromonas_gingivalis	GCF_001263815.1	competence_com	comC|comD|comE	Competence quorum sensing	4
porphyromonas_gingivalis	GCF_001263815.1	regulation_vicRK	vicR|vicK|covR|covS	Two-component biofilm regulation	2
porphyromonas_gingivalis	GCF_001263815.1	sortase	srtA|srtC|sortase	Sortase and surface protein anchoring	15
porphyromonas_gingivalis	GCF_001263815.1	adhesion_enolase	eno|enolase	Surface-associated enolase	128
porphyromonas_gingivalis	GCF_001263815.1	enterococcus_esp	esp|enterococcal surface protein	Enterococcal biofilm surface protein	103
porphyromonas_gingivalis	GCF_001263815.1	enterococcus_ace	ace|collagen adhesin	Collagen-binding adhesin	187
porphyromonas_gingivalis	GCF_001263815.1	enterococcus_efaA	efaA	Endocarditis-associated antigen	3
porphyromonas_gingivalis	GCF_001263815.1	enterococcus_gelE	gelE|gelatinase	Gelatinase	14
porphyromonas_gingivalis	GCF_001263815.1	enterococcus_fsr	fsrA|fsrB|fsrC	Enterococcal quorum sensing	10
porphyromonas_gingivalis	GCF_001263815.1	pseudomonas_alg	algD|algU|algR	Alginate pathway	27
porphyromonas_gingivalis	GCF_001263815.1	pseudomonas_pel	pelA|pelB|pelC|pelD|pelE|pelF|pelG	Pel exopolysaccharide	68
porphyromonas_gingivalis	GCF_001263815.1	pseudomonas_psl	pslA|pslB|pslC|pslD|pslE	Psl exopolysaccharide	25
porphyromonas_gingivalis	GCF_001263815.1	pseudomonas_las	lasI|lasR	Las quorum sensing	27
porphyromonas_gingivalis	GCF_001263815.1	pseudomonas_rhl	rhlI|rhlR	Rhl quorum sensing	9
porphyromonas_gingivalis	GCF_001263815.1	pseudomonas_pqs	pqsA|pqsB|pqsC|pqsD|pqsE|pqsR	PQS quorum sensing	42
porphyromonas_gingivalis	GCF_001263815.1	pseudomonas_pili	pilA|pilB|pilT|type IV pilus	Type IV pili	27
porphyromonas_gingivalis	GCF_001263815.1	pg_fimbriae	fimA|mfa1	Porphyromonas fimbriae	5
porphyromonas_gingivalis	GCF_001263815.1	pg_gingipain	rgpA|rgpB|kgp	Gingipain proteases	59
porphyromonas_gingivalis	GCF_001263815.1	pg_hagA	hagA	Hemagglutinin adhesin	7
porphyromonas_gingivalis	GCF_001263815.1	fn_adhesin	fadA|fap2|radD|fomA	Fusobacterium adhesins	17
porphyromonas_gingivalis	GCF_001263815.1	td_virulence	prtP|dentilisin|msp	Treponema denticola virulence	51
porphyromonas_gingivalis	GCF_002753935.1	biofilm_ica	icaA|icaB|icaC|icaD|icaR	Staphylococcal intercellular adhesion locus	17
porphyromonas_gingivalis	GCF_002753935.1	biofilm_accumulation	aap|accumulation-associated protein	Biofilm accumulation-associated protein	108
porphyromonas_gingivalis	GCF_002753935.1	adhesion_autolysin	atlE|autolysin	Autolysin-mediated adhesion	9
porphyromonas_gingivalis	GCF_002753935.1	adhesion_fibronectin	fnbA|fnbB|fibronectin	Fibronectin-binding proteins	4
porphyromonas_gingivalis	GCF_002753935.1	adhesion_clumping	clfA|clfB|clumping factor	Clumping factors	3
porphyromonas_gingivalis	GCF_002753935.1	adhesion_collagen	cna|collagen adhesin|collagen-binding	Collagen-binding adhesin	22
porphyromonas_gingivalis	GCF_002753935.1	adhesion_sdr	sdrC|sdrD|sdrE|serine-aspartate repeat	Serine-aspartate repeat adhesins	17
porphyromonas_gingivalis	GCF_002753935.1	biofilm_sasG	sasG	Staphylococcal surface protein G	16
porphyromonas_gingivalis	GCF_002753935.1	quorum_agr	agrA|agrB|agrC|agrD	Staphylococcal quorum sensing agr system	24
porphyromonas_gingivalis	GCF_002753935.1	regulation_sarA	sarA	Staphylococcal accessory regulator	7
porphyromonas_gingivalis	GCF_002753935.1	streptococcus_gtf	gtfB|gtfC|gtfD|glucosyltransferase	Glucosyltransferases	14
porphyromonas_gingivalis	GCF_002753935.1	streptococcus_spaP	spaP|pac|antigen I/II	Streptococcal adhesin antigen I/II	27
porphyromonas_gingivalis	GCF_002753935.1	competence_com	comC|comD|comE	Competence quorum sensing	4
porphyromonas_gingivalis	GCF_002753935.1	regulation_vicRK	vicR|vicK|covR|covS	Two-component biofilm regulation	3
porphyromonas_gingivalis	GCF_002753935.1	sortase	srtA|srtC|sortase	Sortase and surface protein anchoring	13
porphyromonas_gingivalis	GCF_002753935.1	adhesion_enolase	eno|enolase	Surface-associated enolase	127
porphyromonas_gingivalis	GCF_002753935.1	enterococcus_esp	esp|enterococcal surface protein	Enterococcal biofilm surface protein	101
porphyromonas_gingivalis	GCF_002753935.1	enterococcus_ace	ace|collagen adhesin	Collagen-binding adhesin	181
porphyromonas_gingivalis	GCF_002753935.1	enterococcus_efaA	efaA	Endocarditis-associated antigen	3
porphyromonas_gingivalis	GCF_002753935.1	enterococcus_gelE	gelE|gelatinase	Gelatinase	12
porphyromonas_gingivalis	GCF_002753935.1	enterococcus_fsr	fsrA|fsrB|fsrC	Enterococcal quorum sensing	8
porphyromonas_gingivalis	GCF_002753935.1	pseudomonas_alg	algD|algU|algR	Alginate pathway	26
porphyromonas_gingivalis	GCF_002753935.1	pseudomonas_pel	pelA|pelB|pelC|pelD|pelE|pelF|pelG	Pel exopolysaccharide	63
porphyromonas_gingivalis	GCF_002753935.1	pseudomonas_psl	pslA|pslB|pslC|pslD|pslE	Psl exopolysaccharide	26
porphyromonas_gingivalis	GCF_002753935.1	pseudomonas_las	lasI|lasR	Las quorum sensing	35
porphyromonas_gingivalis	GCF_002753935.1	pseudomonas_rhl	rhlI|rhlR	Rhl quorum sensing	12
porphyromonas_gingivalis	GCF_002753935.1	pseudomonas_pqs	pqsA|pqsB|pqsC|pqsD|pqsE|pqsR	PQS quorum sensing	39
porphyromonas_gingivalis	GCF_002753935.1	pseudomonas_pili	pilA|pilB|pilT|type IV pilus	Type IV pili	22
porphyromonas_gingivalis	GCF_002753935.1	pg_fimbriae	fimA|mfa1	Porphyromonas fimbriae	4
porphyromonas_gingivalis	GCF_002753935.1	pg_gingipain	rgpA|rgpB|kgp	Gingipain proteases	54
porphyromonas_gingivalis	GCF_002753935.1	pg_hagA	hagA	Hemagglutinin adhesin	4
porphyromonas_gingivalis	GCF_002753935.1	fn_adhesin	fadA|fap2|radD|fomA	Fusobacterium adhesins	35
porphyromonas_gingivalis	GCF_002753935.1	td_virulence	prtP|dentilisin|msp	Treponema denticola virulence	44
porphyromonas_gingivalis	GCF_002753955.1	biofilm_ica	icaA|icaB|icaC|icaD|icaR	Staphylococcal intercellular adhesion locus	17
porphyromonas_gingivalis	GCF_002753955.1	biofilm_accumulation	aap|accumulation-associated protein	Biofilm accumulation-associated protein	129
porphyromonas_gingivalis	GCF_002753955.1	adhesion_autolysin	atlE|autolysin	Autolysin-mediated adhesion	10
porphyromonas_gingivalis	GCF_002753955.1	adhesion_fibronectin	fnbA|fnbB|fibronectin	Fibronectin-binding proteins	4
porphyromonas_gingivalis	GCF_002753955.1	adhesion_clumping	clfA|clfB|clumping factor	Clumping factors	2
porphyromonas_gingivalis	GCF_002753955.1	adhesion_collagen	cna|collagen adhesin|collagen-binding	Collagen-binding adhesin	24
porphyromonas_gingivalis	GCF_002753955.1	adhesion_sdr	sdrC|sdrD|sdrE|serine-aspartate repeat	Serine-aspartate repeat adhesins	19
porphyromonas_gingivalis	GCF_002753955.1	biofilm_sasG	sasG	Staphylococcal surface protein G	17
porphyromonas_gingivalis	GCF_002753955.1	quorum_agr	agrA|agrB|agrC|agrD	Staphylococcal quorum sensing agr system	24
porphyromonas_gingivalis	GCF_002753955.1	regulation_sarA	sarA	Staphylococcal accessory regulator	8
porphyromonas_gingivalis	GCF_002753955.1	streptococcus_gtf	gtfB|gtfC|gtfD|glucosyltransferase	Glucosyltransferases	13
porphyromonas_gingivalis	GCF_002753955.1	streptococcus_spaP	spaP|pac|antigen I/II	Streptococcal adhesin antigen I/II	27
porphyromonas_gingivalis	GCF_002753955.1	competence_com	comC|comD|comE	Competence quorum sensing	4
porphyromonas_gingivalis	GCF_002753955.1	regulation_vicRK	vicR|vicK|covR|covS	Two-component biofilm regulation	2
porphyromonas_gingivalis	GCF_002753955.1	sortase	srtA|srtC|sortase	Sortase and surface protein anchoring	17
porphyromonas_gingivalis	GCF_002753955.1	adhesion_enolase	eno|enolase	Surface-associated enolase	127
porphyromonas_gingivalis	GCF_002753955.1	enterococcus_esp	esp|enterococcal surface protein	Enterococcal biofilm surface protein	108
porphyromonas_gingivalis	GCF_002753955.1	enterococcus_ace	ace|collagen adhesin	Collagen-binding adhesin	197
porphyromonas_gingivalis	GCF_002753955.1	enterococcus_efaA	efaA	Endocarditis-associated antigen	3
porphyromonas_gingivalis	GCF_002753955.1	enterococcus_gelE	gelE|gelatinase	Gelatinase	14
porphyromonas_gingivalis	GCF_002753955.1	enterococcus_fsr	fsrA|fsrB|fsrC	Enterococcal quorum sensing	8
porphyromonas_gingivalis	GCF_002753955.1	pseudomonas_alg	algD|algU|algR	Alginate pathway	30
porphyromonas_gingivalis	GCF_002753955.1	pseudomonas_pel	pelA|pelB|pelC|pelD|pelE|pelF|pelG	Pel exopolysaccharide	66
porphyromonas_gingivalis	GCF_002753955.1	pseudomonas_psl	pslA|pslB|pslC|pslD|pslE	Psl exopolysaccharide	26
porphyromonas_gingivalis	GCF_002753955.1	pseudomonas_las	lasI|lasR	Las quorum sensing	29
porphyromonas_gingivalis	GCF_002753955.1	pseudomonas_rhl	rhlI|rhlR	Rhl quorum sensing	12
porphyromonas_gingivalis	GCF_002753955.1	pseudomonas_pqs	pqsA|pqsB|pqsC|pqsD|pqsE|pqsR	PQS quorum sensing	33
porphyromonas_gingivalis	GCF_002753955.1	pseudomonas_pili	pilA|pilB|pilT|type IV pilus	Type IV pili	23
porphyromonas_gingivalis	GCF_002753955.1	pg_fimbriae	fimA|mfa1	Porphyromonas fimbriae	5
porphyromonas_gingivalis	GCF_002753955.1	pg_gingipain	rgpA|rgpB|kgp	Gingipain proteases	55
porphyromonas_gingivalis	GCF_002753955.1	pg_hagA	hagA	Hemagglutinin adhesin	7
porphyromonas_gingivalis	GCF_002753955.1	fn_adhesin	fadA|fap2|radD|fomA	Fusobacterium adhesins	21
porphyromonas_gingivalis	GCF_002753955.1	td_virulence	prtP|dentilisin|msp	Treponema denticola virulence	54
porphyromonas_gingivalis	GCF_002753975.1	biofilm_ica	icaA|icaB|icaC|icaD|icaR	Staphylococcal intercellular adhesion locus	15
porphyromonas_gingivalis	GCF_002753975.1	biofilm_accumulation	aap|accumulation-associated protein	Biofilm accumulation-associated protein	127
porphyromonas_gingivalis	GCF_002753975.1	adhesion_autolysin	atlE|autolysin	Autolysin-mediated adhesion	8
porphyromonas_gingivalis	GCF_002753975.1	adhesion_fibronectin	fnbA|fnbB|fibronectin	Fibronectin-binding proteins	2
porphyromonas_gingivalis	GCF_002753975.1	adhesion_clumping	clfA|clfB|clumping factor	Clumping factors	2
porphyromonas_gingivalis	GCF_002753975.1	adhesion_collagen	cna|collagen adhesin|collagen-binding	Collagen-binding adhesin	22
porphyromonas_gingivalis	GCF_002753975.1	adhesion_sdr	sdrC|sdrD|sdrE|serine-aspartate repeat	Serine-aspartate repeat adhesins	19
porphyromonas_gingivalis	GCF_002753975.1	biofilm_sasG	sasG	Staphylococcal surface protein G	18
porphyromonas_gingivalis	GCF_002753975.1	quorum_agr	agrA|agrB|agrC|agrD	Staphylococcal quorum sensing agr system	23
porphyromonas_gingivalis	GCF_002753975.1	regulation_sarA	sarA	Staphylococcal accessory regulator	7
porphyromonas_gingivalis	GCF_002753975.1	streptococcus_gtf	gtfB|gtfC|gtfD|glucosyltransferase	Glucosyltransferases	13
porphyromonas_gingivalis	GCF_002753975.1	streptococcus_spaP	spaP|pac|antigen I/II	Streptococcal adhesin antigen I/II	28
porphyromonas_gingivalis	GCF_002753975.1	competence_com	comC|comD|comE	Competence quorum sensing	4
porphyromonas_gingivalis	GCF_002753975.1	regulation_vicRK	vicR|vicK|covR|covS	Two-component biofilm regulation	2
porphyromonas_gingivalis	GCF_002753975.1	sortase	srtA|srtC|sortase	Sortase and surface protein anchoring	21
porphyromonas_gingivalis	GCF_002753975.1	adhesion_enolase	eno|enolase	Surface-associated enolase	128
porphyromonas_gingivalis	GCF_002753975.1	enterococcus_esp	esp|enterococcal surface protein	Enterococcal biofilm surface protein	112
porphyromonas_gingivalis	GCF_002753975.1	enterococcus_ace	ace|collagen adhesin	Collagen-binding adhesin	187
porphyromonas_gingivalis	GCF_002753975.1	enterococcus_efaA	efaA	Endocarditis-associated antigen	3
porphyromonas_gingivalis	GCF_002753975.1	enterococcus_gelE	gelE|gelatinase	Gelatinase	11
porphyromonas_gingivalis	GCF_002753975.1	enterococcus_fsr	fsrA|fsrB|fsrC	Enterococcal quorum sensing	9
porphyromonas_gingivalis	GCF_002753975.1	pseudomonas_alg	algD|algU|algR	Alginate pathway	24
porphyromonas_gingivalis	GCF_002753975.1	pseudomonas_pel	pelA|pelB|pelC|pelD|pelE|pelF|pelG	Pel exopolysaccharide	67
porphyromonas_gingivalis	GCF_002753975.1	pseudomonas_psl	pslA|pslB|pslC|pslD|pslE	Psl exopolysaccharide	27
porphyromonas_gingivalis	GCF_002753975.1	pseudomonas_las	lasI|lasR	Las quorum sensing	32
porphyromonas_gingivalis	GCF_002753975.1	pseudomonas_rhl	rhlI|rhlR	Rhl quorum sensing	11
porphyromonas_gingivalis	GCF_002753975.1	pseudomonas_pqs	pqsA|pqsB|pqsC|pqsD|pqsE|pqsR	PQS quorum sensing	39
porphyromonas_gingivalis	GCF_002753975.1	pseudomonas_pili	pilA|pilB|pilT|type IV pilus	Type IV pili	27
porphyromonas_gingivalis	GCF_002753975.1	pg_fimbriae	fimA|mfa1	Porphyromonas fimbriae	4
porphyromonas_gingivalis	GCF_002753975.1	pg_gingipain	rgpA|rgpB|kgp	Gingipain proteases	57
porphyromonas_gingivalis	GCF_002753975.1	pg_hagA	hagA	Hemagglutinin adhesin	7
porphyromonas_gingivalis	GCF_002753975.1	fn_adhesin	fadA|fap2|radD|fomA	Fusobacterium adhesins	26
porphyromonas_gingivalis	GCF_002753975.1	td_virulence	prtP|dentilisin|msp	Treponema denticola virulence	50
porphyromonas_gingivalis	GCF_002754015.1	biofilm_ica	icaA|icaB|icaC|icaD|icaR	Staphylococcal intercellular adhesion locus	17
porphyromonas_gingivalis	GCF_002754015.1	biofilm_accumulation	aap|accumulation-associated protein	Biofilm accumulation-associated protein	117
porphyromonas_gingivalis	GCF_002754015.1	adhesion_autolysin	atlE|autolysin	Autolysin-mediated adhesion	12
porphyromonas_gingivalis	GCF_002754015.1	adhesion_fibronectin	fnbA|fnbB|fibronectin	Fibronectin-binding proteins	4
porphyromonas_gingivalis	GCF_002754015.1	adhesion_clumping	clfA|clfB|clumping factor	Clumping factors	3
porphyromonas_gingivalis	GCF_002754015.1	adhesion_collagen	cna|collagen adhesin|collagen-binding	Collagen-binding adhesin	23
porphyromonas_gingivalis	GCF_002754015.1	adhesion_sdr	sdrC|sdrD|sdrE|serine-aspartate repeat	Serine-aspartate repeat adhesins	21
porphyromonas_gingivalis	GCF_002754015.1	biofilm_sasG	sasG	Staphylococcal surface protein G	17
porphyromonas_gingivalis	GCF_002754015.1	quorum_agr	agrA|agrB|agrC|agrD	Staphylococcal quorum sensing agr system	25
porphyromonas_gingivalis	GCF_002754015.1	regulation_sarA	sarA	Staphylococcal accessory regulator	9
porphyromonas_gingivalis	GCF_002754015.1	streptococcus_gtf	gtfB|gtfC|gtfD|glucosyltransferase	Glucosyltransferases	13
porphyromonas_gingivalis	GCF_002754015.1	streptococcus_spaP	spaP|pac|antigen I/II	Streptococcal adhesin antigen I/II	30
porphyromonas_gingivalis	GCF_002754015.1	competence_com	comC|comD|comE	Competence quorum sensing	4
porphyromonas_gingivalis	GCF_002754015.1	regulation_vicRK	vicR|vicK|covR|covS	Two-component biofilm regulation	1
porphyromonas_gingivalis	GCF_002754015.1	sortase	srtA|srtC|sortase	Sortase and surface protein anchoring	17
porphyromonas_gingivalis	GCF_002754015.1	adhesion_enolase	eno|enolase	Surface-associated enolase	123
porphyromonas_gingivalis	GCF_002754015.1	enterococcus_esp	esp|enterococcal surface protein	Enterococcal biofilm surface protein	102
porphyromonas_gingivalis	GCF_002754015.1	enterococcus_ace	ace|collagen adhesin	Collagen-binding adhesin	184
porphyromonas_gingivalis	GCF_002754015.1	enterococcus_efaA	efaA	Endocarditis-associated antigen	3
porphyromonas_gingivalis	GCF_002754015.1	enterococcus_gelE	gelE|gelatinase	Gelatinase	13
porphyromonas_gingivalis	GCF_002754015.1	enterococcus_fsr	fsrA|fsrB|fsrC	Enterococcal quorum sensing	9
porphyromonas_gingivalis	GCF_002754015.1	pseudomonas_alg	algD|algU|algR	Alginate pathway	28
porphyromonas_gingivalis	GCF_002754015.1	pseudomonas_pel	pelA|pelB|pelC|pelD|pelE|pelF|pelG	Pel exopolysaccharide	62
porphyromonas_gingivalis	GCF_002754015.1	pseudomonas_psl	pslA|pslB|pslC|pslD|pslE	Psl exopolysaccharide	24
porphyromonas_gingivalis	GCF_002754015.1	pseudomonas_las	lasI|lasR	Las quorum sensing	26
porphyromonas_gingivalis	GCF_002754015.1	pseudomonas_rhl	rhlI|rhlR	Rhl quorum sensing	11
porphyromonas_gingivalis	GCF_002754015.1	pseudomonas_pqs	pqsA|pqsB|pqsC|pqsD|pqsE|pqsR	PQS quorum sensing	38
porphyromonas_gingivalis	GCF_002754015.1	pseudomonas_pili	pilA|pilB|pilT|type IV pilus	Type IV pili	26
porphyromonas_gingivalis	GCF_002754015.1	pg_fimbriae	fimA|mfa1	Porphyromonas fimbriae	5
porphyromonas_gingivalis	GCF_002754015.1	pg_gingipain	rgpA|rgpB|kgp	Gingipain proteases	57
porphyromonas_gingivalis	GCF_002754015.1	pg_hagA	hagA	Hemagglutinin adhesin	6
porphyromonas_gingivalis	GCF_002754015.1	fn_adhesin	fadA|fap2|radD|fomA	Fusobacterium adhesins	31
porphyromonas_gingivalis	GCF_002754015.1	td_virulence	prtP|dentilisin|msp	Treponema denticola virulence	46
prevotella_intermedia	GCF_001548195.1	biofilm_ica	icaA|icaB|icaC|icaD|icaR	Staphylococcal intercellular adhesion locus	16
prevotella_intermedia	GCF_001548195.1	biofilm_accumulation	aap|accumulation-associated protein	Biofilm accumulation-associated protein	120
prevotella_intermedia	GCF_001548195.1	adhesion_autolysin	atlE|autolysin	Autolysin-mediated adhesion	30
prevotella_intermedia	GCF_001548195.1	adhesion_clumping	clfA|clfB|clumping factor	Clumping factors	2
prevotella_intermedia	GCF_001548195.1	adhesion_collagen	cna|collagen adhesin|collagen-binding	Collagen-binding adhesin	42
prevotella_intermedia	GCF_001548195.1	adhesion_sdr	sdrC|sdrD|sdrE|serine-aspartate repeat	Serine-aspartate repeat adhesins	15
prevotella_intermedia	GCF_001548195.1	biofilm_sasG	sasG	Staphylococcal surface protein G	10
prevotella_intermedia	GCF_001548195.1	quorum_agr	agrA|agrB|agrC|agrD	Staphylococcal quorum sensing agr system	18
prevotella_intermedia	GCF_001548195.1	regulation_sarA	sarA	Staphylococcal accessory regulator	5
prevotella_intermedia	GCF_001548195.1	streptococcus_gtf	gtfB|gtfC|gtfD|glucosyltransferase	Glucosyltransferases	8
prevotella_intermedia	GCF_001548195.1	streptococcus_spaP	spaP|pac|antigen I/II	Streptococcal adhesin antigen I/II	27
prevotella_intermedia	GCF_001548195.1	competence_com	comC|comD|comE	Competence quorum sensing	4
prevotella_intermedia	GCF_001548195.1	regulation_vicRK	vicR|vicK|covR|covS	Two-component biofilm regulation	1
prevotella_intermedia	GCF_001548195.1	sortase	srtA|srtC|sortase	Sortase and surface protein anchoring	10
prevotella_intermedia	GCF_001548195.1	adhesion_enolase	eno|enolase	Surface-associated enolase	113
prevotella_intermedia	GCF_001548195.1	enterococcus_esp	esp|enterococcal surface protein	Enterococcal biofilm surface protein	98
prevotella_intermedia	GCF_001548195.1	enterococcus_ace	ace|collagen adhesin	Collagen-binding adhesin	190
prevotella_intermedia	GCF_001548195.1	enterococcus_efaA	efaA	Endocarditis-associated antigen	4
prevotella_intermedia	GCF_001548195.1	enterococcus_gelE	gelE|gelatinase	Gelatinase	10
prevotella_intermedia	GCF_001548195.1	enterococcus_fsr	fsrA|fsrB|fsrC	Enterococcal quorum sensing	4
prevotella_intermedia	GCF_001548195.1	pseudomonas_alg	algD|algU|algR	Alginate pathway	28
prevotella_intermedia	GCF_001548195.1	pseudomonas_pel	pelA|pelB|pelC|pelD|pelE|pelF|pelG	Pel exopolysaccharide	52
prevotella_intermedia	GCF_001548195.1	pseudomonas_psl	pslA|pslB|pslC|pslD|pslE	Psl exopolysaccharide	19
prevotella_intermedia	GCF_001548195.1	pseudomonas_las	lasI|lasR	Las quorum sensing	31
prevotella_intermedia	GCF_001548195.1	pseudomonas_rhl	rhlI|rhlR	Rhl quorum sensing	9
prevotella_intermedia	GCF_001548195.1	pseudomonas_pqs	pqsA|pqsB|pqsC|pqsD|pqsE|pqsR	PQS quorum sensing	13
prevotella_intermedia	GCF_001548195.1	pseudomonas_pili	pilA|pilB|pilT|type IV pilus	Type IV pili	28
prevotella_intermedia	GCF_001548195.1	pg_fimbriae	fimA|mfa1	Porphyromonas fimbriae	3
prevotella_intermedia	GCF_001548195.1	pg_gingipain	rgpA|rgpB|kgp	Gingipain proteases	40
prevotella_intermedia	GCF_001548195.1	pg_hagA	hagA	Hemagglutinin adhesin	6
prevotella_intermedia	GCF_001548195.1	fn_adhesin	fadA|fap2|radD|fomA	Fusobacterium adhesins	15
prevotella_intermedia	GCF_001548195.1	tf_bspA	bspA	Tannerella BspA adhesin	4
prevotella_intermedia	GCF_001548195.1	td_virulence	prtP|dentilisin|msp	Treponema denticola virulence	39
prevotella_intermedia	GCF_001953935.1	biofilm_ica	icaA|icaB|icaC|icaD|icaR	Staphylococcal intercellular adhesion locus	16
prevotella_intermedia	GCF_001953935.1	biofilm_accumulation	aap|accumulation-associated protein	Biofilm accumulation-associated protein	121
prevotella_intermedia	GCF_001953935.1	adhesion_autolysin	atlE|autolysin	Autolysin-mediated adhesion	30
prevotella_intermedia	GCF_001953935.1	adhesion_clumping	clfA|clfB|clumping factor	Clumping factors	2
prevotella_intermedia	GCF_001953935.1	adhesion_collagen	cna|collagen adhesin|collagen-binding	Collagen-binding adhesin	42
prevotella_intermedia	GCF_001953935.1	adhesion_sdr	sdrC|sdrD|sdrE|serine-aspartate repeat	Serine-aspartate repeat adhesins	15
prevotella_intermedia	GCF_001953935.1	biofilm_sasG	sasG	Staphylococcal surface protein G	10
prevotella_intermedia	GCF_001953935.1	quorum_agr	agrA|agrB|agrC|agrD	Staphylococcal quorum sensing agr system	18
prevotella_intermedia	GCF_001953935.1	regulation_sarA	sarA	Staphylococcal accessory regulator	5
prevotella_intermedia	GCF_001953935.1	streptococcus_gtf	gtfB|gtfC|gtfD|glucosyltransferase	Glucosyltransferases	8
prevotella_intermedia	GCF_001953935.1	streptococcus_spaP	spaP|pac|antigen I/II	Streptococcal adhesin antigen I/II	26
prevotella_intermedia	GCF_001953935.1	competence_com	comC|comD|comE	Competence quorum sensing	4
prevotella_intermedia	GCF_001953935.1	regulation_vicRK	vicR|vicK|covR|covS	Two-component biofilm regulation	1
prevotella_intermedia	GCF_001953935.1	sortase	srtA|srtC|sortase	Sortase and surface protein anchoring	10
prevotella_intermedia	GCF_001953935.1	adhesion_enolase	eno|enolase	Surface-associated enolase	117
prevotella_intermedia	GCF_001953935.1	enterococcus_esp	esp|enterococcal surface protein	Enterococcal biofilm surface protein	98
prevotella_intermedia	GCF_001953935.1	enterococcus_ace	ace|collagen adhesin	Collagen-binding adhesin	191
prevotella_intermedia	GCF_001953935.1	enterococcus_efaA	efaA	Endocarditis-associated antigen	4
prevotella_intermedia	GCF_001953935.1	enterococcus_gelE	gelE|gelatinase	Gelatinase	10
prevotella_intermedia	GCF_001953935.1	enterococcus_fsr	fsrA|fsrB|fsrC	Enterococcal quorum sensing	4
prevotella_intermedia	GCF_001953935.1	pseudomonas_alg	algD|algU|algR	Alginate pathway	29
prevotella_intermedia	GCF_001953935.1	pseudomonas_pel	pelA|pelB|pelC|pelD|pelE|pelF|pelG	Pel exopolysaccharide	52
prevotella_intermedia	GCF_001953935.1	pseudomonas_psl	pslA|pslB|pslC|pslD|pslE	Psl exopolysaccharide	19
prevotella_intermedia	GCF_001953935.1	pseudomonas_las	lasI|lasR	Las quorum sensing	31
prevotella_intermedia	GCF_001953935.1	pseudomonas_rhl	rhlI|rhlR	Rhl quorum sensing	10
prevotella_intermedia	GCF_001953935.1	pseudomonas_pqs	pqsA|pqsB|pqsC|pqsD|pqsE|pqsR	PQS quorum sensing	12
prevotella_intermedia	GCF_001953935.1	pseudomonas_pili	pilA|pilB|pilT|type IV pilus	Type IV pili	28
prevotella_intermedia	GCF_001953935.1	pg_fimbriae	fimA|mfa1	Porphyromonas fimbriae	3
prevotella_intermedia	GCF_001953935.1	pg_gingipain	rgpA|rgpB|kgp	Gingipain proteases	40
prevotella_intermedia	GCF_001953935.1	pg_hagA	hagA	Hemagglutinin adhesin	5
prevotella_intermedia	GCF_001953935.1	fn_adhesin	fadA|fap2|radD|fomA	Fusobacterium adhesins	15
prevotella_intermedia	GCF_001953935.1	tf_bspA	bspA	Tannerella BspA adhesin	4
prevotella_intermedia	GCF_001953935.1	td_virulence	prtP|dentilisin|msp	Treponema denticola virulence	39
prevotella_intermedia	GCF_002355195.1	biofilm_ica	icaA|icaB|icaC|icaD|icaR	Staphylococcal intercellular adhesion locus	14
prevotella_intermedia	GCF_002355195.1	biofilm_accumulation	aap|accumulation-associated protein	Biofilm accumulation-associated protein	122
prevotella_intermedia	GCF_002355195.1	adhesion_autolysin	atlE|autolysin	Autolysin-mediated adhesion	28
prevotella_intermedia	GCF_002355195.1	adhesion_clumping	clfA|clfB|clumping factor	Clumping factors	2
prevotella_intermedia	GCF_002355195.1	adhesion_collagen	cna|collagen adhesin|collagen-binding	Collagen-binding adhesin	43
prevotella_intermedia	GCF_002355195.1	adhesion_sdr	sdrC|sdrD|sdrE|serine-aspartate repeat	Serine-aspartate repeat adhesins	20
prevotella_intermedia	GCF_002355195.1	biofilm_sasG	sasG	Staphylococcal surface protein G	16
prevotella_intermedia	GCF_002355195.1	quorum_agr	agrA|agrB|agrC|agrD	Staphylococcal quorum sensing agr system	18
prevotella_intermedia	GCF_002355195.1	regulation_sarA	sarA	Staphylococcal accessory regulator	6
prevotella_intermedia	GCF_002355195.1	streptococcus_gtf	gtfB|gtfC|gtfD|glucosyltransferase	Glucosyltransferases	20
prevotella_intermedia	GCF_002355195.1	streptococcus_spaP	spaP|pac|antigen I/II	Streptococcal adhesin antigen I/II	28
prevotella_intermedia	GCF_002355195.1	competence_com	comC|comD|comE	Competence quorum sensing	4
prevotella_intermedia	GCF_002355195.1	regulation_vicRK	vicR|vicK|covR|covS	Two-component biofilm regulation	1
prevotella_intermedia	GCF_002355195.1	sortase	srtA|srtC|sortase	Sortase and surface protein anchoring	15
prevotella_intermedia	GCF_002355195.1	adhesion_enolase	eno|enolase	Surface-associated enolase	117
prevotella_intermedia	GCF_002355195.1	enterococcus_esp	esp|enterococcal surface protein	Enterococcal biofilm surface protein	108
prevotella_intermedia	GCF_002355195.1	enterococcus_ace	ace|collagen adhesin	Collagen-binding adhesin	225
prevotella_intermedia	GCF_002355195.1	enterococcus_efaA	efaA	Endocarditis-associated antigen	5
prevotella_intermedia	GCF_002355195.1	enterococcus_gelE	gelE|gelatinase	Gelatinase	17
prevotella_intermedia	GCF_002355195.1	enterococcus_fsr	fsrA|fsrB|fsrC	Enterococcal quorum sensing	5
prevotella_intermedia	GCF_002355195.1	pseudomonas_alg	algD|algU|algR	Alginate pathway	26
prevotella_intermedia	GCF_002355195.1	pseudomonas_pel	pelA|pelB|pelC|pelD|pelE|pelF|pelG	Pel exopolysaccharide	51
prevotella_intermedia	GCF_002355195.1	pseudomonas_psl	pslA|pslB|pslC|pslD|pslE	Psl exopolysaccharide	22
prevotella_intermedia	GCF_002355195.1	pseudomonas_las	lasI|lasR	Las quorum sensing	34
prevotella_intermedia	GCF_002355195.1	pseudomonas_rhl	rhlI|rhlR	Rhl quorum sensing	11
prevotella_intermedia	GCF_002355195.1	pseudomonas_pqs	pqsA|pqsB|pqsC|pqsD|pqsE|pqsR	PQS quorum sensing	16
prevotella_intermedia	GCF_002355195.1	pseudomonas_pili	pilA|pilB|pilT|type IV pilus	Type IV pili	31
prevotella_intermedia	GCF_002355195.1	pg_fimbriae	fimA|mfa1	Porphyromonas fimbriae	3
prevotella_intermedia	GCF_002355195.1	pg_gingipain	rgpA|rgpB|kgp	Gingipain proteases	40
prevotella_intermedia	GCF_002355195.1	pg_hagA	hagA	Hemagglutinin adhesin	5
prevotella_intermedia	GCF_002355195.1	fn_adhesin	fadA|fap2|radD|fomA	Fusobacterium adhesins	19
prevotella_intermedia	GCF_002355195.1	tf_bspA	bspA	Tannerella BspA adhesin	4
prevotella_intermedia	GCF_002355195.1	td_virulence	prtP|dentilisin|msp	Treponema denticola virulence	36
prevotella_intermedia	GCF_002763535.1	biofilm_ica	icaA|icaB|icaC|icaD|icaR	Staphylococcal intercellular adhesion locus	14
prevotella_intermedia	GCF_002763535.1	biofilm_accumulation	aap|accumulation-associated protein	Biofilm accumulation-associated protein	116
prevotella_intermedia	GCF_002763535.1	adhesion_autolysin	atlE|autolysin	Autolysin-mediated adhesion	26
prevotella_intermedia	GCF_002763535.1	adhesion_clumping	clfA|clfB|clumping factor	Clumping factors	3
prevotella_intermedia	GCF_002763535.1	adhesion_collagen	cna|collagen adhesin|collagen-binding	Collagen-binding adhesin	44
prevotella_intermedia	GCF_002763535.1	adhesion_sdr	sdrC|sdrD|sdrE|serine-aspartate repeat	Serine-aspartate repeat adhesins	14
prevotella_intermedia	GCF_002763535.1	biofilm_sasG	sasG	Staphylococcal surface protein G	11
prevotella_intermedia	GCF_002763535.1	quorum_agr	agrA|agrB|agrC|agrD	Staphylococcal quorum sensing agr system	19
prevotella_intermedia	GCF_002763535.1	regulation_sarA	sarA	Staphylococcal accessory regulator	8
prevotella_intermedia	GCF_002763535.1	streptococcus_gtf	gtfB|gtfC|gtfD|glucosyltransferase	Glucosyltransferases	13
prevotella_intermedia	GCF_002763535.1	streptococcus_spaP	spaP|pac|antigen I/II	Streptococcal adhesin antigen I/II	28
prevotella_intermedia	GCF_002763535.1	competence_com	comC|comD|comE	Competence quorum sensing	4
prevotella_intermedia	GCF_002763535.1	sortase	srtA|srtC|sortase	Sortase and surface protein anchoring	14
prevotella_intermedia	GCF_002763535.1	adhesion_enolase	eno|enolase	Surface-associated enolase	118
prevotella_intermedia	GCF_002763535.1	enterococcus_esp	esp|enterococcal surface protein	Enterococcal biofilm surface protein	113
prevotella_intermedia	GCF_002763535.1	enterococcus_ace	ace|collagen adhesin	Collagen-binding adhesin	208
prevotella_intermedia	GCF_002763535.1	enterococcus_efaA	efaA	Endocarditis-associated antigen	11
prevotella_intermedia	GCF_002763535.1	enterococcus_gelE	gelE|gelatinase	Gelatinase	12
prevotella_intermedia	GCF_002763535.1	enterococcus_fsr	fsrA|fsrB|fsrC	Enterococcal quorum sensing	4
prevotella_intermedia	GCF_002763535.1	pseudomonas_alg	algD|algU|algR	Alginate pathway	30
prevotella_intermedia	GCF_002763535.1	pseudomonas_pel	pelA|pelB|pelC|pelD|pelE|pelF|pelG	Pel exopolysaccharide	57
prevotella_intermedia	GCF_002763535.1	pseudomonas_psl	pslA|pslB|pslC|pslD|pslE	Psl exopolysaccharide	22
prevotella_intermedia	GCF_002763535.1	pseudomonas_las	lasI|lasR	Las quorum sensing	29
prevotella_intermedia	GCF_002763535.1	pseudomonas_rhl	rhlI|rhlR	Rhl quorum sensing	10
prevotella_intermedia	GCF_002763535.1	pseudomonas_pqs	pqsA|pqsB|pqsC|pqsD|pqsE|pqsR	PQS quorum sensing	13
prevotella_intermedia	GCF_002763535.1	pseudomonas_pili	pilA|pilB|pilT|type IV pilus	Type IV pili	29
prevotella_intermedia	GCF_002763535.1	pg_fimbriae	fimA|mfa1	Porphyromonas fimbriae	3
prevotella_intermedia	GCF_002763535.1	pg_gingipain	rgpA|rgpB|kgp	Gingipain proteases	40
prevotella_intermedia	GCF_002763535.1	pg_hagA	hagA	Hemagglutinin adhesin	4
prevotella_intermedia	GCF_002763535.1	fn_adhesin	fadA|fap2|radD|fomA	Fusobacterium adhesins	18
prevotella_intermedia	GCF_002763535.1	tf_bspA	bspA	Tannerella BspA adhesin	4
prevotella_intermedia	GCF_002763535.1	td_virulence	prtP|dentilisin|msp	Treponema denticola virulence	39
prevotella_intermedia	GCF_002763575.1	biofilm_ica	icaA|icaB|icaC|icaD|icaR	Staphylococcal intercellular adhesion locus	13
prevotella_intermedia	GCF_002763575.1	biofilm_accumulation	aap|accumulation-associated protein	Biofilm accumulation-associated protein	118
prevotella_intermedia	GCF_002763575.1	adhesion_autolysin	atlE|autolysin	Autolysin-mediated adhesion	28
prevotella_intermedia	GCF_002763575.1	adhesion_clumping	clfA|clfB|clumping factor	Clumping factors	3
prevotella_intermedia	GCF_002763575.1	adhesion_collagen	cna|collagen adhesin|collagen-binding	Collagen-binding adhesin	37
prevotella_intermedia	GCF_002763575.1	adhesion_sdr	sdrC|sdrD|sdrE|serine-aspartate repeat	Serine-aspartate repeat adhesins	16
prevotella_intermedia	GCF_002763575.1	biofilm_sasG	sasG	Staphylococcal surface protein G	15
prevotella_intermedia	GCF_002763575.1	quorum_agr	agrA|agrB|agrC|agrD	Staphylococcal quorum sensing agr system	16
prevotella_intermedia	GCF_002763575.1	regulation_sarA	sarA	Staphylococcal accessory regulator	5
prevotella_intermedia	GCF_002763575.1	streptococcus_gtf	gtfB|gtfC|gtfD|glucosyltransferase	Glucosyltransferases	12
prevotella_intermedia	GCF_002763575.1	streptococcus_spaP	spaP|pac|antigen I/II	Streptococcal adhesin antigen I/II	27
prevotella_intermedia	GCF_002763575.1	competence_com	comC|comD|comE	Competence quorum sensing	4
prevotella_intermedia	GCF_002763575.1	regulation_vicRK	vicR|vicK|covR|covS	Two-component biofilm regulation	2
prevotella_intermedia	GCF_002763575.1	sortase	srtA|srtC|sortase	Sortase and surface protein anchoring	20
prevotella_intermedia	GCF_002763575.1	adhesion_enolase	eno|enolase	Surface-associated enolase	118
prevotella_intermedia	GCF_002763575.1	enterococcus_esp	esp|enterococcal surface protein	Enterococcal biofilm surface protein	107
prevotella_intermedia	GCF_002763575.1	enterococcus_ace	ace|collagen adhesin	Collagen-binding adhesin	178
prevotella_intermedia	GCF_002763575.1	enterococcus_efaA	efaA	Endocarditis-associated antigen	6
prevotella_intermedia	GCF_002763575.1	enterococcus_gelE	gelE|gelatinase	Gelatinase	16
prevotella_intermedia	GCF_002763575.1	enterococcus_fsr	fsrA|fsrB|fsrC	Enterococcal quorum sensing	4
prevotella_intermedia	GCF_002763575.1	pseudomonas_alg	algD|algU|algR	Alginate pathway	27
prevotella_intermedia	GCF_002763575.1	pseudomonas_pel	pelA|pelB|pelC|pelD|pelE|pelF|pelG	Pel exopolysaccharide	55
prevotella_intermedia	GCF_002763575.1	pseudomonas_psl	pslA|pslB|pslC|pslD|pslE	Psl exopolysaccharide	24
prevotella_intermedia	GCF_002763575.1	pseudomonas_las	lasI|lasR	Las quorum sensing	32
prevotella_intermedia	GCF_002763575.1	pseudomonas_rhl	rhlI|rhlR	Rhl quorum sensing	10
prevotella_intermedia	GCF_002763575.1	pseudomonas_pqs	pqsA|pqsB|pqsC|pqsD|pqsE|pqsR	PQS quorum sensing	10
prevotella_intermedia	GCF_002763575.1	pseudomonas_pili	pilA|pilB|pilT|type IV pilus	Type IV pili	31
prevotella_intermedia	GCF_002763575.1	pg_fimbriae	fimA|mfa1	Porphyromonas fimbriae	3
prevotella_intermedia	GCF_002763575.1	pg_gingipain	rgpA|rgpB|kgp	Gingipain proteases	37
prevotella_intermedia	GCF_002763575.1	pg_hagA	hagA	Hemagglutinin adhesin	5
prevotella_intermedia	GCF_002763575.1	fn_adhesin	fadA|fap2|radD|fomA	Fusobacterium adhesins	15
prevotella_intermedia	GCF_002763575.1	tf_bspA	bspA	Tannerella BspA adhesin	4
prevotella_intermedia	GCF_002763575.1	td_virulence	prtP|dentilisin|msp	Treponema denticola virulence	37
staphylococcus_capitis	GCF_002356175.1	biofilm_ica	icaA|icaB|icaC|icaD|icaR	Staphylococcal intercellular adhesion locus	39
staphylococcus_capitis	GCF_002356175.1	biofilm_accumulation	aap|accumulation-associated protein	Biofilm accumulation-associated protein	65
staphylococcus_capitis	GCF_002356175.1	adhesion_autolysin	atlE|autolysin	Autolysin-mediated adhesion	16
staphylococcus_capitis	GCF_002356175.1	adhesion_fibronectin	fnbA|fnbB|fibronectin	Fibronectin-binding proteins	3
staphylococcus_capitis	GCF_002356175.1	adhesion_clumping	clfA|clfB|clumping factor	Clumping factors	3
staphylococcus_capitis	GCF_002356175.1	adhesion_collagen	cna|collagen adhesin|collagen-binding	Collagen-binding adhesin	10
staphylococcus_capitis	GCF_002356175.1	adhesion_sdr	sdrC|sdrD|sdrE|serine-aspartate repeat	Serine-aspartate repeat adhesins	11
staphylococcus_capitis	GCF_002356175.1	biofilm_sasG	sasG	Staphylococcal surface protein G	6
staphylococcus_capitis	GCF_002356175.1	quorum_agr	agrA|agrB|agrC|agrD	Staphylococcal quorum sensing agr system	29
staphylococcus_capitis	GCF_002356175.1	regulation_sarA	sarA	Staphylococcal accessory regulator	18
staphylococcus_capitis	GCF_002356175.1	stress_sigB	sigB|sigma factor B	Stress response regulator	5
staphylococcus_capitis	GCF_002356175.1	streptococcus_gtf	gtfB|gtfC|gtfD|glucosyltransferase	Glucosyltransferases	12
staphylococcus_capitis	GCF_002356175.1	streptococcus_spaP	spaP|pac|antigen I/II	Streptococcal adhesin antigen I/II	7
staphylococcus_capitis	GCF_002356175.1	competence_com	comC|comD|comE	Competence quorum sensing	4
staphylococcus_capitis	GCF_002356175.1	regulation_vicRK	vicR|vicK|covR|covS	Two-component biofilm regulation	4
staphylococcus_capitis	GCF_002356175.1	sortase	srtA|srtC|sortase	Sortase and surface protein anchoring	14
staphylococcus_capitis	GCF_002356175.1	adhesion_enolase	eno|enolase	Surface-associated enolase	167
staphylococcus_capitis	GCF_002356175.1	adhesion_fbp	fbp|fibronectin-binding	Fibronectin-binding protein	2
staphylococcus_capitis	GCF_002356175.1	enterococcus_esp	esp|enterococcal surface protein	Enterococcal biofilm surface protein	141
staphylococcus_capitis	GCF_002356175.1	enterococcus_ace	ace|collagen adhesin	Collagen-binding adhesin	329
staphylococcus_capitis	GCF_002356175.1	enterococcus_efaA	efaA	Endocarditis-associated antigen	2
staphylococcus_capitis	GCF_002356175.1	enterococcus_gelE	gelE|gelatinase	Gelatinase	11
staphylococcus_capitis	GCF_002356175.1	enterococcus_fsr	fsrA|fsrB|fsrC	Enterococcal quorum sensing	6
staphylococcus_capitis	GCF_002356175.1	pseudomonas_alg	algD|algU|algR	Alginate pathway	22
staphylococcus_capitis	GCF_002356175.1	pseudomonas_pel	pelA|pelB|pelC|pelD|pelE|pelF|pelG	Pel exopolysaccharide	44
staphylococcus_capitis	GCF_002356175.1	pseudomonas_psl	pslA|pslB|pslC|pslD|pslE	Psl exopolysaccharide	28
staphylococcus_capitis	GCF_002356175.1	pseudomonas_las	lasI|lasR	Las quorum sensing	33
staphylococcus_capitis	GCF_002356175.1	pseudomonas_rhl	rhlI|rhlR	Rhl quorum sensing	5
staphylococcus_capitis	GCF_002356175.1	pseudomonas_pqs	pqsA|pqsB|pqsC|pqsD|pqsE|pqsR	PQS quorum sensing	16
staphylococcus_capitis	GCF_002356175.1	pseudomonas_pili	pilA|pilB|pilT|type IV pilus	Type IV pili	22
staphylococcus_capitis	GCF_002356175.1	pg_fimbriae	fimA|mfa1	Porphyromonas fimbriae	4
staphylococcus_capitis	GCF_002356175.1	pg_gingipain	rgpA|rgpB|kgp	Gingipain proteases	63
staphylococcus_capitis	GCF_002356175.1	pg_hagA	hagA	Hemagglutinin adhesin	3
staphylococcus_capitis	GCF_002356175.1	fn_adhesin	fadA|fap2|radD|fomA	Fusobacterium adhesins	7
staphylococcus_capitis	GCF_002356175.1	td_virulence	prtP|dentilisin|msp	Treponema denticola virulence	47
staphylococcus_capitis	GCF_002591175.1	biofilm_ica	icaA|icaB|icaC|icaD|icaR	Staphylococcal intercellular adhesion locus	39
staphylococcus_capitis	GCF_002591175.1	biofilm_accumulation	aap|accumulation-associated protein	Biofilm accumulation-associated protein	64
staphylococcus_capitis	GCF_002591175.1	adhesion_autolysin	atlE|autolysin	Autolysin-mediated adhesion	17
staphylococcus_capitis	GCF_002591175.1	adhesion_fibronectin	fnbA|fnbB|fibronectin	Fibronectin-binding proteins	3
staphylococcus_capitis	GCF_002591175.1	adhesion_clumping	clfA|clfB|clumping factor	Clumping factors	3
staphylococcus_capitis	GCF_002591175.1	adhesion_collagen	cna|collagen adhesin|collagen-binding	Collagen-binding adhesin	10
staphylococcus_capitis	GCF_002591175.1	adhesion_sdr	sdrC|sdrD|sdrE|serine-aspartate repeat	Serine-aspartate repeat adhesins	13
staphylococcus_capitis	GCF_002591175.1	biofilm_sasG	sasG	Staphylococcal surface protein G	5
staphylococcus_capitis	GCF_002591175.1	quorum_agr	agrA|agrB|agrC|agrD	Staphylococcal quorum sensing agr system	27
staphylococcus_capitis	GCF_002591175.1	regulation_sarA	sarA	Staphylococcal accessory regulator	18
staphylococcus_capitis	GCF_002591175.1	stress_sigB	sigB|sigma factor B	Stress response regulator	5
staphylococcus_capitis	GCF_002591175.1	streptococcus_gtf	gtfB|gtfC|gtfD|glucosyltransferase	Glucosyltransferases	21
staphylococcus_capitis	GCF_002591175.1	streptococcus_spaP	spaP|pac|antigen I/II	Streptococcal adhesin antigen I/II	8
staphylococcus_capitis	GCF_002591175.1	competence_com	comC|comD|comE	Competence quorum sensing	4
staphylococcus_capitis	GCF_002591175.1	regulation_vicRK	vicR|vicK|covR|covS	Two-component biofilm regulation	2
staphylococcus_capitis	GCF_002591175.1	sortase	srtA|srtC|sortase	Sortase and surface protein anchoring	14
staphylococcus_capitis	GCF_002591175.1	adhesion_enolase	eno|enolase	Surface-associated enolase	170
staphylococcus_capitis	GCF_002591175.1	adhesion_fbp	fbp|fibronectin-binding	Fibronectin-binding protein	2
staphylococcus_capitis	GCF_002591175.1	enterococcus_esp	esp|enterococcal surface protein	Enterococcal biofilm surface protein	137
staphylococcus_capitis	GCF_002591175.1	enterococcus_ace	ace|collagen adhesin	Collagen-binding adhesin	318
staphylococcus_capitis	GCF_002591175.1	enterococcus_efaA	efaA	Endocarditis-associated antigen	1
staphylococcus_capitis	GCF_002591175.1	enterococcus_gelE	gelE|gelatinase	Gelatinase	12
staphylococcus_capitis	GCF_002591175.1	enterococcus_fsr	fsrA|fsrB|fsrC	Enterococcal quorum sensing	5
staphylococcus_capitis	GCF_002591175.1	pseudomonas_alg	algD|algU|algR	Alginate pathway	21
staphylococcus_capitis	GCF_002591175.1	pseudomonas_pel	pelA|pelB|pelC|pelD|pelE|pelF|pelG	Pel exopolysaccharide	43
staphylococcus_capitis	GCF_002591175.1	pseudomonas_psl	pslA|pslB|pslC|pslD|pslE	Psl exopolysaccharide	25
staphylococcus_capitis	GCF_002591175.1	pseudomonas_las	lasI|lasR	Las quorum sensing	33
staphylococcus_capitis	GCF_002591175.1	pseudomonas_rhl	rhlI|rhlR	Rhl quorum sensing	5
staphylococcus_capitis	GCF_002591175.1	pseudomonas_pqs	pqsA|pqsB|pqsC|pqsD|pqsE|pqsR	PQS quorum sensing	15
staphylococcus_capitis	GCF_002591175.1	pseudomonas_pili	pilA|pilB|pilT|type IV pilus	Type IV pili	24
staphylococcus_capitis	GCF_002591175.1	pg_fimbriae	fimA|mfa1	Porphyromonas fimbriae	3
staphylococcus_capitis	GCF_002591175.1	pg_gingipain	rgpA|rgpB|kgp	Gingipain proteases	64
staphylococcus_capitis	GCF_002591175.1	pg_hagA	hagA	Hemagglutinin adhesin	3
staphylococcus_capitis	GCF_002591175.1	fn_adhesin	fadA|fap2|radD|fomA	Fusobacterium adhesins	4
staphylococcus_capitis	GCF_002591175.1	td_virulence	prtP|dentilisin|msp	Treponema denticola virulence	42
staphylococcus_capitis	GCF_013267675.1	biofilm_ica	icaA|icaB|icaC|icaD|icaR	Staphylococcal intercellular adhesion locus	40
staphylococcus_capitis	GCF_013267675.1	biofilm_accumulation	aap|accumulation-associated protein	Biofilm accumulation-associated protein	63
staphylococcus_capitis	GCF_013267675.1	adhesion_autolysin	atlE|autolysin	Autolysin-mediated adhesion	16
staphylococcus_capitis	GCF_013267675.1	adhesion_fibronectin	fnbA|fnbB|fibronectin	Fibronectin-binding proteins	3
staphylococcus_capitis	GCF_013267675.1	adhesion_clumping	clfA|clfB|clumping factor	Clumping factors	3
staphylococcus_capitis	GCF_013267675.1	adhesion_collagen	cna|collagen adhesin|collagen-binding	Collagen-binding adhesin	11
staphylococcus_capitis	GCF_013267675.1	adhesion_sdr	sdrC|sdrD|sdrE|serine-aspartate repeat	Serine-aspartate repeat adhesins	12
staphylococcus_capitis	GCF_013267675.1	biofilm_sasG	sasG	Staphylococcal surface protein G	8
staphylococcus_capitis	GCF_013267675.1	quorum_agr	agrA|agrB|agrC|agrD	Staphylococcal quorum sensing agr system	27
staphylococcus_capitis	GCF_013267675.1	regulation_sarA	sarA	Staphylococcal accessory regulator	19
staphylococcus_capitis	GCF_013267675.1	stress_sigB	sigB|sigma factor B	Stress response regulator	5
staphylococcus_capitis	GCF_013267675.1	streptococcus_gtf	gtfB|gtfC|gtfD|glucosyltransferase	Glucosyltransferases	16
staphylococcus_capitis	GCF_013267675.1	streptococcus_spaP	spaP|pac|antigen I/II	Streptococcal adhesin antigen I/II	8
staphylococcus_capitis	GCF_013267675.1	competence_com	comC|comD|comE	Competence quorum sensing	6
staphylococcus_capitis	GCF_013267675.1	regulation_vicRK	vicR|vicK|covR|covS	Two-component biofilm regulation	2
staphylococcus_capitis	GCF_013267675.1	sortase	srtA|srtC|sortase	Sortase and surface protein anchoring	13
staphylococcus_capitis	GCF_013267675.1	adhesion_enolase	eno|enolase	Surface-associated enolase	174
staphylococcus_capitis	GCF_013267675.1	adhesion_fbp	fbp|fibronectin-binding	Fibronectin-binding protein	2
staphylococcus_capitis	GCF_013267675.1	enterococcus_esp	esp|enterococcal surface protein	Enterococcal biofilm surface protein	129
staphylococcus_capitis	GCF_013267675.1	enterococcus_ace	ace|collagen adhesin	Collagen-binding adhesin	319
staphylococcus_capitis	GCF_013267675.1	enterococcus_efaA	efaA	Endocarditis-associated antigen	1
staphylococcus_capitis	GCF_013267675.1	enterococcus_gelE	gelE|gelatinase	Gelatinase	10
staphylococcus_capitis	GCF_013267675.1	enterococcus_fsr	fsrA|fsrB|fsrC	Enterococcal quorum sensing	6
staphylococcus_capitis	GCF_013267675.1	pseudomonas_alg	algD|algU|algR	Alginate pathway	20
staphylococcus_capitis	GCF_013267675.1	pseudomonas_pel	pelA|pelB|pelC|pelD|pelE|pelF|pelG	Pel exopolysaccharide	41
staphylococcus_capitis	GCF_013267675.1	pseudomonas_psl	pslA|pslB|pslC|pslD|pslE	Psl exopolysaccharide	26
staphylococcus_capitis	GCF_013267675.1	pseudomonas_las	lasI|lasR	Las quorum sensing	38
staphylococcus_capitis	GCF_013267675.1	pseudomonas_rhl	rhlI|rhlR	Rhl quorum sensing	5
staphylococcus_capitis	GCF_013267675.1	pseudomonas_pqs	pqsA|pqsB|pqsC|pqsD|pqsE|pqsR	PQS quorum sensing	14
staphylococcus_capitis	GCF_013267675.1	pseudomonas_pili	pilA|pilB|pilT|type IV pilus	Type IV pili	23
staphylococcus_capitis	GCF_013267675.1	pg_fimbriae	fimA|mfa1	Porphyromonas fimbriae	4
staphylococcus_capitis	GCF_013267675.1	pg_gingipain	rgpA|rgpB|kgp	Gingipain proteases	65
staphylococcus_capitis	GCF_013267675.1	pg_hagA	hagA	Hemagglutinin adhesin	4
staphylococcus_capitis	GCF_013267675.1	fn_adhesin	fadA|fap2|radD|fomA	Fusobacterium adhesins	4
staphylococcus_capitis	GCF_013267675.1	td_virulence	prtP|dentilisin|msp	Treponema denticola virulence	45
staphylococcus_capitis	GCF_015243435.1	biofilm_ica	icaA|icaB|icaC|icaD|icaR	Staphylococcal intercellular adhesion locus	39
staphylococcus_capitis	GCF_015243435.1	biofilm_accumulation	aap|accumulation-associated protein	Biofilm accumulation-associated protein	64
staphylococcus_capitis	GCF_015243435.1	adhesion_autolysin	atlE|autolysin	Autolysin-mediated adhesion	16
staphylococcus_capitis	GCF_015243435.1	adhesion_fibronectin	fnbA|fnbB|fibronectin	Fibronectin-binding proteins	3
staphylococcus_capitis	GCF_015243435.1	adhesion_clumping	clfA|clfB|clumping factor	Clumping factors	3
staphylococcus_capitis	GCF_015243435.1	adhesion_collagen	cna|collagen adhesin|collagen-binding	Collagen-binding adhesin	9
staphylococcus_capitis	GCF_015243435.1	adhesion_sdr	sdrC|sdrD|sdrE|serine-aspartate repeat	Serine-aspartate repeat adhesins	11
staphylococcus_capitis	GCF_015243435.1	biofilm_sasG	sasG	Staphylococcal surface protein G	6
staphylococcus_capitis	GCF_015243435.1	quorum_agr	agrA|agrB|agrC|agrD	Staphylococcal quorum sensing agr system	28
staphylococcus_capitis	GCF_015243435.1	regulation_sarA	sarA	Staphylococcal accessory regulator	18
staphylococcus_capitis	GCF_015243435.1	stress_sigB	sigB|sigma factor B	Stress response regulator	5
staphylococcus_capitis	GCF_015243435.1	streptococcus_gtf	gtfB|gtfC|gtfD|glucosyltransferase	Glucosyltransferases	11
staphylococcus_capitis	GCF_015243435.1	streptococcus_spaP	spaP|pac|antigen I/II	Streptococcal adhesin antigen I/II	7
staphylococcus_capitis	GCF_015243435.1	competence_com	comC|comD|comE	Competence quorum sensing	4
staphylococcus_capitis	GCF_015243435.1	regulation_vicRK	vicR|vicK|covR|covS	Two-component biofilm regulation	4
staphylococcus_capitis	GCF_015243435.1	sortase	srtA|srtC|sortase	Sortase and surface protein anchoring	14
staphylococcus_capitis	GCF_015243435.1	adhesion_enolase	eno|enolase	Surface-associated enolase	174
staphylococcus_capitis	GCF_015243435.1	adhesion_fbp	fbp|fibronectin-binding	Fibronectin-binding protein	2
staphylococcus_capitis	GCF_015243435.1	enterococcus_esp	esp|enterococcal surface protein	Enterococcal biofilm surface protein	140
staphylococcus_capitis	GCF_015243435.1	enterococcus_ace	ace|collagen adhesin	Collagen-binding adhesin	314
staphylococcus_capitis	GCF_015243435.1	enterococcus_efaA	efaA	Endocarditis-associated antigen	2
staphylococcus_capitis	GCF_015243435.1	enterococcus_gelE	gelE|gelatinase	Gelatinase	16
staphylococcus_capitis	GCF_015243435.1	enterococcus_fsr	fsrA|fsrB|fsrC	Enterococcal quorum sensing	7
staphylococcus_capitis	GCF_015243435.1	pseudomonas_alg	algD|algU|algR	Alginate pathway	20
staphylococcus_capitis	GCF_015243435.1	pseudomonas_pel	pelA|pelB|pelC|pelD|pelE|pelF|pelG	Pel exopolysaccharide	46
staphylococcus_capitis	GCF_015243435.1	pseudomonas_psl	pslA|pslB|pslC|pslD|pslE	Psl exopolysaccharide	27
staphylococcus_capitis	GCF_015243435.1	pseudomonas_las	lasI|lasR	Las quorum sensing	35
staphylococcus_capitis	GCF_015243435.1	pseudomonas_rhl	rhlI|rhlR	Rhl quorum sensing	5
staphylococcus_capitis	GCF_015243435.1	pseudomonas_pqs	pqsA|pqsB|pqsC|pqsD|pqsE|pqsR	PQS quorum sensing	16
staphylococcus_capitis	GCF_015243435.1	pseudomonas_pili	pilA|pilB|pilT|type IV pilus	Type IV pili	24
staphylococcus_capitis	GCF_015243435.1	pg_fimbriae	fimA|mfa1	Porphyromonas fimbriae	5
staphylococcus_capitis	GCF_015243435.1	pg_gingipain	rgpA|rgpB|kgp	Gingipain proteases	66
staphylococcus_capitis	GCF_015243435.1	pg_hagA	hagA	Hemagglutinin adhesin	3
staphylococcus_capitis	GCF_015243435.1	fn_adhesin	fadA|fap2|radD|fomA	Fusobacterium adhesins	3
staphylococcus_capitis	GCF_015243435.1	td_virulence	prtP|dentilisin|msp	Treponema denticola virulence	43
staphylococcus_capitis	GCF_020883475.1	biofilm_ica	icaA|icaB|icaC|icaD|icaR	Staphylococcal intercellular adhesion locus	39
staphylococcus_capitis	GCF_020883475.1	biofilm_accumulation	aap|accumulation-associated protein	Biofilm accumulation-associated protein	66
staphylococcus_capitis	GCF_020883475.1	adhesion_autolysin	atlE|autolysin	Autolysin-mediated adhesion	19
staphylococcus_capitis	GCF_020883475.1	adhesion_fibronectin	fnbA|fnbB|fibronectin	Fibronectin-binding proteins	3
staphylococcus_capitis	GCF_020883475.1	adhesion_clumping	clfA|clfB|clumping factor	Clumping factors	3
staphylococcus_capitis	GCF_020883475.1	adhesion_collagen	cna|collagen adhesin|collagen-binding	Collagen-binding adhesin	10
staphylococcus_capitis	GCF_020883475.1	adhesion_sdr	sdrC|sdrD|sdrE|serine-aspartate repeat	Serine-aspartate repeat adhesins	13
staphylococcus_capitis	GCF_020883475.1	biofilm_sasG	sasG	Staphylococcal surface protein G	7
staphylococcus_capitis	GCF_020883475.1	quorum_agr	agrA|agrB|agrC|agrD	Staphylococcal quorum sensing agr system	28
staphylococcus_capitis	GCF_020883475.1	regulation_sarA	sarA	Staphylococcal accessory regulator	18
staphylococcus_capitis	GCF_020883475.1	stress_sigB	sigB|sigma factor B	Stress response regulator	5
staphylococcus_capitis	GCF_020883475.1	streptococcus_gtf	gtfB|gtfC|gtfD|glucosyltransferase	Glucosyltransferases	13
staphylococcus_capitis	GCF_020883475.1	streptococcus_spaP	spaP|pac|antigen I/II	Streptococcal adhesin antigen I/II	8
staphylococcus_capitis	GCF_020883475.1	competence_com	comC|comD|comE	Competence quorum sensing	4
staphylococcus_capitis	GCF_020883475.1	regulation_vicRK	vicR|vicK|covR|covS	Two-component biofilm regulation	4
staphylococcus_capitis	GCF_020883475.1	sortase	srtA|srtC|sortase	Sortase and surface protein anchoring	14
staphylococcus_capitis	GCF_020883475.1	adhesion_enolase	eno|enolase	Surface-associated enolase	168
staphylococcus_capitis	GCF_020883475.1	adhesion_fbp	fbp|fibronectin-binding	Fibronectin-binding protein	2
staphylococcus_capitis	GCF_020883475.1	enterococcus_esp	esp|enterococcal surface protein	Enterococcal biofilm surface protein	139
staphylococcus_capitis	GCF_020883475.1	enterococcus_ace	ace|collagen adhesin	Collagen-binding adhesin	323
staphylococcus_capitis	GCF_020883475.1	enterococcus_efaA	efaA	Endocarditis-associated antigen	1
staphylococcus_capitis	GCF_020883475.1	enterococcus_gelE	gelE|gelatinase	Gelatinase	12
staphylococcus_capitis	GCF_020883475.1	enterococcus_fsr	fsrA|fsrB|fsrC	Enterococcal quorum sensing	5
staphylococcus_capitis	GCF_020883475.1	pseudomonas_alg	algD|algU|algR	Alginate pathway	23
staphylococcus_capitis	GCF_020883475.1	pseudomonas_pel	pelA|pelB|pelC|pelD|pelE|pelF|pelG	Pel exopolysaccharide	47
staphylococcus_capitis	GCF_020883475.1	pseudomonas_psl	pslA|pslB|pslC|pslD|pslE	Psl exopolysaccharide	28
staphylococcus_capitis	GCF_020883475.1	pseudomonas_las	lasI|lasR	Las quorum sensing	37
staphylococcus_capitis	GCF_020883475.1	pseudomonas_rhl	rhlI|rhlR	Rhl quorum sensing	5
staphylococcus_capitis	GCF_020883475.1	pseudomonas_pqs	pqsA|pqsB|pqsC|pqsD|pqsE|pqsR	PQS quorum sensing	17
staphylococcus_capitis	GCF_020883475.1	pseudomonas_pili	pilA|pilB|pilT|type IV pilus	Type IV pili	24
staphylococcus_capitis	GCF_020883475.1	pg_fimbriae	fimA|mfa1	Porphyromonas fimbriae	4
staphylococcus_capitis	GCF_020883475.1	pg_gingipain	rgpA|rgpB|kgp	Gingipain proteases	64
staphylococcus_capitis	GCF_020883475.1	pg_hagA	hagA	Hemagglutinin adhesin	3
staphylococcus_capitis	GCF_020883475.1	fn_adhesin	fadA|fap2|radD|fomA	Fusobacterium adhesins	4
staphylococcus_capitis	GCF_020883475.1	td_virulence	prtP|dentilisin|msp	Treponema denticola virulence	49
staphylococcus_epidermidis	GCF_000759555.1	biofilm_ica	icaA|icaB|icaC|icaD|icaR	Staphylococcal intercellular adhesion locus	22
staphylococcus_epidermidis	GCF_000759555.1	biofilm_accumulation	aap|accumulation-associated protein	Biofilm accumulation-associated protein	61
staphylococcus_epidermidis	GCF_000759555.1	adhesion_autolysin	atlE|autolysin	Autolysin-mediated adhesion	15
staphylococcus_epidermidis	GCF_000759555.1	adhesion_fibronectin	fnbA|fnbB|fibronectin	Fibronectin-binding proteins	3
staphylococcus_epidermidis	GCF_000759555.1	adhesion_clumping	clfA|clfB|clumping factor	Clumping factors	4
staphylococcus_epidermidis	GCF_000759555.1	adhesion_collagen	cna|collagen adhesin|collagen-binding	Collagen-binding adhesin	10
staphylococcus_epidermidis	GCF_000759555.1	adhesion_sdr	sdrC|sdrD|sdrE|serine-aspartate repeat	Serine-aspartate repeat adhesins	12
staphylococcus_epidermidis	GCF_000759555.1	biofilm_sasG	sasG	Staphylococcal surface protein G	8
staphylococcus_epidermidis	GCF_000759555.1	quorum_agr	agrA|agrB|agrC|agrD	Staphylococcal quorum sensing agr system	27
staphylococcus_epidermidis	GCF_000759555.1	regulation_sarA	sarA	Staphylococcal accessory regulator	20
staphylococcus_epidermidis	GCF_000759555.1	stress_sigB	sigB|sigma factor B	Stress response regulator	5
staphylococcus_epidermidis	GCF_000759555.1	streptococcus_gtf	gtfB|gtfC|gtfD|glucosyltransferase	Glucosyltransferases	12
staphylococcus_epidermidis	GCF_000759555.1	streptococcus_spaP	spaP|pac|antigen I/II	Streptococcal adhesin antigen I/II	10
staphylococcus_epidermidis	GCF_000759555.1	competence_com	comC|comD|comE	Competence quorum sensing	4
staphylococcus_epidermidis	GCF_000759555.1	regulation_vicRK	vicR|vicK|covR|covS	Two-component biofilm regulation	3
staphylococcus_epidermidis	GCF_000759555.1	sortase	srtA|srtC|sortase	Sortase and surface protein anchoring	12
staphylococcus_epidermidis	GCF_000759555.1	adhesion_enolase	eno|enolase	Surface-associated enolase	155
staphylococcus_epidermidis	GCF_000759555.1	adhesion_fbp	fbp|fibronectin-binding	Fibronectin-binding protein	2
staphylococcus_epidermidis	GCF_000759555.1	enterococcus_esp	esp|enterococcal surface protein	Enterococcal biofilm surface protein	137
staphylococcus_epidermidis	GCF_000759555.1	enterococcus_ace	ace|collagen adhesin	Collagen-binding adhesin	306
staphylococcus_epidermidis	GCF_000759555.1	enterococcus_efaA	efaA	Endocarditis-associated antigen	1
staphylococcus_epidermidis	GCF_000759555.1	enterococcus_gelE	gelE|gelatinase	Gelatinase	11
staphylococcus_epidermidis	GCF_000759555.1	enterococcus_fsr	fsrA|fsrB|fsrC	Enterococcal quorum sensing	3
staphylococcus_epidermidis	GCF_000759555.1	pseudomonas_alg	algD|algU|algR	Alginate pathway	18
staphylococcus_epidermidis	GCF_000759555.1	pseudomonas_pel	pelA|pelB|pelC|pelD|pelE|pelF|pelG	Pel exopolysaccharide	39
staphylococcus_epidermidis	GCF_000759555.1	pseudomonas_psl	pslA|pslB|pslC|pslD|pslE	Psl exopolysaccharide	25
staphylococcus_epidermidis	GCF_000759555.1	pseudomonas_las	lasI|lasR	Las quorum sensing	28
staphylococcus_epidermidis	GCF_000759555.1	pseudomonas_rhl	rhlI|rhlR	Rhl quorum sensing	7
staphylococcus_epidermidis	GCF_000759555.1	pseudomonas_pqs	pqsA|pqsB|pqsC|pqsD|pqsE|pqsR	PQS quorum sensing	10
staphylococcus_epidermidis	GCF_000759555.1	pseudomonas_pili	pilA|pilB|pilT|type IV pilus	Type IV pili	33
staphylococcus_epidermidis	GCF_000759555.1	pg_fimbriae	fimA|mfa1	Porphyromonas fimbriae	1
staphylococcus_epidermidis	GCF_000759555.1	pg_gingipain	rgpA|rgpB|kgp	Gingipain proteases	59
staphylococcus_epidermidis	GCF_000759555.1	pg_hagA	hagA	Hemagglutinin adhesin	3
staphylococcus_epidermidis	GCF_000759555.1	fn_adhesin	fadA|fap2|radD|fomA	Fusobacterium adhesins	3
staphylococcus_epidermidis	GCF_000759555.1	td_virulence	prtP|dentilisin|msp	Treponema denticola virulence	52
staphylococcus_epidermidis	GCF_001956655.1	biofilm_ica	icaA|icaB|icaC|icaD|icaR	Staphylococcal intercellular adhesion locus	22
staphylococcus_epidermidis	GCF_001956655.1	biofilm_accumulation	aap|accumulation-associated protein	Biofilm accumulation-associated protein	58
staphylococcus_epidermidis	GCF_001956655.1	adhesion_autolysin	atlE|autolysin	Autolysin-mediated adhesion	16
staphylococcus_epidermidis	GCF_001956655.1	adhesion_fibronectin	fnbA|fnbB|fibronectin	Fibronectin-binding proteins	3
staphylococcus_epidermidis	GCF_001956655.1	adhesion_clumping	clfA|clfB|clumping factor	Clumping factors	4
staphylococcus_epidermidis	GCF_001956655.1	adhesion_collagen	cna|collagen adhesin|collagen-binding	Collagen-binding adhesin	13
staphylococcus_epidermidis	GCF_001956655.1	adhesion_sdr	sdrC|sdrD|sdrE|serine-aspartate repeat	Serine-aspartate repeat adhesins	10
staphylococcus_epidermidis	GCF_001956655.1	biofilm_sasG	sasG	Staphylococcal surface protein G	7
staphylococcus_epidermidis	GCF_001956655.1	quorum_agr	agrA|agrB|agrC|agrD	Staphylococcal quorum sensing agr system	29
staphylococcus_epidermidis	GCF_001956655.1	regulation_sarA	sarA	Staphylococcal accessory regulator	19
staphylococcus_epidermidis	GCF_001956655.1	stress_sigB	sigB|sigma factor B	Stress response regulator	5
staphylococcus_epidermidis	GCF_001956655.1	streptococcus_gtf	gtfB|gtfC|gtfD|glucosyltransferase	Glucosyltransferases	16
staphylococcus_epidermidis	GCF_001956655.1	streptococcus_spaP	spaP|pac|antigen I/II	Streptococcal adhesin antigen I/II	9
staphylococcus_epidermidis	GCF_001956655.1	competence_com	comC|comD|comE	Competence quorum sensing	4
staphylococcus_epidermidis	GCF_001956655.1	regulation_vicRK	vicR|vicK|covR|covS	Two-component biofilm regulation	3
staphylococcus_epidermidis	GCF_001956655.1	sortase	srtA|srtC|sortase	Sortase and surface protein anchoring	15
staphylococcus_epidermidis	GCF_001956655.1	adhesion_enolase	eno|enolase	Surface-associated enolase	161
staphylococcus_epidermidis	GCF_001956655.1	adhesion_fbp	fbp|fibronectin-binding	Fibronectin-binding protein	2
staphylococcus_epidermidis	GCF_001956655.1	enterococcus_esp	esp|enterococcal surface protein	Enterococcal biofilm surface protein	138
staphylococcus_epidermidis	GCF_001956655.1	enterococcus_ace	ace|collagen adhesin	Collagen-binding adhesin	318
staphylococcus_epidermidis	GCF_001956655.1	enterococcus_efaA	efaA	Endocarditis-associated antigen	2
staphylococcus_epidermidis	GCF_001956655.1	enterococcus_gelE	gelE|gelatinase	Gelatinase	12
staphylococcus_epidermidis	GCF_001956655.1	enterococcus_fsr	fsrA|fsrB|fsrC	Enterococcal quorum sensing	2
staphylococcus_epidermidis	GCF_001956655.1	pseudomonas_alg	algD|algU|algR	Alginate pathway	15
staphylococcus_epidermidis	GCF_001956655.1	pseudomonas_pel	pelA|pelB|pelC|pelD|pelE|pelF|pelG	Pel exopolysaccharide	41
staphylococcus_epidermidis	GCF_001956655.1	pseudomonas_psl	pslA|pslB|pslC|pslD|pslE	Psl exopolysaccharide	24
staphylococcus_epidermidis	GCF_001956655.1	pseudomonas_las	lasI|lasR	Las quorum sensing	28
staphylococcus_epidermidis	GCF_001956655.1	pseudomonas_rhl	rhlI|rhlR	Rhl quorum sensing	7
staphylococcus_epidermidis	GCF_001956655.1	pseudomonas_pqs	pqsA|pqsB|pqsC|pqsD|pqsE|pqsR	PQS quorum sensing	10
staphylococcus_epidermidis	GCF_001956655.1	pseudomonas_pili	pilA|pilB|pilT|type IV pilus	Type IV pili	32
staphylococcus_epidermidis	GCF_001956655.1	pg_fimbriae	fimA|mfa1	Porphyromonas fimbriae	1
staphylococcus_epidermidis	GCF_001956655.1	pg_gingipain	rgpA|rgpB|kgp	Gingipain proteases	56
staphylococcus_epidermidis	GCF_001956655.1	pg_hagA	hagA	Hemagglutinin adhesin	3
staphylococcus_epidermidis	GCF_001956655.1	fn_adhesin	fadA|fap2|radD|fomA	Fusobacterium adhesins	3
staphylococcus_epidermidis	GCF_001956655.1	td_virulence	prtP|dentilisin|msp	Treponema denticola virulence	40
staphylococcus_epidermidis	GCF_002085695.1	biofilm_ica	icaA|icaB|icaC|icaD|icaR	Staphylococcal intercellular adhesion locus	46
staphylococcus_epidermidis	GCF_002085695.1	biofilm_accumulation	aap|accumulation-associated protein	Biofilm accumulation-associated protein	69
staphylococcus_epidermidis	GCF_002085695.1	adhesion_autolysin	atlE|autolysin	Autolysin-mediated adhesion	13
staphylococcus_epidermidis	GCF_002085695.1	adhesion_fibronectin	fnbA|fnbB|fibronectin	Fibronectin-binding proteins	3
staphylococcus_epidermidis	GCF_002085695.1	adhesion_clumping	clfA|clfB|clumping factor	Clumping factors	4
staphylococcus_epidermidis	GCF_002085695.1	adhesion_collagen	cna|collagen adhesin|collagen-binding	Collagen-binding adhesin	10
staphylococcus_epidermidis	GCF_002085695.1	adhesion_sdr	sdrC|sdrD|sdrE|serine-aspartate repeat	Serine-aspartate repeat adhesins	12
staphylococcus_epidermidis	GCF_002085695.1	biofilm_sasG	sasG	Staphylococcal surface protein G	8
staphylococcus_epidermidis	GCF_002085695.1	quorum_agr	agrA|agrB|agrC|agrD	Staphylococcal quorum sensing agr system	27
staphylococcus_epidermidis	GCF_002085695.1	regulation_sarA	sarA	Staphylococcal accessory regulator	20
staphylococcus_epidermidis	GCF_002085695.1	stress_sigB	sigB|sigma factor B	Stress response regulator	5
staphylococcus_epidermidis	GCF_002085695.1	streptococcus_gtf	gtfB|gtfC|gtfD|glucosyltransferase	Glucosyltransferases	17
staphylococcus_epidermidis	GCF_002085695.1	streptococcus_spaP	spaP|pac|antigen I/II	Streptococcal adhesin antigen I/II	10
staphylococcus_epidermidis	GCF_002085695.1	competence_com	comC|comD|comE	Competence quorum sensing	4
staphylococcus_epidermidis	GCF_002085695.1	regulation_vicRK	vicR|vicK|covR|covS	Two-component biofilm regulation	3
staphylococcus_epidermidis	GCF_002085695.1	sortase	srtA|srtC|sortase	Sortase and surface protein anchoring	12
staphylococcus_epidermidis	GCF_002085695.1	adhesion_enolase	eno|enolase	Surface-associated enolase	155
staphylococcus_epidermidis	GCF_002085695.1	adhesion_fbp	fbp|fibronectin-binding	Fibronectin-binding protein	2
staphylococcus_epidermidis	GCF_002085695.1	enterococcus_esp	esp|enterococcal surface protein	Enterococcal biofilm surface protein	136
staphylococcus_epidermidis	GCF_002085695.1	enterococcus_ace	ace|collagen adhesin	Collagen-binding adhesin	311
staphylococcus_epidermidis	GCF_002085695.1	enterococcus_efaA	efaA	Endocarditis-associated antigen	2
staphylococcus_epidermidis	GCF_002085695.1	enterococcus_gelE	gelE|gelatinase	Gelatinase	11
staphylococcus_epidermidis	GCF_002085695.1	enterococcus_fsr	fsrA|fsrB|fsrC	Enterococcal quorum sensing	4
staphylococcus_epidermidis	GCF_002085695.1	pseudomonas_alg	algD|algU|algR	Alginate pathway	18
staphylococcus_epidermidis	GCF_002085695.1	pseudomonas_pel	pelA|pelB|pelC|pelD|pelE|pelF|pelG	Pel exopolysaccharide	40
staphylococcus_epidermidis	GCF_002085695.1	pseudomonas_psl	pslA|pslB|pslC|pslD|pslE	Psl exopolysaccharide	24
staphylococcus_epidermidis	GCF_002085695.1	pseudomonas_las	lasI|lasR	Las quorum sensing	26
staphylococcus_epidermidis	GCF_002085695.1	pseudomonas_rhl	rhlI|rhlR	Rhl quorum sensing	7
staphylococcus_epidermidis	GCF_002085695.1	pseudomonas_pqs	pqsA|pqsB|pqsC|pqsD|pqsE|pqsR	PQS quorum sensing	17
staphylococcus_epidermidis	GCF_002085695.1	pseudomonas_pili	pilA|pilB|pilT|type IV pilus	Type IV pili	29
staphylococcus_epidermidis	GCF_002085695.1	pg_fimbriae	fimA|mfa1	Porphyromonas fimbriae	1
staphylococcus_epidermidis	GCF_002085695.1	pg_gingipain	rgpA|rgpB|kgp	Gingipain proteases	60
staphylococcus_epidermidis	GCF_002085695.1	pg_hagA	hagA	Hemagglutinin adhesin	3
staphylococcus_epidermidis	GCF_002085695.1	fn_adhesin	fadA|fap2|radD|fomA	Fusobacterium adhesins	6
staphylococcus_epidermidis	GCF_002085695.1	td_virulence	prtP|dentilisin|msp	Treponema denticola virulence	48
staphylococcus_epidermidis	GCF_002215535.1	biofilm_ica	icaA|icaB|icaC|icaD|icaR	Staphylococcal intercellular adhesion locus	22
staphylococcus_epidermidis	GCF_002215535.1	biofilm_accumulation	aap|accumulation-associated protein	Biofilm accumulation-associated protein	59
staphylococcus_epidermidis	GCF_002215535.1	adhesion_autolysin	atlE|autolysin	Autolysin-mediated adhesion	13
staphylococcus_epidermidis	GCF_002215535.1	adhesion_fibronectin	fnbA|fnbB|fibronectin	Fibronectin-binding proteins	3
staphylococcus_epidermidis	GCF_002215535.1	adhesion_clumping	clfA|clfB|clumping factor	Clumping factors	4
staphylococcus_epidermidis	GCF_002215535.1	adhesion_collagen	cna|collagen adhesin|collagen-binding	Collagen-binding adhesin	10
staphylococcus_epidermidis	GCF_002215535.1	adhesion_sdr	sdrC|sdrD|sdrE|serine-aspartate repeat	Serine-aspartate repeat adhesins	9
staphylococcus_epidermidis	GCF_002215535.1	biofilm_sasG	sasG	Staphylococcal surface protein G	8
staphylococcus_epidermidis	GCF_002215535.1	quorum_agr	agrA|agrB|agrC|agrD	Staphylococcal quorum sensing agr system	30
staphylococcus_epidermidis	GCF_002215535.1	regulation_sarA	sarA	Staphylococcal accessory regulator	19
staphylococcus_epidermidis	GCF_002215535.1	stress_sigB	sigB|sigma factor B	Stress response regulator	5
staphylococcus_epidermidis	GCF_002215535.1	streptococcus_gtf	gtfB|gtfC|gtfD|glucosyltransferase	Glucosyltransferases	15
staphylococcus_epidermidis	GCF_002215535.1	streptococcus_spaP	spaP|pac|antigen I/II	Streptococcal adhesin antigen I/II	8
staphylococcus_epidermidis	GCF_002215535.1	competence_com	comC|comD|comE	Competence quorum sensing	4
staphylococcus_epidermidis	GCF_002215535.1	regulation_vicRK	vicR|vicK|covR|covS	Two-component biofilm regulation	3
staphylococcus_epidermidis	GCF_002215535.1	sortase	srtA|srtC|sortase	Sortase and surface protein anchoring	13
staphylococcus_epidermidis	GCF_002215535.1	adhesion_enolase	eno|enolase	Surface-associated enolase	169
staphylococcus_epidermidis	GCF_002215535.1	adhesion_fbp	fbp|fibronectin-binding	Fibronectin-binding protein	2
staphylococcus_epidermidis	GCF_002215535.1	enterococcus_esp	esp|enterococcal surface protein	Enterococcal biofilm surface protein	138
staphylococcus_epidermidis	GCF_002215535.1	enterococcus_ace	ace|collagen adhesin	Collagen-binding adhesin	310
staphylococcus_epidermidis	GCF_002215535.1	enterococcus_efaA	efaA	Endocarditis-associated antigen	1
staphylococcus_epidermidis	GCF_002215535.1	enterococcus_gelE	gelE|gelatinase	Gelatinase	13
staphylococcus_epidermidis	GCF_002215535.1	enterococcus_fsr	fsrA|fsrB|fsrC	Enterococcal quorum sensing	4
staphylococcus_epidermidis	GCF_002215535.1	pseudomonas_alg	algD|algU|algR	Alginate pathway	17
staphylococcus_epidermidis	GCF_002215535.1	pseudomonas_pel	pelA|pelB|pelC|pelD|pelE|pelF|pelG	Pel exopolysaccharide	40
staphylococcus_epidermidis	GCF_002215535.1	pseudomonas_psl	pslA|pslB|pslC|pslD|pslE	Psl exopolysaccharide	25
staphylococcus_epidermidis	GCF_002215535.1	pseudomonas_las	lasI|lasR	Las quorum sensing	30
staphylococcus_epidermidis	GCF_002215535.1	pseudomonas_rhl	rhlI|rhlR	Rhl quorum sensing	7
staphylococcus_epidermidis	GCF_002215535.1	pseudomonas_pqs	pqsA|pqsB|pqsC|pqsD|pqsE|pqsR	PQS quorum sensing	10
staphylococcus_epidermidis	GCF_002215535.1	pseudomonas_pili	pilA|pilB|pilT|type IV pilus	Type IV pili	33
staphylococcus_epidermidis	GCF_002215535.1	pg_fimbriae	fimA|mfa1	Porphyromonas fimbriae	1
staphylococcus_epidermidis	GCF_002215535.1	pg_gingipain	rgpA|rgpB|kgp	Gingipain proteases	60
staphylococcus_epidermidis	GCF_002215535.1	pg_hagA	hagA	Hemagglutinin adhesin	3
staphylococcus_epidermidis	GCF_002215535.1	fn_adhesin	fadA|fap2|radD|fomA	Fusobacterium adhesins	4
staphylococcus_epidermidis	GCF_002215535.1	td_virulence	prtP|dentilisin|msp	Treponema denticola virulence	42
staphylococcus_epidermidis	GCF_006094375.1	biofilm_ica	icaA|icaB|icaC|icaD|icaR	Staphylococcal intercellular adhesion locus	22
staphylococcus_epidermidis	GCF_006094375.1	biofilm_accumulation	aap|accumulation-associated protein	Biofilm accumulation-associated protein	66
staphylococcus_epidermidis	GCF_006094375.1	adhesion_autolysin	atlE|autolysin	Autolysin-mediated adhesion	14
staphylococcus_epidermidis	GCF_006094375.1	adhesion_fibronectin	fnbA|fnbB|fibronectin	Fibronectin-binding proteins	3
staphylococcus_epidermidis	GCF_006094375.1	adhesion_clumping	clfA|clfB|clumping factor	Clumping factors	4
staphylococcus_epidermidis	GCF_006094375.1	adhesion_collagen	cna|collagen adhesin|collagen-binding	Collagen-binding adhesin	11
staphylococcus_epidermidis	GCF_006094375.1	adhesion_sdr	sdrC|sdrD|sdrE|serine-aspartate repeat	Serine-aspartate repeat adhesins	15
staphylococcus_epidermidis	GCF_006094375.1	biofilm_sasG	sasG	Staphylococcal surface protein G	7
staphylococcus_epidermidis	GCF_006094375.1	quorum_agr	agrA|agrB|agrC|agrD	Staphylococcal quorum sensing agr system	29
staphylococcus_epidermidis	GCF_006094375.1	regulation_sarA	sarA	Staphylococcal accessory regulator	20
staphylococcus_epidermidis	GCF_006094375.1	stress_sigB	sigB|sigma factor B	Stress response regulator	5
staphylococcus_epidermidis	GCF_006094375.1	streptococcus_gtf	gtfB|gtfC|gtfD|glucosyltransferase	Glucosyltransferases	18
staphylococcus_epidermidis	GCF_006094375.1	streptococcus_spaP	spaP|pac|antigen I/II	Streptococcal adhesin antigen I/II	11
staphylococcus_epidermidis	GCF_006094375.1	competence_com	comC|comD|comE	Competence quorum sensing	4
staphylococcus_epidermidis	GCF_006094375.1	regulation_vicRK	vicR|vicK|covR|covS	Two-component biofilm regulation	3
staphylococcus_epidermidis	GCF_006094375.1	sortase	srtA|srtC|sortase	Sortase and surface protein anchoring	12
staphylococcus_epidermidis	GCF_006094375.1	adhesion_enolase	eno|enolase	Surface-associated enolase	163
staphylococcus_epidermidis	GCF_006094375.1	adhesion_fbp	fbp|fibronectin-binding	Fibronectin-binding protein	2
staphylococcus_epidermidis	GCF_006094375.1	enterococcus_esp	esp|enterococcal surface protein	Enterococcal biofilm surface protein	145
staphylococcus_epidermidis	GCF_006094375.1	enterococcus_ace	ace|collagen adhesin	Collagen-binding adhesin	308
staphylococcus_epidermidis	GCF_006094375.1	enterococcus_efaA	efaA	Endocarditis-associated antigen	2
staphylococcus_epidermidis	GCF_006094375.1	enterococcus_gelE	gelE|gelatinase	Gelatinase	11
staphylococcus_epidermidis	GCF_006094375.1	enterococcus_fsr	fsrA|fsrB|fsrC	Enterococcal quorum sensing	4
staphylococcus_epidermidis	GCF_006094375.1	pseudomonas_alg	algD|algU|algR	Alginate pathway	19
staphylococcus_epidermidis	GCF_006094375.1	pseudomonas_pel	pelA|pelB|pelC|pelD|pelE|pelF|pelG	Pel exopolysaccharide	40
staphylococcus_epidermidis	GCF_006094375.1	pseudomonas_psl	pslA|pslB|pslC|pslD|pslE	Psl exopolysaccharide	24
staphylococcus_epidermidis	GCF_006094375.1	pseudomonas_las	lasI|lasR	Las quorum sensing	27
staphylococcus_epidermidis	GCF_006094375.1	pseudomonas_rhl	rhlI|rhlR	Rhl quorum sensing	7
staphylococcus_epidermidis	GCF_006094375.1	pseudomonas_pqs	pqsA|pqsB|pqsC|pqsD|pqsE|pqsR	PQS quorum sensing	9
staphylococcus_epidermidis	GCF_006094375.1	pseudomonas_pili	pilA|pilB|pilT|type IV pilus	Type IV pili	33
staphylococcus_epidermidis	GCF_006094375.1	pg_fimbriae	fimA|mfa1	Porphyromonas fimbriae	1
staphylococcus_epidermidis	GCF_006094375.1	pg_gingipain	rgpA|rgpB|kgp	Gingipain proteases	60
staphylococcus_epidermidis	GCF_006094375.1	pg_hagA	hagA	Hemagglutinin adhesin	3
staphylococcus_epidermidis	GCF_006094375.1	fn_adhesin	fadA|fap2|radD|fomA	Fusobacterium adhesins	4
staphylococcus_epidermidis	GCF_006094375.1	td_virulence	prtP|dentilisin|msp	Treponema denticola virulence	48
staphylococcus_haemolyticus	GCF_001611955.1	biofilm_ica	icaA|icaB|icaC|icaD|icaR	Staphylococcal intercellular adhesion locus	19
staphylococcus_haemolyticus	GCF_001611955.1	biofilm_accumulation	aap|accumulation-associated protein	Biofilm accumulation-associated protein	55
staphylococcus_haemolyticus	GCF_001611955.1	adhesion_autolysin	atlE|autolysin	Autolysin-mediated adhesion	15
staphylococcus_haemolyticus	GCF_001611955.1	adhesion_fibronectin	fnbA|fnbB|fibronectin	Fibronectin-binding proteins	3
staphylococcus_haemolyticus	GCF_001611955.1	adhesion_clumping	clfA|clfB|clumping factor	Clumping factors	4
staphylococcus_haemolyticus	GCF_001611955.1	adhesion_collagen	cna|collagen adhesin|collagen-binding	Collagen-binding adhesin	14
staphylococcus_haemolyticus	GCF_001611955.1	adhesion_sdr	sdrC|sdrD|sdrE|serine-aspartate repeat	Serine-aspartate repeat adhesins	14
staphylococcus_haemolyticus	GCF_001611955.1	biofilm_sasG	sasG	Staphylococcal surface protein G	6
staphylococcus_haemolyticus	GCF_001611955.1	quorum_agr	agrA|agrB|agrC|agrD	Staphylococcal quorum sensing agr system	29
staphylococcus_haemolyticus	GCF_001611955.1	regulation_sarA	sarA	Staphylococcal accessory regulator	16
staphylococcus_haemolyticus	GCF_001611955.1	stress_sigB	sigB|sigma factor B	Stress response regulator	5
staphylococcus_haemolyticus	GCF_001611955.1	streptococcus_gtf	gtfB|gtfC|gtfD|glucosyltransferase	Glucosyltransferases	10
staphylococcus_haemolyticus	GCF_001611955.1	streptococcus_spaP	spaP|pac|antigen I/II	Streptococcal adhesin antigen I/II	10
staphylococcus_haemolyticus	GCF_001611955.1	competence_com	comC|comD|comE	Competence quorum sensing	4
staphylococcus_haemolyticus	GCF_001611955.1	regulation_vicRK	vicR|vicK|covR|covS	Two-component biofilm regulation	2
staphylococcus_haemolyticus	GCF_001611955.1	sortase	srtA|srtC|sortase	Sortase and surface protein anchoring	15
staphylococcus_haemolyticus	GCF_001611955.1	adhesion_enolase	eno|enolase	Surface-associated enolase	166
staphylococcus_haemolyticus	GCF_001611955.1	adhesion_fbp	fbp|fibronectin-binding	Fibronectin-binding protein	2
staphylococcus_haemolyticus	GCF_001611955.1	enterococcus_esp	esp|enterococcal surface protein	Enterococcal biofilm surface protein	149
staphylococcus_haemolyticus	GCF_001611955.1	enterococcus_ace	ace|collagen adhesin	Collagen-binding adhesin	331
staphylococcus_haemolyticus	GCF_001611955.1	enterococcus_efaA	efaA	Endocarditis-associated antigen	2
staphylococcus_haemolyticus	GCF_001611955.1	enterococcus_gelE	gelE|gelatinase	Gelatinase	15
staphylococcus_haemolyticus	GCF_001611955.1	enterococcus_fsr	fsrA|fsrB|fsrC	Enterococcal quorum sensing	3
staphylococcus_haemolyticus	GCF_001611955.1	pseudomonas_alg	algD|algU|algR	Alginate pathway	15
staphylococcus_haemolyticus	GCF_001611955.1	pseudomonas_pel	pelA|pelB|pelC|pelD|pelE|pelF|pelG	Pel exopolysaccharide	51
staphylococcus_haemolyticus	GCF_001611955.1	pseudomonas_psl	pslA|pslB|pslC|pslD|pslE	Psl exopolysaccharide	24
staphylococcus_haemolyticus	GCF_001611955.1	pseudomonas_las	lasI|lasR	Las quorum sensing	41
staphylococcus_haemolyticus	GCF_001611955.1	pseudomonas_rhl	rhlI|rhlR	Rhl quorum sensing	4
staphylococcus_haemolyticus	GCF_001611955.1	pseudomonas_pqs	pqsA|pqsB|pqsC|pqsD|pqsE|pqsR	PQS quorum sensing	13
staphylococcus_haemolyticus	GCF_001611955.1	pseudomonas_pili	pilA|pilB|pilT|type IV pilus	Type IV pili	32
staphylococcus_haemolyticus	GCF_001611955.1	pg_fimbriae	fimA|mfa1	Porphyromonas fimbriae	5
staphylococcus_haemolyticus	GCF_001611955.1	pg_gingipain	rgpA|rgpB|kgp	Gingipain proteases	67
staphylococcus_haemolyticus	GCF_001611955.1	pg_hagA	hagA	Hemagglutinin adhesin	1
staphylococcus_haemolyticus	GCF_001611955.1	fn_adhesin	fadA|fap2|radD|fomA	Fusobacterium adhesins	3
staphylococcus_haemolyticus	GCF_001611955.1	td_virulence	prtP|dentilisin|msp	Treponema denticola virulence	40
staphylococcus_haemolyticus	GCF_002906595.1	biofilm_ica	icaA|icaB|icaC|icaD|icaR	Staphylococcal intercellular adhesion locus	19
staphylococcus_haemolyticus	GCF_002906595.1	biofilm_accumulation	aap|accumulation-associated protein	Biofilm accumulation-associated protein	53
staphylococcus_haemolyticus	GCF_002906595.1	adhesion_autolysin	atlE|autolysin	Autolysin-mediated adhesion	15
staphylococcus_haemolyticus	GCF_002906595.1	adhesion_fibronectin	fnbA|fnbB|fibronectin	Fibronectin-binding proteins	3
staphylococcus_haemolyticus	GCF_002906595.1	adhesion_clumping	clfA|clfB|clumping factor	Clumping factors	3
staphylococcus_haemolyticus	GCF_002906595.1	adhesion_collagen	cna|collagen adhesin|collagen-binding	Collagen-binding adhesin	14
staphylococcus_haemolyticus	GCF_002906595.1	adhesion_sdr	sdrC|sdrD|sdrE|serine-aspartate repeat	Serine-aspartate repeat adhesins	15
staphylococcus_haemolyticus	GCF_002906595.1	biofilm_sasG	sasG	Staphylococcal surface protein G	7
staphylococcus_haemolyticus	GCF_002906595.1	quorum_agr	agrA|agrB|agrC|agrD	Staphylococcal quorum sensing agr system	32
staphylococcus_haemolyticus	GCF_002906595.1	regulation_sarA	sarA	Staphylococcal accessory regulator	16
staphylococcus_haemolyticus	GCF_002906595.1	stress_sigB	sigB|sigma factor B	Stress response regulator	5
staphylococcus_haemolyticus	GCF_002906595.1	streptococcus_gtf	gtfB|gtfC|gtfD|glucosyltransferase	Glucosyltransferases	11
staphylococcus_haemolyticus	GCF_002906595.1	streptococcus_spaP	spaP|pac|antigen I/II	Streptococcal adhesin antigen I/II	9
staphylococcus_haemolyticus	GCF_002906595.1	competence_com	comC|comD|comE	Competence quorum sensing	4
staphylococcus_haemolyticus	GCF_002906595.1	regulation_vicRK	vicR|vicK|covR|covS	Two-component biofilm regulation	2
staphylococcus_haemolyticus	GCF_002906595.1	sortase	srtA|srtC|sortase	Sortase and surface protein anchoring	15
staphylococcus_haemolyticus	GCF_002906595.1	adhesion_enolase	eno|enolase	Surface-associated enolase	170
staphylococcus_haemolyticus	GCF_002906595.1	adhesion_fbp	fbp|fibronectin-binding	Fibronectin-binding protein	2
staphylococcus_haemolyticus	GCF_002906595.1	enterococcus_esp	esp|enterococcal surface protein	Enterococcal biofilm surface protein	143
staphylococcus_haemolyticus	GCF_002906595.1	enterococcus_ace	ace|collagen adhesin	Collagen-binding adhesin	331
staphylococcus_haemolyticus	GCF_002906595.1	enterococcus_efaA	efaA	Endocarditis-associated antigen	3
staphylococcus_haemolyticus	GCF_002906595.1	enterococcus_gelE	gelE|gelatinase	Gelatinase	14
staphylococcus_haemolyticus	GCF_002906595.1	enterococcus_fsr	fsrA|fsrB|fsrC	Enterococcal quorum sensing	4
staphylococcus_haemolyticus	GCF_002906595.1	pseudomonas_alg	algD|algU|algR	Alginate pathway	16
staphylococcus_haemolyticus	GCF_002906595.1	pseudomonas_pel	pelA|pelB|pelC|pelD|pelE|pelF|pelG	Pel exopolysaccharide	48
staphylococcus_haemolyticus	GCF_002906595.1	pseudomonas_psl	pslA|pslB|pslC|pslD|pslE	Psl exopolysaccharide	26
staphylococcus_haemolyticus	GCF_002906595.1	pseudomonas_las	lasI|lasR	Las quorum sensing	42
staphylococcus_haemolyticus	GCF_002906595.1	pseudomonas_rhl	rhlI|rhlR	Rhl quorum sensing	4
staphylococcus_haemolyticus	GCF_002906595.1	pseudomonas_pqs	pqsA|pqsB|pqsC|pqsD|pqsE|pqsR	PQS quorum sensing	14
staphylococcus_haemolyticus	GCF_002906595.1	pseudomonas_pili	pilA|pilB|pilT|type IV pilus	Type IV pili	31
staphylococcus_haemolyticus	GCF_002906595.1	pg_fimbriae	fimA|mfa1	Porphyromonas fimbriae	5
staphylococcus_haemolyticus	GCF_002906595.1	pg_gingipain	rgpA|rgpB|kgp	Gingipain proteases	67
staphylococcus_haemolyticus	GCF_002906595.1	pg_hagA	hagA	Hemagglutinin adhesin	1
staphylococcus_haemolyticus	GCF_002906595.1	fn_adhesin	fadA|fap2|radD|fomA	Fusobacterium adhesins	4
staphylococcus_haemolyticus	GCF_002906595.1	td_virulence	prtP|dentilisin|msp	Treponema denticola virulence	39
staphylococcus_haemolyticus	GCF_002906615.1	biofilm_ica	icaA|icaB|icaC|icaD|icaR	Staphylococcal intercellular adhesion locus	19
staphylococcus_haemolyticus	GCF_002906615.1	biofilm_accumulation	aap|accumulation-associated protein	Biofilm accumulation-associated protein	53
staphylococcus_haemolyticus	GCF_002906615.1	adhesion_autolysin	atlE|autolysin	Autolysin-mediated adhesion	15
staphylococcus_haemolyticus	GCF_002906615.1	adhesion_fibronectin	fnbA|fnbB|fibronectin	Fibronectin-binding proteins	3
staphylococcus_haemolyticus	GCF_002906615.1	adhesion_clumping	clfA|clfB|clumping factor	Clumping factors	4
staphylococcus_haemolyticus	GCF_002906615.1	adhesion_collagen	cna|collagen adhesin|collagen-binding	Collagen-binding adhesin	14
staphylococcus_haemolyticus	GCF_002906615.1	adhesion_sdr	sdrC|sdrD|sdrE|serine-aspartate repeat	Serine-aspartate repeat adhesins	15
staphylococcus_haemolyticus	GCF_002906615.1	biofilm_sasG	sasG	Staphylococcal surface protein G	7
staphylococcus_haemolyticus	GCF_002906615.1	quorum_agr	agrA|agrB|agrC|agrD	Staphylococcal quorum sensing agr system	32
staphylococcus_haemolyticus	GCF_002906615.1	regulation_sarA	sarA	Staphylococcal accessory regulator	16
staphylococcus_haemolyticus	GCF_002906615.1	stress_sigB	sigB|sigma factor B	Stress response regulator	5
staphylococcus_haemolyticus	GCF_002906615.1	streptococcus_gtf	gtfB|gtfC|gtfD|glucosyltransferase	Glucosyltransferases	11
staphylococcus_haemolyticus	GCF_002906615.1	streptococcus_spaP	spaP|pac|antigen I/II	Streptococcal adhesin antigen I/II	9
staphylococcus_haemolyticus	GCF_002906615.1	competence_com	comC|comD|comE	Competence quorum sensing	4
staphylococcus_haemolyticus	GCF_002906615.1	regulation_vicRK	vicR|vicK|covR|covS	Two-component biofilm regulation	2
staphylococcus_haemolyticus	GCF_002906615.1	sortase	srtA|srtC|sortase	Sortase and surface protein anchoring	15
staphylococcus_haemolyticus	GCF_002906615.1	adhesion_enolase	eno|enolase	Surface-associated enolase	172
staphylococcus_haemolyticus	GCF_002906615.1	adhesion_fbp	fbp|fibronectin-binding	Fibronectin-binding protein	2
staphylococcus_haemolyticus	GCF_002906615.1	enterococcus_esp	esp|enterococcal surface protein	Enterococcal biofilm surface protein	143
staphylococcus_haemolyticus	GCF_002906615.1	enterococcus_ace	ace|collagen adhesin	Collagen-binding adhesin	330
staphylococcus_haemolyticus	GCF_002906615.1	enterococcus_efaA	efaA	Endocarditis-associated antigen	3
staphylococcus_haemolyticus	GCF_002906615.1	enterococcus_gelE	gelE|gelatinase	Gelatinase	14
staphylococcus_haemolyticus	GCF_002906615.1	enterococcus_fsr	fsrA|fsrB|fsrC	Enterococcal quorum sensing	4
staphylococcus_haemolyticus	GCF_002906615.1	pseudomonas_alg	algD|algU|algR	Alginate pathway	16
staphylococcus_haemolyticus	GCF_002906615.1	pseudomonas_pel	pelA|pelB|pelC|pelD|pelE|pelF|pelG	Pel exopolysaccharide	48
staphylococcus_haemolyticus	GCF_002906615.1	pseudomonas_psl	pslA|pslB|pslC|pslD|pslE	Psl exopolysaccharide	26
staphylococcus_haemolyticus	GCF_002906615.1	pseudomonas_las	lasI|lasR	Las quorum sensing	42
staphylococcus_haemolyticus	GCF_002906615.1	pseudomonas_rhl	rhlI|rhlR	Rhl quorum sensing	4
staphylococcus_haemolyticus	GCF_002906615.1	pseudomonas_pqs	pqsA|pqsB|pqsC|pqsD|pqsE|pqsR	PQS quorum sensing	14
staphylococcus_haemolyticus	GCF_002906615.1	pseudomonas_pili	pilA|pilB|pilT|type IV pilus	Type IV pili	31
staphylococcus_haemolyticus	GCF_002906615.1	pg_fimbriae	fimA|mfa1	Porphyromonas fimbriae	5
staphylococcus_haemolyticus	GCF_002906615.1	pg_gingipain	rgpA|rgpB|kgp	Gingipain proteases	67
staphylococcus_haemolyticus	GCF_002906615.1	pg_hagA	hagA	Hemagglutinin adhesin	1
staphylococcus_haemolyticus	GCF_002906615.1	fn_adhesin	fadA|fap2|radD|fomA	Fusobacterium adhesins	4
staphylococcus_haemolyticus	GCF_002906615.1	td_virulence	prtP|dentilisin|msp	Treponema denticola virulence	39
staphylococcus_haemolyticus	GCF_002952715.2	biofilm_ica	icaA|icaB|icaC|icaD|icaR	Staphylococcal intercellular adhesion locus	19
staphylococcus_haemolyticus	GCF_002952715.2	biofilm_accumulation	aap|accumulation-associated protein	Biofilm accumulation-associated protein	55
staphylococcus_haemolyticus	GCF_002952715.2	adhesion_autolysin	atlE|autolysin	Autolysin-mediated adhesion	14
staphylococcus_haemolyticus	GCF_002952715.2	adhesion_fibronectin	fnbA|fnbB|fibronectin	Fibronectin-binding proteins	3
staphylococcus_haemolyticus	GCF_002952715.2	adhesion_clumping	clfA|clfB|clumping factor	Clumping factors	3
staphylococcus_haemolyticus	GCF_002952715.2	adhesion_collagen	cna|collagen adhesin|collagen-binding	Collagen-binding adhesin	15
staphylococcus_haemolyticus	GCF_002952715.2	adhesion_sdr	sdrC|sdrD|sdrE|serine-aspartate repeat	Serine-aspartate repeat adhesins	15
staphylococcus_haemolyticus	GCF_002952715.2	biofilm_sasG	sasG	Staphylococcal surface protein G	6
staphylococcus_haemolyticus	GCF_002952715.2	quorum_agr	agrA|agrB|agrC|agrD	Staphylococcal quorum sensing agr system	30
staphylococcus_haemolyticus	GCF_002952715.2	regulation_sarA	sarA	Staphylococcal accessory regulator	16
staphylococcus_haemolyticus	GCF_002952715.2	stress_sigB	sigB|sigma factor B	Stress response regulator	5
staphylococcus_haemolyticus	GCF_002952715.2	streptococcus_gtf	gtfB|gtfC|gtfD|glucosyltransferase	Glucosyltransferases	11
staphylococcus_haemolyticus	GCF_002952715.2	streptococcus_spaP	spaP|pac|antigen I/II	Streptococcal adhesin antigen I/II	8
staphylococcus_haemolyticus	GCF_002952715.2	competence_com	comC|comD|comE	Competence quorum sensing	4
staphylococcus_haemolyticus	GCF_002952715.2	regulation_vicRK	vicR|vicK|covR|covS	Two-component biofilm regulation	2
staphylococcus_haemolyticus	GCF_002952715.2	sortase	srtA|srtC|sortase	Sortase and surface protein anchoring	15
staphylococcus_haemolyticus	GCF_002952715.2	adhesion_enolase	eno|enolase	Surface-associated enolase	166
staphylococcus_haemolyticus	GCF_002952715.2	adhesion_fbp	fbp|fibronectin-binding	Fibronectin-binding protein	2
staphylococcus_haemolyticus	GCF_002952715.2	enterococcus_esp	esp|enterococcal surface protein	Enterococcal biofilm surface protein	153
staphylococcus_haemolyticus	GCF_002952715.2	enterococcus_ace	ace|collagen adhesin	Collagen-binding adhesin	341
staphylococcus_haemolyticus	GCF_002952715.2	enterococcus_efaA	efaA	Endocarditis-associated antigen	2
staphylococcus_haemolyticus	GCF_002952715.2	enterococcus_gelE	gelE|gelatinase	Gelatinase	15
staphylococcus_haemolyticus	GCF_002952715.2	enterococcus_fsr	fsrA|fsrB|fsrC	Enterococcal quorum sensing	4
staphylococcus_haemolyticus	GCF_002952715.2	pseudomonas_alg	algD|algU|algR	Alginate pathway	17
staphylococcus_haemolyticus	GCF_002952715.2	pseudomonas_pel	pelA|pelB|pelC|pelD|pelE|pelF|pelG	Pel exopolysaccharide	49
staphylococcus_haemolyticus	GCF_002952715.2	pseudomonas_psl	pslA|pslB|pslC|pslD|pslE	Psl exopolysaccharide	23
staphylococcus_haemolyticus	GCF_002952715.2	pseudomonas_las	lasI|lasR	Las quorum sensing	41
staphylococcus_haemolyticus	GCF_002952715.2	pseudomonas_rhl	rhlI|rhlR	Rhl quorum sensing	4
staphylococcus_haemolyticus	GCF_002952715.2	pseudomonas_pqs	pqsA|pqsB|pqsC|pqsD|pqsE|pqsR	PQS quorum sensing	14
staphylococcus_haemolyticus	GCF_002952715.2	pseudomonas_pili	pilA|pilB|pilT|type IV pilus	Type IV pili	30
staphylococcus_haemolyticus	GCF_002952715.2	pg_fimbriae	fimA|mfa1	Porphyromonas fimbriae	5
staphylococcus_haemolyticus	GCF_002952715.2	pg_gingipain	rgpA|rgpB|kgp	Gingipain proteases	68
staphylococcus_haemolyticus	GCF_002952715.2	pg_hagA	hagA	Hemagglutinin adhesin	1
staphylococcus_haemolyticus	GCF_002952715.2	fn_adhesin	fadA|fap2|radD|fomA	Fusobacterium adhesins	3
staphylococcus_haemolyticus	GCF_002952715.2	td_virulence	prtP|dentilisin|msp	Treponema denticola virulence	37
staphylococcus_haemolyticus	GCF_006094395.1	biofilm_ica	icaA|icaB|icaC|icaD|icaR	Staphylococcal intercellular adhesion locus	19
staphylococcus_haemolyticus	GCF_006094395.1	biofilm_accumulation	aap|accumulation-associated protein	Biofilm accumulation-associated protein	55
staphylococcus_haemolyticus	GCF_006094395.1	adhesion_autolysin	atlE|autolysin	Autolysin-mediated adhesion	15
staphylococcus_haemolyticus	GCF_006094395.1	adhesion_fibronectin	fnbA|fnbB|fibronectin	Fibronectin-binding proteins	3
staphylococcus_haemolyticus	GCF_006094395.1	adhesion_clumping	clfA|clfB|clumping factor	Clumping factors	4
staphylococcus_haemolyticus	GCF_006094395.1	adhesion_collagen	cna|collagen adhesin|collagen-binding	Collagen-binding adhesin	14
staphylococcus_haemolyticus	GCF_006094395.1	adhesion_sdr	sdrC|sdrD|sdrE|serine-aspartate repeat	Serine-aspartate repeat adhesins	18
staphylococcus_haemolyticus	GCF_006094395.1	biofilm_sasG	sasG	Staphylococcal surface protein G	9
staphylococcus_haemolyticus	GCF_006094395.1	quorum_agr	agrA|agrB|agrC|agrD	Staphylococcal quorum sensing agr system	28
staphylococcus_haemolyticus	GCF_006094395.1	regulation_sarA	sarA	Staphylococcal accessory regulator	16
staphylococcus_haemolyticus	GCF_006094395.1	stress_sigB	sigB|sigma factor B	Stress response regulator	5
staphylococcus_haemolyticus	GCF_006094395.1	streptococcus_gtf	gtfB|gtfC|gtfD|glucosyltransferase	Glucosyltransferases	12
staphylococcus_haemolyticus	GCF_006094395.1	streptococcus_spaP	spaP|pac|antigen I/II	Streptococcal adhesin antigen I/II	9
staphylococcus_haemolyticus	GCF_006094395.1	competence_com	comC|comD|comE	Competence quorum sensing	4
staphylococcus_haemolyticus	GCF_006094395.1	regulation_vicRK	vicR|vicK|covR|covS	Two-component biofilm regulation	2
staphylococcus_haemolyticus	GCF_006094395.1	sortase	srtA|srtC|sortase	Sortase and surface protein anchoring	15
staphylococcus_haemolyticus	GCF_006094395.1	adhesion_enolase	eno|enolase	Surface-associated enolase	165
staphylococcus_haemolyticus	GCF_006094395.1	adhesion_fbp	fbp|fibronectin-binding	Fibronectin-binding protein	2
staphylococcus_haemolyticus	GCF_006094395.1	enterococcus_esp	esp|enterococcal surface protein	Enterococcal biofilm surface protein	147
staphylococcus_haemolyticus	GCF_006094395.1	enterococcus_ace	ace|collagen adhesin	Collagen-binding adhesin	336
staphylococcus_haemolyticus	GCF_006094395.1	enterococcus_efaA	efaA	Endocarditis-associated antigen	3
staphylococcus_haemolyticus	GCF_006094395.1	enterococcus_gelE	gelE|gelatinase	Gelatinase	16
staphylococcus_haemolyticus	GCF_006094395.1	enterococcus_fsr	fsrA|fsrB|fsrC	Enterococcal quorum sensing	3
staphylococcus_haemolyticus	GCF_006094395.1	pseudomonas_alg	algD|algU|algR	Alginate pathway	16
staphylococcus_haemolyticus	GCF_006094395.1	pseudomonas_pel	pelA|pelB|pelC|pelD|pelE|pelF|pelG	Pel exopolysaccharide	57
staphylococcus_haemolyticus	GCF_006094395.1	pseudomonas_psl	pslA|pslB|pslC|pslD|pslE	Psl exopolysaccharide	25
staphylococcus_haemolyticus	GCF_006094395.1	pseudomonas_las	lasI|lasR	Las quorum sensing	43
staphylococcus_haemolyticus	GCF_006094395.1	pseudomonas_rhl	rhlI|rhlR	Rhl quorum sensing	4
staphylococcus_haemolyticus	GCF_006094395.1	pseudomonas_pqs	pqsA|pqsB|pqsC|pqsD|pqsE|pqsR	PQS quorum sensing	13
staphylococcus_haemolyticus	GCF_006094395.1	pseudomonas_pili	pilA|pilB|pilT|type IV pilus	Type IV pili	32
staphylococcus_haemolyticus	GCF_006094395.1	pg_fimbriae	fimA|mfa1	Porphyromonas fimbriae	5
staphylococcus_haemolyticus	GCF_006094395.1	pg_gingipain	rgpA|rgpB|kgp	Gingipain proteases	69
staphylococcus_haemolyticus	GCF_006094395.1	pg_hagA	hagA	Hemagglutinin adhesin	1
staphylococcus_haemolyticus	GCF_006094395.1	fn_adhesin	fadA|fap2|radD|fomA	Fusobacterium adhesins	4
staphylococcus_haemolyticus	GCF_006094395.1	td_virulence	prtP|dentilisin|msp	Treponema denticola virulence	38
streptococcus_anginosus	GCF_000831165.1	biofilm_ica	icaA|icaB|icaC|icaD|icaR	Staphylococcal intercellular adhesion locus	11
streptococcus_anginosus	GCF_000831165.1	biofilm_accumulation	aap|accumulation-associated protein	Biofilm accumulation-associated protein	91
streptococcus_anginosus	GCF_000831165.1	adhesion_autolysin	atlE|autolysin	Autolysin-mediated adhesion	17
streptococcus_anginosus	GCF_000831165.1	adhesion_fibronectin	fnbA|fnbB|fibronectin	Fibronectin-binding proteins	2
streptococcus_anginosus	GCF_000831165.1	adhesion_clumping	clfA|clfB|clumping factor	Clumping factors	3
streptococcus_anginosus	GCF_000831165.1	adhesion_collagen	cna|collagen adhesin|collagen-binding	Collagen-binding adhesin	22
streptococcus_anginosus	GCF_000831165.1	adhesion_sdr	sdrC|sdrD|sdrE|serine-aspartate repeat	Serine-aspartate repeat adhesins	7
streptococcus_anginosus	GCF_000831165.1	biofilm_sasG	sasG	Staphylococcal surface protein G	8
streptococcus_anginosus	GCF_000831165.1	quorum_agr	agrA|agrB|agrC|agrD	Staphylococcal quorum sensing agr system	12
streptococcus_anginosus	GCF_000831165.1	regulation_sarA	sarA	Staphylococcal accessory regulator	8
streptococcus_anginosus	GCF_000831165.1	streptococcus_gtf	gtfB|gtfC|gtfD|glucosyltransferase	Glucosyltransferases	15
streptococcus_anginosus	GCF_000831165.1	streptococcus_spaP	spaP|pac|antigen I/II	Streptococcal adhesin antigen I/II	16
streptococcus_anginosus	GCF_000831165.1	biofilm_brpA	brpA	Biofilm regulatory protein A	1
streptococcus_anginosus	GCF_000831165.1	competence_com	comC|comD|comE	Competence quorum sensing	7
streptococcus_anginosus	GCF_000831165.1	regulation_vicRK	vicR|vicK|covR|covS	Two-component biofilm regulation	7
streptococcus_anginosus	GCF_000831165.1	sortase	srtA|srtC|sortase	Sortase and surface protein anchoring	12
streptococcus_anginosus	GCF_000831165.1	adhesion_enolase	eno|enolase	Surface-associated enolase	134
streptococcus_anginosus	GCF_000831165.1	adhesion_fbp	fbp|fibronectin-binding	Fibronectin-binding protein	7
streptococcus_anginosus	GCF_000831165.1	enterococcus_esp	esp|enterococcal surface protein	Enterococcal biofilm surface protein	112
streptococcus_anginosus	GCF_000831165.1	enterococcus_ace	ace|collagen adhesin	Collagen-binding adhesin	250
streptococcus_anginosus	GCF_000831165.1	enterococcus_efaA	efaA	Endocarditis-associated antigen	13
streptococcus_anginosus	GCF_000831165.1	enterococcus_gelE	gelE|gelatinase	Gelatinase	10
streptococcus_anginosus	GCF_000831165.1	enterococcus_fsr	fsrA|fsrB|fsrC	Enterococcal quorum sensing	1
streptococcus_anginosus	GCF_000831165.1	pseudomonas_alg	algD|algU|algR	Alginate pathway	15
streptococcus_anginosus	GCF_000831165.1	pseudomonas_pel	pelA|pelB|pelC|pelD|pelE|pelF|pelG	Pel exopolysaccharide	59
streptococcus_anginosus	GCF_000831165.1	pseudomonas_psl	pslA|pslB|pslC|pslD|pslE	Psl exopolysaccharide	33
streptococcus_anginosus	GCF_000831165.1	pseudomonas_las	lasI|lasR	Las quorum sensing	35
streptococcus_anginosus	GCF_000831165.1	pseudomonas_rhl	rhlI|rhlR	Rhl quorum sensing	10
streptococcus_anginosus	GCF_000831165.1	pseudomonas_pqs	pqsA|pqsB|pqsC|pqsD|pqsE|pqsR	PQS quorum sensing	10
streptococcus_anginosus	GCF_000831165.1	pseudomonas_pili	pilA|pilB|pilT|type IV pilus	Type IV pili	37
streptococcus_anginosus	GCF_000831165.1	pg_fimbriae	fimA|mfa1	Porphyromonas fimbriae	4
streptococcus_anginosus	GCF_000831165.1	pg_gingipain	rgpA|rgpB|kgp	Gingipain proteases	37
streptococcus_anginosus	GCF_000831165.1	pg_hagA	hagA	Hemagglutinin adhesin	1
streptococcus_anginosus	GCF_000831165.1	fn_adhesin	fadA|fap2|radD|fomA	Fusobacterium adhesins	6
streptococcus_anginosus	GCF_000831165.1	td_virulence	prtP|dentilisin|msp	Treponema denticola virulence	25
streptococcus_anginosus	GCF_001412635.1	biofilm_ica	icaA|icaB|icaC|icaD|icaR	Staphylococcal intercellular adhesion locus	11
streptococcus_anginosus	GCF_001412635.1	biofilm_accumulation	aap|accumulation-associated protein	Biofilm accumulation-associated protein	83
streptococcus_anginosus	GCF_001412635.1	adhesion_autolysin	atlE|autolysin	Autolysin-mediated adhesion	16
streptococcus_anginosus	GCF_001412635.1	adhesion_fibronectin	fnbA|fnbB|fibronectin	Fibronectin-binding proteins	2
streptococcus_anginosus	GCF_001412635.1	adhesion_clumping	clfA|clfB|clumping factor	Clumping factors	4
streptococcus_anginosus	GCF_001412635.1	adhesion_collagen	cna|collagen adhesin|collagen-binding	Collagen-binding adhesin	16
streptococcus_anginosus	GCF_001412635.1	adhesion_sdr	sdrC|sdrD|sdrE|serine-aspartate repeat	Serine-aspartate repeat adhesins	7
streptococcus_anginosus	GCF_001412635.1	biofilm_sasG	sasG	Staphylococcal surface protein G	6
streptococcus_anginosus	GCF_001412635.1	quorum_agr	agrA|agrB|agrC|agrD	Staphylococcal quorum sensing agr system	13
streptococcus_anginosus	GCF_001412635.1	regulation_sarA	sarA	Staphylococcal accessory regulator	9
streptococcus_anginosus	GCF_001412635.1	streptococcus_gtf	gtfB|gtfC|gtfD|glucosyltransferase	Glucosyltransferases	7
streptococcus_anginosus	GCF_001412635.1	streptococcus_gbp	gbpA|gbpB|gbpC|gbpD|glucan-binding	Glucan-binding proteins	2
streptococcus_anginosus	GCF_001412635.1	streptococcus_spaP	spaP|pac|antigen I/II	Streptococcal adhesin antigen I/II	12
streptococcus_anginosus	GCF_001412635.1	biofilm_brpA	brpA	Biofilm regulatory protein A	1
streptococcus_anginosus	GCF_001412635.1	competence_com	comC|comD|comE	Competence quorum sensing	9
streptococcus_anginosus	GCF_001412635.1	regulation_vicRK	vicR|vicK|covR|covS	Two-component biofilm regulation	6
streptococcus_anginosus	GCF_001412635.1	sortase	srtA|srtC|sortase	Sortase and surface protein anchoring	7
streptococcus_anginosus	GCF_001412635.1	adhesion_enolase	eno|enolase	Surface-associated enolase	126
streptococcus_anginosus	GCF_001412635.1	adhesion_fbp	fbp|fibronectin-binding	Fibronectin-binding protein	7
streptococcus_anginosus	GCF_001412635.1	enterococcus_esp	esp|enterococcal surface protein	Enterococcal biofilm surface protein	115
streptococcus_anginosus	GCF_001412635.1	enterococcus_ace	ace|collagen adhesin	Collagen-binding adhesin	249
streptococcus_anginosus	GCF_001412635.1	enterococcus_efaA	efaA	Endocarditis-associated antigen	14
streptococcus_anginosus	GCF_001412635.1	enterococcus_gelE	gelE|gelatinase	Gelatinase	14
streptococcus_anginosus	GCF_001412635.1	enterococcus_fsr	fsrA|fsrB|fsrC	Enterococcal quorum sensing	1
streptococcus_anginosus	GCF_001412635.1	pseudomonas_alg	algD|algU|algR	Alginate pathway	14
streptococcus_anginosus	GCF_001412635.1	pseudomonas_pel	pelA|pelB|pelC|pelD|pelE|pelF|pelG	Pel exopolysaccharide	50
streptococcus_anginosus	GCF_001412635.1	pseudomonas_psl	pslA|pslB|pslC|pslD|pslE	Psl exopolysaccharide	28
streptococcus_anginosus	GCF_001412635.1	pseudomonas_las	lasI|lasR	Las quorum sensing	30
streptococcus_anginosus	GCF_001412635.1	pseudomonas_rhl	rhlI|rhlR	Rhl quorum sensing	9
streptococcus_anginosus	GCF_001412635.1	pseudomonas_pqs	pqsA|pqsB|pqsC|pqsD|pqsE|pqsR	PQS quorum sensing	10
streptococcus_anginosus	GCF_001412635.1	pseudomonas_pili	pilA|pilB|pilT|type IV pilus	Type IV pili	35
streptococcus_anginosus	GCF_001412635.1	pg_fimbriae	fimA|mfa1	Porphyromonas fimbriae	4
streptococcus_anginosus	GCF_001412635.1	pg_gingipain	rgpA|rgpB|kgp	Gingipain proteases	38
streptococcus_anginosus	GCF_001412635.1	pg_hagA	hagA	Hemagglutinin adhesin	2
streptococcus_anginosus	GCF_001412635.1	fn_adhesin	fadA|fap2|radD|fomA	Fusobacterium adhesins	8
streptococcus_anginosus	GCF_001412635.1	td_virulence	prtP|dentilisin|msp	Treponema denticola virulence	23
streptococcus_anginosus	GCF_001697145.1	biofilm_ica	icaA|icaB|icaC|icaD|icaR	Staphylococcal intercellular adhesion locus	10
streptococcus_anginosus	GCF_001697145.1	biofilm_accumulation	aap|accumulation-associated protein	Biofilm accumulation-associated protein	87
streptococcus_anginosus	GCF_001697145.1	adhesion_autolysin	atlE|autolysin	Autolysin-mediated adhesion	18
streptococcus_anginosus	GCF_001697145.1	adhesion_fibronectin	fnbA|fnbB|fibronectin	Fibronectin-binding proteins	2
streptococcus_anginosus	GCF_001697145.1	adhesion_clumping	clfA|clfB|clumping factor	Clumping factors	3
streptococcus_anginosus	GCF_001697145.1	adhesion_collagen	cna|collagen adhesin|collagen-binding	Collagen-binding adhesin	23
streptococcus_anginosus	GCF_001697145.1	adhesion_sdr	sdrC|sdrD|sdrE|serine-aspartate repeat	Serine-aspartate repeat adhesins	9
streptococcus_anginosus	GCF_001697145.1	biofilm_sasG	sasG	Staphylococcal surface protein G	8
streptococcus_anginosus	GCF_001697145.1	quorum_agr	agrA|agrB|agrC|agrD	Staphylococcal quorum sensing agr system	13
streptococcus_anginosus	GCF_001697145.1	regulation_sarA	sarA	Staphylococcal accessory regulator	7
streptococcus_anginosus	GCF_001697145.1	streptococcus_gtf	gtfB|gtfC|gtfD|glucosyltransferase	Glucosyltransferases	14
streptococcus_anginosus	GCF_001697145.1	streptococcus_spaP	spaP|pac|antigen I/II	Streptococcal adhesin antigen I/II	20
streptococcus_anginosus	GCF_001697145.1	biofilm_brpA	brpA	Biofilm regulatory protein A	1
streptococcus_anginosus	GCF_001697145.1	competence_com	comC|comD|comE	Competence quorum sensing	7
streptococcus_anginosus	GCF_001697145.1	regulation_vicRK	vicR|vicK|covR|covS	Two-component biofilm regulation	8
streptococcus_anginosus	GCF_001697145.1	sortase	srtA|srtC|sortase	Sortase and surface protein anchoring	13
streptococcus_anginosus	GCF_001697145.1	adhesion_enolase	eno|enolase	Surface-associated enolase	130
streptococcus_anginosus	GCF_001697145.1	adhesion_fbp	fbp|fibronectin-binding	Fibronectin-binding protein	7
streptococcus_anginosus	GCF_001697145.1	enterococcus_esp	esp|enterococcal surface protein	Enterococcal biofilm surface protein	104
streptococcus_anginosus	GCF_001697145.1	enterococcus_ace	ace|collagen adhesin	Collagen-binding adhesin	250
streptococcus_anginosus	GCF_001697145.1	enterococcus_efaA	efaA	Endocarditis-associated antigen	14
streptococcus_anginosus	GCF_001697145.1	enterococcus_gelE	gelE|gelatinase	Gelatinase	9
streptococcus_anginosus	GCF_001697145.1	enterococcus_ebp	ebpA|ebpB|ebpC	Endocarditis/biofilm pili	4
streptococcus_anginosus	GCF_001697145.1	pseudomonas_alg	algD|algU|algR	Alginate pathway	18
streptococcus_anginosus	GCF_001697145.1	pseudomonas_pel	pelA|pelB|pelC|pelD|pelE|pelF|pelG	Pel exopolysaccharide	57
streptococcus_anginosus	GCF_001697145.1	pseudomonas_psl	pslA|pslB|pslC|pslD|pslE	Psl exopolysaccharide	32
streptococcus_anginosus	GCF_001697145.1	pseudomonas_las	lasI|lasR	Las quorum sensing	35
streptococcus_anginosus	GCF_001697145.1	pseudomonas_rhl	rhlI|rhlR	Rhl quorum sensing	11
streptococcus_anginosus	GCF_001697145.1	pseudomonas_pqs	pqsA|pqsB|pqsC|pqsD|pqsE|pqsR	PQS quorum sensing	10
streptococcus_anginosus	GCF_001697145.1	pseudomonas_pili	pilA|pilB|pilT|type IV pilus	Type IV pili	38
streptococcus_anginosus	GCF_001697145.1	pg_fimbriae	fimA|mfa1	Porphyromonas fimbriae	5
streptococcus_anginosus	GCF_001697145.1	pg_gingipain	rgpA|rgpB|kgp	Gingipain proteases	37
streptococcus_anginosus	GCF_001697145.1	pg_hagA	hagA	Hemagglutinin adhesin	1
streptococcus_anginosus	GCF_001697145.1	fn_adhesin	fadA|fap2|radD|fomA	Fusobacterium adhesins	6
streptococcus_anginosus	GCF_001697145.1	td_virulence	prtP|dentilisin|msp	Treponema denticola virulence	25
streptococcus_anginosus	GCF_008726365.3	biofilm_ica	icaA|icaB|icaC|icaD|icaR	Staphylococcal intercellular adhesion locus	11
streptococcus_anginosus	GCF_008726365.3	biofilm_accumulation	aap|accumulation-associated protein	Biofilm accumulation-associated protein	84
streptococcus_anginosus	GCF_008726365.3	adhesion_autolysin	atlE|autolysin	Autolysin-mediated adhesion	16
streptococcus_anginosus	GCF_008726365.3	adhesion_fibronectin	fnbA|fnbB|fibronectin	Fibronectin-binding proteins	2
streptococcus_anginosus	GCF_008726365.3	adhesion_clumping	clfA|clfB|clumping factor	Clumping factors	1
streptococcus_anginosus	GCF_008726365.3	adhesion_collagen	cna|collagen adhesin|collagen-binding	Collagen-binding adhesin	16
streptococcus_anginosus	GCF_008726365.3	adhesion_sdr	sdrC|sdrD|sdrE|serine-aspartate repeat	Serine-aspartate repeat adhesins	5
streptococcus_anginosus	GCF_008726365.3	biofilm_sasG	sasG	Staphylococcal surface protein G	6
streptococcus_anginosus	GCF_008726365.3	quorum_agr	agrA|agrB|agrC|agrD	Staphylococcal quorum sensing agr system	12
streptococcus_anginosus	GCF_008726365.3	regulation_sarA	sarA	Staphylococcal accessory regulator	11
streptococcus_anginosus	GCF_008726365.3	streptococcus_gtf	gtfB|gtfC|gtfD|glucosyltransferase	Glucosyltransferases	14
streptococcus_anginosus	GCF_008726365.3	streptococcus_spaP	spaP|pac|antigen I/II	Streptococcal adhesin antigen I/II	11
streptococcus_anginosus	GCF_008726365.3	biofilm_brpA	brpA	Biofilm regulatory protein A	1
streptococcus_anginosus	GCF_008726365.3	competence_com	comC|comD|comE	Competence quorum sensing	9
streptococcus_anginosus	GCF_008726365.3	regulation_vicRK	vicR|vicK|covR|covS	Two-component biofilm regulation	7
streptococcus_anginosus	GCF_008726365.3	sortase	srtA|srtC|sortase	Sortase and surface protein anchoring	7
streptococcus_anginosus	GCF_008726365.3	adhesion_enolase	eno|enolase	Surface-associated enolase	143
streptococcus_anginosus	GCF_008726365.3	adhesion_fbp	fbp|fibronectin-binding	Fibronectin-binding protein	7
streptococcus_anginosus	GCF_008726365.3	enterococcus_esp	esp|enterococcal surface protein	Enterococcal biofilm surface protein	100
streptococcus_anginosus	GCF_008726365.3	enterococcus_ace	ace|collagen adhesin	Collagen-binding adhesin	244
streptococcus_anginosus	GCF_008726365.3	enterococcus_efaA	efaA	Endocarditis-associated antigen	7
streptococcus_anginosus	GCF_008726365.3	enterococcus_gelE	gelE|gelatinase	Gelatinase	11
streptococcus_anginosus	GCF_008726365.3	enterococcus_fsr	fsrA|fsrB|fsrC	Enterococcal quorum sensing	3
streptococcus_anginosus	GCF_008726365.3	pseudomonas_alg	algD|algU|algR	Alginate pathway	17
streptococcus_anginosus	GCF_008726365.3	pseudomonas_pel	pelA|pelB|pelC|pelD|pelE|pelF|pelG	Pel exopolysaccharide	46
streptococcus_anginosus	GCF_008726365.3	pseudomonas_psl	pslA|pslB|pslC|pslD|pslE	Psl exopolysaccharide	27
streptococcus_anginosus	GCF_008726365.3	pseudomonas_las	lasI|lasR	Las quorum sensing	28
streptococcus_anginosus	GCF_008726365.3	pseudomonas_rhl	rhlI|rhlR	Rhl quorum sensing	9
streptococcus_anginosus	GCF_008726365.3	pseudomonas_pqs	pqsA|pqsB|pqsC|pqsD|pqsE|pqsR	PQS quorum sensing	14
streptococcus_anginosus	GCF_008726365.3	pseudomonas_pili	pilA|pilB|pilT|type IV pilus	Type IV pili	36
streptococcus_anginosus	GCF_008726365.3	pg_fimbriae	fimA|mfa1	Porphyromonas fimbriae	4
streptococcus_anginosus	GCF_008726365.3	pg_gingipain	rgpA|rgpB|kgp	Gingipain proteases	37
streptococcus_anginosus	GCF_008726365.3	pg_hagA	hagA	Hemagglutinin adhesin	1
streptococcus_anginosus	GCF_008726365.3	fn_adhesin	fadA|fap2|radD|fomA	Fusobacterium adhesins	7
streptococcus_anginosus	GCF_008726365.3	td_virulence	prtP|dentilisin|msp	Treponema denticola virulence	28
streptococcus_anginosus	GCF_900636475.1	biofilm_ica	icaA|icaB|icaC|icaD|icaR	Staphylococcal intercellular adhesion locus	10
streptococcus_anginosus	GCF_900636475.1	biofilm_accumulation	aap|accumulation-associated protein	Biofilm accumulation-associated protein	83
streptococcus_anginosus	GCF_900636475.1	adhesion_autolysin	atlE|autolysin	Autolysin-mediated adhesion	21
streptococcus_anginosus	GCF_900636475.1	adhesion_fibronectin	fnbA|fnbB|fibronectin	Fibronectin-binding proteins	2
streptococcus_anginosus	GCF_900636475.1	adhesion_clumping	clfA|clfB|clumping factor	Clumping factors	2
streptococcus_anginosus	GCF_900636475.1	adhesion_collagen	cna|collagen adhesin|collagen-binding	Collagen-binding adhesin	20
streptococcus_anginosus	GCF_900636475.1	adhesion_sdr	sdrC|sdrD|sdrE|serine-aspartate repeat	Serine-aspartate repeat adhesins	8
streptococcus_anginosus	GCF_900636475.1	biofilm_sasG	sasG	Staphylococcal surface protein G	5
streptococcus_anginosus	GCF_900636475.1	quorum_agr	agrA|agrB|agrC|agrD	Staphylococcal quorum sensing agr system	13
streptococcus_anginosus	GCF_900636475.1	regulation_sarA	sarA	Staphylococcal accessory regulator	8
streptococcus_anginosus	GCF_900636475.1	streptococcus_gtf	gtfB|gtfC|gtfD|glucosyltransferase	Glucosyltransferases	11
streptococcus_anginosus	GCF_900636475.1	streptococcus_gbp	gbpA|gbpB|gbpC|gbpD|glucan-binding	Glucan-binding proteins	2
streptococcus_anginosus	GCF_900636475.1	streptococcus_spaP	spaP|pac|antigen I/II	Streptococcal adhesin antigen I/II	8
streptococcus_anginosus	GCF_900636475.1	biofilm_brpA	brpA	Biofilm regulatory protein A	1
streptococcus_anginosus	GCF_900636475.1	competence_com	comC|comD|comE	Competence quorum sensing	7
streptococcus_anginosus	GCF_900636475.1	regulation_vicRK	vicR|vicK|covR|covS	Two-component biofilm regulation	7
streptococcus_anginosus	GCF_900636475.1	sortase	srtA|srtC|sortase	Sortase and surface protein anchoring	10
streptococcus_anginosus	GCF_900636475.1	adhesion_enolase	eno|enolase	Surface-associated enolase	119
streptococcus_anginosus	GCF_900636475.1	adhesion_fbp	fbp|fibronectin-binding	Fibronectin-binding protein	7
streptococcus_anginosus	GCF_900636475.1	enterococcus_esp	esp|enterococcal surface protein	Enterococcal biofilm surface protein	106
streptococcus_anginosus	GCF_900636475.1	enterococcus_ace	ace|collagen adhesin	Collagen-binding adhesin	257
streptococcus_anginosus	GCF_900636475.1	enterococcus_efaA	efaA	Endocarditis-associated antigen	12
streptococcus_anginosus	GCF_900636475.1	enterococcus_gelE	gelE|gelatinase	Gelatinase	9
streptococcus_anginosus	GCF_900636475.1	pseudomonas_alg	algD|algU|algR	Alginate pathway	15
streptococcus_anginosus	GCF_900636475.1	pseudomonas_pel	pelA|pelB|pelC|pelD|pelE|pelF|pelG	Pel exopolysaccharide	46
streptococcus_anginosus	GCF_900636475.1	pseudomonas_psl	pslA|pslB|pslC|pslD|pslE	Psl exopolysaccharide	27
streptococcus_anginosus	GCF_900636475.1	pseudomonas_las	lasI|lasR	Las quorum sensing	34
streptococcus_anginosus	GCF_900636475.1	pseudomonas_rhl	rhlI|rhlR	Rhl quorum sensing	8
streptococcus_anginosus	GCF_900636475.1	pseudomonas_pqs	pqsA|pqsB|pqsC|pqsD|pqsE|pqsR	PQS quorum sensing	12
streptococcus_anginosus	GCF_900636475.1	pseudomonas_pili	pilA|pilB|pilT|type IV pilus	Type IV pili	37
streptococcus_anginosus	GCF_900636475.1	pg_fimbriae	fimA|mfa1	Porphyromonas fimbriae	4
streptococcus_anginosus	GCF_900636475.1	pg_gingipain	rgpA|rgpB|kgp	Gingipain proteases	36
streptococcus_anginosus	GCF_900636475.1	pg_hagA	hagA	Hemagglutinin adhesin	2
streptococcus_anginosus	GCF_900636475.1	fn_adhesin	fadA|fap2|radD|fomA	Fusobacterium adhesins	7
streptococcus_anginosus	GCF_900636475.1	td_virulence	prtP|dentilisin|msp	Treponema denticola virulence	24
streptococcus_mitis	GCF_000722765.2	biofilm_ica	icaA|icaB|icaC|icaD|icaR	Staphylococcal intercellular adhesion locus	7
streptococcus_mitis	GCF_000722765.2	biofilm_accumulation	aap|accumulation-associated protein	Biofilm accumulation-associated protein	86
streptococcus_mitis	GCF_000722765.2	adhesion_autolysin	atlE|autolysin	Autolysin-mediated adhesion	12
streptococcus_mitis	GCF_000722765.2	adhesion_fibronectin	fnbA|fnbB|fibronectin	Fibronectin-binding proteins	2
streptococcus_mitis	GCF_000722765.2	adhesion_clumping	clfA|clfB|clumping factor	Clumping factors	1
streptococcus_mitis	GCF_000722765.2	adhesion_collagen	cna|collagen adhesin|collagen-binding	Collagen-binding adhesin	6
streptococcus_mitis	GCF_000722765.2	adhesion_sdr	sdrC|sdrD|sdrE|serine-aspartate repeat	Serine-aspartate repeat adhesins	9
streptococcus_mitis	GCF_000722765.2	biofilm_sasG	sasG	Staphylococcal surface protein G	4
streptococcus_mitis	GCF_000722765.2	quorum_agr	agrA|agrB|agrC|agrD	Staphylococcal quorum sensing agr system	17
streptococcus_mitis	GCF_000722765.2	regulation_sarA	sarA	Staphylococcal accessory regulator	6
streptococcus_mitis	GCF_000722765.2	streptococcus_gtf	gtfB|gtfC|gtfD|glucosyltransferase	Glucosyltransferases	16
streptococcus_mitis	GCF_000722765.2	streptococcus_spaP	spaP|pac|antigen I/II	Streptococcal adhesin antigen I/II	12
streptococcus_mitis	GCF_000722765.2	biofilm_brpA	brpA	Biofilm regulatory protein A	1
streptococcus_mitis	GCF_000722765.2	competence_com	comC|comD|comE	Competence quorum sensing	17
streptococcus_mitis	GCF_000722765.2	regulation_vicRK	vicR|vicK|covR|covS	Two-component biofilm regulation	8
streptococcus_mitis	GCF_000722765.2	sortase	srtA|srtC|sortase	Sortase and surface protein anchoring	14
streptococcus_mitis	GCF_000722765.2	adhesion_enolase	eno|enolase	Surface-associated enolase	104
streptococcus_mitis	GCF_000722765.2	adhesion_fbp	fbp|fibronectin-binding	Fibronectin-binding protein	2
streptococcus_mitis	GCF_000722765.2	enterococcus_esp	esp|enterococcal surface protein	Enterococcal biofilm surface protein	120
streptococcus_mitis	GCF_000722765.2	enterococcus_ace	ace|collagen adhesin	Collagen-binding adhesin	273
streptococcus_mitis	GCF_000722765.2	enterococcus_efaA	efaA	Endocarditis-associated antigen	7
streptococcus_mitis	GCF_000722765.2	enterococcus_gelE	gelE|gelatinase	Gelatinase	9
streptococcus_mitis	GCF_000722765.2	enterococcus_fsr	fsrA|fsrB|fsrC	Enterococcal quorum sensing	4
streptococcus_mitis	GCF_000722765.2	pseudomonas_alg	algD|algU|algR	Alginate pathway	17
streptococcus_mitis	GCF_000722765.2	pseudomonas_pel	pelA|pelB|pelC|pelD|pelE|pelF|pelG	Pel exopolysaccharide	57
streptococcus_mitis	GCF_000722765.2	pseudomonas_psl	pslA|pslB|pslC|pslD|pslE	Psl exopolysaccharide	30
streptococcus_mitis	GCF_000722765.2	pseudomonas_las	lasI|lasR	Las quorum sensing	40
streptococcus_mitis	GCF_000722765.2	pseudomonas_rhl	rhlI|rhlR	Rhl quorum sensing	9
streptococcus_mitis	GCF_000722765.2	pseudomonas_pqs	pqsA|pqsB|pqsC|pqsD|pqsE|pqsR	PQS quorum sensing	10
streptococcus_mitis	GCF_000722765.2	pseudomonas_pili	pilA|pilB|pilT|type IV pilus	Type IV pili	42
streptococcus_mitis	GCF_000722765.2	pg_fimbriae	fimA|mfa1	Porphyromonas fimbriae	2
streptococcus_mitis	GCF_000722765.2	pg_gingipain	rgpA|rgpB|kgp	Gingipain proteases	37
streptococcus_mitis	GCF_000722765.2	pg_hagA	hagA	Hemagglutinin adhesin	3
streptococcus_mitis	GCF_000722765.2	fn_adhesin	fadA|fap2|radD|fomA	Fusobacterium adhesins	3
streptococcus_mitis	GCF_000722765.2	td_virulence	prtP|dentilisin|msp	Treponema denticola virulence	26
streptococcus_mitis	GCF_001281025.1	biofilm_ica	icaA|icaB|icaC|icaD|icaR	Staphylococcal intercellular adhesion locus	5
streptococcus_mitis	GCF_001281025.1	biofilm_accumulation	aap|accumulation-associated protein	Biofilm accumulation-associated protein	71
streptococcus_mitis	GCF_001281025.1	adhesion_autolysin	atlE|autolysin	Autolysin-mediated adhesion	16
streptococcus_mitis	GCF_001281025.1	adhesion_fibronectin	fnbA|fnbB|fibronectin	Fibronectin-binding proteins	2
streptococcus_mitis	GCF_001281025.1	adhesion_clumping	clfA|clfB|clumping factor	Clumping factors	2
streptococcus_mitis	GCF_001281025.1	adhesion_collagen	cna|collagen adhesin|collagen-binding	Collagen-binding adhesin	9
streptococcus_mitis	GCF_001281025.1	adhesion_sdr	sdrC|sdrD|sdrE|serine-aspartate repeat	Serine-aspartate repeat adhesins	10
streptococcus_mitis	GCF_001281025.1	biofilm_sasG	sasG	Staphylococcal surface protein G	5
streptococcus_mitis	GCF_001281025.1	quorum_agr	agrA|agrB|agrC|agrD	Staphylococcal quorum sensing agr system	17
streptococcus_mitis	GCF_001281025.1	regulation_sarA	sarA	Staphylococcal accessory regulator	7
streptococcus_mitis	GCF_001281025.1	streptococcus_gtf	gtfB|gtfC|gtfD|glucosyltransferase	Glucosyltransferases	8
streptococcus_mitis	GCF_001281025.1	streptococcus_spaP	spaP|pac|antigen I/II	Streptococcal adhesin antigen I/II	10
streptococcus_mitis	GCF_001281025.1	biofilm_brpA	brpA	Biofilm regulatory protein A	1
streptococcus_mitis	GCF_001281025.1	competence_com	comC|comD|comE	Competence quorum sensing	17
streptococcus_mitis	GCF_001281025.1	regulation_vicRK	vicR|vicK|covR|covS	Two-component biofilm regulation	9
streptococcus_mitis	GCF_001281025.1	sortase	srtA|srtC|sortase	Sortase and surface protein anchoring	10
streptococcus_mitis	GCF_001281025.1	adhesion_enolase	eno|enolase	Surface-associated enolase	105
streptococcus_mitis	GCF_001281025.1	adhesion_fbp	fbp|fibronectin-binding	Fibronectin-binding protein	2
streptococcus_mitis	GCF_001281025.1	enterococcus_esp	esp|enterococcal surface protein	Enterococcal biofilm surface protein	139
streptococcus_mitis	GCF_001281025.1	enterococcus_ace	ace|collagen adhesin	Collagen-binding adhesin	293
streptococcus_mitis	GCF_001281025.1	enterococcus_efaA	efaA	Endocarditis-associated antigen	7
streptococcus_mitis	GCF_001281025.1	enterococcus_gelE	gelE|gelatinase	Gelatinase	9
streptococcus_mitis	GCF_001281025.1	enterococcus_fsr	fsrA|fsrB|fsrC	Enterococcal quorum sensing	1
streptococcus_mitis	GCF_001281025.1	pseudomonas_alg	algD|algU|algR	Alginate pathway	19
streptococcus_mitis	GCF_001281025.1	pseudomonas_pel	pelA|pelB|pelC|pelD|pelE|pelF|pelG	Pel exopolysaccharide	63
streptococcus_mitis	GCF_001281025.1	pseudomonas_psl	pslA|pslB|pslC|pslD|pslE	Psl exopolysaccharide	28
streptococcus_mitis	GCF_001281025.1	pseudomonas_las	lasI|lasR	Las quorum sensing	43
streptococcus_mitis	GCF_001281025.1	pseudomonas_rhl	rhlI|rhlR	Rhl quorum sensing	9
streptococcus_mitis	GCF_001281025.1	pseudomonas_pqs	pqsA|pqsB|pqsC|pqsD|pqsE|pqsR	PQS quorum sensing	11
streptococcus_mitis	GCF_001281025.1	pseudomonas_pili	pilA|pilB|pilT|type IV pilus	Type IV pili	41
streptococcus_mitis	GCF_001281025.1	pg_fimbriae	fimA|mfa1	Porphyromonas fimbriae	1
streptococcus_mitis	GCF_001281025.1	pg_gingipain	rgpA|rgpB|kgp	Gingipain proteases	36
streptococcus_mitis	GCF_001281025.1	pg_hagA	hagA	Hemagglutinin adhesin	3
streptococcus_mitis	GCF_001281025.1	fn_adhesin	fadA|fap2|radD|fomA	Fusobacterium adhesins	7
streptococcus_mitis	GCF_001281025.1	td_virulence	prtP|dentilisin|msp	Treponema denticola virulence	23
streptococcus_mitis	GCF_009730515.1	biofilm_ica	icaA|icaB|icaC|icaD|icaR	Staphylococcal intercellular adhesion locus	5
streptococcus_mitis	GCF_009730515.1	biofilm_accumulation	aap|accumulation-associated protein	Biofilm accumulation-associated protein	80
streptococcus_mitis	GCF_009730515.1	adhesion_autolysin	atlE|autolysin	Autolysin-mediated adhesion	15
streptococcus_mitis	GCF_009730515.1	adhesion_fibronectin	fnbA|fnbB|fibronectin	Fibronectin-binding proteins	2
streptococcus_mitis	GCF_009730515.1	adhesion_clumping	clfA|clfB|clumping factor	Clumping factors	1
streptococcus_mitis	GCF_009730515.1	adhesion_collagen	cna|collagen adhesin|collagen-binding	Collagen-binding adhesin	9
streptococcus_mitis	GCF_009730515.1	adhesion_sdr	sdrC|sdrD|sdrE|serine-aspartate repeat	Serine-aspartate repeat adhesins	5
streptococcus_mitis	GCF_009730515.1	biofilm_sasG	sasG	Staphylococcal surface protein G	4
streptococcus_mitis	GCF_009730515.1	quorum_agr	agrA|agrB|agrC|agrD	Staphylococcal quorum sensing agr system	13
streptococcus_mitis	GCF_009730515.1	regulation_sarA	sarA	Staphylococcal accessory regulator	6
streptococcus_mitis	GCF_009730515.1	streptococcus_gtf	gtfB|gtfC|gtfD|glucosyltransferase	Glucosyltransferases	10
streptococcus_mitis	GCF_009730515.1	streptococcus_spaP	spaP|pac|antigen I/II	Streptococcal adhesin antigen I/II	13
streptococcus_mitis	GCF_009730515.1	biofilm_brpA	brpA	Biofilm regulatory protein A	1
streptococcus_mitis	GCF_009730515.1	competence_com	comC|comD|comE	Competence quorum sensing	17
streptococcus_mitis	GCF_009730515.1	regulation_vicRK	vicR|vicK|covR|covS	Two-component biofilm regulation	7
streptococcus_mitis	GCF_009730515.1	sortase	srtA|srtC|sortase	Sortase and surface protein anchoring	10
streptococcus_mitis	GCF_009730515.1	adhesion_enolase	eno|enolase	Surface-associated enolase	113
streptococcus_mitis	GCF_009730515.1	adhesion_fbp	fbp|fibronectin-binding	Fibronectin-binding protein	2
streptococcus_mitis	GCF_009730515.1	enterococcus_esp	esp|enterococcal surface protein	Enterococcal biofilm surface protein	142
streptococcus_mitis	GCF_009730515.1	enterococcus_ace	ace|collagen adhesin	Collagen-binding adhesin	258
streptococcus_mitis	GCF_009730515.1	enterococcus_efaA	efaA	Endocarditis-associated antigen	7
streptococcus_mitis	GCF_009730515.1	enterococcus_gelE	gelE|gelatinase	Gelatinase	10
streptococcus_mitis	GCF_009730515.1	enterococcus_fsr	fsrA|fsrB|fsrC	Enterococcal quorum sensing	2
streptococcus_mitis	GCF_009730515.1	pseudomonas_alg	algD|algU|algR	Alginate pathway	16
streptococcus_mitis	GCF_009730515.1	pseudomonas_pel	pelA|pelB|pelC|pelD|pelE|pelF|pelG	Pel exopolysaccharide	57
streptococcus_mitis	GCF_009730515.1	pseudomonas_psl	pslA|pslB|pslC|pslD|pslE	Psl exopolysaccharide	31
streptococcus_mitis	GCF_009730515.1	pseudomonas_las	lasI|lasR	Las quorum sensing	39
streptococcus_mitis	GCF_009730515.1	pseudomonas_rhl	rhlI|rhlR	Rhl quorum sensing	9
streptococcus_mitis	GCF_009730515.1	pseudomonas_pqs	pqsA|pqsB|pqsC|pqsD|pqsE|pqsR	PQS quorum sensing	9
streptococcus_mitis	GCF_009730515.1	pseudomonas_pili	pilA|pilB|pilT|type IV pilus	Type IV pili	39
streptococcus_mitis	GCF_009730515.1	pg_fimbriae	fimA|mfa1	Porphyromonas fimbriae	1
streptococcus_mitis	GCF_009730515.1	pg_gingipain	rgpA|rgpB|kgp	Gingipain proteases	33
streptococcus_mitis	GCF_009730515.1	pg_hagA	hagA	Hemagglutinin adhesin	4
streptococcus_mitis	GCF_009730515.1	fn_adhesin	fadA|fap2|radD|fomA	Fusobacterium adhesins	3
streptococcus_mitis	GCF_009730515.1	td_virulence	prtP|dentilisin|msp	Treponema denticola virulence	23
streptococcus_mitis	GCF_013305725.1	biofilm_ica	icaA|icaB|icaC|icaD|icaR	Staphylococcal intercellular adhesion locus	5
streptococcus_mitis	GCF_013305725.1	biofilm_accumulation	aap|accumulation-associated protein	Biofilm accumulation-associated protein	78
streptococcus_mitis	GCF_013305725.1	adhesion_autolysin	atlE|autolysin	Autolysin-mediated adhesion	16
streptococcus_mitis	GCF_013305725.1	adhesion_fibronectin	fnbA|fnbB|fibronectin	Fibronectin-binding proteins	2
streptococcus_mitis	GCF_013305725.1	adhesion_clumping	clfA|clfB|clumping factor	Clumping factors	1
streptococcus_mitis	GCF_013305725.1	adhesion_collagen	cna|collagen adhesin|collagen-binding	Collagen-binding adhesin	7
streptococcus_mitis	GCF_013305725.1	adhesion_sdr	sdrC|sdrD|sdrE|serine-aspartate repeat	Serine-aspartate repeat adhesins	14
streptococcus_mitis	GCF_013305725.1	biofilm_sasG	sasG	Staphylococcal surface protein G	6
streptococcus_mitis	GCF_013305725.1	quorum_agr	agrA|agrB|agrC|agrD	Staphylococcal quorum sensing agr system	26
streptococcus_mitis	GCF_013305725.1	regulation_sarA	sarA	Staphylococcal accessory regulator	9
streptococcus_mitis	GCF_013305725.1	streptococcus_gtf	gtfB|gtfC|gtfD|glucosyltransferase	Glucosyltransferases	14
streptococcus_mitis	GCF_013305725.1	streptococcus_spaP	spaP|pac|antigen I/II	Streptococcal adhesin antigen I/II	14
streptococcus_mitis	GCF_013305725.1	biofilm_brpA	brpA	Biofilm regulatory protein A	5
streptococcus_mitis	GCF_013305725.1	competence_com	comC|comD|comE	Competence quorum sensing	17
streptococcus_mitis	GCF_013305725.1	regulation_vicRK	vicR|vicK|covR|covS	Two-component biofilm regulation	9
streptococcus_mitis	GCF_013305725.1	sortase	srtA|srtC|sortase	Sortase and surface protein anchoring	11
streptococcus_mitis	GCF_013305725.1	adhesion_enolase	eno|enolase	Surface-associated enolase	99
streptococcus_mitis	GCF_013305725.1	adhesion_fbp	fbp|fibronectin-binding	Fibronectin-binding protein	2
streptococcus_mitis	GCF_013305725.1	enterococcus_esp	esp|enterococcal surface protein	Enterococcal biofilm surface protein	128
streptococcus_mitis	GCF_013305725.1	enterococcus_ace	ace|collagen adhesin	Collagen-binding adhesin	260
streptococcus_mitis	GCF_013305725.1	enterococcus_efaA	efaA	Endocarditis-associated antigen	7
streptococcus_mitis	GCF_013305725.1	enterococcus_gelE	gelE|gelatinase	Gelatinase	11
streptococcus_mitis	GCF_013305725.1	enterococcus_fsr	fsrA|fsrB|fsrC	Enterococcal quorum sensing	3
streptococcus_mitis	GCF_013305725.1	pseudomonas_alg	algD|algU|algR	Alginate pathway	18
streptococcus_mitis	GCF_013305725.1	pseudomonas_pel	pelA|pelB|pelC|pelD|pelE|pelF|pelG	Pel exopolysaccharide	54
streptococcus_mitis	GCF_013305725.1	pseudomonas_psl	pslA|pslB|pslC|pslD|pslE	Psl exopolysaccharide	41
streptococcus_mitis	GCF_013305725.1	pseudomonas_las	lasI|lasR	Las quorum sensing	40
streptococcus_mitis	GCF_013305725.1	pseudomonas_rhl	rhlI|rhlR	Rhl quorum sensing	11
streptococcus_mitis	GCF_013305725.1	pseudomonas_pqs	pqsA|pqsB|pqsC|pqsD|pqsE|pqsR	PQS quorum sensing	5
streptococcus_mitis	GCF_013305725.1	pseudomonas_pili	pilA|pilB|pilT|type IV pilus	Type IV pili	44
streptococcus_mitis	GCF_013305725.1	pg_fimbriae	fimA|mfa1	Porphyromonas fimbriae	1
streptococcus_mitis	GCF_013305725.1	pg_gingipain	rgpA|rgpB|kgp	Gingipain proteases	47
streptococcus_mitis	GCF_013305725.1	pg_hagA	hagA	Hemagglutinin adhesin	3
streptococcus_mitis	GCF_013305725.1	fn_adhesin	fadA|fap2|radD|fomA	Fusobacterium adhesins	4
streptococcus_mitis	GCF_013305725.1	td_virulence	prtP|dentilisin|msp	Treponema denticola virulence	22
streptococcus_mitis	GCF_018603625.2	biofilm_ica	icaA|icaB|icaC|icaD|icaR	Staphylococcal intercellular adhesion locus	5
streptococcus_mitis	GCF_018603625.2	biofilm_accumulation	aap|accumulation-associated protein	Biofilm accumulation-associated protein	78
streptococcus_mitis	GCF_018603625.2	adhesion_autolysin	atlE|autolysin	Autolysin-mediated adhesion	12
streptococcus_mitis	GCF_018603625.2	adhesion_fibronectin	fnbA|fnbB|fibronectin	Fibronectin-binding proteins	2
streptococcus_mitis	GCF_018603625.2	adhesion_clumping	clfA|clfB|clumping factor	Clumping factors	1
streptococcus_mitis	GCF_018603625.2	adhesion_collagen	cna|collagen adhesin|collagen-binding	Collagen-binding adhesin	6
streptococcus_mitis	GCF_018603625.2	adhesion_sdr	sdrC|sdrD|sdrE|serine-aspartate repeat	Serine-aspartate repeat adhesins	11
streptococcus_mitis	GCF_018603625.2	biofilm_sasG	sasG	Staphylococcal surface protein G	5
streptococcus_mitis	GCF_018603625.2	quorum_agr	agrA|agrB|agrC|agrD	Staphylococcal quorum sensing agr system	28
streptococcus_mitis	GCF_018603625.2	regulation_sarA	sarA	Staphylococcal accessory regulator	8
streptococcus_mitis	GCF_018603625.2	streptococcus_gtf	gtfB|gtfC|gtfD|glucosyltransferase	Glucosyltransferases	14
streptococcus_mitis	GCF_018603625.2	streptococcus_spaP	spaP|pac|antigen I/II	Streptococcal adhesin antigen I/II	13
streptococcus_mitis	GCF_018603625.2	biofilm_brpA	brpA	Biofilm regulatory protein A	5
streptococcus_mitis	GCF_018603625.2	competence_com	comC|comD|comE	Competence quorum sensing	17
streptococcus_mitis	GCF_018603625.2	regulation_vicRK	vicR|vicK|covR|covS	Two-component biofilm regulation	8
streptococcus_mitis	GCF_018603625.2	sortase	srtA|srtC|sortase	Sortase and surface protein anchoring	6
streptococcus_mitis	GCF_018603625.2	adhesion_enolase	eno|enolase	Surface-associated enolase	101
streptococcus_mitis	GCF_018603625.2	adhesion_fbp	fbp|fibronectin-binding	Fibronectin-binding protein	2
streptococcus_mitis	GCF_018603625.2	enterococcus_esp	esp|enterococcal surface protein	Enterococcal biofilm surface protein	128
streptococcus_mitis	GCF_018603625.2	enterococcus_ace	ace|collagen adhesin	Collagen-binding adhesin	241
streptococcus_mitis	GCF_018603625.2	enterococcus_efaA	efaA	Endocarditis-associated antigen	6
streptococcus_mitis	GCF_018603625.2	enterococcus_gelE	gelE|gelatinase	Gelatinase	10
streptococcus_mitis	GCF_018603625.2	enterococcus_fsr	fsrA|fsrB|fsrC	Enterococcal quorum sensing	3
streptococcus_mitis	GCF_018603625.2	pseudomonas_alg	algD|algU|algR	Alginate pathway	14
streptococcus_mitis	GCF_018603625.2	pseudomonas_pel	pelA|pelB|pelC|pelD|pelE|pelF|pelG	Pel exopolysaccharide	64
streptococcus_mitis	GCF_018603625.2	pseudomonas_psl	pslA|pslB|pslC|pslD|pslE	Psl exopolysaccharide	34
streptococcus_mitis	GCF_018603625.2	pseudomonas_las	lasI|lasR	Las quorum sensing	42
streptococcus_mitis	GCF_018603625.2	pseudomonas_rhl	rhlI|rhlR	Rhl quorum sensing	8
streptococcus_mitis	GCF_018603625.2	pseudomonas_pqs	pqsA|pqsB|pqsC|pqsD|pqsE|pqsR	PQS quorum sensing	10
streptococcus_mitis	GCF_018603625.2	pseudomonas_pili	pilA|pilB|pilT|type IV pilus	Type IV pili	42
streptococcus_mitis	GCF_018603625.2	pg_fimbriae	fimA|mfa1	Porphyromonas fimbriae	1
streptococcus_mitis	GCF_018603625.2	pg_gingipain	rgpA|rgpB|kgp	Gingipain proteases	50
streptococcus_mitis	GCF_018603625.2	pg_hagA	hagA	Hemagglutinin adhesin	3
streptococcus_mitis	GCF_018603625.2	fn_adhesin	fadA|fap2|radD|fomA	Fusobacterium adhesins	4
streptococcus_mitis	GCF_018603625.2	td_virulence	prtP|dentilisin|msp	Treponema denticola virulence	25
streptococcus_oralis	GCF_001983955.1	biofilm_ica	icaA|icaB|icaC|icaD|icaR	Staphylococcal intercellular adhesion locus	5
streptococcus_oralis	GCF_001983955.1	biofilm_accumulation	aap|accumulation-associated protein	Biofilm accumulation-associated protein	89
streptococcus_oralis	GCF_001983955.1	adhesion_autolysin	atlE|autolysin	Autolysin-mediated adhesion	14
streptococcus_oralis	GCF_001983955.1	adhesion_fibronectin	fnbA|fnbB|fibronectin	Fibronectin-binding proteins	2
streptococcus_oralis	GCF_001983955.1	adhesion_clumping	clfA|clfB|clumping factor	Clumping factors	2
streptococcus_oralis	GCF_001983955.1	adhesion_collagen	cna|collagen adhesin|collagen-binding	Collagen-binding adhesin	12
streptococcus_oralis	GCF_001983955.1	adhesion_sdr	sdrC|sdrD|sdrE|serine-aspartate repeat	Serine-aspartate repeat adhesins	15
streptococcus_oralis	GCF_001983955.1	biofilm_sasG	sasG	Staphylococcal surface protein G	4
streptococcus_oralis	GCF_001983955.1	quorum_agr	agrA|agrB|agrC|agrD	Staphylococcal quorum sensing agr system	16
streptococcus_oralis	GCF_001983955.1	regulation_sarA	sarA	Staphylococcal accessory regulator	13
streptococcus_oralis	GCF_001983955.1	streptococcus_gtf	gtfB|gtfC|gtfD|glucosyltransferase	Glucosyltransferases	8
streptococcus_oralis	GCF_001983955.1	streptococcus_spaP	spaP|pac|antigen I/II	Streptococcal adhesin antigen I/II	9
streptococcus_oralis	GCF_001983955.1	biofilm_brpA	brpA	Biofilm regulatory protein A	1
streptococcus_oralis	GCF_001983955.1	competence_com	comC|comD|comE	Competence quorum sensing	17
streptococcus_oralis	GCF_001983955.1	regulation_vicRK	vicR|vicK|covR|covS	Two-component biofilm regulation	7
streptococcus_oralis	GCF_001983955.1	sortase	srtA|srtC|sortase	Sortase and surface protein anchoring	12
streptococcus_oralis	GCF_001983955.1	adhesion_enolase	eno|enolase	Surface-associated enolase	104
streptococcus_oralis	GCF_001983955.1	adhesion_fbp	fbp|fibronectin-binding	Fibronectin-binding protein	2
streptococcus_oralis	GCF_001983955.1	enterococcus_esp	esp|enterococcal surface protein	Enterococcal biofilm surface protein	131
streptococcus_oralis	GCF_001983955.1	enterococcus_ace	ace|collagen adhesin	Collagen-binding adhesin	280
streptococcus_oralis	GCF_001983955.1	enterococcus_efaA	efaA	Endocarditis-associated antigen	8
streptococcus_oralis	GCF_001983955.1	enterococcus_gelE	gelE|gelatinase	Gelatinase	15
streptococcus_oralis	GCF_001983955.1	enterococcus_fsr	fsrA|fsrB|fsrC	Enterococcal quorum sensing	2
streptococcus_oralis	GCF_001983955.1	pseudomonas_alg	algD|algU|algR	Alginate pathway	16
streptococcus_oralis	GCF_001983955.1	pseudomonas_pel	pelA|pelB|pelC|pelD|pelE|pelF|pelG	Pel exopolysaccharide	66
streptococcus_oralis	GCF_001983955.1	pseudomonas_psl	pslA|pslB|pslC|pslD|pslE	Psl exopolysaccharide	35
streptococcus_oralis	GCF_001983955.1	pseudomonas_las	lasI|lasR	Las quorum sensing	36
streptococcus_oralis	GCF_001983955.1	pseudomonas_rhl	rhlI|rhlR	Rhl quorum sensing	8
streptococcus_oralis	GCF_001983955.1	pseudomonas_pqs	pqsA|pqsB|pqsC|pqsD|pqsE|pqsR	PQS quorum sensing	10
streptococcus_oralis	GCF_001983955.1	pseudomonas_pili	pilA|pilB|pilT|type IV pilus	Type IV pili	37
streptococcus_oralis	GCF_001983955.1	pg_fimbriae	fimA|mfa1	Porphyromonas fimbriae	1
streptococcus_oralis	GCF_001983955.1	pg_gingipain	rgpA|rgpB|kgp	Gingipain proteases	42
streptococcus_oralis	GCF_001983955.1	pg_hagA	hagA	Hemagglutinin adhesin	4
streptococcus_oralis	GCF_001983955.1	fn_adhesin	fadA|fap2|radD|fomA	Fusobacterium adhesins	7
streptococcus_oralis	GCF_001983955.1	td_virulence	prtP|dentilisin|msp	Treponema denticola virulence	23
streptococcus_oralis	GCF_002386345.1	biofilm_ica	icaA|icaB|icaC|icaD|icaR	Staphylococcal intercellular adhesion locus	5
streptococcus_oralis	GCF_002386345.1	biofilm_accumulation	aap|accumulation-associated protein	Biofilm accumulation-associated protein	82
streptococcus_oralis	GCF_002386345.1	adhesion_autolysin	atlE|autolysin	Autolysin-mediated adhesion	13
streptococcus_oralis	GCF_002386345.1	adhesion_fibronectin	fnbA|fnbB|fibronectin	Fibronectin-binding proteins	2
streptococcus_oralis	GCF_002386345.1	adhesion_clumping	clfA|clfB|clumping factor	Clumping factors	1
streptococcus_oralis	GCF_002386345.1	adhesion_collagen	cna|collagen adhesin|collagen-binding	Collagen-binding adhesin	9
streptococcus_oralis	GCF_002386345.1	adhesion_sdr	sdrC|sdrD|sdrE|serine-aspartate repeat	Serine-aspartate repeat adhesins	20
streptococcus_oralis	GCF_002386345.1	biofilm_sasG	sasG	Staphylococcal surface protein G	4
streptococcus_oralis	GCF_002386345.1	quorum_agr	agrA|agrB|agrC|agrD	Staphylococcal quorum sensing agr system	16
streptococcus_oralis	GCF_002386345.1	regulation_sarA	sarA	Staphylococcal accessory regulator	8
streptococcus_oralis	GCF_002386345.1	streptococcus_gtf	gtfB|gtfC|gtfD|glucosyltransferase	Glucosyltransferases	9
streptococcus_oralis	GCF_002386345.1	streptococcus_spaP	spaP|pac|antigen I/II	Streptococcal adhesin antigen I/II	12
streptococcus_oralis	GCF_002386345.1	biofilm_brpA	brpA	Biofilm regulatory protein A	1
streptococcus_oralis	GCF_002386345.1	competence_com	comC|comD|comE	Competence quorum sensing	17
streptococcus_oralis	GCF_002386345.1	regulation_vicRK	vicR|vicK|covR|covS	Two-component biofilm regulation	7
streptococcus_oralis	GCF_002386345.1	sortase	srtA|srtC|sortase	Sortase and surface protein anchoring	16
streptococcus_oralis	GCF_002386345.1	adhesion_enolase	eno|enolase	Surface-associated enolase	105
streptococcus_oralis	GCF_002386345.1	adhesion_fbp	fbp|fibronectin-binding	Fibronectin-binding protein	2
streptococcus_oralis	GCF_002386345.1	enterococcus_esp	esp|enterococcal surface protein	Enterococcal biofilm surface protein	124
streptococcus_oralis	GCF_002386345.1	enterococcus_ace	ace|collagen adhesin	Collagen-binding adhesin	261
streptococcus_oralis	GCF_002386345.1	enterococcus_efaA	efaA	Endocarditis-associated antigen	8
streptococcus_oralis	GCF_002386345.1	enterococcus_gelE	gelE|gelatinase	Gelatinase	13
streptococcus_oralis	GCF_002386345.1	enterococcus_fsr	fsrA|fsrB|fsrC	Enterococcal quorum sensing	2
streptococcus_oralis	GCF_002386345.1	pseudomonas_alg	algD|algU|algR	Alginate pathway	19
streptococcus_oralis	GCF_002386345.1	pseudomonas_pel	pelA|pelB|pelC|pelD|pelE|pelF|pelG	Pel exopolysaccharide	70
streptococcus_oralis	GCF_002386345.1	pseudomonas_psl	pslA|pslB|pslC|pslD|pslE	Psl exopolysaccharide	35
streptococcus_oralis	GCF_002386345.1	pseudomonas_las	lasI|lasR	Las quorum sensing	35
streptococcus_oralis	GCF_002386345.1	pseudomonas_rhl	rhlI|rhlR	Rhl quorum sensing	9
streptococcus_oralis	GCF_002386345.1	pseudomonas_pqs	pqsA|pqsB|pqsC|pqsD|pqsE|pqsR	PQS quorum sensing	10
streptococcus_oralis	GCF_002386345.1	pseudomonas_pili	pilA|pilB|pilT|type IV pilus	Type IV pili	40
streptococcus_oralis	GCF_002386345.1	pg_fimbriae	fimA|mfa1	Porphyromonas fimbriae	1
streptococcus_oralis	GCF_002386345.1	pg_gingipain	rgpA|rgpB|kgp	Gingipain proteases	36
streptococcus_oralis	GCF_002386345.1	pg_hagA	hagA	Hemagglutinin adhesin	6
streptococcus_oralis	GCF_002386345.1	fn_adhesin	fadA|fap2|radD|fomA	Fusobacterium adhesins	9
streptococcus_oralis	GCF_002386345.1	td_virulence	prtP|dentilisin|msp	Treponema denticola virulence	26
streptococcus_oralis	GCF_007475365.1	biofilm_ica	icaA|icaB|icaC|icaD|icaR	Staphylococcal intercellular adhesion locus	5
streptococcus_oralis	GCF_007475365.1	biofilm_accumulation	aap|accumulation-associated protein	Biofilm accumulation-associated protein	66
streptococcus_oralis	GCF_007475365.1	adhesion_autolysin	atlE|autolysin	Autolysin-mediated adhesion	14
streptococcus_oralis	GCF_007475365.1	adhesion_fibronectin	fnbA|fnbB|fibronectin	Fibronectin-binding proteins	2
streptococcus_oralis	GCF_007475365.1	adhesion_clumping	clfA|clfB|clumping factor	Clumping factors	1
streptococcus_oralis	GCF_007475365.1	adhesion_collagen	cna|collagen adhesin|collagen-binding	Collagen-binding adhesin	9
streptococcus_oralis	GCF_007475365.1	adhesion_sdr	sdrC|sdrD|sdrE|serine-aspartate repeat	Serine-aspartate repeat adhesins	14
streptococcus_oralis	GCF_007475365.1	biofilm_sasG	sasG	Staphylococcal surface protein G	8
streptococcus_oralis	GCF_007475365.1	quorum_agr	agrA|agrB|agrC|agrD	Staphylococcal quorum sensing agr system	15
streptococcus_oralis	GCF_007475365.1	regulation_sarA	sarA	Staphylococcal accessory regulator	11
streptococcus_oralis	GCF_007475365.1	streptococcus_gtf	gtfB|gtfC|gtfD|glucosyltransferase	Glucosyltransferases	13
streptococcus_oralis	GCF_007475365.1	streptococcus_spaP	spaP|pac|antigen I/II	Streptococcal adhesin antigen I/II	18
streptococcus_oralis	GCF_007475365.1	biofilm_brpA	brpA	Biofilm regulatory protein A	1
streptococcus_oralis	GCF_007475365.1	competence_com	comC|comD|comE	Competence quorum sensing	17
streptococcus_oralis	GCF_007475365.1	regulation_vicRK	vicR|vicK|covR|covS	Two-component biofilm regulation	7
streptococcus_oralis	GCF_007475365.1	sortase	srtA|srtC|sortase	Sortase and surface protein anchoring	12
streptococcus_oralis	GCF_007475365.1	adhesion_enolase	eno|enolase	Surface-associated enolase	104
streptococcus_oralis	GCF_007475365.1	adhesion_fbp	fbp|fibronectin-binding	Fibronectin-binding protein	2
streptococcus_oralis	GCF_007475365.1	enterococcus_esp	esp|enterococcal surface protein	Enterococcal biofilm surface protein	124
streptococcus_oralis	GCF_007475365.1	enterococcus_ace	ace|collagen adhesin	Collagen-binding adhesin	261
streptococcus_oralis	GCF_007475365.1	enterococcus_efaA	efaA	Endocarditis-associated antigen	7
streptococcus_oralis	GCF_007475365.1	enterococcus_gelE	gelE|gelatinase	Gelatinase	13
streptococcus_oralis	GCF_007475365.1	enterococcus_fsr	fsrA|fsrB|fsrC	Enterococcal quorum sensing	1
streptococcus_oralis	GCF_007475365.1	pseudomonas_alg	algD|algU|algR	Alginate pathway	20
streptococcus_oralis	GCF_007475365.1	pseudomonas_pel	pelA|pelB|pelC|pelD|pelE|pelF|pelG	Pel exopolysaccharide	56
streptococcus_oralis	GCF_007475365.1	pseudomonas_psl	pslA|pslB|pslC|pslD|pslE	Psl exopolysaccharide	31
streptococcus_oralis	GCF_007475365.1	pseudomonas_las	lasI|lasR	Las quorum sensing	28
streptococcus_oralis	GCF_007475365.1	pseudomonas_rhl	rhlI|rhlR	Rhl quorum sensing	7
streptococcus_oralis	GCF_007475365.1	pseudomonas_pqs	pqsA|pqsB|pqsC|pqsD|pqsE|pqsR	PQS quorum sensing	11
streptococcus_oralis	GCF_007475365.1	pseudomonas_pili	pilA|pilB|pilT|type IV pilus	Type IV pili	40
streptococcus_oralis	GCF_007475365.1	pg_fimbriae	fimA|mfa1	Porphyromonas fimbriae	1
streptococcus_oralis	GCF_007475365.1	pg_gingipain	rgpA|rgpB|kgp	Gingipain proteases	40
streptococcus_oralis	GCF_007475365.1	pg_hagA	hagA	Hemagglutinin adhesin	3
streptococcus_oralis	GCF_007475365.1	fn_adhesin	fadA|fap2|radD|fomA	Fusobacterium adhesins	10
streptococcus_oralis	GCF_007475365.1	td_virulence	prtP|dentilisin|msp	Treponema denticola virulence	26
streptococcus_oralis	GCF_016028175.1	biofilm_ica	icaA|icaB|icaC|icaD|icaR	Staphylococcal intercellular adhesion locus	5
streptococcus_oralis	GCF_016028175.1	biofilm_accumulation	aap|accumulation-associated protein	Biofilm accumulation-associated protein	79
streptococcus_oralis	GCF_016028175.1	adhesion_autolysin	atlE|autolysin	Autolysin-mediated adhesion	13
streptococcus_oralis	GCF_016028175.1	adhesion_fibronectin	fnbA|fnbB|fibronectin	Fibronectin-binding proteins	2
streptococcus_oralis	GCF_016028175.1	adhesion_clumping	clfA|clfB|clumping factor	Clumping factors	1
streptococcus_oralis	GCF_016028175.1	adhesion_collagen	cna|collagen adhesin|collagen-binding	Collagen-binding adhesin	6
streptococcus_oralis	GCF_016028175.1	adhesion_sdr	sdrC|sdrD|sdrE|serine-aspartate repeat	Serine-aspartate repeat adhesins	11
streptococcus_oralis	GCF_016028175.1	biofilm_sasG	sasG	Staphylococcal surface protein G	7
streptococcus_oralis	GCF_016028175.1	quorum_agr	agrA|agrB|agrC|agrD	Staphylococcal quorum sensing agr system	15
streptococcus_oralis	GCF_016028175.1	regulation_sarA	sarA	Staphylococcal accessory regulator	12
streptococcus_oralis	GCF_016028175.1	streptococcus_gtf	gtfB|gtfC|gtfD|glucosyltransferase	Glucosyltransferases	14
streptococcus_oralis	GCF_016028175.1	streptococcus_spaP	spaP|pac|antigen I/II	Streptococcal adhesin antigen I/II	7
streptococcus_oralis	GCF_016028175.1	biofilm_brpA	brpA	Biofilm regulatory protein A	1
streptococcus_oralis	GCF_016028175.1	competence_com	comC|comD|comE	Competence quorum sensing	17
streptococcus_oralis	GCF_016028175.1	regulation_vicRK	vicR|vicK|covR|covS	Two-component biofilm regulation	6
streptococcus_oralis	GCF_016028175.1	sortase	srtA|srtC|sortase	Sortase and surface protein anchoring	9
streptococcus_oralis	GCF_016028175.1	adhesion_enolase	eno|enolase	Surface-associated enolase	106
streptococcus_oralis	GCF_016028175.1	adhesion_fbp	fbp|fibronectin-binding	Fibronectin-binding protein	2
streptococcus_oralis	GCF_016028175.1	enterococcus_esp	esp|enterococcal surface protein	Enterococcal biofilm surface protein	133
streptococcus_oralis	GCF_016028175.1	enterococcus_ace	ace|collagen adhesin	Collagen-binding adhesin	256
streptococcus_oralis	GCF_016028175.1	enterococcus_efaA	efaA	Endocarditis-associated antigen	6
streptococcus_oralis	GCF_016028175.1	enterococcus_gelE	gelE|gelatinase	Gelatinase	16
streptococcus_oralis	GCF_016028175.1	enterococcus_fsr	fsrA|fsrB|fsrC	Enterococcal quorum sensing	2
streptococcus_oralis	GCF_016028175.1	pseudomonas_alg	algD|algU|algR	Alginate pathway	19
streptococcus_oralis	GCF_016028175.1	pseudomonas_pel	pelA|pelB|pelC|pelD|pelE|pelF|pelG	Pel exopolysaccharide	58
streptococcus_oralis	GCF_016028175.1	pseudomonas_psl	pslA|pslB|pslC|pslD|pslE	Psl exopolysaccharide	39
streptococcus_oralis	GCF_016028175.1	pseudomonas_las	lasI|lasR	Las quorum sensing	35
streptococcus_oralis	GCF_016028175.1	pseudomonas_rhl	rhlI|rhlR	Rhl quorum sensing	7
streptococcus_oralis	GCF_016028175.1	pseudomonas_pqs	pqsA|pqsB|pqsC|pqsD|pqsE|pqsR	PQS quorum sensing	9
streptococcus_oralis	GCF_016028175.1	pseudomonas_pili	pilA|pilB|pilT|type IV pilus	Type IV pili	41
streptococcus_oralis	GCF_016028175.1	pg_fimbriae	fimA|mfa1	Porphyromonas fimbriae	1
streptococcus_oralis	GCF_016028175.1	pg_gingipain	rgpA|rgpB|kgp	Gingipain proteases	40
streptococcus_oralis	GCF_016028175.1	pg_hagA	hagA	Hemagglutinin adhesin	4
streptococcus_oralis	GCF_016028175.1	fn_adhesin	fadA|fap2|radD|fomA	Fusobacterium adhesins	7
streptococcus_oralis	GCF_016028175.1	td_virulence	prtP|dentilisin|msp	Treponema denticola virulence	22
streptococcus_oralis	GCF_016028255.1	biofilm_ica	icaA|icaB|icaC|icaD|icaR	Staphylococcal intercellular adhesion locus	7
streptococcus_oralis	GCF_016028255.1	biofilm_accumulation	aap|accumulation-associated protein	Biofilm accumulation-associated protein	77
streptococcus_oralis	GCF_016028255.1	adhesion_autolysin	atlE|autolysin	Autolysin-mediated adhesion	12
streptococcus_oralis	GCF_016028255.1	adhesion_fibronectin	fnbA|fnbB|fibronectin	Fibronectin-binding proteins	2
streptococcus_oralis	GCF_016028255.1	adhesion_clumping	clfA|clfB|clumping factor	Clumping factors	1
streptococcus_oralis	GCF_016028255.1	adhesion_collagen	cna|collagen adhesin|collagen-binding	Collagen-binding adhesin	8
streptococcus_oralis	GCF_016028255.1	adhesion_sdr	sdrC|sdrD|sdrE|serine-aspartate repeat	Serine-aspartate repeat adhesins	14
streptococcus_oralis	GCF_016028255.1	biofilm_sasG	sasG	Staphylococcal surface protein G	8
streptococcus_oralis	GCF_016028255.1	quorum_agr	agrA|agrB|agrC|agrD	Staphylococcal quorum sensing agr system	18
streptococcus_oralis	GCF_016028255.1	regulation_sarA	sarA	Staphylococcal accessory regulator	12
streptococcus_oralis	GCF_016028255.1	streptococcus_gtf	gtfB|gtfC|gtfD|glucosyltransferase	Glucosyltransferases	16
streptococcus_oralis	GCF_016028255.1	streptococcus_spaP	spaP|pac|antigen I/II	Streptococcal adhesin antigen I/II	6
streptococcus_oralis	GCF_016028255.1	biofilm_brpA	brpA	Biofilm regulatory protein A	5
streptococcus_oralis	GCF_016028255.1	competence_com	comC|comD|comE	Competence quorum sensing	17
streptococcus_oralis	GCF_016028255.1	regulation_vicRK	vicR|vicK|covR|covS	Two-component biofilm regulation	8
streptococcus_oralis	GCF_016028255.1	sortase	srtA|srtC|sortase	Sortase and surface protein anchoring	12
streptococcus_oralis	GCF_016028255.1	adhesion_enolase	eno|enolase	Surface-associated enolase	103
streptococcus_oralis	GCF_016028255.1	adhesion_fbp	fbp|fibronectin-binding	Fibronectin-binding protein	2
streptococcus_oralis	GCF_016028255.1	enterococcus_esp	esp|enterococcal surface protein	Enterococcal biofilm surface protein	142
streptococcus_oralis	GCF_016028255.1	enterococcus_ace	ace|collagen adhesin	Collagen-binding adhesin	257
streptococcus_oralis	GCF_016028255.1	enterococcus_efaA	efaA	Endocarditis-associated antigen	7
streptococcus_oralis	GCF_016028255.1	enterococcus_gelE	gelE|gelatinase	Gelatinase	17
streptococcus_oralis	GCF_016028255.1	enterococcus_fsr	fsrA|fsrB|fsrC	Enterococcal quorum sensing	5
streptococcus_oralis	GCF_016028255.1	pseudomonas_alg	algD|algU|algR	Alginate pathway	21
streptococcus_oralis	GCF_016028255.1	pseudomonas_pel	pelA|pelB|pelC|pelD|pelE|pelF|pelG	Pel exopolysaccharide	63
streptococcus_oralis	GCF_016028255.1	pseudomonas_psl	pslA|pslB|pslC|pslD|pslE	Psl exopolysaccharide	39
streptococcus_oralis	GCF_016028255.1	pseudomonas_las	lasI|lasR	Las quorum sensing	38
streptococcus_oralis	GCF_016028255.1	pseudomonas_rhl	rhlI|rhlR	Rhl quorum sensing	9
streptococcus_oralis	GCF_016028255.1	pseudomonas_pqs	pqsA|pqsB|pqsC|pqsD|pqsE|pqsR	PQS quorum sensing	9
streptococcus_oralis	GCF_016028255.1	pseudomonas_pili	pilA|pilB|pilT|type IV pilus	Type IV pili	40
streptococcus_oralis	GCF_016028255.1	pg_fimbriae	fimA|mfa1	Porphyromonas fimbriae	1
streptococcus_oralis	GCF_016028255.1	pg_gingipain	rgpA|rgpB|kgp	Gingipain proteases	43
streptococcus_oralis	GCF_016028255.1	pg_hagA	hagA	Hemagglutinin adhesin	4
streptococcus_oralis	GCF_016028255.1	fn_adhesin	fadA|fap2|radD|fomA	Fusobacterium adhesins	8
streptococcus_oralis	GCF_016028255.1	td_virulence	prtP|dentilisin|msp	Treponema denticola virulence	24
streptococcus_sanguinis	GCF_013343115.1	biofilm_ica	icaA|icaB|icaC|icaD|icaR	Staphylococcal intercellular adhesion locus	10
streptococcus_sanguinis	GCF_013343115.1	biofilm_accumulation	aap|accumulation-associated protein	Biofilm accumulation-associated protein	153
streptococcus_sanguinis	GCF_013343115.1	adhesion_autolysin	atlE|autolysin	Autolysin-mediated adhesion	14
streptococcus_sanguinis	GCF_013343115.1	adhesion_fibronectin	fnbA|fnbB|fibronectin	Fibronectin-binding proteins	2
streptococcus_sanguinis	GCF_013343115.1	adhesion_clumping	clfA|clfB|clumping factor	Clumping factors	2
streptococcus_sanguinis	GCF_013343115.1	adhesion_collagen	cna|collagen adhesin|collagen-binding	Collagen-binding adhesin	19
streptococcus_sanguinis	GCF_013343115.1	adhesion_sdr	sdrC|sdrD|sdrE|serine-aspartate repeat	Serine-aspartate repeat adhesins	13
streptococcus_sanguinis	GCF_013343115.1	biofilm_sasG	sasG	Staphylococcal surface protein G	17
streptococcus_sanguinis	GCF_013343115.1	quorum_agr	agrA|agrB|agrC|agrD	Staphylococcal quorum sensing agr system	15
streptococcus_sanguinis	GCF_013343115.1	regulation_sarA	sarA	Staphylococcal accessory regulator	10
streptococcus_sanguinis	GCF_013343115.1	streptococcus_gtf	gtfB|gtfC|gtfD|glucosyltransferase	Glucosyltransferases	16
streptococcus_sanguinis	GCF_013343115.1	streptococcus_spaP	spaP|pac|antigen I/II	Streptococcal adhesin antigen I/II	20
streptococcus_sanguinis	GCF_013343115.1	biofilm_brpA	brpA	Biofilm regulatory protein A	1
streptococcus_sanguinis	GCF_013343115.1	competence_com	comC|comD|comE	Competence quorum sensing	12
streptococcus_sanguinis	GCF_013343115.1	regulation_vicRK	vicR|vicK|covR|covS	Two-component biofilm regulation	6
streptococcus_sanguinis	GCF_013343115.1	sortase	srtA|srtC|sortase	Sortase and surface protein anchoring	7
streptococcus_sanguinis	GCF_013343115.1	adhesion_enolase	eno|enolase	Surface-associated enolase	142
streptococcus_sanguinis	GCF_013343115.1	adhesion_fbp	fbp|fibronectin-binding	Fibronectin-binding protein	7
streptococcus_sanguinis	GCF_013343115.1	enterococcus_esp	esp|enterococcal surface protein	Enterococcal biofilm surface protein	141
streptococcus_sanguinis	GCF_013343115.1	enterococcus_ace	ace|collagen adhesin	Collagen-binding adhesin	329
streptococcus_sanguinis	GCF_013343115.1	enterococcus_efaA	efaA	Endocarditis-associated antigen	13
streptococcus_sanguinis	GCF_013343115.1	enterococcus_gelE	gelE|gelatinase	Gelatinase	9
streptococcus_sanguinis	GCF_013343115.1	enterococcus_fsr	fsrA|fsrB|fsrC	Enterococcal quorum sensing	4
streptococcus_sanguinis	GCF_013343115.1	pseudomonas_alg	algD|algU|algR	Alginate pathway	25
streptococcus_sanguinis	GCF_013343115.1	pseudomonas_pel	pelA|pelB|pelC|pelD|pelE|pelF|pelG	Pel exopolysaccharide	72
streptococcus_sanguinis	GCF_013343115.1	pseudomonas_psl	pslA|pslB|pslC|pslD|pslE	Psl exopolysaccharide	38
streptococcus_sanguinis	GCF_013343115.1	pseudomonas_las	lasI|lasR	Las quorum sensing	37
streptococcus_sanguinis	GCF_013343115.1	pseudomonas_rhl	rhlI|rhlR	Rhl quorum sensing	11
streptococcus_sanguinis	GCF_013343115.1	pseudomonas_pqs	pqsA|pqsB|pqsC|pqsD|pqsE|pqsR	PQS quorum sensing	14
streptococcus_sanguinis	GCF_013343115.1	pseudomonas_pili	pilA|pilB|pilT|type IV pilus	Type IV pili	48
streptococcus_sanguinis	GCF_013343115.1	pg_fimbriae	fimA|mfa1	Porphyromonas fimbriae	3
streptococcus_sanguinis	GCF_013343115.1	pg_gingipain	rgpA|rgpB|kgp	Gingipain proteases	45
streptococcus_sanguinis	GCF_013343115.1	pg_hagA	hagA	Hemagglutinin adhesin	2
streptococcus_sanguinis	GCF_013343115.1	fn_adhesin	fadA|fap2|radD|fomA	Fusobacterium adhesins	4
streptococcus_sanguinis	GCF_013343115.1	td_virulence	prtP|dentilisin|msp	Treponema denticola virulence	26
streptococcus_sanguinis	GCF_013378355.1	biofilm_ica	icaA|icaB|icaC|icaD|icaR	Staphylococcal intercellular adhesion locus	11
streptococcus_sanguinis	GCF_013378355.1	biofilm_accumulation	aap|accumulation-associated protein	Biofilm accumulation-associated protein	125
streptococcus_sanguinis	GCF_013378355.1	adhesion_autolysin	atlE|autolysin	Autolysin-mediated adhesion	13
streptococcus_sanguinis	GCF_013378355.1	adhesion_fibronectin	fnbA|fnbB|fibronectin	Fibronectin-binding proteins	4
streptococcus_sanguinis	GCF_013378355.1	adhesion_clumping	clfA|clfB|clumping factor	Clumping factors	1
streptococcus_sanguinis	GCF_013378355.1	adhesion_collagen	cna|collagen adhesin|collagen-binding	Collagen-binding adhesin	17
streptococcus_sanguinis	GCF_013378355.1	adhesion_sdr	sdrC|sdrD|sdrE|serine-aspartate repeat	Serine-aspartate repeat adhesins	12
streptococcus_sanguinis	GCF_013378355.1	biofilm_sasG	sasG	Staphylococcal surface protein G	14
streptococcus_sanguinis	GCF_013378355.1	quorum_agr	agrA|agrB|agrC|agrD	Staphylococcal quorum sensing agr system	14
streptococcus_sanguinis	GCF_013378355.1	regulation_sarA	sarA	Staphylococcal accessory regulator	8
streptococcus_sanguinis	GCF_013378355.1	streptococcus_gtf	gtfB|gtfC|gtfD|glucosyltransferase	Glucosyltransferases	16
streptococcus_sanguinis	GCF_013378355.1	streptococcus_spaP	spaP|pac|antigen I/II	Streptococcal adhesin antigen I/II	19
streptococcus_sanguinis	GCF_013378355.1	biofilm_brpA	brpA	Biofilm regulatory protein A	1
streptococcus_sanguinis	GCF_013378355.1	competence_com	comC|comD|comE	Competence quorum sensing	16
streptococcus_sanguinis	GCF_013378355.1	regulation_vicRK	vicR|vicK|covR|covS	Two-component biofilm regulation	6
streptococcus_sanguinis	GCF_013378355.1	sortase	srtA|srtC|sortase	Sortase and surface protein anchoring	8
streptococcus_sanguinis	GCF_013378355.1	adhesion_enolase	eno|enolase	Surface-associated enolase	121
streptococcus_sanguinis	GCF_013378355.1	adhesion_fbp	fbp|fibronectin-binding	Fibronectin-binding protein	9
streptococcus_sanguinis	GCF_013378355.1	enterococcus_esp	esp|enterococcal surface protein	Enterococcal biofilm surface protein	143
streptococcus_sanguinis	GCF_013378355.1	enterococcus_ace	ace|collagen adhesin	Collagen-binding adhesin	334
streptococcus_sanguinis	GCF_013378355.1	enterococcus_efaA	efaA	Endocarditis-associated antigen	10
streptococcus_sanguinis	GCF_013378355.1	enterococcus_gelE	gelE|gelatinase	Gelatinase	13
streptococcus_sanguinis	GCF_013378355.1	enterococcus_fsr	fsrA|fsrB|fsrC	Enterococcal quorum sensing	2
streptococcus_sanguinis	GCF_013378355.1	pseudomonas_alg	algD|algU|algR	Alginate pathway	33
streptococcus_sanguinis	GCF_013378355.1	pseudomonas_pel	pelA|pelB|pelC|pelD|pelE|pelF|pelG	Pel exopolysaccharide	64
streptococcus_sanguinis	GCF_013378355.1	pseudomonas_psl	pslA|pslB|pslC|pslD|pslE	Psl exopolysaccharide	34
streptococcus_sanguinis	GCF_013378355.1	pseudomonas_las	lasI|lasR	Las quorum sensing	36
streptococcus_sanguinis	GCF_013378355.1	pseudomonas_rhl	rhlI|rhlR	Rhl quorum sensing	5
streptococcus_sanguinis	GCF_013378355.1	pseudomonas_pqs	pqsA|pqsB|pqsC|pqsD|pqsE|pqsR	PQS quorum sensing	13
streptococcus_sanguinis	GCF_013378355.1	pseudomonas_pili	pilA|pilB|pilT|type IV pilus	Type IV pili	50
streptococcus_sanguinis	GCF_013378355.1	pg_fimbriae	fimA|mfa1	Porphyromonas fimbriae	3
streptococcus_sanguinis	GCF_013378355.1	pg_gingipain	rgpA|rgpB|kgp	Gingipain proteases	43
streptococcus_sanguinis	GCF_013378355.1	pg_hagA	hagA	Hemagglutinin adhesin	2
streptococcus_sanguinis	GCF_013378355.1	fn_adhesin	fadA|fap2|radD|fomA	Fusobacterium adhesins	10
streptococcus_sanguinis	GCF_013378355.1	td_virulence	prtP|dentilisin|msp	Treponema denticola virulence	26
streptococcus_sanguinis	GCF_050220005.1	biofilm_ica	icaA|icaB|icaC|icaD|icaR	Staphylococcal intercellular adhesion locus	9
streptococcus_sanguinis	GCF_050220005.1	biofilm_accumulation	aap|accumulation-associated protein	Biofilm accumulation-associated protein	145
streptococcus_sanguinis	GCF_050220005.1	adhesion_autolysin	atlE|autolysin	Autolysin-mediated adhesion	17
streptococcus_sanguinis	GCF_050220005.1	adhesion_fibronectin	fnbA|fnbB|fibronectin	Fibronectin-binding proteins	2
streptococcus_sanguinis	GCF_050220005.1	adhesion_clumping	clfA|clfB|clumping factor	Clumping factors	2
streptococcus_sanguinis	GCF_050220005.1	adhesion_collagen	cna|collagen adhesin|collagen-binding	Collagen-binding adhesin	19
streptococcus_sanguinis	GCF_050220005.1	adhesion_sdr	sdrC|sdrD|sdrE|serine-aspartate repeat	Serine-aspartate repeat adhesins	15
streptococcus_sanguinis	GCF_050220005.1	biofilm_sasG	sasG	Staphylococcal surface protein G	14
streptococcus_sanguinis	GCF_050220005.1	quorum_agr	agrA|agrB|agrC|agrD	Staphylococcal quorum sensing agr system	18
streptococcus_sanguinis	GCF_050220005.1	regulation_sarA	sarA	Staphylococcal accessory regulator	10
streptococcus_sanguinis	GCF_050220005.1	streptococcus_gtf	gtfB|gtfC|gtfD|glucosyltransferase	Glucosyltransferases	16
streptococcus_sanguinis	GCF_050220005.1	streptococcus_gbp	gbpA|gbpB|gbpC|gbpD|glucan-binding	Glucan-binding proteins	2
streptococcus_sanguinis	GCF_050220005.1	streptococcus_spaP	spaP|pac|antigen I/II	Streptococcal adhesin antigen I/II	21
streptococcus_sanguinis	GCF_050220005.1	biofilm_brpA	brpA	Biofilm regulatory protein A	5
streptococcus_sanguinis	GCF_050220005.1	competence_com	comC|comD|comE	Competence quorum sensing	12
streptococcus_sanguinis	GCF_050220005.1	regulation_vicRK	vicR|vicK|covR|covS	Two-component biofilm regulation	5
streptococcus_sanguinis	GCF_050220005.1	sortase	srtA|srtC|sortase	Sortase and surface protein anchoring	9
streptococcus_sanguinis	GCF_050220005.1	adhesion_enolase	eno|enolase	Surface-associated enolase	140
streptococcus_sanguinis	GCF_050220005.1	adhesion_fbp	fbp|fibronectin-binding	Fibronectin-binding protein	7
streptococcus_sanguinis	GCF_050220005.1	enterococcus_esp	esp|enterococcal surface protein	Enterococcal biofilm surface protein	140
streptococcus_sanguinis	GCF_050220005.1	enterococcus_ace	ace|collagen adhesin	Collagen-binding adhesin	334
streptococcus_sanguinis	GCF_050220005.1	enterococcus_efaA	efaA	Endocarditis-associated antigen	12
streptococcus_sanguinis	GCF_050220005.1	enterococcus_gelE	gelE|gelatinase	Gelatinase	11
streptococcus_sanguinis	GCF_050220005.1	enterococcus_fsr	fsrA|fsrB|fsrC	Enterococcal quorum sensing	2
streptococcus_sanguinis	GCF_050220005.1	pseudomonas_alg	algD|algU|algR	Alginate pathway	25
streptococcus_sanguinis	GCF_050220005.1	pseudomonas_pel	pelA|pelB|pelC|pelD|pelE|pelF|pelG	Pel exopolysaccharide	72
streptococcus_sanguinis	GCF_050220005.1	pseudomonas_psl	pslA|pslB|pslC|pslD|pslE	Psl exopolysaccharide	37
streptococcus_sanguinis	GCF_050220005.1	pseudomonas_las	lasI|lasR	Las quorum sensing	39
streptococcus_sanguinis	GCF_050220005.1	pseudomonas_rhl	rhlI|rhlR	Rhl quorum sensing	8
streptococcus_sanguinis	GCF_050220005.1	pseudomonas_pqs	pqsA|pqsB|pqsC|pqsD|pqsE|pqsR	PQS quorum sensing	13
streptococcus_sanguinis	GCF_050220005.1	pseudomonas_pili	pilA|pilB|pilT|type IV pilus	Type IV pili	48
streptococcus_sanguinis	GCF_050220005.1	pg_fimbriae	fimA|mfa1	Porphyromonas fimbriae	4
streptococcus_sanguinis	GCF_050220005.1	pg_gingipain	rgpA|rgpB|kgp	Gingipain proteases	43
streptococcus_sanguinis	GCF_050220005.1	pg_hagA	hagA	Hemagglutinin adhesin	3
streptococcus_sanguinis	GCF_050220005.1	fn_adhesin	fadA|fap2|radD|fomA	Fusobacterium adhesins	4
streptococcus_sanguinis	GCF_050220005.1	td_virulence	prtP|dentilisin|msp	Treponema denticola virulence	25
streptococcus_sanguinis	GCF_050220455.1	biofilm_ica	icaA|icaB|icaC|icaD|icaR	Staphylococcal intercellular adhesion locus	7
streptococcus_sanguinis	GCF_050220455.1	biofilm_accumulation	aap|accumulation-associated protein	Biofilm accumulation-associated protein	141
streptococcus_sanguinis	GCF_050220455.1	adhesion_autolysin	atlE|autolysin	Autolysin-mediated adhesion	15
streptococcus_sanguinis	GCF_050220455.1	adhesion_fibronectin	fnbA|fnbB|fibronectin	Fibronectin-binding proteins	2
streptococcus_sanguinis	GCF_050220455.1	adhesion_clumping	clfA|clfB|clumping factor	Clumping factors	2
streptococcus_sanguinis	GCF_050220455.1	adhesion_collagen	cna|collagen adhesin|collagen-binding	Collagen-binding adhesin	20
streptococcus_sanguinis	GCF_050220455.1	adhesion_sdr	sdrC|sdrD|sdrE|serine-aspartate repeat	Serine-aspartate repeat adhesins	11
streptococcus_sanguinis	GCF_050220455.1	biofilm_sasG	sasG	Staphylococcal surface protein G	13
streptococcus_sanguinis	GCF_050220455.1	quorum_agr	agrA|agrB|agrC|agrD	Staphylococcal quorum sensing agr system	16
streptococcus_sanguinis	GCF_050220455.1	regulation_sarA	sarA	Staphylococcal accessory regulator	8
streptococcus_sanguinis	GCF_050220455.1	streptococcus_gtf	gtfB|gtfC|gtfD|glucosyltransferase	Glucosyltransferases	14
streptococcus_sanguinis	GCF_050220455.1	streptococcus_gbp	gbpA|gbpB|gbpC|gbpD|glucan-binding	Glucan-binding proteins	2
streptococcus_sanguinis	GCF_050220455.1	streptococcus_spaP	spaP|pac|antigen I/II	Streptococcal adhesin antigen I/II	19
streptococcus_sanguinis	GCF_050220455.1	biofilm_brpA	brpA	Biofilm regulatory protein A	5
streptococcus_sanguinis	GCF_050220455.1	competence_com	comC|comD|comE	Competence quorum sensing	12
streptococcus_sanguinis	GCF_050220455.1	regulation_vicRK	vicR|vicK|covR|covS	Two-component biofilm regulation	6
streptococcus_sanguinis	GCF_050220455.1	sortase	srtA|srtC|sortase	Sortase and surface protein anchoring	6
streptococcus_sanguinis	GCF_050220455.1	adhesion_enolase	eno|enolase	Surface-associated enolase	130
streptococcus_sanguinis	GCF_050220455.1	adhesion_fbp	fbp|fibronectin-binding	Fibronectin-binding protein	7
streptococcus_sanguinis	GCF_050220455.1	enterococcus_esp	esp|enterococcal surface protein	Enterococcal biofilm surface protein	139
streptococcus_sanguinis	GCF_050220455.1	enterococcus_ace	ace|collagen adhesin	Collagen-binding adhesin	330
streptococcus_sanguinis	GCF_050220455.1	enterococcus_efaA	efaA	Endocarditis-associated antigen	12
streptococcus_sanguinis	GCF_050220455.1	enterococcus_gelE	gelE|gelatinase	Gelatinase	14
streptococcus_sanguinis	GCF_050220455.1	enterococcus_fsr	fsrA|fsrB|fsrC	Enterococcal quorum sensing	3
streptococcus_sanguinis	GCF_050220455.1	pseudomonas_alg	algD|algU|algR	Alginate pathway	26
streptococcus_sanguinis	GCF_050220455.1	pseudomonas_pel	pelA|pelB|pelC|pelD|pelE|pelF|pelG	Pel exopolysaccharide	77
streptococcus_sanguinis	GCF_050220455.1	pseudomonas_psl	pslA|pslB|pslC|pslD|pslE	Psl exopolysaccharide	40
streptococcus_sanguinis	GCF_050220455.1	pseudomonas_las	lasI|lasR	Las quorum sensing	44
streptococcus_sanguinis	GCF_050220455.1	pseudomonas_rhl	rhlI|rhlR	Rhl quorum sensing	11
streptococcus_sanguinis	GCF_050220455.1	pseudomonas_pqs	pqsA|pqsB|pqsC|pqsD|pqsE|pqsR	PQS quorum sensing	16
streptococcus_sanguinis	GCF_050220455.1	pseudomonas_pili	pilA|pilB|pilT|type IV pilus	Type IV pili	46
streptococcus_sanguinis	GCF_050220455.1	pg_fimbriae	fimA|mfa1	Porphyromonas fimbriae	3
streptococcus_sanguinis	GCF_050220455.1	pg_gingipain	rgpA|rgpB|kgp	Gingipain proteases	39
streptococcus_sanguinis	GCF_050220455.1	pg_hagA	hagA	Hemagglutinin adhesin	3
streptococcus_sanguinis	GCF_050220455.1	fn_adhesin	fadA|fap2|radD|fomA	Fusobacterium adhesins	6
streptococcus_sanguinis	GCF_050220455.1	td_virulence	prtP|dentilisin|msp	Treponema denticola virulence	24
streptococcus_sanguinis	GCF_900475505.1	biofilm_ica	icaA|icaB|icaC|icaD|icaR	Staphylococcal intercellular adhesion locus	10
streptococcus_sanguinis	GCF_900475505.1	biofilm_accumulation	aap|accumulation-associated protein	Biofilm accumulation-associated protein	140
streptococcus_sanguinis	GCF_900475505.1	adhesion_autolysin	atlE|autolysin	Autolysin-mediated adhesion	13
streptococcus_sanguinis	GCF_900475505.1	adhesion_fibronectin	fnbA|fnbB|fibronectin	Fibronectin-binding proteins	2
streptococcus_sanguinis	GCF_900475505.1	adhesion_clumping	clfA|clfB|clumping factor	Clumping factors	2
streptococcus_sanguinis	GCF_900475505.1	adhesion_collagen	cna|collagen adhesin|collagen-binding	Collagen-binding adhesin	22
streptococcus_sanguinis	GCF_900475505.1	adhesion_sdr	sdrC|sdrD|sdrE|serine-aspartate repeat	Serine-aspartate repeat adhesins	12
streptococcus_sanguinis	GCF_900475505.1	biofilm_sasG	sasG	Staphylococcal surface protein G	13
streptococcus_sanguinis	GCF_900475505.1	quorum_agr	agrA|agrB|agrC|agrD	Staphylococcal quorum sensing agr system	15
streptococcus_sanguinis	GCF_900475505.1	regulation_sarA	sarA	Staphylococcal accessory regulator	8
streptococcus_sanguinis	GCF_900475505.1	streptococcus_gtf	gtfB|gtfC|gtfD|glucosyltransferase	Glucosyltransferases	15
streptococcus_sanguinis	GCF_900475505.1	streptococcus_spaP	spaP|pac|antigen I/II	Streptococcal adhesin antigen I/II	20
streptococcus_sanguinis	GCF_900475505.1	biofilm_brpA	brpA	Biofilm regulatory protein A	1
streptococcus_sanguinis	GCF_900475505.1	competence_com	comC|comD|comE	Competence quorum sensing	12
streptococcus_sanguinis	GCF_900475505.1	regulation_vicRK	vicR|vicK|covR|covS	Two-component biofilm regulation	6
streptococcus_sanguinis	GCF_900475505.1	sortase	srtA|srtC|sortase	Sortase and surface protein anchoring	6
streptococcus_sanguinis	GCF_900475505.1	adhesion_enolase	eno|enolase	Surface-associated enolase	136
streptococcus_sanguinis	GCF_900475505.1	adhesion_fbp	fbp|fibronectin-binding	Fibronectin-binding protein	7
streptococcus_sanguinis	GCF_900475505.1	enterococcus_esp	esp|enterococcal surface protein	Enterococcal biofilm surface protein	150
streptococcus_sanguinis	GCF_900475505.1	enterococcus_ace	ace|collagen adhesin	Collagen-binding adhesin	308
streptococcus_sanguinis	GCF_900475505.1	enterococcus_efaA	efaA	Endocarditis-associated antigen	13
streptococcus_sanguinis	GCF_900475505.1	enterococcus_gelE	gelE|gelatinase	Gelatinase	12
streptococcus_sanguinis	GCF_900475505.1	enterococcus_fsr	fsrA|fsrB|fsrC	Enterococcal quorum sensing	2
streptococcus_sanguinis	GCF_900475505.1	pseudomonas_alg	algD|algU|algR	Alginate pathway	22
streptococcus_sanguinis	GCF_900475505.1	pseudomonas_pel	pelA|pelB|pelC|pelD|pelE|pelF|pelG	Pel exopolysaccharide	71
streptococcus_sanguinis	GCF_900475505.1	pseudomonas_psl	pslA|pslB|pslC|pslD|pslE	Psl exopolysaccharide	38
streptococcus_sanguinis	GCF_900475505.1	pseudomonas_las	lasI|lasR	Las quorum sensing	36
streptococcus_sanguinis	GCF_900475505.1	pseudomonas_rhl	rhlI|rhlR	Rhl quorum sensing	9
streptococcus_sanguinis	GCF_900475505.1	pseudomonas_pqs	pqsA|pqsB|pqsC|pqsD|pqsE|pqsR	PQS quorum sensing	12
streptococcus_sanguinis	GCF_900475505.1	pseudomonas_pili	pilA|pilB|pilT|type IV pilus	Type IV pili	48
streptococcus_sanguinis	GCF_900475505.1	pg_fimbriae	fimA|mfa1	Porphyromonas fimbriae	3
streptococcus_sanguinis	GCF_900475505.1	pg_gingipain	rgpA|rgpB|kgp	Gingipain proteases	41
streptococcus_sanguinis	GCF_900475505.1	pg_hagA	hagA	Hemagglutinin adhesin	2
streptococcus_sanguinis	GCF_900475505.1	fn_adhesin	fadA|fap2|radD|fomA	Fusobacterium adhesins	5
streptococcus_sanguinis	GCF_900475505.1	td_virulence	prtP|dentilisin|msp	Treponema denticola virulence	26
tannerella_forsythia	GCF_000238215.1	biofilm_ica	icaA|icaB|icaC|icaD|icaR	Staphylococcal intercellular adhesion locus	15
tannerella_forsythia	GCF_000238215.1	biofilm_accumulation	aap|accumulation-associated protein	Biofilm accumulation-associated protein	134
tannerella_forsythia	GCF_000238215.1	adhesion_autolysin	atlE|autolysin	Autolysin-mediated adhesion	25
tannerella_forsythia	GCF_000238215.1	adhesion_fibronectin	fnbA|fnbB|fibronectin	Fibronectin-binding proteins	4
tannerella_forsythia	GCF_000238215.1	adhesion_clumping	clfA|clfB|clumping factor	Clumping factors	7
tannerella_forsythia	GCF_000238215.1	adhesion_collagen	cna|collagen adhesin|collagen-binding	Collagen-binding adhesin	41
tannerella_forsythia	GCF_000238215.1	adhesion_sdr	sdrC|sdrD|sdrE|serine-aspartate repeat	Serine-aspartate repeat adhesins	24
tannerella_forsythia	GCF_000238215.1	biofilm_sasG	sasG	Staphylococcal surface protein G	17
tannerella_forsythia	GCF_000238215.1	quorum_agr	agrA|agrB|agrC|agrD	Staphylococcal quorum sensing agr system	41
tannerella_forsythia	GCF_000238215.1	regulation_sarA	sarA	Staphylococcal accessory regulator	10
tannerella_forsythia	GCF_000238215.1	streptococcus_gtf	gtfB|gtfC|gtfD|glucosyltransferase	Glucosyltransferases	23
tannerella_forsythia	GCF_000238215.1	streptococcus_spaP	spaP|pac|antigen I/II	Streptococcal adhesin antigen I/II	42
tannerella_forsythia	GCF_000238215.1	competence_com	comC|comD|comE	Competence quorum sensing	2
tannerella_forsythia	GCF_000238215.1	regulation_vicRK	vicR|vicK|covR|covS	Two-component biofilm regulation	6
tannerella_forsythia	GCF_000238215.1	sortase	srtA|srtC|sortase	Sortase and surface protein anchoring	7
tannerella_forsythia	GCF_000238215.1	adhesion_enolase	eno|enolase	Surface-associated enolase	150
tannerella_forsythia	GCF_000238215.1	enterococcus_esp	esp|enterococcal surface protein	Enterococcal biofilm surface protein	175
tannerella_forsythia	GCF_000238215.1	enterococcus_ace	ace|collagen adhesin	Collagen-binding adhesin	247
tannerella_forsythia	GCF_000238215.1	enterococcus_efaA	efaA	Endocarditis-associated antigen	8
tannerella_forsythia	GCF_000238215.1	enterococcus_gelE	gelE|gelatinase	Gelatinase	21
tannerella_forsythia	GCF_000238215.1	enterococcus_fsr	fsrA|fsrB|fsrC	Enterococcal quorum sensing	13
tannerella_forsythia	GCF_000238215.1	pseudomonas_alg	algD|algU|algR	Alginate pathway	36
tannerella_forsythia	GCF_000238215.1	pseudomonas_pel	pelA|pelB|pelC|pelD|pelE|pelF|pelG	Pel exopolysaccharide	79
tannerella_forsythia	GCF_000238215.1	pseudomonas_psl	pslA|pslB|pslC|pslD|pslE	Psl exopolysaccharide	36
tannerella_forsythia	GCF_000238215.1	pseudomonas_las	lasI|lasR	Las quorum sensing	29
tannerella_forsythia	GCF_000238215.1	pseudomonas_rhl	rhlI|rhlR	Rhl quorum sensing	13
tannerella_forsythia	GCF_000238215.1	pseudomonas_pqs	pqsA|pqsB|pqsC|pqsD|pqsE|pqsR	PQS quorum sensing	30
tannerella_forsythia	GCF_000238215.1	pseudomonas_pili	pilA|pilB|pilT|type IV pilus	Type IV pili	19
tannerella_forsythia	GCF_000238215.1	pg_fimbriae	fimA|mfa1	Porphyromonas fimbriae	2
tannerella_forsythia	GCF_000238215.1	pg_gingipain	rgpA|rgpB|kgp	Gingipain proteases	49
tannerella_forsythia	GCF_000238215.1	pg_hagA	hagA	Hemagglutinin adhesin	3
tannerella_forsythia	GCF_000238215.1	fn_adhesin	fadA|fap2|radD|fomA	Fusobacterium adhesins	28
tannerella_forsythia	GCF_000238215.1	tf_bspA	bspA	Tannerella BspA adhesin	5
tannerella_forsythia	GCF_000238215.1	td_virulence	prtP|dentilisin|msp	Treponema denticola virulence	74
tannerella_forsythia	GCF_001547855.1	biofilm_ica	icaA|icaB|icaC|icaD|icaR	Staphylococcal intercellular adhesion locus	15
tannerella_forsythia	GCF_001547855.1	biofilm_accumulation	aap|accumulation-associated protein	Biofilm accumulation-associated protein	138
tannerella_forsythia	GCF_001547855.1	adhesion_autolysin	atlE|autolysin	Autolysin-mediated adhesion	21
tannerella_forsythia	GCF_001547855.1	adhesion_fibronectin	fnbA|fnbB|fibronectin	Fibronectin-binding proteins	2
tannerella_forsythia	GCF_001547855.1	adhesion_clumping	clfA|clfB|clumping factor	Clumping factors	5
tannerella_forsythia	GCF_001547855.1	adhesion_collagen	cna|collagen adhesin|collagen-binding	Collagen-binding adhesin	37
tannerella_forsythia	GCF_001547855.1	adhesion_sdr	sdrC|sdrD|sdrE|serine-aspartate repeat	Serine-aspartate repeat adhesins	24
tannerella_forsythia	GCF_001547855.1	biofilm_sasG	sasG	Staphylococcal surface protein G	19
tannerella_forsythia	GCF_001547855.1	quorum_agr	agrA|agrB|agrC|agrD	Staphylococcal quorum sensing agr system	37
tannerella_forsythia	GCF_001547855.1	regulation_sarA	sarA	Staphylococcal accessory regulator	12
tannerella_forsythia	GCF_001547855.1	streptococcus_gtf	gtfB|gtfC|gtfD|glucosyltransferase	Glucosyltransferases	25
tannerella_forsythia	GCF_001547855.1	streptococcus_spaP	spaP|pac|antigen I/II	Streptococcal adhesin antigen I/II	38
tannerella_forsythia	GCF_001547855.1	competence_com	comC|comD|comE	Competence quorum sensing	2
tannerella_forsythia	GCF_001547855.1	regulation_vicRK	vicR|vicK|covR|covS	Two-component biofilm regulation	6
tannerella_forsythia	GCF_001547855.1	sortase	srtA|srtC|sortase	Sortase and surface protein anchoring	11
tannerella_forsythia	GCF_001547855.1	adhesion_enolase	eno|enolase	Surface-associated enolase	152
tannerella_forsythia	GCF_001547855.1	enterococcus_esp	esp|enterococcal surface protein	Enterococcal biofilm surface protein	165
tannerella_forsythia	GCF_001547855.1	enterococcus_ace	ace|collagen adhesin	Collagen-binding adhesin	251
tannerella_forsythia	GCF_001547855.1	enterococcus_efaA	efaA	Endocarditis-associated antigen	7
tannerella_forsythia	GCF_001547855.1	enterococcus_gelE	gelE|gelatinase	Gelatinase	21
tannerella_forsythia	GCF_001547855.1	enterococcus_fsr	fsrA|fsrB|fsrC	Enterococcal quorum sensing	12
tannerella_forsythia	GCF_001547855.1	pseudomonas_alg	algD|algU|algR	Alginate pathway	35
tannerella_forsythia	GCF_001547855.1	pseudomonas_pel	pelA|pelB|pelC|pelD|pelE|pelF|pelG	Pel exopolysaccharide	77
tannerella_forsythia	GCF_001547855.1	pseudomonas_psl	pslA|pslB|pslC|pslD|pslE	Psl exopolysaccharide	38
tannerella_forsythia	GCF_001547855.1	pseudomonas_las	lasI|lasR	Las quorum sensing	30
tannerella_forsythia	GCF_001547855.1	pseudomonas_rhl	rhlI|rhlR	Rhl quorum sensing	16
tannerella_forsythia	GCF_001547855.1	pseudomonas_pqs	pqsA|pqsB|pqsC|pqsD|pqsE|pqsR	PQS quorum sensing	28
tannerella_forsythia	GCF_001547855.1	pseudomonas_pili	pilA|pilB|pilT|type IV pilus	Type IV pili	18
tannerella_forsythia	GCF_001547855.1	pg_fimbriae	fimA|mfa1	Porphyromonas fimbriae	3
tannerella_forsythia	GCF_001547855.1	pg_gingipain	rgpA|rgpB|kgp	Gingipain proteases	50
tannerella_forsythia	GCF_001547855.1	pg_hagA	hagA	Hemagglutinin adhesin	3
tannerella_forsythia	GCF_001547855.1	fn_adhesin	fadA|fap2|radD|fomA	Fusobacterium adhesins	28
tannerella_forsythia	GCF_001547855.1	td_virulence	prtP|dentilisin|msp	Treponema denticola virulence	69
tannerella_forsythia	GCF_001547875.1	biofilm_ica	icaA|icaB|icaC|icaD|icaR	Staphylococcal intercellular adhesion locus	13
tannerella_forsythia	GCF_001547875.1	biofilm_accumulation	aap|accumulation-associated protein	Biofilm accumulation-associated protein	133
tannerella_forsythia	GCF_001547875.1	adhesion_autolysin	atlE|autolysin	Autolysin-mediated adhesion	22
tannerella_forsythia	GCF_001547875.1	adhesion_fibronectin	fnbA|fnbB|fibronectin	Fibronectin-binding proteins	6
tannerella_forsythia	GCF_001547875.1	adhesion_clumping	clfA|clfB|clumping factor	Clumping factors	6
tannerella_forsythia	GCF_001547875.1	adhesion_collagen	cna|collagen adhesin|collagen-binding	Collagen-binding adhesin	39
tannerella_forsythia	GCF_001547875.1	adhesion_sdr	sdrC|sdrD|sdrE|serine-aspartate repeat	Serine-aspartate repeat adhesins	22
tannerella_forsythia	GCF_001547875.1	biofilm_sasG	sasG	Staphylococcal surface protein G	14
tannerella_forsythia	GCF_001547875.1	quorum_agr	agrA|agrB|agrC|agrD	Staphylococcal quorum sensing agr system	35
tannerella_forsythia	GCF_001547875.1	regulation_sarA	sarA	Staphylococcal accessory regulator	11
tannerella_forsythia	GCF_001547875.1	streptococcus_gtf	gtfB|gtfC|gtfD|glucosyltransferase	Glucosyltransferases	25
tannerella_forsythia	GCF_001547875.1	streptococcus_spaP	spaP|pac|antigen I/II	Streptococcal adhesin antigen I/II	40
tannerella_forsythia	GCF_001547875.1	competence_com	comC|comD|comE	Competence quorum sensing	4
tannerella_forsythia	GCF_001547875.1	regulation_vicRK	vicR|vicK|covR|covS	Two-component biofilm regulation	6
tannerella_forsythia	GCF_001547875.1	sortase	srtA|srtC|sortase	Sortase and surface protein anchoring	7
tannerella_forsythia	GCF_001547875.1	adhesion_enolase	eno|enolase	Surface-associated enolase	150
tannerella_forsythia	GCF_001547875.1	enterococcus_esp	esp|enterococcal surface protein	Enterococcal biofilm surface protein	156
tannerella_forsythia	GCF_001547875.1	enterococcus_ace	ace|collagen adhesin	Collagen-binding adhesin	257
tannerella_forsythia	GCF_001547875.1	enterococcus_efaA	efaA	Endocarditis-associated antigen	8
tannerella_forsythia	GCF_001547875.1	enterococcus_gelE	gelE|gelatinase	Gelatinase	22
tannerella_forsythia	GCF_001547875.1	enterococcus_fsr	fsrA|fsrB|fsrC	Enterococcal quorum sensing	11
tannerella_forsythia	GCF_001547875.1	pseudomonas_alg	algD|algU|algR	Alginate pathway	34
tannerella_forsythia	GCF_001547875.1	pseudomonas_pel	pelA|pelB|pelC|pelD|pelE|pelF|pelG	Pel exopolysaccharide	78
tannerella_forsythia	GCF_001547875.1	pseudomonas_psl	pslA|pslB|pslC|pslD|pslE	Psl exopolysaccharide	38
tannerella_forsythia	GCF_001547875.1	pseudomonas_las	lasI|lasR	Las quorum sensing	33
tannerella_forsythia	GCF_001547875.1	pseudomonas_rhl	rhlI|rhlR	Rhl quorum sensing	15
tannerella_forsythia	GCF_001547875.1	pseudomonas_pqs	pqsA|pqsB|pqsC|pqsD|pqsE|pqsR	PQS quorum sensing	25
tannerella_forsythia	GCF_001547875.1	pseudomonas_pili	pilA|pilB|pilT|type IV pilus	Type IV pili	17
tannerella_forsythia	GCF_001547875.1	pg_fimbriae	fimA|mfa1	Porphyromonas fimbriae	1
tannerella_forsythia	GCF_001547875.1	pg_gingipain	rgpA|rgpB|kgp	Gingipain proteases	50
tannerella_forsythia	GCF_001547875.1	pg_hagA	hagA	Hemagglutinin adhesin	3
tannerella_forsythia	GCF_001547875.1	fn_adhesin	fadA|fap2|radD|fomA	Fusobacterium adhesins	29
tannerella_forsythia	GCF_001547875.1	td_virulence	prtP|dentilisin|msp	Treponema denticola virulence	75
treponema_denticola	GCF_024181405.1	biofilm_ica	icaA|icaB|icaC|icaD|icaR	Staphylococcal intercellular adhesion locus	21
treponema_denticola	GCF_024181405.1	biofilm_accumulation	aap|accumulation-associated protein	Biofilm accumulation-associated protein	118
treponema_denticola	GCF_024181405.1	adhesion_autolysin	atlE|autolysin	Autolysin-mediated adhesion	10
treponema_denticola	GCF_024181405.1	adhesion_fibronectin	fnbA|fnbB|fibronectin	Fibronectin-binding proteins	8
treponema_denticola	GCF_024181405.1	adhesion_clumping	clfA|clfB|clumping factor	Clumping factors	3
treponema_denticola	GCF_024181405.1	adhesion_collagen	cna|collagen adhesin|collagen-binding	Collagen-binding adhesin	27
treponema_denticola	GCF_024181405.1	adhesion_sdr	sdrC|sdrD|sdrE|serine-aspartate repeat	Serine-aspartate repeat adhesins	14
treponema_denticola	GCF_024181405.1	biofilm_sasG	sasG	Staphylococcal surface protein G	17
treponema_denticola	GCF_024181405.1	quorum_agr	agrA|agrB|agrC|agrD	Staphylococcal quorum sensing agr system	20
treponema_denticola	GCF_024181405.1	regulation_sarA	sarA	Staphylococcal accessory regulator	15
treponema_denticola	GCF_024181405.1	streptococcus_gtf	gtfB|gtfC|gtfD|glucosyltransferase	Glucosyltransferases	12
treponema_denticola	GCF_024181405.1	streptococcus_spaP	spaP|pac|antigen I/II	Streptococcal adhesin antigen I/II	38
treponema_denticola	GCF_024181405.1	competence_com	comC|comD|comE	Competence quorum sensing	2
treponema_denticola	GCF_024181405.1	regulation_vicRK	vicR|vicK|covR|covS	Two-component biofilm regulation	7
treponema_denticola	GCF_024181405.1	sortase	srtA|srtC|sortase	Sortase and surface protein anchoring	11
treponema_denticola	GCF_024181405.1	adhesion_enolase	eno|enolase	Surface-associated enolase	136
treponema_denticola	GCF_024181405.1	enterococcus_esp	esp|enterococcal surface protein	Enterococcal biofilm surface protein	136
treponema_denticola	GCF_024181405.1	enterococcus_ace	ace|collagen adhesin	Collagen-binding adhesin	193
treponema_denticola	GCF_024181405.1	enterococcus_efaA	efaA	Endocarditis-associated antigen	14
treponema_denticola	GCF_024181405.1	enterococcus_gelE	gelE|gelatinase	Gelatinase	13
treponema_denticola	GCF_024181405.1	enterococcus_fsr	fsrA|fsrB|fsrC	Enterococcal quorum sensing	7
treponema_denticola	GCF_024181405.1	pseudomonas_alg	algD|algU|algR	Alginate pathway	29
treponema_denticola	GCF_024181405.1	pseudomonas_pel	pelA|pelB|pelC|pelD|pelE|pelF|pelG	Pel exopolysaccharide	52
treponema_denticola	GCF_024181405.1	pseudomonas_psl	pslA|pslB|pslC|pslD|pslE	Psl exopolysaccharide	29
treponema_denticola	GCF_024181405.1	pseudomonas_las	lasI|lasR	Las quorum sensing	48
treponema_denticola	GCF_024181405.1	pseudomonas_rhl	rhlI|rhlR	Rhl quorum sensing	7
treponema_denticola	GCF_024181405.1	pseudomonas_pqs	pqsA|pqsB|pqsC|pqsD|pqsE|pqsR	PQS quorum sensing	17
treponema_denticola	GCF_024181405.1	pseudomonas_pili	pilA|pilB|pilT|type IV pilus	Type IV pili	26
treponema_denticola	GCF_024181405.1	pg_fimbriae	fimA|mfa1	Porphyromonas fimbriae	3
treponema_denticola	GCF_024181405.1	pg_gingipain	rgpA|rgpB|kgp	Gingipain proteases	71
treponema_denticola	GCF_024181405.1	pg_hagA	hagA	Hemagglutinin adhesin	5
treponema_denticola	GCF_024181405.1	fn_adhesin	fadA|fap2|radD|fomA	Fusobacterium adhesins	19
treponema_denticola	GCF_024181405.1	td_virulence	prtP|dentilisin|msp	Treponema denticola virulence	55
treponema_denticola	GCF_024181425.1	biofilm_ica	icaA|icaB|icaC|icaD|icaR	Staphylococcal intercellular adhesion locus	21
treponema_denticola	GCF_024181425.1	biofilm_accumulation	aap|accumulation-associated protein	Biofilm accumulation-associated protein	121
treponema_denticola	GCF_024181425.1	adhesion_autolysin	atlE|autolysin	Autolysin-mediated adhesion	9
treponema_denticola	GCF_024181425.1	adhesion_fibronectin	fnbA|fnbB|fibronectin	Fibronectin-binding proteins	6
treponema_denticola	GCF_024181425.1	adhesion_clumping	clfA|clfB|clumping factor	Clumping factors	5
treponema_denticola	GCF_024181425.1	adhesion_collagen	cna|collagen adhesin|collagen-binding	Collagen-binding adhesin	35
treponema_denticola	GCF_024181425.1	adhesion_sdr	sdrC|sdrD|sdrE|serine-aspartate repeat	Serine-aspartate repeat adhesins	10
treponema_denticola	GCF_024181425.1	biofilm_sasG	sasG	Staphylococcal surface protein G	23
treponema_denticola	GCF_024181425.1	quorum_agr	agrA|agrB|agrC|agrD	Staphylococcal quorum sensing agr system	14
treponema_denticola	GCF_024181425.1	regulation_sarA	sarA	Staphylococcal accessory regulator	14
treponema_denticola	GCF_024181425.1	streptococcus_gtf	gtfB|gtfC|gtfD|glucosyltransferase	Glucosyltransferases	7
treponema_denticola	GCF_024181425.1	streptococcus_spaP	spaP|pac|antigen I/II	Streptococcal adhesin antigen I/II	32
treponema_denticola	GCF_024181425.1	competence_com	comC|comD|comE	Competence quorum sensing	2
treponema_denticola	GCF_024181425.1	regulation_vicRK	vicR|vicK|covR|covS	Two-component biofilm regulation	8
treponema_denticola	GCF_024181425.1	sortase	srtA|srtC|sortase	Sortase and surface protein anchoring	14
treponema_denticola	GCF_024181425.1	adhesion_enolase	eno|enolase	Surface-associated enolase	138
treponema_denticola	GCF_024181425.1	enterococcus_esp	esp|enterococcal surface protein	Enterococcal biofilm surface protein	127
treponema_denticola	GCF_024181425.1	enterococcus_ace	ace|collagen adhesin	Collagen-binding adhesin	205
treponema_denticola	GCF_024181425.1	enterococcus_efaA	efaA	Endocarditis-associated antigen	15
treponema_denticola	GCF_024181425.1	enterococcus_gelE	gelE|gelatinase	Gelatinase	11
treponema_denticola	GCF_024181425.1	enterococcus_fsr	fsrA|fsrB|fsrC	Enterococcal quorum sensing	4
treponema_denticola	GCF_024181425.1	pseudomonas_alg	algD|algU|algR	Alginate pathway	28
treponema_denticola	GCF_024181425.1	pseudomonas_pel	pelA|pelB|pelC|pelD|pelE|pelF|pelG	Pel exopolysaccharide	44
treponema_denticola	GCF_024181425.1	pseudomonas_psl	pslA|pslB|pslC|pslD|pslE	Psl exopolysaccharide	32
treponema_denticola	GCF_024181425.1	pseudomonas_las	lasI|lasR	Las quorum sensing	43
treponema_denticola	GCF_024181425.1	pseudomonas_rhl	rhlI|rhlR	Rhl quorum sensing	3
treponema_denticola	GCF_024181425.1	pseudomonas_pqs	pqsA|pqsB|pqsC|pqsD|pqsE|pqsR	PQS quorum sensing	11
treponema_denticola	GCF_024181425.1	pseudomonas_pili	pilA|pilB|pilT|type IV pilus	Type IV pili	32
treponema_denticola	GCF_024181425.1	pg_fimbriae	fimA|mfa1	Porphyromonas fimbriae	3
treponema_denticola	GCF_024181425.1	pg_gingipain	rgpA|rgpB|kgp	Gingipain proteases	70
treponema_denticola	GCF_024181425.1	pg_hagA	hagA	Hemagglutinin adhesin	5
treponema_denticola	GCF_024181425.1	fn_adhesin	fadA|fap2|radD|fomA	Fusobacterium adhesins	18
treponema_denticola	GCF_024181425.1	td_virulence	prtP|dentilisin|msp	Treponema denticola virulence	65
treponema_denticola	GCF_024181445.1	biofilm_ica	icaA|icaB|icaC|icaD|icaR	Staphylococcal intercellular adhesion locus	25
treponema_denticola	GCF_024181445.1	biofilm_accumulation	aap|accumulation-associated protein	Biofilm accumulation-associated protein	129
treponema_denticola	GCF_024181445.1	adhesion_autolysin	atlE|autolysin	Autolysin-mediated adhesion	10
treponema_denticola	GCF_024181445.1	adhesion_fibronectin	fnbA|fnbB|fibronectin	Fibronectin-binding proteins	6
treponema_denticola	GCF_024181445.1	adhesion_clumping	clfA|clfB|clumping factor	Clumping factors	3
treponema_denticola	GCF_024181445.1	adhesion_collagen	cna|collagen adhesin|collagen-binding	Collagen-binding adhesin	38
treponema_denticola	GCF_024181445.1	adhesion_sdr	sdrC|sdrD|sdrE|serine-aspartate repeat	Serine-aspartate repeat adhesins	10
treponema_denticola	GCF_024181445.1	biofilm_sasG	sasG	Staphylococcal surface protein G	21
treponema_denticola	GCF_024181445.1	quorum_agr	agrA|agrB|agrC|agrD	Staphylococcal quorum sensing agr system	16
treponema_denticola	GCF_024181445.1	regulation_sarA	sarA	Staphylococcal accessory regulator	12
treponema_denticola	GCF_024181445.1	streptococcus_gtf	gtfB|gtfC|gtfD|glucosyltransferase	Glucosyltransferases	8
treponema_denticola	GCF_024181445.1	streptococcus_spaP	spaP|pac|antigen I/II	Streptococcal adhesin antigen I/II	36
treponema_denticola	GCF_024181445.1	competence_com	comC|comD|comE	Competence quorum sensing	2
treponema_denticola	GCF_024181445.1	regulation_vicRK	vicR|vicK|covR|covS	Two-component biofilm regulation	6
treponema_denticola	GCF_024181445.1	sortase	srtA|srtC|sortase	Sortase and surface protein anchoring	14
treponema_denticola	GCF_024181445.1	adhesion_enolase	eno|enolase	Surface-associated enolase	139
treponema_denticola	GCF_024181445.1	enterococcus_esp	esp|enterococcal surface protein	Enterococcal biofilm surface protein	132
treponema_denticola	GCF_024181445.1	enterococcus_ace	ace|collagen adhesin	Collagen-binding adhesin	208
treponema_denticola	GCF_024181445.1	enterococcus_efaA	efaA	Endocarditis-associated antigen	15
treponema_denticola	GCF_024181445.1	enterococcus_gelE	gelE|gelatinase	Gelatinase	13
treponema_denticola	GCF_024181445.1	enterococcus_fsr	fsrA|fsrB|fsrC	Enterococcal quorum sensing	5
treponema_denticola	GCF_024181445.1	pseudomonas_alg	algD|algU|algR	Alginate pathway	31
treponema_denticola	GCF_024181445.1	pseudomonas_pel	pelA|pelB|pelC|pelD|pelE|pelF|pelG	Pel exopolysaccharide	48
treponema_denticola	GCF_024181445.1	pseudomonas_psl	pslA|pslB|pslC|pslD|pslE	Psl exopolysaccharide	27
treponema_denticola	GCF_024181445.1	pseudomonas_las	lasI|lasR	Las quorum sensing	43
treponema_denticola	GCF_024181445.1	pseudomonas_rhl	rhlI|rhlR	Rhl quorum sensing	3
treponema_denticola	GCF_024181445.1	pseudomonas_pqs	pqsA|pqsB|pqsC|pqsD|pqsE|pqsR	PQS quorum sensing	15
treponema_denticola	GCF_024181445.1	pseudomonas_pili	pilA|pilB|pilT|type IV pilus	Type IV pili	30
treponema_denticola	GCF_024181445.1	pg_fimbriae	fimA|mfa1	Porphyromonas fimbriae	3
treponema_denticola	GCF_024181445.1	pg_gingipain	rgpA|rgpB|kgp	Gingipain proteases	64
treponema_denticola	GCF_024181445.1	pg_hagA	hagA	Hemagglutinin adhesin	5
treponema_denticola	GCF_024181445.1	fn_adhesin	fadA|fap2|radD|fomA	Fusobacterium adhesins	17
treponema_denticola	GCF_024181445.1	td_virulence	prtP|dentilisin|msp	Treponema denticola virulence	72
treponema_denticola	GCF_024181465.1	biofilm_ica	icaA|icaB|icaC|icaD|icaR	Staphylococcal intercellular adhesion locus	19
treponema_denticola	GCF_024181465.1	biofilm_accumulation	aap|accumulation-associated protein	Biofilm accumulation-associated protein	112
treponema_denticola	GCF_024181465.1	biofilm_bap	bap|biofilm-associated protein	Biofilm-associated protein	5
treponema_denticola	GCF_024181465.1	adhesion_autolysin	atlE|autolysin	Autolysin-mediated adhesion	9
treponema_denticola	GCF_024181465.1	adhesion_fibronectin	fnbA|fnbB|fibronectin	Fibronectin-binding proteins	6
treponema_denticola	GCF_024181465.1	adhesion_clumping	clfA|clfB|clumping factor	Clumping factors	6
treponema_denticola	GCF_024181465.1	adhesion_collagen	cna|collagen adhesin|collagen-binding	Collagen-binding adhesin	34
treponema_denticola	GCF_024181465.1	adhesion_sdr	sdrC|sdrD|sdrE|serine-aspartate repeat	Serine-aspartate repeat adhesins	11
treponema_denticola	GCF_024181465.1	biofilm_sasG	sasG	Staphylococcal surface protein G	24
treponema_denticola	GCF_024181465.1	quorum_agr	agrA|agrB|agrC|agrD	Staphylococcal quorum sensing agr system	16
treponema_denticola	GCF_024181465.1	regulation_sarA	sarA	Staphylococcal accessory regulator	12
treponema_denticola	GCF_024181465.1	streptococcus_gtf	gtfB|gtfC|gtfD|glucosyltransferase	Glucosyltransferases	7
treponema_denticola	GCF_024181465.1	streptococcus_spaP	spaP|pac|antigen I/II	Streptococcal adhesin antigen I/II	31
treponema_denticola	GCF_024181465.1	competence_com	comC|comD|comE	Competence quorum sensing	2
treponema_denticola	GCF_024181465.1	regulation_vicRK	vicR|vicK|covR|covS	Two-component biofilm regulation	7
treponema_denticola	GCF_024181465.1	sortase	srtA|srtC|sortase	Sortase and surface protein anchoring	13
treponema_denticola	GCF_024181465.1	adhesion_enolase	eno|enolase	Surface-associated enolase	137
treponema_denticola	GCF_024181465.1	enterococcus_esp	esp|enterococcal surface protein	Enterococcal biofilm surface protein	122
treponema_denticola	GCF_024181465.1	enterococcus_ace	ace|collagen adhesin	Collagen-binding adhesin	191
treponema_denticola	GCF_024181465.1	enterococcus_efaA	efaA	Endocarditis-associated antigen	15
treponema_denticola	GCF_024181465.1	enterococcus_gelE	gelE|gelatinase	Gelatinase	12
treponema_denticola	GCF_024181465.1	enterococcus_fsr	fsrA|fsrB|fsrC	Enterococcal quorum sensing	8
treponema_denticola	GCF_024181465.1	pseudomonas_alg	algD|algU|algR	Alginate pathway	25
treponema_denticola	GCF_024181465.1	pseudomonas_pel	pelA|pelB|pelC|pelD|pelE|pelF|pelG	Pel exopolysaccharide	46
treponema_denticola	GCF_024181465.1	pseudomonas_psl	pslA|pslB|pslC|pslD|pslE	Psl exopolysaccharide	29
treponema_denticola	GCF_024181465.1	pseudomonas_las	lasI|lasR	Las quorum sensing	45
treponema_denticola	GCF_024181465.1	pseudomonas_rhl	rhlI|rhlR	Rhl quorum sensing	7
treponema_denticola	GCF_024181465.1	pseudomonas_pqs	pqsA|pqsB|pqsC|pqsD|pqsE|pqsR	PQS quorum sensing	14
treponema_denticola	GCF_024181465.1	pseudomonas_pili	pilA|pilB|pilT|type IV pilus	Type IV pili	29
treponema_denticola	GCF_024181465.1	pg_fimbriae	fimA|mfa1	Porphyromonas fimbriae	2
treponema_denticola	GCF_024181465.1	pg_gingipain	rgpA|rgpB|kgp	Gingipain proteases	65
treponema_denticola	GCF_024181465.1	pg_hagA	hagA	Hemagglutinin adhesin	6
treponema_denticola	GCF_024181465.1	fn_adhesin	fadA|fap2|radD|fomA	Fusobacterium adhesins	17
treponema_denticola	GCF_024181465.1	td_virulence	prtP|dentilisin|msp	Treponema denticola virulence	62
treponema_denticola	GCF_024181485.1	biofilm_ica	icaA|icaB|icaC|icaD|icaR	Staphylococcal intercellular adhesion locus	26
treponema_denticola	GCF_024181485.1	biofilm_accumulation	aap|accumulation-associated protein	Biofilm accumulation-associated protein	134
treponema_denticola	GCF_024181485.1	adhesion_autolysin	atlE|autolysin	Autolysin-mediated adhesion	8
treponema_denticola	GCF_024181485.1	adhesion_fibronectin	fnbA|fnbB|fibronectin	Fibronectin-binding proteins	4
treponema_denticola	GCF_024181485.1	adhesion_clumping	clfA|clfB|clumping factor	Clumping factors	3
treponema_denticola	GCF_024181485.1	adhesion_collagen	cna|collagen adhesin|collagen-binding	Collagen-binding adhesin	42
treponema_denticola	GCF_024181485.1	adhesion_sdr	sdrC|sdrD|sdrE|serine-aspartate repeat	Serine-aspartate repeat adhesins	12
treponema_denticola	GCF_024181485.1	biofilm_sasG	sasG	Staphylococcal surface protein G	27
treponema_denticola	GCF_024181485.1	quorum_agr	agrA|agrB|agrC|agrD	Staphylococcal quorum sensing agr system	13
treponema_denticola	GCF_024181485.1	regulation_sarA	sarA	Staphylococcal accessory regulator	14
treponema_denticola	GCF_024181485.1	streptococcus_gtf	gtfB|gtfC|gtfD|glucosyltransferase	Glucosyltransferases	9
treponema_denticola	GCF_024181485.1	streptococcus_spaP	spaP|pac|antigen I/II	Streptococcal adhesin antigen I/II	35
treponema_denticola	GCF_024181485.1	competence_com	comC|comD|comE	Competence quorum sensing	2
treponema_denticola	GCF_024181485.1	regulation_vicRK	vicR|vicK|covR|covS	Two-component biofilm regulation	8
treponema_denticola	GCF_024181485.1	sortase	srtA|srtC|sortase	Sortase and surface protein anchoring	13
treponema_denticola	GCF_024181485.1	adhesion_enolase	eno|enolase	Surface-associated enolase	140
treponema_denticola	GCF_024181485.1	enterococcus_esp	esp|enterococcal surface protein	Enterococcal biofilm surface protein	141
treponema_denticola	GCF_024181485.1	enterococcus_ace	ace|collagen adhesin	Collagen-binding adhesin	202
treponema_denticola	GCF_024181485.1	enterococcus_efaA	efaA	Endocarditis-associated antigen	14
treponema_denticola	GCF_024181485.1	enterococcus_gelE	gelE|gelatinase	Gelatinase	13
treponema_denticola	GCF_024181485.1	enterococcus_fsr	fsrA|fsrB|fsrC	Enterococcal quorum sensing	4
treponema_denticola	GCF_024181485.1	pseudomonas_alg	algD|algU|algR	Alginate pathway	34
treponema_denticola	GCF_024181485.1	pseudomonas_pel	pelA|pelB|pelC|pelD|pelE|pelF|pelG	Pel exopolysaccharide	52
treponema_denticola	GCF_024181485.1	pseudomonas_psl	pslA|pslB|pslC|pslD|pslE	Psl exopolysaccharide	33
treponema_denticola	GCF_024181485.1	pseudomonas_las	lasI|lasR	Las quorum sensing	48
treponema_denticola	GCF_024181485.1	pseudomonas_rhl	rhlI|rhlR	Rhl quorum sensing	4
treponema_denticola	GCF_024181485.1	pseudomonas_pqs	pqsA|pqsB|pqsC|pqsD|pqsE|pqsR	PQS quorum sensing	17
treponema_denticola	GCF_024181485.1	pseudomonas_pili	pilA|pilB|pilT|type IV pilus	Type IV pili	27
treponema_denticola	GCF_024181485.1	pg_fimbriae	fimA|mfa1	Porphyromonas fimbriae	3
treponema_denticola	GCF_024181485.1	pg_gingipain	rgpA|rgpB|kgp	Gingipain proteases	70
treponema_denticola	GCF_024181485.1	pg_hagA	hagA	Hemagglutinin adhesin	5
treponema_denticola	GCF_024181485.1	fn_adhesin	fadA|fap2|radD|fomA	Fusobacterium adhesins	14
treponema_denticola	GCF_024181485.1	td_virulence	prtP|dentilisin|msp	Treponema denticola virulence	64
veillonella_parvula	GCF_002005185.1	biofilm_ica	icaA|icaB|icaC|icaD|icaR	Staphylococcal intercellular adhesion locus	29
veillonella_parvula	GCF_002005185.1	biofilm_accumulation	aap|accumulation-associated protein	Biofilm accumulation-associated protein	111
veillonella_parvula	GCF_002005185.1	biofilm_bap	bap|biofilm-associated protein	Biofilm-associated protein	5
veillonella_parvula	GCF_002005185.1	adhesion_autolysin	atlE|autolysin	Autolysin-mediated adhesion	21
veillonella_parvula	GCF_002005185.1	adhesion_fibronectin	fnbA|fnbB|fibronectin	Fibronectin-binding proteins	3
veillonella_parvula	GCF_002005185.1	adhesion_collagen	cna|collagen adhesin|collagen-binding	Collagen-binding adhesin	24
veillonella_parvula	GCF_002005185.1	adhesion_sdr	sdrC|sdrD|sdrE|serine-aspartate repeat	Serine-aspartate repeat adhesins	12
veillonella_parvula	GCF_002005185.1	biofilm_sasG	sasG	Staphylococcal surface protein G	11
veillonella_parvula	GCF_002005185.1	quorum_agr	agrA|agrB|agrC|agrD	Staphylococcal quorum sensing agr system	16
veillonella_parvula	GCF_002005185.1	regulation_sarA	sarA	Staphylococcal accessory regulator	9
veillonella_parvula	GCF_002005185.1	streptococcus_gtf	gtfB|gtfC|gtfD|glucosyltransferase	Glucosyltransferases	10
veillonella_parvula	GCF_002005185.1	streptococcus_spaP	spaP|pac|antigen I/II	Streptococcal adhesin antigen I/II	18
veillonella_parvula	GCF_002005185.1	competence_com	comC|comD|comE	Competence quorum sensing	6
veillonella_parvula	GCF_002005185.1	regulation_vicRK	vicR|vicK|covR|covS	Two-component biofilm regulation	4
veillonella_parvula	GCF_002005185.1	sortase	srtA|srtC|sortase	Sortase and surface protein anchoring	7
veillonella_parvula	GCF_002005185.1	adhesion_enolase	eno|enolase	Surface-associated enolase	149
veillonella_parvula	GCF_002005185.1	adhesion_fbp	fbp|fibronectin-binding	Fibronectin-binding protein	2
veillonella_parvula	GCF_002005185.1	enterococcus_esp	esp|enterococcal surface protein	Enterococcal biofilm surface protein	97
veillonella_parvula	GCF_002005185.1	enterococcus_ace	ace|collagen adhesin	Collagen-binding adhesin	205
veillonella_parvula	GCF_002005185.1	enterococcus_efaA	efaA	Endocarditis-associated antigen	4
veillonella_parvula	GCF_002005185.1	enterococcus_gelE	gelE|gelatinase	Gelatinase	13
veillonella_parvula	GCF_002005185.1	enterococcus_fsr	fsrA|fsrB|fsrC	Enterococcal quorum sensing	4
veillonella_parvula	GCF_002005185.1	pseudomonas_alg	algD|algU|algR	Alginate pathway	31
veillonella_parvula	GCF_002005185.1	pseudomonas_pel	pelA|pelB|pelC|pelD|pelE|pelF|pelG	Pel exopolysaccharide	58
veillonella_parvula	GCF_002005185.1	pseudomonas_psl	pslA|pslB|pslC|pslD|pslE	Psl exopolysaccharide	24
veillonella_parvula	GCF_002005185.1	pseudomonas_las	lasI|lasR	Las quorum sensing	36
veillonella_parvula	GCF_002005185.1	pseudomonas_rhl	rhlI|rhlR	Rhl quorum sensing	7
veillonella_parvula	GCF_002005185.1	pseudomonas_pqs	pqsA|pqsB|pqsC|pqsD|pqsE|pqsR	PQS quorum sensing	10
veillonella_parvula	GCF_002005185.1	pseudomonas_pili	pilA|pilB|pilT|type IV pilus	Type IV pili	32
veillonella_parvula	GCF_002005185.1	pg_fimbriae	fimA|mfa1	Porphyromonas fimbriae	3
veillonella_parvula	GCF_002005185.1	pg_gingipain	rgpA|rgpB|kgp	Gingipain proteases	65
veillonella_parvula	GCF_002005185.1	pg_hagA	hagA	Hemagglutinin adhesin	4
veillonella_parvula	GCF_002005185.1	fn_adhesin	fadA|fap2|radD|fomA	Fusobacterium adhesins	9
veillonella_parvula	GCF_002005185.1	td_virulence	prtP|dentilisin|msp	Treponema denticola virulence	37
veillonella_parvula	GCF_016127175.1	biofilm_ica	icaA|icaB|icaC|icaD|icaR	Staphylococcal intercellular adhesion locus	26
veillonella_parvula	GCF_016127175.1	biofilm_accumulation	aap|accumulation-associated protein	Biofilm accumulation-associated protein	111
veillonella_parvula	GCF_016127175.1	biofilm_bap	bap|biofilm-associated protein	Biofilm-associated protein	5
veillonella_parvula	GCF_016127175.1	adhesion_autolysin	atlE|autolysin	Autolysin-mediated adhesion	23
veillonella_parvula	GCF_016127175.1	adhesion_fibronectin	fnbA|fnbB|fibronectin	Fibronectin-binding proteins	3
veillonella_parvula	GCF_016127175.1	adhesion_clumping	clfA|clfB|clumping factor	Clumping factors	1
veillonella_parvula	GCF_016127175.1	adhesion_collagen	cna|collagen adhesin|collagen-binding	Collagen-binding adhesin	22
veillonella_parvula	GCF_016127175.1	adhesion_sdr	sdrC|sdrD|sdrE|serine-aspartate repeat	Serine-aspartate repeat adhesins	8
veillonella_parvula	GCF_016127175.1	biofilm_sasG	sasG	Staphylococcal surface protein G	11
veillonella_parvula	GCF_016127175.1	quorum_agr	agrA|agrB|agrC|agrD	Staphylococcal quorum sensing agr system	18
veillonella_parvula	GCF_016127175.1	regulation_sarA	sarA	Staphylococcal accessory regulator	8
veillonella_parvula	GCF_016127175.1	streptococcus_gtf	gtfB|gtfC|gtfD|glucosyltransferase	Glucosyltransferases	10
veillonella_parvula	GCF_016127175.1	streptococcus_spaP	spaP|pac|antigen I/II	Streptococcal adhesin antigen I/II	21
veillonella_parvula	GCF_016127175.1	competence_com	comC|comD|comE	Competence quorum sensing	6
veillonella_parvula	GCF_016127175.1	regulation_vicRK	vicR|vicK|covR|covS	Two-component biofilm regulation	3
veillonella_parvula	GCF_016127175.1	sortase	srtA|srtC|sortase	Sortase and surface protein anchoring	8
veillonella_parvula	GCF_016127175.1	adhesion_enolase	eno|enolase	Surface-associated enolase	149
veillonella_parvula	GCF_016127175.1	adhesion_fbp	fbp|fibronectin-binding	Fibronectin-binding protein	2
veillonella_parvula	GCF_016127175.1	enterococcus_esp	esp|enterococcal surface protein	Enterococcal biofilm surface protein	99
veillonella_parvula	GCF_016127175.1	enterococcus_ace	ace|collagen adhesin	Collagen-binding adhesin	197
veillonella_parvula	GCF_016127175.1	enterococcus_efaA	efaA	Endocarditis-associated antigen	2
veillonella_parvula	GCF_016127175.1	enterococcus_gelE	gelE|gelatinase	Gelatinase	11
veillonella_parvula	GCF_016127175.1	enterococcus_fsr	fsrA|fsrB|fsrC	Enterococcal quorum sensing	3
veillonella_parvula	GCF_016127175.1	pseudomonas_alg	algD|algU|algR	Alginate pathway	30
veillonella_parvula	GCF_016127175.1	pseudomonas_pel	pelA|pelB|pelC|pelD|pelE|pelF|pelG	Pel exopolysaccharide	56
veillonella_parvula	GCF_016127175.1	pseudomonas_psl	pslA|pslB|pslC|pslD|pslE	Psl exopolysaccharide	25
veillonella_parvula	GCF_016127175.1	pseudomonas_las	lasI|lasR	Las quorum sensing	41
veillonella_parvula	GCF_016127175.1	pseudomonas_rhl	rhlI|rhlR	Rhl quorum sensing	4
veillonella_parvula	GCF_016127175.1	pseudomonas_pqs	pqsA|pqsB|pqsC|pqsD|pqsE|pqsR	PQS quorum sensing	8
veillonella_parvula	GCF_016127175.1	pseudomonas_pili	pilA|pilB|pilT|type IV pilus	Type IV pili	34
veillonella_parvula	GCF_016127175.1	pg_fimbriae	fimA|mfa1	Porphyromonas fimbriae	4
veillonella_parvula	GCF_016127175.1	pg_gingipain	rgpA|rgpB|kgp	Gingipain proteases	56
veillonella_parvula	GCF_016127175.1	pg_hagA	hagA	Hemagglutinin adhesin	4
veillonella_parvula	GCF_016127175.1	fn_adhesin	fadA|fap2|radD|fomA	Fusobacterium adhesins	10
veillonella_parvula	GCF_016127175.1	td_virulence	prtP|dentilisin|msp	Treponema denticola virulence	42
veillonella_parvula	GCF_031190775.1	biofilm_ica	icaA|icaB|icaC|icaD|icaR	Staphylococcal intercellular adhesion locus	25
veillonella_parvula	GCF_031190775.1	biofilm_accumulation	aap|accumulation-associated protein	Biofilm accumulation-associated protein	105
veillonella_parvula	GCF_031190775.1	biofilm_bap	bap|biofilm-associated protein	Biofilm-associated protein	5
veillonella_parvula	GCF_031190775.1	adhesion_autolysin	atlE|autolysin	Autolysin-mediated adhesion	21
veillonella_parvula	GCF_031190775.1	adhesion_fibronectin	fnbA|fnbB|fibronectin	Fibronectin-binding proteins	5
veillonella_parvula	GCF_031190775.1	adhesion_collagen	cna|collagen adhesin|collagen-binding	Collagen-binding adhesin	21
veillonella_parvula	GCF_031190775.1	adhesion_sdr	sdrC|sdrD|sdrE|serine-aspartate repeat	Serine-aspartate repeat adhesins	11
veillonella_parvula	GCF_031190775.1	biofilm_sasG	sasG	Staphylococcal surface protein G	12
veillonella_parvula	GCF_031190775.1	quorum_agr	agrA|agrB|agrC|agrD	Staphylococcal quorum sensing agr system	16
veillonella_parvula	GCF_031190775.1	regulation_sarA	sarA	Staphylococcal accessory regulator	8
veillonella_parvula	GCF_031190775.1	streptococcus_gtf	gtfB|gtfC|gtfD|glucosyltransferase	Glucosyltransferases	13
veillonella_parvula	GCF_031190775.1	streptococcus_spaP	spaP|pac|antigen I/II	Streptococcal adhesin antigen I/II	18
veillonella_parvula	GCF_031190775.1	competence_com	comC|comD|comE	Competence quorum sensing	4
veillonella_parvula	GCF_031190775.1	regulation_vicRK	vicR|vicK|covR|covS	Two-component biofilm regulation	3
veillonella_parvula	GCF_031190775.1	sortase	srtA|srtC|sortase	Sortase and surface protein anchoring	5
veillonella_parvula	GCF_031190775.1	adhesion_enolase	eno|enolase	Surface-associated enolase	154
veillonella_parvula	GCF_031190775.1	adhesion_fbp	fbp|fibronectin-binding	Fibronectin-binding protein	2
veillonella_parvula	GCF_031190775.1	enterococcus_esp	esp|enterococcal surface protein	Enterococcal biofilm surface protein	96
veillonella_parvula	GCF_031190775.1	enterococcus_ace	ace|collagen adhesin	Collagen-binding adhesin	203
veillonella_parvula	GCF_031190775.1	enterococcus_efaA	efaA	Endocarditis-associated antigen	3
veillonella_parvula	GCF_031190775.1	enterococcus_gelE	gelE|gelatinase	Gelatinase	13
veillonella_parvula	GCF_031190775.1	enterococcus_fsr	fsrA|fsrB|fsrC	Enterococcal quorum sensing	4
veillonella_parvula	GCF_031190775.1	pseudomonas_alg	algD|algU|algR	Alginate pathway	38
veillonella_parvula	GCF_031190775.1	pseudomonas_pel	pelA|pelB|pelC|pelD|pelE|pelF|pelG	Pel exopolysaccharide	56
veillonella_parvula	GCF_031190775.1	pseudomonas_psl	pslA|pslB|pslC|pslD|pslE	Psl exopolysaccharide	24
veillonella_parvula	GCF_031190775.1	pseudomonas_las	lasI|lasR	Las quorum sensing	42
veillonella_parvula	GCF_031190775.1	pseudomonas_rhl	rhlI|rhlR	Rhl quorum sensing	8
veillonella_parvula	GCF_031190775.1	pseudomonas_pqs	pqsA|pqsB|pqsC|pqsD|pqsE|pqsR	PQS quorum sensing	9
veillonella_parvula	GCF_031190775.1	pseudomonas_pili	pilA|pilB|pilT|type IV pilus	Type IV pili	34
veillonella_parvula	GCF_031190775.1	pg_fimbriae	fimA|mfa1	Porphyromonas fimbriae	4
veillonella_parvula	GCF_031190775.1	pg_gingipain	rgpA|rgpB|kgp	Gingipain proteases	59
veillonella_parvula	GCF_031190775.1	pg_hagA	hagA	Hemagglutinin adhesin	3
veillonella_parvula	GCF_031190775.1	fn_adhesin	fadA|fap2|radD|fomA	Fusobacterium adhesins	11
veillonella_parvula	GCF_031190775.1	td_virulence	prtP|dentilisin|msp	Treponema denticola virulence	41
veillonella_parvula	GCF_036456085.1	biofilm_ica	icaA|icaB|icaC|icaD|icaR	Staphylococcal intercellular adhesion locus	28
veillonella_parvula	GCF_036456085.1	biofilm_accumulation	aap|accumulation-associated protein	Biofilm accumulation-associated protein	103
veillonella_parvula	GCF_036456085.1	biofilm_bap	bap|biofilm-associated protein	Biofilm-associated protein	5
veillonella_parvula	GCF_036456085.1	adhesion_autolysin	atlE|autolysin	Autolysin-mediated adhesion	22
veillonella_parvula	GCF_036456085.1	adhesion_fibronectin	fnbA|fnbB|fibronectin	Fibronectin-binding proteins	5
veillonella_parvula	GCF_036456085.1	adhesion_collagen	cna|collagen adhesin|collagen-binding	Collagen-binding adhesin	22
veillonella_parvula	GCF_036456085.1	adhesion_sdr	sdrC|sdrD|sdrE|serine-aspartate repeat	Serine-aspartate repeat adhesins	10
veillonella_parvula	GCF_036456085.1	biofilm_sasG	sasG	Staphylococcal surface protein G	11
veillonella_parvula	GCF_036456085.1	quorum_agr	agrA|agrB|agrC|agrD	Staphylococcal quorum sensing agr system	18
veillonella_parvula	GCF_036456085.1	regulation_sarA	sarA	Staphylococcal accessory regulator	9
veillonella_parvula	GCF_036456085.1	streptococcus_gtf	gtfB|gtfC|gtfD|glucosyltransferase	Glucosyltransferases	11
veillonella_parvula	GCF_036456085.1	streptococcus_spaP	spaP|pac|antigen I/II	Streptococcal adhesin antigen I/II	16
veillonella_parvula	GCF_036456085.1	competence_com	comC|comD|comE	Competence quorum sensing	4
veillonella_parvula	GCF_036456085.1	regulation_vicRK	vicR|vicK|covR|covS	Two-component biofilm regulation	4
veillonella_parvula	GCF_036456085.1	sortase	srtA|srtC|sortase	Sortase and surface protein anchoring	6
veillonella_parvula	GCF_036456085.1	adhesion_enolase	eno|enolase	Surface-associated enolase	151
veillonella_parvula	GCF_036456085.1	adhesion_fbp	fbp|fibronectin-binding	Fibronectin-binding protein	2
veillonella_parvula	GCF_036456085.1	enterococcus_esp	esp|enterococcal surface protein	Enterococcal biofilm surface protein	97
veillonella_parvula	GCF_036456085.1	enterococcus_ace	ace|collagen adhesin	Collagen-binding adhesin	214
veillonella_parvula	GCF_036456085.1	enterococcus_efaA	efaA	Endocarditis-associated antigen	4
veillonella_parvula	GCF_036456085.1	enterococcus_gelE	gelE|gelatinase	Gelatinase	14
veillonella_parvula	GCF_036456085.1	enterococcus_fsr	fsrA|fsrB|fsrC	Enterococcal quorum sensing	3
veillonella_parvula	GCF_036456085.1	pseudomonas_alg	algD|algU|algR	Alginate pathway	37
veillonella_parvula	GCF_036456085.1	pseudomonas_pel	pelA|pelB|pelC|pelD|pelE|pelF|pelG	Pel exopolysaccharide	58
veillonella_parvula	GCF_036456085.1	pseudomonas_psl	pslA|pslB|pslC|pslD|pslE	Psl exopolysaccharide	23
veillonella_parvula	GCF_036456085.1	pseudomonas_las	lasI|lasR	Las quorum sensing	43
veillonella_parvula	GCF_036456085.1	pseudomonas_rhl	rhlI|rhlR	Rhl quorum sensing	7
veillonella_parvula	GCF_036456085.1	pseudomonas_pqs	pqsA|pqsB|pqsC|pqsD|pqsE|pqsR	PQS quorum sensing	9
veillonella_parvula	GCF_036456085.1	pseudomonas_pili	pilA|pilB|pilT|type IV pilus	Type IV pili	33
veillonella_parvula	GCF_036456085.1	pg_fimbriae	fimA|mfa1	Porphyromonas fimbriae	4
veillonella_parvula	GCF_036456085.1	pg_gingipain	rgpA|rgpB|kgp	Gingipain proteases	60
veillonella_parvula	GCF_036456085.1	pg_hagA	hagA	Hemagglutinin adhesin	4
veillonella_parvula	GCF_036456085.1	fn_adhesin	fadA|fap2|radD|fomA	Fusobacterium adhesins	13
veillonella_parvula	GCF_036456085.1	td_virulence	prtP|dentilisin|msp	Treponema denticola virulence	43
veillonella_parvula	GCF_900186885.1	biofilm_ica	icaA|icaB|icaC|icaD|icaR	Staphylococcal intercellular adhesion locus	26
veillonella_parvula	GCF_900186885.1	biofilm_accumulation	aap|accumulation-associated protein	Biofilm accumulation-associated protein	111
veillonella_parvula	GCF_900186885.1	biofilm_bap	bap|biofilm-associated protein	Biofilm-associated protein	5
veillonella_parvula	GCF_900186885.1	adhesion_autolysin	atlE|autolysin	Autolysin-mediated adhesion	23
veillonella_parvula	GCF_900186885.1	adhesion_fibronectin	fnbA|fnbB|fibronectin	Fibronectin-binding proteins	3
veillonella_parvula	GCF_900186885.1	adhesion_clumping	clfA|clfB|clumping factor	Clumping factors	1
veillonella_parvula	GCF_900186885.1	adhesion_collagen	cna|collagen adhesin|collagen-binding	Collagen-binding adhesin	22
veillonella_parvula	GCF_900186885.1	adhesion_sdr	sdrC|sdrD|sdrE|serine-aspartate repeat	Serine-aspartate repeat adhesins	8
veillonella_parvula	GCF_900186885.1	biofilm_sasG	sasG	Staphylococcal surface protein G	11
veillonella_parvula	GCF_900186885.1	quorum_agr	agrA|agrB|agrC|agrD	Staphylococcal quorum sensing agr system	18
veillonella_parvula	GCF_900186885.1	regulation_sarA	sarA	Staphylococcal accessory regulator	8
veillonella_parvula	GCF_900186885.1	streptococcus_gtf	gtfB|gtfC|gtfD|glucosyltransferase	Glucosyltransferases	10
veillonella_parvula	GCF_900186885.1	streptococcus_spaP	spaP|pac|antigen I/II	Streptococcal adhesin antigen I/II	21
veillonella_parvula	GCF_900186885.1	competence_com	comC|comD|comE	Competence quorum sensing	4
veillonella_parvula	GCF_900186885.1	regulation_vicRK	vicR|vicK|covR|covS	Two-component biofilm regulation	3
veillonella_parvula	GCF_900186885.1	sortase	srtA|srtC|sortase	Sortase and surface protein anchoring	8
veillonella_parvula	GCF_900186885.1	adhesion_enolase	eno|enolase	Surface-associated enolase	150
veillonella_parvula	GCF_900186885.1	adhesion_fbp	fbp|fibronectin-binding	Fibronectin-binding protein	2
veillonella_parvula	GCF_900186885.1	enterococcus_esp	esp|enterococcal surface protein	Enterococcal biofilm surface protein	97
veillonella_parvula	GCF_900186885.1	enterococcus_ace	ace|collagen adhesin	Collagen-binding adhesin	197
veillonella_parvula	GCF_900186885.1	enterococcus_efaA	efaA	Endocarditis-associated antigen	2
veillonella_parvula	GCF_900186885.1	enterococcus_gelE	gelE|gelatinase	Gelatinase	11
veillonella_parvula	GCF_900186885.1	enterococcus_fsr	fsrA|fsrB|fsrC	Enterococcal quorum sensing	3
veillonella_parvula	GCF_900186885.1	pseudomonas_alg	algD|algU|algR	Alginate pathway	29
veillonella_parvula	GCF_900186885.1	pseudomonas_pel	pelA|pelB|pelC|pelD|pelE|pelF|pelG	Pel exopolysaccharide	56
veillonella_parvula	GCF_900186885.1	pseudomonas_psl	pslA|pslB|pslC|pslD|pslE	Psl exopolysaccharide	25
veillonella_parvula	GCF_900186885.1	pseudomonas_las	lasI|lasR	Las quorum sensing	41
veillonella_parvula	GCF_900186885.1	pseudomonas_rhl	rhlI|rhlR	Rhl quorum sensing	4
veillonella_parvula	GCF_900186885.1	pseudomonas_pqs	pqsA|pqsB|pqsC|pqsD|pqsE|pqsR	PQS quorum sensing	8
veillonella_parvula	GCF_900186885.1	pseudomonas_pili	pilA|pilB|pilT|type IV pilus	Type IV pili	34
veillonella_parvula	GCF_900186885.1	pg_fimbriae	fimA|mfa1	Porphyromonas fimbriae	4
veillonella_parvula	GCF_900186885.1	pg_gingipain	rgpA|rgpB|kgp	Gingipain proteases	56
veillonella_parvula	GCF_900186885.1	pg_hagA	hagA	Hemagglutinin adhesin	4
veillonella_parvula	GCF_900186885.1	fn_adhesin	fadA|fap2|radD|fomA	Fusobacterium adhesins	10
veillonella_parvula	GCF_900186885.1	td_virulence	prtP|dentilisin|msp	Treponema denticola virulence	42
