species_folder,accession,category,contig,locus_tag,protein_id,start,end,strand,gene_name,product,evidence_tier,matched_terms,field,restricted_genus
actinomyces_naeslundii,GCF_016127855.1,adhesion_enolase,NZ_CP066049.1,I6H94_RS00855,WP_003784166.1,215323,216609,-,eno,phosphopyruvate hydratase,named_symbol,eno,gene_or_synonym,
actinomyces_naeslundii,GCF_016127855.1,type_iv_pili,NZ_CP066049.1,I6H94_RS02530,WP_171972628.1,633246,633686,-,,TadE/TadG family type IV pilus assembly protein,product_description,type IV pilus,product,
actinomyces_naeslundii,GCF_016127855.1,sortase,NZ_CP066049.1,I6H94_RS05330,WP_003783851.1,1321022,1321816,-,,class C sortase,product_description,sortase,product,
actinomyces_naeslundii,GCF_016127855.1,sortase,NZ_CP066049.1,I6H94_RS06635,WP_003783709.1,1631799,1632572,-,,class E sortase,product_description,sortase,product,
actinomyces_naeslundii,GCF_016127855.1,type_iv_pili,NZ_CP066049.1,I6H94_RS07380,WP_076067872.1,1806956,1807270,+,,TadE family type IV pilus minor pilin,product_description,type IV pilus,product,
actinomyces_naeslundii,GCF_016127855.1,sortase,NZ_CP066049.1,I6H94_RS13160,WP_003786046.1,3132859,3134106,-,,class C sortase,product_description,sortase,product,
actinomyces_naeslundii,GCF_963265035.1,adhesion_fibronectin,NZ_OY725417.1,AC1U15_RS05095,WP_076255509.1,1190381,1192036,+,,fibronectin-binding protein FnbA,named_symbol,fnbA,product,
actinomyces_naeslundii,GCF_963265035.1,adhesion_fbp,NZ_OY725417.1,AC1U15_RS05095,WP_076255509.1,1190381,1192036,+,,fibronectin-binding protein FnbA,product_description,fibronectin-binding,product,
actinomyces_naeslundii,GCF_963265035.1,sortase,NZ_OY725417.1,AC1U15_RS07960,WP_442540499.1,1891215,1892006,-,,class C sortase,product_description,sortase,product,
actinomyces_naeslundii,GCF_963265035.1,sortase,NZ_OY725417.1,AC1U15_RS09285,WP_003783709.1,2189917,2190690,-,,class E sortase,product_description,sortase,product,
actinomyces_naeslundii,GCF_963265035.1,type_iv_pili,NZ_OY725417.1,AC1U15_RS10030,WP_076067872.1,2364925,2365239,+,,TadE family type IV pilus minor pilin,product_description,type IV pilus,product,
actinomyces_naeslundii,GCF_963265035.1,adhesion_enolase,NZ_OY725417.1,AC1U15_RS11165,WP_003784166.1,2655772,2657058,+,eno,phosphopyruvate hydratase,named_symbol,eno,gene_or_synonym,
actinomyces_naeslundii,GCF_963265035.1,sortase,NZ_OY725417.1,AC1U15_RS12120,WP_479736360.1,2890323,2891570,+,,class C sortase,product_description,sortase,product,
actinomyces_naeslundii,GCF_963340285.1,adhesion_fibronectin,NZ_OY725700.1,AC1U0B_RS05100,WP_076255509.1,1190374,1192029,+,,fibronectin-binding protein FnbA,named_symbol,fnbA,product,
actinomyces_naeslundii,GCF_963340285.1,adhesion_fbp,NZ_OY725700.1,AC1U0B_RS05100,WP_076255509.1,1190374,1192029,+,,fibronectin-binding protein FnbA,product_description,fibronectin-binding,product,
actinomyces_naeslundii,GCF_963340285.1,sortase,NZ_OY725700.1,AC1U0B_RS07970,WP_442540499.1,1891208,1891999,-,,class C sortase,product_description,sortase,product,
actinomyces_naeslundii,GCF_963340285.1,sortase,NZ_OY725700.1,AC1U0B_RS09295,WP_003783709.1,2189895,2190668,-,,class E sortase,product_description,sortase,product,
actinomyces_naeslundii,GCF_963340285.1,type_iv_pili,NZ_OY725700.1,AC1U0B_RS10040,WP_076067872.1,2364903,2365217,+,,TadE family type IV pilus minor pilin,product_description,type IV pilus,product,
actinomyces_naeslundii,GCF_963340285.1,adhesion_enolase,NZ_OY725700.1,AC1U0B_RS11175,WP_003784166.1,2655750,2657036,+,eno,phosphopyruvate hydratase,named_symbol,eno,gene_or_synonym,
actinomyces_naeslundii,GCF_963340285.1,sortase,NZ_OY725700.1,AC1U0B_RS12130,WP_479736360.1,2890301,2891548,+,,class C sortase,product_description,sortase,product,
actinomyces_naeslundii,GCF_963340415.1,type_iv_pili,NZ_OY725708.1,AC1U1W_RS00885,WP_076067872.1,212589,212903,-,,TadE family type IV pilus minor pilin,product_description,type IV pilus,product,
actinomyces_naeslundii,GCF_963340415.1,sortase,NZ_OY725708.1,AC1U1W_RS01635,WP_003783709.1,387138,387911,+,,class E sortase,product_description,sortase,product,
actinomyces_naeslundii,GCF_963340415.1,sortase,NZ_OY725708.1,AC1U1W_RS02960,WP_442540499.1,685822,686613,+,,class C sortase,product_description,sortase,product,
actinomyces_naeslundii,GCF_963340415.1,adhesion_fibronectin,NZ_OY725708.1,AC1U1W_RS05835,WP_076255509.1,1385785,1387440,-,,fibronectin-binding protein FnbA,named_symbol,fnbA,product,
actinomyces_naeslundii,GCF_963340415.1,adhesion_fbp,NZ_OY725708.1,AC1U1W_RS05835,WP_076255509.1,1385785,1387440,-,,fibronectin-binding protein FnbA,product_description,fibronectin-binding,product,
actinomyces_naeslundii,GCF_963340415.1,sortase,NZ_OY725708.1,AC1U1W_RS12285,WP_479736360.1,2858644,2859891,-,,class C sortase,product_description,sortase,product,
actinomyces_naeslundii,GCF_963340415.1,adhesion_enolase,NZ_OY725708.1,AC1U1W_RS13240,WP_003784166.1,3093156,3094442,-,eno,phosphopyruvate hydratase,named_symbol,eno,gene_or_synonym,
corynebacterium_striatum,GCF_002156805.1,sortase,NZ_CP021252.1,CBE89_RS01910,WP_086890570.1,369431,370162,+,,class E sortase,product_description,sortase,product,
corynebacterium_striatum,GCF_002156805.1,sortase,NZ_CP021252.1,CBE89_RS04025,WP_086890882.1,825993,826841,+,,class C sortase,product_description,sortase,product,
corynebacterium_striatum,GCF_002156805.1,sortase,NZ_CP021252.1,CBE89_RS04045,WP_086890886.1,834188,835099,+,,class C sortase,product_description,sortase,product,
corynebacterium_striatum,GCF_002156805.1,adhesion_enolase,NZ_CP021252.1,CBE89_RS09045,WP_086891700.1,1903738,1905015,-,eno,phosphopyruvate hydratase,named_symbol,eno,gene_or_synonym,
corynebacterium_striatum,GCF_002803965.1,adhesion_enolase,NZ_CP024931.1,BBR43_RS05375,WP_005529983.1,1160931,1162208,-,eno,phosphopyruvate hydratase,named_symbol,eno,gene_or_synonym,
corynebacterium_striatum,GCF_002803965.1,sortase,NZ_CP024931.1,BBR43_RS06860,WP_049192329.1,1493421,1494359,-,,class C sortase,product_description,sortase,product,
corynebacterium_striatum,GCF_002803965.1,sortase,NZ_CP024931.1,BBR43_RS06870,WP_070508594.1,1496469,1497458,+,,class C sortase,product_description,sortase,product,
corynebacterium_striatum,GCF_002803965.1,sortase,NZ_CP024931.1,BBR43_RS07925,WP_239662565.1,1712311,1713021,+,,sortase,product_description,sortase,product,
corynebacterium_striatum,GCF_002803965.1,sortase,NZ_CP024931.1,BBR43_RS11985,WP_049064305.1,2524902,2525633,+,,class E sortase,product_description,sortase,product,
corynebacterium_striatum,GCF_002803965.1,sortase,NZ_CP024931.1,BBR43_RS12385,WP_100622353.1,2628165,2629076,+,,class C sortase,product_description,sortase,product,
corynebacterium_striatum,GCF_002804085.1,adhesion_enolase,NZ_CP024932.1,A9D01_RS00860,WP_005529983.1,182397,183674,+,eno,phosphopyruvate hydratase,named_symbol,eno,gene_or_synonym,
corynebacterium_striatum,GCF_002804085.1,sortase,NZ_CP024932.1,A9D01_RS08520,WP_049146814.1,1817880,1818791,-,,class C sortase,product_description,sortase,product,
corynebacterium_striatum,GCF_002804085.1,sortase,NZ_CP024932.1,A9D01_RS08920,WP_049160083.1,1922487,1923218,-,,class E sortase,product_description,sortase,product,
corynebacterium_striatum,GCF_002804085.1,sortase,NZ_CP024932.1,A9D01_RS12585,WP_239662565.1,2670360,2671070,-,,sortase,product_description,sortase,product,
corynebacterium_striatum,GCF_002804085.1,sortase,NZ_CP024932.1,A9D01_RS13655,WP_100619384.1,2889051,2890040,-,,class C sortase,product_description,sortase,product,
corynebacterium_striatum,GCF_002804085.1,sortase,NZ_CP024932.1,A9D01_RS13665,WP_049192329.1,2892149,2893087,+,,class C sortase,product_description,sortase,product,
corynebacterium_striatum,GCF_016728105.1,adhesion_enolase,NZ_CP068158.1,I6I72_RS02255,WP_201807392.1,480578,481855,-,eno,phosphopyruvate hydratase,named_symbol,eno,gene_or_synonym,
corynebacterium_striatum,GCF_016728105.1,sortase,NZ_CP068158.1,I6I72_RS03690,WP_070420881.1,802200,803138,-,,class C sortase,product_description,sortase,product,
corynebacterium_striatum,GCF_016728105.1,sortase,NZ_CP068158.1,I6I72_RS03705,WP_201807506.1,807031,808020,+,,class C sortase,product_description,sortase,product,
corynebacterium_striatum,GCF_016728105.1,sortase,NZ_CP068158.1,I6I72_RS04755,WP_223197539.1,1015068,1015778,+,,sortase family protein,product_description,sortase,product,
corynebacterium_striatum,GCF_016728105.1,sortase,NZ_CP068158.1,I6I72_RS08310,WP_049146762.1,1753638,1754369,+,,class E sortase,product_description,sortase,product,
corynebacterium_striatum,GCF_016728105.1,sortase,NZ_CP068158.1,I6I72_RS08700,WP_049146814.1,1852721,1853632,+,,class C sortase,product_description,sortase,product,
corynebacterium_striatum,GCF_016728105.1,sortase,NZ_CP068158.1,I6I72_RS13930,WP_080970498.1,2267102,2267329,+,,sortase family protein,product_description,sortase,product,
corynebacterium_striatum,GCF_016728205.1,adhesion_enolase,NZ_CP068157.1,I6I73_RS03165,WP_005529983.1,677059,678336,-,eno,phosphopyruvate hydratase,named_symbol,eno,gene_or_synonym,
corynebacterium_striatum,GCF_016728205.1,sortase,NZ_CP068157.1,I6I73_RS05575,WP_201817912.1,1189371,1189997,+,,sortase family protein,product_description,sortase,product,
corynebacterium_striatum,GCF_016728205.1,sortase,NZ_CP068157.1,I6I73_RS08610,WP_147759942.1,1832619,1833350,+,,class E sortase,product_description,sortase,product,
corynebacterium_striatum,GCF_016728205.1,sortase,NZ_CP068157.1,I6I73_RS08970,WP_131771466.1,1927358,1928269,+,,class C sortase,product_description,sortase,product,
corynebacterium_striatum,GCF_016728205.1,sortase,NZ_CP068157.1,I6I73_RS10725,WP_086890882.1,2309751,2310599,+,,class C sortase,product_description,sortase,product,
corynebacterium_striatum,GCF_016728205.1,sortase,NZ_CP068157.1,I6I73_RS10740,WP_201816578.1,2317942,2318853,+,,class C sortase,product_description,sortase,product,
cutibacterium_acnes,GCF_001281065.1,type_iv_pili,NZ_CP012647.1,RN83_RS00635,WP_172673386.1,143594,143974,+,,TadE/TadG family type IV pilus assembly protein,product_description,type IV pilus,product,
cutibacterium_acnes,GCF_001281065.1,type_iv_pili,NZ_CP012647.1,RN83_RS00640,WP_002512754.1,143971,144480,+,,TadE/TadG family type IV pilus assembly protein,product_description,type IV pilus,product,
cutibacterium_acnes,GCF_001281065.1,type_iv_pili,NZ_CP012647.1,RN83_RS01650,WP_002521092.1,382950,383267,+,,TadE family type IV pilus minor pilin,product_description,type IV pilus,product,
cutibacterium_acnes,GCF_001281065.1,adhesion_enolase,NZ_CP012647.1,RN83_RS03225,WP_002513282.1,696532,697812,+,eno,phosphopyruvate hydratase,named_symbol,eno,gene_or_synonym,
cutibacterium_acnes,GCF_001281065.1,sortase,NZ_CP012647.1,RN83_RS04435,WP_054249316.1,960263,960916,-,,class F sortase,product_description,sortase,product,
cutibacterium_acnes,GCF_001469565.1,type_iv_pili,NZ_CP012355.1,ALW33_RS00215,WP_002519811.1,41989,42369,+,,TadE/TadG family type IV pilus assembly protein,product_description,type IV pilus,product,
cutibacterium_acnes,GCF_001469565.1,type_iv_pili,NZ_CP012355.1,ALW33_RS00220,WP_002515752.1,42366,42875,+,,TadE/TadG family type IV pilus assembly protein,product_description,type IV pilus,product,
cutibacterium_acnes,GCF_001469565.1,type_iv_pili,NZ_CP012355.1,ALW33_RS01395,WP_002518686.1,311837,312154,+,,TadE family type IV pilus minor pilin,product_description,type IV pilus,product,
cutibacterium_acnes,GCF_001469565.1,adhesion_enolase,NZ_CP012355.1,ALW33_RS02905,WP_002520086.1,615856,617136,+,eno,phosphopyruvate hydratase,named_symbol,eno,gene_or_synonym,
cutibacterium_acnes,GCF_001469565.1,sortase,NZ_CP012355.1,ALW33_RS04095,WP_002519113.1,868488,869141,-,,class F sortase,product_description,sortase,product,
cutibacterium_acnes,GCF_001469565.1,type_iv_pili,NZ_CP012356.1,ALW33_RS11940,WP_015588742.1,36671,37084,+,,TadE/TadG family type IV pilus assembly protein,product_description,type IV pilus,product,
cutibacterium_acnes,GCF_001469595.1,type_iv_pili,NZ_CP012351.1,ALW21_RS00210,WP_002519811.1,42021,42401,+,,TadE/TadG family type IV pilus assembly protein,product_description,type IV pilus,product,
cutibacterium_acnes,GCF_001469595.1,type_iv_pili,NZ_CP012351.1,ALW21_RS00215,WP_002515752.1,42398,42907,+,,TadE/TadG family type IV pilus assembly protein,product_description,type IV pilus,product,
cutibacterium_acnes,GCF_001469595.1,type_iv_pili,NZ_CP012351.1,ALW21_RS01230,WP_002518686.1,286588,286905,+,,TadE family type IV pilus minor pilin,product_description,type IV pilus,product,
cutibacterium_acnes,GCF_001469595.1,adhesion_enolase,NZ_CP012351.1,ALW21_RS02790,WP_002516702.1,598725,600005,+,eno,phosphopyruvate hydratase,named_symbol,eno,gene_or_synonym,
cutibacterium_acnes,GCF_001469595.1,sortase,NZ_CP012351.1,ALW21_RS03975,WP_002530979.1,853524,854177,-,,class F sortase,product_description,sortase,product,
cutibacterium_acnes,GCF_001469615.1,type_iv_pili,NZ_CP012352.1,ALW23_RS00215,WP_002519811.1,42007,42387,+,,TadE/TadG family type IV pilus assembly protein,product_description,type IV pilus,product,
cutibacterium_acnes,GCF_001469615.1,type_iv_pili,NZ_CP012352.1,ALW23_RS00220,WP_008598477.1,42384,42893,+,,TadE/TadG family type IV pilus assembly protein,product_description,type IV pilus,product,
cutibacterium_acnes,GCF_001469615.1,type_iv_pili,NZ_CP012352.1,ALW23_RS01400,WP_002518686.1,310481,310798,+,,TadE family type IV pilus minor pilin,product_description,type IV pilus,product,
cutibacterium_acnes,GCF_001469615.1,adhesion_enolase,NZ_CP012352.1,ALW23_RS02915,WP_002516702.1,614476,615756,+,eno,phosphopyruvate hydratase,named_symbol,eno,gene_or_synonym,
cutibacterium_acnes,GCF_001469615.1,sortase,NZ_CP012352.1,ALW23_RS04100,WP_002519113.1,867526,868179,-,,class F sortase,product_description,sortase,product,
cutibacterium_acnes,GCF_001469655.1,type_iv_pili,NZ_CP012354.1,ALW29_RS00215,WP_002518579.1,42017,42397,+,,TadE/TadG family type IV pilus assembly protein,product_description,type IV pilus,product,
cutibacterium_acnes,GCF_001469655.1,type_iv_pili,NZ_CP012354.1,ALW29_RS00220,WP_002515752.1,42394,42903,+,,TadE/TadG family type IV pilus assembly protein,product_description,type IV pilus,product,
cutibacterium_acnes,GCF_001469655.1,type_iv_pili,NZ_CP012354.1,ALW29_RS01250,WP_002518686.1,286744,287061,+,,TadE family type IV pilus minor pilin,product_description,type IV pilus,product,
cutibacterium_acnes,GCF_001469655.1,adhesion_enolase,NZ_CP012354.1,ALW29_RS02760,WP_002516702.1,590719,591999,+,eno,phosphopyruvate hydratase,named_symbol,eno,gene_or_synonym,
cutibacterium_acnes,GCF_001469655.1,sortase,NZ_CP012354.1,ALW29_RS03945,WP_002519113.1,843768,844421,-,,class F sortase,product_description,sortase,product,
enterococcus_faecalis,GCF_001598635.1,enterococcus_ebp,NZ_CP014949.1,A3777_RS00305,WP_147594668.1,50305,53769,+,ebpA,endocarditis and biofilm-associated pilus tip protein EbpA,named_symbol,ebpA,gene_or_synonym,Enterococcus
enterococcus_faecalis,GCF_001598635.1,enterococcus_ebp,NZ_CP014949.1,A3777_RS00310,WP_002388884.1,53773,55203,+,ebpB,endocarditis and biofilm-associated pilus minor subunit EbpB,named_symbol,ebpB,gene_or_synonym,Enterococcus
enterococcus_faecalis,GCF_001598635.1,enterococcus_ebp,NZ_CP014949.1,A3777_RS00315,WP_002388874.1,55200,57083,+,ebpC,endocarditis and biofilm-associated pilus major subunit EbpC,named_symbol,ebpC,gene_or_synonym,Enterococcus
enterococcus_faecalis,GCF_001598635.1,sortase,NZ_CP014949.1,A3777_RS00320,WP_002360607.1,57177,58034,+,srtC,Ebp pilus assembly class C sortase,named_symbol,srtC,gene_or_synonym,
enterococcus_faecalis,GCF_001598635.1,adhesion_fibronectin,NZ_CP014949.1,A3777_RS01090,WP_002410031.1,210394,212106,-,efbA,fibronectin-binding protein EfbA,product_description,fibronectin-binding,product,
enterococcus_faecalis,GCF_001598635.1,adhesion_fbp,NZ_CP014949.1,A3777_RS01090,WP_002410031.1,210394,212106,-,efbA,fibronectin-binding protein EfbA,product_description,fibronectin-binding,product,
enterococcus_faecalis,GCF_001598635.1,enterococcus_gelE,NZ_CP014949.1,A3777_RS03585,WP_002360104.1,723644,725176,-,gelE,gelatinase GelE,named_symbol,gelE,gene_or_synonym,Enterococcus
enterococcus_faecalis,GCF_001598635.1,adhesion_enolase,NZ_CP014949.1,A3777_RS04155,WP_002357098.1,835044,836342,-,eno,phosphopyruvate hydratase,named_symbol,eno,gene_or_synonym,
enterococcus_faecalis,GCF_001598635.1,type_iv_pili,NZ_CP014949.1,A3777_RS04280,WP_002362054.1,858600,858953,-,comGG,competence type IV pilus minor pilin ComGG,product_description,type IV pilus,product,
enterococcus_faecalis,GCF_001598635.1,type_iv_pili,NZ_CP014949.1,A3777_RS04285,WP_002357060.1,858953,859387,-,comGF,competence type IV pilus minor pilin ComGF,product_description,type IV pilus,product,
enterococcus_faecalis,GCF_001598635.1,type_iv_pili,NZ_CP014949.1,A3777_RS04420,WP_002356991.1,876955,877230,-,comGC,competence type IV pilus major pilin ComGC,product_description,type IV pilus,product,
enterococcus_faecalis,GCF_001598635.1,type_iv_pili,NZ_CP014949.1,A3777_RS04425,WP_002401325.1,877230,878276,-,comGB,competence type IV pilus assembly protein ComGB,product_description,type IV pilus,product,
enterococcus_faecalis,GCF_001598635.1,type_iv_pili,NZ_CP014949.1,A3777_RS04430,WP_002401324.1,878233,879201,-,comGA,competence type IV pilus ATPase ComGA,product_description,type IV pilus,product,
enterococcus_faecalis,GCF_001598635.1,sortase,NZ_CP014949.1,A3777_RS08090,WP_002354994.1,1628320,1629054,+,,class A sortase,product_description,sortase,product,
enterococcus_faecalis,GCF_001598635.1,adhesion_autolysin,NZ_CP014949.1,A3777_RS12735,WP_002388928.1,2565344,2567557,+,,autolysin,product_description,autolysin,product,
enterococcus_faecalis,GCF_001689055.2,sortase,NZ_CP015410.2,A4V06_RS00590,WP_002354994.1,124397,125131,+,,class A sortase,product_description,sortase,product,
enterococcus_faecalis,GCF_001689055.2,enterococcus_asa,NZ_CP015410.2,A4V06_RS03055,WP_065535837.1,667595,671512,-,,LPXTG-anchored aggregation substance,product_description,aggregation substance,product,Enterococcus
enterococcus_faecalis,GCF_001689055.2,sortase,NZ_CP015410.2,A4V06_RS07740,WP_002363634.1,1564773,1565468,+,,class A sortase,product_description,sortase,product,
enterococcus_faecalis,GCF_001689055.2,enterococcus_ebp,NZ_CP015410.2,A4V06_RS07975,WP_157108320.1,1609570,1613034,+,ebpA,endocarditis and biofilm-associated pilus tip protein EbpA,named_symbol,ebpA,gene_or_synonym,Enterococcus
enterococcus_faecalis,GCF_001689055.2,enterococcus_ebp,NZ_CP015410.2,A4V06_RS07980,WP_002363678.1,1613038,1614468,+,ebpB,endocarditis and biofilm-associated pilus minor subunit EbpB,named_symbol,ebpB,gene_or_synonym,Enterococcus
enterococcus_faecalis,GCF_001689055.2,enterococcus_ebp,NZ_CP015410.2,A4V06_RS07985,WP_002363679.1,1614465,1616348,+,ebpC,endocarditis and biofilm-associated pilus major subunit EbpC,named_symbol,ebpC,gene_or_synonym,Enterococcus
enterococcus_faecalis,GCF_001689055.2,sortase,NZ_CP015410.2,A4V06_RS07990,WP_065536017.1,1616442,1617299,+,srtC,Ebp pilus assembly class C sortase,named_symbol,srtC,gene_or_synonym,
enterococcus_faecalis,GCF_001689055.2,enterococcus_ace,NZ_CP015410.2,A4V06_RS08045,WP_065536018.1,1622965,1624989,+,ace,collagen-binding MSCRAMM adhesin Ace,named_symbol,ace,gene_or_synonym,Enterococcus
enterococcus_faecalis,GCF_001689055.2,adhesion_fibronectin,NZ_CP015410.2,A4V06_RS08780,WP_002393195.1,1772350,1774062,-,efbA,fibronectin-binding protein EfbA,product_description,fibronectin-binding,product,
enterococcus_faecalis,GCF_001689055.2,adhesion_fbp,NZ_CP015410.2,A4V06_RS08780,WP_002393195.1,1772350,1774062,-,efbA,fibronectin-binding protein EfbA,product_description,fibronectin-binding,product,
enterococcus_faecalis,GCF_001689055.2,enterococcus_gelE,NZ_CP015410.2,A4V06_RS11240,WP_002380392.1,2275040,2276572,-,gelE,gelatinase GelE,named_symbol,gelE,gene_or_synonym,Enterococcus
enterococcus_faecalis,GCF_001689055.2,enterococcus_fsr,NZ_CP015410.2,A4V06_RS11245,WP_002393338.1,2276807,2278150,-,fsrC,sensor histidine kinase FsrC,named_symbol,fsrC,gene_or_synonym,Enterococcus
enterococcus_faecalis,GCF_001689055.2,enterococcus_fsr,NZ_CP015410.2,A4V06_RS11250,WP_002377181.1,2278147,2278875,-,fsrB,quorum-sensing system protein FsrB,named_symbol,fsrB,gene_or_synonym,Enterococcus
enterococcus_faecalis,GCF_001689055.2,enterococcus_fsr,NZ_CP015410.2,A4V06_RS11255,WP_078126945.1,2278964,2279695,-,fsrA,response regulator transcription factor FsrA,named_symbol,fsrA,gene_or_synonym,Enterococcus
enterococcus_faecalis,GCF_001689055.2,adhesion_enolase,NZ_CP015410.2,A4V06_RS11595,WP_002357098.1,2344343,2345641,-,eno,phosphopyruvate hydratase,named_symbol,eno,gene_or_synonym,
enterococcus_faecalis,GCF_001689055.2,type_iv_pili,NZ_CP015410.2,A4V06_RS11720,WP_002362054.1,2367899,2368252,-,comGG,competence type IV pilus minor pilin ComGG,product_description,type IV pilus,product,
enterococcus_faecalis,GCF_001689055.2,type_iv_pili,NZ_CP015410.2,A4V06_RS11725,WP_002357060.1,2368252,2368686,-,comGF,competence type IV pilus minor pilin ComGF,product_description,type IV pilus,product,
enterococcus_faecalis,GCF_001689055.2,type_iv_pili,NZ_CP015410.2,A4V06_RS11735,WP_002379576.1,2368968,2369414,-,comGD,competence type IV pilus minor pilin ComGD,product_description,type IV pilus,product,
enterococcus_faecalis,GCF_001689055.2,type_iv_pili,NZ_CP015410.2,A4V06_RS11740,WP_002380445.1,2369411,2369686,-,comGC,competence type IV pilus major pilin ComGC,product_description,type IV pilus,product,
enterococcus_faecalis,GCF_001689055.2,type_iv_pili,NZ_CP015410.2,A4V06_RS11745,WP_002369171.1,2369686,2370732,-,comGB,competence type IV pilus assembly protein ComGB,product_description,type IV pilus,product,
enterococcus_faecalis,GCF_001689055.2,type_iv_pili,NZ_CP015410.2,A4V06_RS11750,WP_002364362.1,2370689,2371657,-,comGA,competence type IV pilus ATPase ComGA,product_description,type IV pilus,product,
enterococcus_faecalis,GCF_001989555.1,adhesion_autolysin,NZ_CP019512.1,BZG32_RS03875,WP_010708290.1,734525,736738,+,,autolysin,product_description,autolysin,product,
enterococcus_faecalis,GCF_001989555.1,enterococcus_ebp,NZ_CP019512.1,BZG32_RS05735,WP_002360611.1,1071337,1074801,+,ebpA,endocarditis and biofilm-associated pilus tip protein EbpA,named_symbol,ebpA,gene_or_synonym,Enterococcus
enterococcus_faecalis,GCF_001989555.1,enterococcus_ebp,NZ_CP019512.1,BZG32_RS05740,WP_002360610.1,1074805,1076235,+,ebpB,endocarditis and biofilm-associated pilus minor subunit EbpB,named_symbol,ebpB,gene_or_synonym,Enterococcus
enterococcus_faecalis,GCF_001989555.1,enterococcus_ebp,NZ_CP019512.1,BZG32_RS05745,WP_002360608.1,1076232,1078115,+,ebpC,endocarditis and biofilm-associated pilus major subunit EbpC,named_symbol,ebpC,gene_or_synonym,Enterococcus
enterococcus_faecalis,GCF_001989555.1,sortase,NZ_CP019512.1,BZG32_RS05750,WP_077143657.1,1078209,1079066,+,srtC,Ebp pilus assembly class C sortase,named_symbol,srtC,gene_or_synonym,
enterococcus_faecalis,GCF_001989555.1,enterococcus_ace,NZ_CP019512.1,BZG32_RS05800,WP_429011916.1,1085338,1087248,+,ace,collagen-binding MSCRAMM adhesin Ace,named_symbol,ace,gene_or_synonym,Enterococcus
enterococcus_faecalis,GCF_001989555.1,adhesion_fibronectin,NZ_CP019512.1,BZG32_RS06535,WP_002360516.1,1234754,1236466,-,efbA,fibronectin-binding protein EfbA,product_description,fibronectin-binding,product,
enterococcus_faecalis,GCF_001989555.1,adhesion_fbp,NZ_CP019512.1,BZG32_RS06535,WP_002360516.1,1234754,1236466,-,efbA,fibronectin-binding protein EfbA,product_description,fibronectin-binding,product,
enterococcus_faecalis,GCF_001989555.1,enterococcus_gelE,NZ_CP019512.1,BZG32_RS09000,WP_002360104.1,1734834,1736366,-,gelE,gelatinase GelE,named_symbol,gelE,gene_or_synonym,Enterococcus
enterococcus_faecalis,GCF_001989555.1,adhesion_enolase,NZ_CP019512.1,BZG32_RS09615,WP_002357098.1,1846593,1847891,-,eno,phosphopyruvate hydratase,named_symbol,eno,gene_or_synonym,
enterococcus_faecalis,GCF_001989555.1,type_iv_pili,NZ_CP019512.1,BZG32_RS09740,WP_002360027.1,1870012,1870365,-,comGG,competence type IV pilus minor pilin ComGG,product_description,type IV pilus,product,
enterococcus_faecalis,GCF_001989555.1,type_iv_pili,NZ_CP019512.1,BZG32_RS09745,WP_002357060.1,1870365,1870799,-,comGF,competence type IV pilus minor pilin ComGF,product_description,type IV pilus,product,
enterococcus_faecalis,GCF_001989555.1,type_iv_pili,NZ_CP019512.1,BZG32_RS09755,WP_002360025.1,1871081,1871527,-,comGD,competence type IV pilus minor pilin ComGD,product_description,type IV pilus,product,
enterococcus_faecalis,GCF_001989555.1,type_iv_pili,NZ_CP019512.1,BZG32_RS09760,WP_002356991.1,1871524,1871799,-,comGC,competence type IV pilus major pilin ComGC,product_description,type IV pilus,product,
enterococcus_faecalis,GCF_001989555.1,type_iv_pili,NZ_CP019512.1,BZG32_RS09775,WP_002360023.1,1872801,1873769,-,comGA,competence type IV pilus ATPase ComGA,product_description,type IV pilus,product,
enterococcus_faecalis,GCF_001989555.1,sortase,NZ_CP019512.1,BZG32_RS11895,WP_010708079.1,2301454,2302182,-,,class A sortase,product_description,sortase,product,
enterococcus_faecalis,GCF_001989555.1,sortase,NZ_CP019512.1,BZG32_RS14760,WP_002354994.1,2817647,2818381,+,,class A sortase,product_description,sortase,product,
enterococcus_faecalis,GCF_001989555.1,enterococcus_asa,NZ_CP019513.1,BZG32_RS16250,WP_010785625.1,7334,11224,-,asa1,LPXTG-anchored aggregation substance Asa1,named_symbol,asa1,gene_or_synonym,Enterococcus
enterococcus_faecalis,GCF_002163735.1,sortase,NZ_CP015883.1,A6B47_RS01200,WP_087548516.1,267331,268059,+,,class A sortase,product_description,sortase,product,
enterococcus_faecalis,GCF_002163735.1,enterococcus_ebp,NZ_CP015883.1,A6B47_RS05135,WP_157662388.1,1017872,1021336,+,ebpA,endocarditis and biofilm-associated pilus tip protein EbpA,named_symbol,ebpA,gene_or_synonym,Enterococcus
enterococcus_faecalis,GCF_002163735.1,enterococcus_ebp,NZ_CP015883.1,A6B47_RS05140,WP_002379309.1,1021340,1022770,+,ebpB,endocarditis and biofilm-associated pilus minor subunit EbpB,named_symbol,ebpB,gene_or_synonym,Enterococcus
enterococcus_faecalis,GCF_002163735.1,enterococcus_ebp,NZ_CP015883.1,A6B47_RS05145,WP_002379310.1,1022767,1024650,+,ebpC,endocarditis and biofilm-associated pilus major subunit EbpC,named_symbol,ebpC,gene_or_synonym,Enterococcus
enterococcus_faecalis,GCF_002163735.1,sortase,NZ_CP015883.1,A6B47_RS05150,WP_002379311.1,1024744,1025598,+,srtC,Ebp pilus assembly class C sortase,named_symbol,srtC,gene_or_synonym,
enterococcus_faecalis,GCF_002163735.1,enterococcus_ace,NZ_CP015883.1,A6B47_RS05185,WP_010714416.1,1028680,1030704,+,ace,collagen-binding MSCRAMM adhesin Ace,named_symbol,ace,gene_or_synonym,Enterococcus
enterococcus_faecalis,GCF_002163735.1,adhesion_fibronectin,NZ_CP015883.1,A6B47_RS05925,WP_002379361.1,1178377,1180089,-,efbA,fibronectin-binding protein EfbA,product_description,fibronectin-binding,product,
enterococcus_faecalis,GCF_002163735.1,adhesion_fbp,NZ_CP015883.1,A6B47_RS05925,WP_002379361.1,1178377,1180089,-,efbA,fibronectin-binding protein EfbA,product_description,fibronectin-binding,product,
enterococcus_faecalis,GCF_002163735.1,enterococcus_gelE,NZ_CP015883.1,A6B47_RS08395,WP_002379531.1,1681679,1683211,-,gelE,gelatinase GelE,named_symbol,gelE,gene_or_synonym,Enterococcus
enterococcus_faecalis,GCF_002163735.1,enterococcus_fsr,NZ_CP015883.1,A6B47_RS08400,WP_002408850.1,1683446,1684789,-,fsrC,sensor histidine kinase FsrC,named_symbol,fsrC,gene_or_synonym,Enterococcus
enterococcus_faecalis,GCF_002163735.1,enterococcus_fsr,NZ_CP015883.1,A6B47_RS08405,WP_002377181.1,1684786,1685514,-,fsrB,quorum-sensing system protein FsrB,named_symbol,fsrB,gene_or_synonym,Enterococcus
enterococcus_faecalis,GCF_002163735.1,enterococcus_fsr,NZ_CP015883.1,A6B47_RS08410,WP_079997754.1,1685603,1686334,-,fsrA,response regulator transcription factor FsrA,named_symbol,fsrA,gene_or_synonym,Enterococcus
enterococcus_faecalis,GCF_002163735.1,adhesion_enolase,NZ_CP015883.1,A6B47_RS08960,WP_002357098.1,1791357,1792655,-,eno,phosphopyruvate hydratase,named_symbol,eno,gene_or_synonym,
enterococcus_faecalis,GCF_002163735.1,type_iv_pili,NZ_CP015883.1,A6B47_RS09085,WP_002362054.1,1814918,1815271,-,comGG,competence type IV pilus minor pilin ComGG,product_description,type IV pilus,product,
enterococcus_faecalis,GCF_002163735.1,type_iv_pili,NZ_CP015883.1,A6B47_RS09090,WP_002357060.1,1815271,1815705,-,comGF,competence type IV pilus minor pilin ComGF,product_description,type IV pilus,product,
enterococcus_faecalis,GCF_002163735.1,type_iv_pili,NZ_CP015883.1,A6B47_RS09350,WP_087548642.1,1855411,1855854,-,comGD,competence type IV pilus minor pilin ComGD,product_description,type IV pilus,product,
enterococcus_faecalis,GCF_002163735.1,type_iv_pili,NZ_CP015883.1,A6B47_RS09355,WP_002356991.1,1855851,1856126,-,comGC,competence type IV pilus major pilin ComGC,product_description,type IV pilus,product,
enterococcus_faecalis,GCF_002163735.1,type_iv_pili,NZ_CP015883.1,A6B47_RS09360,WP_002356990.1,1856126,1857172,-,comGB,competence type IV pilus assembly protein ComGB,product_description,type IV pilus,product,
enterococcus_faecalis,GCF_002163735.1,type_iv_pili,NZ_CP015883.1,A6B47_RS09365,WP_002364362.1,1857129,1858097,-,comGA,competence type IV pilus ATPase ComGA,product_description,type IV pilus,product,
enterococcus_faecalis,GCF_002163735.1,sortase,NZ_CP015883.1,A6B47_RS12930,WP_002354994.1,2600870,2601604,+,,class A sortase,product_description,sortase,product,
enterococcus_faecalis,GCF_002163735.1,enterococcus_asa,NZ_CP015885.1,A6B47_RS15005,WP_087548819.1,9866,13783,+,prgB,LPXTG-anchored aggregation substance PrgB/Asc10,product_description,aggregation substance,product,Enterococcus
enterococcus_faecalis,GCF_002208945.1,sortase,NZ_CP022059.1,CEQ16_RS04645,WP_002378798.1,882350,883084,-,,class A sortase,product_description,sortase,product,
enterococcus_faecalis,GCF_002208945.1,enterococcus_ebp,NZ_CP022059.1,CEQ16_RS07375,WP_002358129.1,1394382,1397846,+,ebpA,endocarditis and biofilm-associated pilus tip protein EbpA,named_symbol,ebpA,gene_or_synonym,Enterococcus
enterococcus_faecalis,GCF_002208945.1,enterococcus_ebp,NZ_CP022059.1,CEQ16_RS07380,WP_002358128.1,1397850,1399280,+,ebpB,endocarditis and biofilm-associated pilus minor subunit EbpB,named_symbol,ebpB,gene_or_synonym,Enterococcus
enterococcus_faecalis,GCF_002208945.1,enterococcus_ebp,NZ_CP022059.1,CEQ16_RS07385,WP_002358127.1,1399277,1401160,+,ebpC,endocarditis and biofilm-associated pilus major subunit EbpC,named_symbol,ebpC,gene_or_synonym,Enterococcus
enterococcus_faecalis,GCF_002208945.1,sortase,NZ_CP022059.1,CEQ16_RS07390,WP_002381998.1,1401254,1402108,+,srtC,Ebp pilus assembly class C sortase,named_symbol,srtC,gene_or_synonym,
enterococcus_faecalis,GCF_002208945.1,adhesion_fibronectin,NZ_CP022059.1,CEQ16_RS08150,WP_002357882.1,1552819,1554531,-,efbA,fibronectin-binding protein EfbA,product_description,fibronectin-binding,product,
enterococcus_faecalis,GCF_002208945.1,adhesion_fbp,NZ_CP022059.1,CEQ16_RS08150,WP_002357882.1,1552819,1554531,-,efbA,fibronectin-binding protein EfbA,product_description,fibronectin-binding,product,
enterococcus_faecalis,GCF_002208945.1,enterococcus_gelE,NZ_CP022059.1,CEQ16_RS10785,WP_079999060.1,2086668,2088200,-,gelE,gelatinase GelE,named_symbol,gelE,gene_or_synonym,Enterococcus
enterococcus_faecalis,GCF_002208945.1,enterococcus_fsr,NZ_CP022059.1,CEQ16_RS10790,WP_002398716.1,2088435,2089778,-,fsrC,sensor histidine kinase FsrC,named_symbol,fsrC,gene_or_synonym,Enterococcus
enterococcus_faecalis,GCF_002208945.1,enterococcus_fsr,NZ_CP022059.1,CEQ16_RS10795,WP_002381779.1,2089775,2090503,-,fsrB,quorum-sensing system protein FsrB,named_symbol,fsrB,gene_or_synonym,Enterococcus
enterococcus_faecalis,GCF_002208945.1,adhesion_enolase,NZ_CP022059.1,CEQ16_RS11105,WP_002357098.1,2147715,2149013,-,eno,phosphopyruvate hydratase,named_symbol,eno,gene_or_synonym,
enterococcus_faecalis,GCF_002208945.1,type_iv_pili,NZ_CP022059.1,CEQ16_RS11230,WP_002381743.1,2171137,2171490,-,comGG,competence type IV pilus minor pilin ComGG,product_description,type IV pilus,product,
enterococcus_faecalis,GCF_002208945.1,type_iv_pili,NZ_CP022059.1,CEQ16_RS11235,WP_002357060.1,2171490,2171924,-,comGF,competence type IV pilus minor pilin ComGF,product_description,type IV pilus,product,
enterococcus_faecalis,GCF_002208945.1,type_iv_pili,NZ_CP022059.1,CEQ16_RS11520,WP_002381715.1,2209353,2209796,-,comGD,competence type IV pilus minor pilin ComGD,product_description,type IV pilus,product,
enterococcus_faecalis,GCF_002208945.1,type_iv_pili,NZ_CP022059.1,CEQ16_RS11525,WP_002356991.1,2209793,2210068,-,comGC,competence type IV pilus major pilin ComGC,product_description,type IV pilus,product,
enterococcus_faecalis,GCF_002208945.1,type_iv_pili,NZ_CP022059.1,CEQ16_RS11530,WP_002356990.1,2210068,2211114,-,comGB,competence type IV pilus assembly protein ComGB,product_description,type IV pilus,product,
enterococcus_faecalis,GCF_002208945.1,type_iv_pili,NZ_CP022059.1,CEQ16_RS11535,WP_002364362.1,2211071,2212039,-,comGA,competence type IV pilus ATPase ComGA,product_description,type IV pilus,product,
enterococcus_faecalis,GCF_002208945.1,adhesion_autolysin,NZ_CP022059.1,CEQ16_RS14085,WP_002386158.1,2727201,2729414,-,,autolysin,product_description,autolysin,product,
fusobacterium_nucleatum,GCF_028621975.1,adhesion_enolase,NZ_CP117525.1,PSR69_RS00785,WP_273833549.1,151683,152987,+,eno,phosphopyruvate hydratase,named_symbol,eno,gene_or_synonym,
fusobacterium_nucleatum,GCF_028621975.1,type_iv_pili,NZ_CP117525.1,PSR69_RS01450,WP_273833639.1,280225,281175,+,,type IV pilus twitching motility protein PilT,product_description,type IV pilus,product,
fusobacterium_nucleatum,GCF_028621975.1,fn_adhesin,NZ_CP117525.1,PSR69_RS01765,WP_008796594.1,365841,366944,+,fomA,major outer membrane protein FomA,named_symbol,fomA,gene_or_synonym,Fusobacterium
fusobacterium_nucleatum,GCF_028621975.1,fn_adhesin,NZ_CP117525.1,PSR69_RS02595,WP_273833793.1,542784,543188,+,,adhesion protein FadA,named_symbol,fadA,product,Fusobacterium
fusobacterium_nucleatum,GCF_028621975.1,adhesion_fibronectin,NZ_CP117525.1,PSR69_RS04095,WP_273834011.1,878866,880491,+,,Rqc2 family fibronectin-binding protein,product_description,fibronectin-binding,product,
fusobacterium_nucleatum,GCF_028621975.1,adhesion_fbp,NZ_CP117525.1,PSR69_RS04095,WP_273834011.1,878866,880491,+,,Rqc2 family fibronectin-binding protein,product_description,fibronectin-binding,product,
fusobacterium_nucleatum,GCF_028621975.1,fn_adhesin,NZ_CP117525.1,PSR69_RS07960,WP_008796914.1,1697464,1697853,-,,adhesion protein FadA,named_symbol,fadA,product,Fusobacterium
fusobacterium_nucleatum,GCF_028621975.1,fn_adhesin,NZ_CP117525.1,PSR69_RS08080,WP_273833177.1,1727339,1738723,-,fap2,galactose-inhibitable autotransporter adhesin Fap2,named_symbol,fap2,gene_or_synonym,Fusobacterium
fusobacterium_nucleatum,GCF_028621975.1,fn_adhesin,NZ_CP117525.1,PSR69_RS08505,WP_273833248.1,1825910,1836343,-,radD,autotransporter adhesin RadD,named_symbol,radD,gene_or_synonym,Fusobacterium
fusobacterium_nucleatum,GCF_028621975.1,fn_adhesin,NZ_CP117525.1,PSR69_RS08520,WP_005887874.1,1837166,1837537,-,,adhesion protein FadA,named_symbol,fadA,product,Fusobacterium
fusobacterium_nucleatum,GCF_028621975.1,fn_adhesin,NZ_CP117525.1,PSR69_RS09920,WP_020975217.1,2136760,2137164,-,,adhesion protein FadA,named_symbol,fadA,product,Fusobacterium
fusobacterium_nucleatum,GCF_028621995.1,fn_adhesin,NZ_CP117526.1,PSR67_RS00265,WP_273858434.1,54071,54475,+,,adhesion protein FadA,named_symbol,fadA,product,Fusobacterium
fusobacterium_nucleatum,GCF_028621995.1,fn_adhesin,NZ_CP117526.1,PSR67_RS00970,WP_150153792.1,203576,203947,+,,adhesion protein FadA,named_symbol,fadA,product,Fusobacterium
fusobacterium_nucleatum,GCF_028621995.1,fn_adhesin,NZ_CP117526.1,PSR67_RS00985,WP_273858553.1,204832,215436,+,radD,autotransporter adhesin RadD,named_symbol,radD,gene_or_synonym,Fusobacterium
fusobacterium_nucleatum,GCF_028621995.1,fn_adhesin,NZ_CP117526.1,PSR67_RS01565,WP_273858676.1,336817,337221,+,,adhesion protein FadA,named_symbol,fadA,product,Fusobacterium
fusobacterium_nucleatum,GCF_028621995.1,fn_adhesin,NZ_CP117526.1,PSR67_RS01635,WP_150153102.1,356323,356712,+,,adhesion protein FadA,named_symbol,fadA,product,Fusobacterium
fusobacterium_nucleatum,GCF_028621995.1,adhesion_fibronectin,NZ_CP117526.1,PSR67_RS03720,WP_273859131.1,793927,795552,+,,Rqc2 family fibronectin-binding protein,product_description,fibronectin-binding,product,
fusobacterium_nucleatum,GCF_028621995.1,adhesion_fbp,NZ_CP117526.1,PSR67_RS03720,WP_273859131.1,793927,795552,+,,Rqc2 family fibronectin-binding protein,product_description,fibronectin-binding,product,
fusobacterium_nucleatum,GCF_028621995.1,fn_adhesin,NZ_CP117526.1,PSR67_RS07915,WP_273858054.1,1670006,1671130,-,fomA,major outer membrane protein FomA,named_symbol,fomA,gene_or_synonym,Fusobacterium
fusobacterium_nucleatum,GCF_028621995.1,fn_adhesin,NZ_CP117526.1,PSR67_RS07920,WP_273858056.1,1671333,1672490,-,fomA,major outer membrane protein FomA,named_symbol,fomA,gene_or_synonym,Fusobacterium
fusobacterium_nucleatum,GCF_028621995.1,type_iv_pili,NZ_CP117526.1,PSR67_RS08175,WP_273858111.1,1716746,1717696,-,,type IV pilus twitching motility protein PilT,product_description,type IV pilus,product,
fusobacterium_nucleatum,GCF_028621995.1,adhesion_enolase,NZ_CP117526.1,PSR67_RS09270,WP_273858290.1,1934171,1935475,-,eno,phosphopyruvate hydratase,named_symbol,eno,gene_or_synonym,
fusobacterium_nucleatum,GCF_031191795.1,fn_adhesin,NZ_CP133474.1,RDV57_RS00550,WP_023040738.1,111561,111956,+,,adhesion protein FadA,named_symbol,fadA,product,Fusobacterium
fusobacterium_nucleatum,GCF_031191795.1,fn_adhesin,NZ_CP133474.1,RDV57_RS00625,WP_005903511.1,129636,130025,+,,adhesion protein FadA,named_symbol,fadA,product,Fusobacterium
fusobacterium_nucleatum,GCF_031191795.1,adhesion_fibronectin,NZ_CP133474.1,RDV57_RS02690,WP_011016576.1,583008,584633,+,,Rqc2 family fibronectin-binding protein,product_description,fibronectin-binding,product,
fusobacterium_nucleatum,GCF_031191795.1,adhesion_fbp,NZ_CP133474.1,RDV57_RS02690,WP_011016576.1,583008,584633,+,,Rqc2 family fibronectin-binding protein,product_description,fibronectin-binding,product,
fusobacterium_nucleatum,GCF_031191795.1,fn_adhesin,NZ_CP133474.1,RDV57_RS06430,WP_309175186.1,1364747,1375963,-,fap2,galactose-inhibitable autotransporter adhesin Fap2,named_symbol,fap2,gene_or_synonym,Fusobacterium
fusobacterium_nucleatum,GCF_031191795.1,fn_adhesin,NZ_CP133474.1,RDV57_RS06795,WP_106991714.1,1451963,1462381,-,radD,autotransporter adhesin RadD,named_symbol,radD,gene_or_synonym,Fusobacterium
fusobacterium_nucleatum,GCF_031191795.1,fn_adhesin,NZ_CP133474.1,RDV57_RS06810,WP_005903792.1,1463204,1463575,-,,adhesion protein FadA,named_symbol,fadA,product,Fusobacterium
fusobacterium_nucleatum,GCF_031191795.1,type_iv_pili,NZ_CP133474.1,RDV57_RS07220,WP_011015708.1,1542747,1543697,-,,type IV pilus twitching motility protein PilT,product_description,type IV pilus,product,
fusobacterium_nucleatum,GCF_031191795.1,adhesion_enolase,NZ_CP133474.1,RDV57_RS07950,WP_011015819.1,1676903,1678207,-,eno,phosphopyruvate hydratase,named_symbol,eno,gene_or_synonym,
fusobacterium_nucleatum,GCF_031191795.1,fn_adhesin,NZ_CP133474.1,RDV57_RS09170,WP_023040738.1,1911646,1912041,+,,adhesion protein FadA,named_symbol,fadA,product,Fusobacterium
fusobacterium_nucleatum,GCF_031191795.1,fn_adhesin,NZ_CP133474.1,RDV57_RS09215,WP_023040738.1,1925722,1926117,+,,adhesion protein FadA,named_symbol,fadA,product,Fusobacterium
fusobacterium_nucleatum,GCF_031191795.1,fn_adhesin,NZ_CP133474.1,RDV57_RS10140,WP_011015879.1,2137049,2138155,+,fomA,major outer membrane protein FomA,named_symbol,fomA,gene_or_synonym,Fusobacterium
fusobacterium_nucleatum,GCF_037889055.1,fn_adhesin,NZ_CP077164.1,KST21_RS00370,WP_023040738.1,79372,79767,+,,adhesion protein FadA,named_symbol,fadA,product,Fusobacterium
fusobacterium_nucleatum,GCF_037889055.1,fn_adhesin,NZ_CP077164.1,KST21_RS00415,WP_023040738.1,93333,93728,+,,adhesion protein FadA,named_symbol,fadA,product,Fusobacterium
fusobacterium_nucleatum,GCF_037889055.1,adhesion_enolase,NZ_CP077164.1,KST21_RS00980,WP_338941352.1,201460,202764,+,eno,phosphopyruvate hydratase,named_symbol,eno,gene_or_synonym,
fusobacterium_nucleatum,GCF_037889055.1,type_iv_pili,NZ_CP077164.1,KST21_RS01745,WP_011015708.1,341416,342366,+,,type IV pilus twitching motility protein PilT,product_description,type IV pilus,product,
fusobacterium_nucleatum,GCF_037889055.1,fn_adhesin,NZ_CP077164.1,KST21_RS02180,WP_005903792.1,424497,424868,+,,adhesion protein FadA,named_symbol,fadA,product,Fusobacterium
fusobacterium_nucleatum,GCF_037889055.1,fn_adhesin,NZ_CP077164.1,KST21_RS02195,WP_338941660.1,425691,436079,+,radD,autotransporter adhesin RadD,named_symbol,radD,gene_or_synonym,Fusobacterium
fusobacterium_nucleatum,GCF_037889055.1,fn_adhesin,NZ_CP077164.1,KST21_RS02565,WP_338941731.1,513502,524718,+,fap2,galactose-inhibitable autotransporter adhesin Fap2,named_symbol,fap2,gene_or_synonym,Fusobacterium
fusobacterium_nucleatum,GCF_037889055.1,adhesion_fibronectin,NZ_CP077164.1,KST21_RS06695,WP_338940510.1,1369896,1371521,-,,Rqc2 family fibronectin-binding protein,product_description,fibronectin-binding,product,
fusobacterium_nucleatum,GCF_037889055.1,adhesion_fbp,NZ_CP077164.1,KST21_RS06695,WP_338940510.1,1369896,1371521,-,,Rqc2 family fibronectin-binding protein,product_description,fibronectin-binding,product,
fusobacterium_nucleatum,GCF_037889055.1,fn_adhesin,NZ_CP077164.1,KST21_RS09025,WP_005903511.1,1867205,1867594,-,,adhesion protein FadA,named_symbol,fadA,product,Fusobacterium
fusobacterium_nucleatum,GCF_037889055.1,fn_adhesin,NZ_CP077164.1,KST21_RS09105,WP_023040738.1,1885266,1885661,-,,adhesion protein FadA,named_symbol,fadA,product,Fusobacterium
fusobacterium_nucleatum,GCF_037889055.1,fn_adhesin,NZ_CP077164.1,KST21_RS09880,WP_011015879.1,2041998,2043104,-,fomA,major outer membrane protein FomA,named_symbol,fomA,gene_or_synonym,Fusobacterium
fusobacterium_nucleatum,GCF_037889065.1,adhesion_enolase,NZ_CP077165.1,KST22_RS00645,WP_338947770.1,120188,121492,+,eno,phosphopyruvate hydratase,named_symbol,eno,gene_or_synonym,
fusobacterium_nucleatum,GCF_037889065.1,type_iv_pili,NZ_CP077165.1,KST22_RS01565,WP_273858111.1,305831,306781,+,,type IV pilus twitching motility protein PilT,product_description,type IV pilus,product,
fusobacterium_nucleatum,GCF_037889065.1,fn_adhesin,NZ_CP077165.1,KST22_RS01825,WP_294728823.1,352742,353896,+,fomA,major outer membrane protein FomA,named_symbol,fomA,gene_or_synonym,Fusobacterium
fusobacterium_nucleatum,GCF_037889065.1,fn_adhesin,NZ_CP077165.1,KST22_RS01830,WP_338943211.1,354099,355223,+,fomA,major outer membrane protein FomA,named_symbol,fomA,gene_or_synonym,Fusobacterium
fusobacterium_nucleatum,GCF_037889065.1,fn_adhesin,NZ_CP077165.1,KST22_RS08760,WP_150153102.1,1765205,1765594,-,,adhesion protein FadA,named_symbol,fadA,product,Fusobacterium
fusobacterium_nucleatum,GCF_037889065.1,fn_adhesin,NZ_CP077165.1,KST22_RS08830,WP_150153904.1,1784696,1785100,-,,adhesion protein FadA,named_symbol,fadA,product,Fusobacterium
fusobacterium_nucleatum,GCF_037889065.1,fn_adhesin,NZ_CP077165.1,KST22_RS09420,WP_338948762.1,1926894,1937519,-,radD,autotransporter adhesin RadD,named_symbol,radD,gene_or_synonym,Fusobacterium
fusobacterium_nucleatum,GCF_037889065.1,fn_adhesin,NZ_CP077165.1,KST22_RS09435,WP_150153792.1,1938404,1938775,-,,adhesion protein FadA,named_symbol,fadA,product,Fusobacterium
fusobacterium_nucleatum,GCF_037889065.1,fn_adhesin,NZ_CP077165.1,KST22_RS10085,WP_338947685.1,2087353,2087757,-,,adhesion protein FadA,named_symbol,fadA,product,Fusobacterium
porphyromonas_gingivalis,GCF_001263815.1,sortase,NZ_CP011995.1,PGA7_RS00120,WP_005874469.1,29270,32746,+,porU,type IX secretion system sortase PorU,product_description,sortase,product,
porphyromonas_gingivalis,GCF_001263815.1,pg_fimbriae,NZ_CP011995.1,PGA7_RS00800,WP_052912071.1,200012,201703,+,mfa1,fimbria major subunit Mfa1,named_symbol,mfa1,gene_or_synonym,Porphyromonas
porphyromonas_gingivalis,GCF_001263815.1,pg_gingipain,NZ_CP011995.1,PGA7_RS06770,WP_010956050.1,1616487,1618697,-,rgpB,Arg-gingipain RgpB,named_symbol,rgpB,gene_or_synonym,Porphyromonas
porphyromonas_gingivalis,GCF_001263815.1,adhesion_enolase,NZ_CP011995.1,PGA7_RS08135,WP_005874130.1,1939425,1940702,-,eno,phosphopyruvate hydratase,named_symbol,eno,gene_or_synonym,
porphyromonas_gingivalis,GCF_001263815.1,pg_hagA,NZ_CP011995.1,PGA7_RS08180,WP_052912322.1,1951482,1957976,+,hagA,hemagglutinin A,named_symbol,hagA,gene_or_synonym,Porphyromonas
porphyromonas_gingivalis,GCF_001263815.1,pg_gingipain,NZ_CP011995.1,PGA7_RS08195,WP_052912324.1,1961003,1966201,+,kgp,Lys-gingipain Kgp,named_symbol,kgp,gene_or_synonym,Porphyromonas
porphyromonas_gingivalis,GCF_001263815.1,pg_gingipain,NZ_CP011995.1,PGA7_RS09040,WP_010956476.1,2141470,2146590,-,rgpA,Arg-gingipain RgpA,named_symbol,rgpA,gene_or_synonym,Porphyromonas
porphyromonas_gingivalis,GCF_002753935.1,pg_gingipain,NZ_CP024596.1,CS549_RS01685,WP_099837568.1,398977,401187,-,rgpB,Arg-gingipain RgpB,named_symbol,rgpB,gene_or_synonym,Porphyromonas
porphyromonas_gingivalis,GCF_002753935.1,adhesion_enolase,NZ_CP024596.1,CS549_RS03225,WP_021662359.1,730689,731966,+,eno,phosphopyruvate hydratase,named_symbol,eno,gene_or_synonym,
porphyromonas_gingivalis,GCF_002753935.1,pg_gingipain,NZ_CP024596.1,CS549_RS03455,WP_099837855.1,788695,793896,+,kgp,Lys-gingipain Kgp,named_symbol,kgp,gene_or_synonym,Porphyromonas
porphyromonas_gingivalis,GCF_002753935.1,pg_gingipain,NZ_CP024596.1,CS549_RS04290,WP_099837990.1,955766,960868,-,rgpA,Arg-gingipain RgpA,named_symbol,rgpA,gene_or_synonym,Porphyromonas
porphyromonas_gingivalis,GCF_002753935.1,sortase,NZ_CP024596.1,CS549_RS05035,WP_099838091.1,1135962,1139438,+,porU,type IX secretion system sortase PorU,product_description,sortase,product,
porphyromonas_gingivalis,GCF_002753935.1,pg_fimbriae,NZ_CP024596.1,CS549_RS06075,WP_198404536.1,1371624,1373120,+,,Mfa1 family fimbria major subunit,named_symbol,mfa1,product,Porphyromonas
porphyromonas_gingivalis,GCF_002753955.1,pg_gingipain,NZ_CP024601.1,CS387_RS04565,WP_077094357.1,974163,976373,-,rgpB,Arg-gingipain RgpB,named_symbol,rgpB,gene_or_synonym,Porphyromonas
porphyromonas_gingivalis,GCF_002753955.1,pg_gingipain,NZ_CP024601.1,CS387_RS06110,WP_099896062.1,1314551,1319749,-,kgp,Lys-gingipain Kgp,named_symbol,kgp,gene_or_synonym,Porphyromonas
porphyromonas_gingivalis,GCF_002753955.1,pg_hagA,NZ_CP024601.1,CS387_RS06130,WP_099896065.1,1322776,1329270,-,hagA,hemagglutinin A,named_symbol,hagA,gene_or_synonym,Porphyromonas
porphyromonas_gingivalis,GCF_002753955.1,adhesion_enolase,NZ_CP024601.1,CS387_RS06195,WP_004583459.1,1341208,1342485,+,eno,phosphopyruvate hydratase,named_symbol,eno,gene_or_synonym,
porphyromonas_gingivalis,GCF_002753955.1,pg_gingipain,NZ_CP024601.1,CS387_RS06945,WP_099896128.1,1490839,1495950,-,rgpA,Arg-gingipain RgpA,named_symbol,rgpA,gene_or_synonym,Porphyromonas
porphyromonas_gingivalis,GCF_002753955.1,sortase,NZ_CP024601.1,CS387_RS07740,WP_099896191.1,1678673,1682149,+,porU,type IX secretion system sortase PorU,product_description,sortase,product,
porphyromonas_gingivalis,GCF_002753955.1,pg_fimbriae,NZ_CP024601.1,CS387_RS08830,WP_099896273.1,1920583,1922286,+,mfa1,fimbria major subunit Mfa1,named_symbol,mfa1,gene_or_synonym,Porphyromonas
porphyromonas_gingivalis,GCF_002753975.1,sortase,NZ_CP024600.1,CS543_RS00595,WP_077084691.1,132350,135826,-,porU,type IX secretion system sortase PorU,product_description,sortase,product,
porphyromonas_gingivalis,GCF_002753975.1,pg_gingipain,NZ_CP024600.1,CS543_RS01550,WP_099809228.1,338036,343150,-,rgpA,Arg-gingipain RgpA,named_symbol,rgpA,gene_or_synonym,Porphyromonas
porphyromonas_gingivalis,GCF_002753975.1,pg_gingipain,NZ_CP024600.1,CS543_RS02190,WP_099809248.1,478997,484174,-,kgp,Lys-gingipain Kgp,named_symbol,kgp,gene_or_synonym,Porphyromonas
porphyromonas_gingivalis,GCF_002753975.1,adhesion_enolase,NZ_CP024600.1,CS543_RS02550,WP_021662359.1,558104,559381,+,eno,phosphopyruvate hydratase,named_symbol,eno,gene_or_synonym,
porphyromonas_gingivalis,GCF_002753975.1,pg_gingipain,NZ_CP024600.1,CS543_RS04000,WP_077084491.1,880585,882795,+,rgpB,Arg-gingipain RgpB,named_symbol,rgpB,gene_or_synonym,Porphyromonas
porphyromonas_gingivalis,GCF_002753975.1,pg_fimbriae,NZ_CP024600.1,CS543_RS10905,WP_179099003.1,2377981,2379477,-,,Mfa1 family fimbria major subunit,named_symbol,mfa1,product,Porphyromonas
porphyromonas_gingivalis,GCF_002754015.1,pg_fimbriae,NZ_CP024591.1,CS544_RS04620,WP_099777567.1,1037172,1038863,-,mfa1,fimbria major subunit Mfa1,named_symbol,mfa1,gene_or_synonym,Porphyromonas
porphyromonas_gingivalis,GCF_002754015.1,sortase,NZ_CP024591.1,CS544_RS05740,WP_099777648.1,1282407,1285883,-,porU,type IX secretion system sortase PorU,product_description,sortase,product,
porphyromonas_gingivalis,GCF_002754015.1,pg_gingipain,NZ_CP024591.1,CS544_RS06390,WP_099777693.1,1443283,1448403,-,rgpA,Arg-gingipain RgpA,named_symbol,rgpA,gene_or_synonym,Porphyromonas
porphyromonas_gingivalis,GCF_002754015.1,adhesion_enolase,NZ_CP024591.1,CS544_RS07600,WP_005874130.1,1689569,1690846,-,eno,phosphopyruvate hydratase,named_symbol,eno,gene_or_synonym,
porphyromonas_gingivalis,GCF_002754015.1,pg_hagA,NZ_CP024591.1,CS544_RS07655,WP_099777772.1,1701637,1708131,+,hagA,hemagglutinin A,named_symbol,hagA,gene_or_synonym,Porphyromonas
porphyromonas_gingivalis,GCF_002754015.1,pg_gingipain,NZ_CP024591.1,CS544_RS07675,WP_099777774.1,1711158,1716335,+,kgp,Lys-gingipain Kgp,named_symbol,kgp,gene_or_synonym,Porphyromonas
porphyromonas_gingivalis,GCF_002754015.1,pg_gingipain,NZ_CP024591.1,CS544_RS08895,WP_099777849.1,1986956,1989166,+,rgpB,Arg-gingipain RgpB,named_symbol,rgpB,gene_or_synonym,Porphyromonas
prevotella_intermedia,GCF_001548195.1,sortase,NZ_AP014925.1,PI172_RS02385,WP_014708899.1,601271,604816,+,porU,type IX secretion system sortase PorU,product_description,sortase,product,
prevotella_intermedia,GCF_001548195.1,adhesion_enolase,NZ_AP014925.1,PI172_RS04205,WP_014710275.1,1042066,1043373,-,eno,phosphopyruvate hydratase,named_symbol,eno,gene_or_synonym,
prevotella_intermedia,GCF_001953935.1,adhesion_enolase,NZ_CP019302.1,BWX40_RS07345,WP_014710275.1,1611138,1612445,+,eno,phosphopyruvate hydratase,named_symbol,eno,gene_or_synonym,
prevotella_intermedia,GCF_001953935.1,sortase,NZ_CP019302.1,BWX40_RS09240,WP_014708899.1,2049694,2053239,-,porU,type IX secretion system sortase PorU,product_description,sortase,product,
prevotella_intermedia,GCF_002355195.1,adhesion_enolase,NZ_AP014597.1,PIOMA14_RS00360,WP_096404749.1,86402,87709,-,eno,phosphopyruvate hydratase,named_symbol,eno,gene_or_synonym,
prevotella_intermedia,GCF_002355195.1,sortase,NZ_AP014597.1,PIOMA14_RS08880,WP_096406312.1,1957087,1960632,+,porU,type IX secretion system sortase PorU,product_description,sortase,product,
prevotella_intermedia,GCF_002763535.1,adhesion_enolase,NZ_CP024696.1,CTM50_RS05390,WP_100022960.1,1149412,1150719,+,eno,phosphopyruvate hydratase,named_symbol,eno,gene_or_synonym,
prevotella_intermedia,GCF_002763535.1,sortase,NZ_CP024696.1,CTM50_RS07000,WP_100023163.1,1543631,1547176,-,porU,type IX secretion system sortase PorU,product_description,sortase,product,
prevotella_intermedia,GCF_002763575.1,sortase,NZ_CP024697.1,CTM61_RS05855,WP_099984008.1,1317106,1320651,+,porU,type IX secretion system sortase PorU,product_description,sortase,product,
prevotella_intermedia,GCF_002763575.1,adhesion_enolase,NZ_CP024697.1,CTM61_RS07605,WP_045167467.1,1738885,1740192,+,eno,phosphopyruvate hydratase,named_symbol,eno,gene_or_synonym,
staphylococcus_capitis,GCF_002356175.1,biofilm_ica,NZ_AP014956.1,JMUB0001_RS00835,WP_096389090.1,187026,188099,-,icaC,polysaccharide intercellular adhesin biosynthesis/export protein IcaC,named_symbol,icaC,gene_or_synonym,Staphylococcus
staphylococcus_capitis,GCF_002356175.1,biofilm_ica,NZ_AP014956.1,JMUB0001_RS00840,WP_030058879.1,188092,188955,-,icaB,intercellular adhesin biosynthesis polysaccharide N-deacetylase,named_symbol,icaB,gene_or_synonym,Staphylococcus
staphylococcus_capitis,GCF_002356175.1,biofilm_ica,NZ_AP014956.1,JMUB0001_RS00845,WP_096389092.1,188952,189257,-,icaD,intracellular adhesion protein IcaD,named_symbol,icaD,gene_or_synonym,Staphylococcus
staphylococcus_capitis,GCF_002356175.1,biofilm_ica,NZ_AP014956.1,JMUB0001_RS00850,WP_030058883.1,189221,190459,-,icaA,"poly-beta-1,6 N-acetyl-D-glucosamine synthase IcaA",named_symbol,icaA,gene_or_synonym,Staphylococcus
staphylococcus_capitis,GCF_002356175.1,sortase,NZ_AP014956.1,JMUB0001_RS01960,WP_002432701.1,436384,436995,+,srtA,class A sortase SrtA,named_symbol,srtA,gene_or_synonym,
staphylococcus_capitis,GCF_002356175.1,regulation_sarA,NZ_AP014956.1,JMUB0001_RS03010,WP_037550054.1,661819,662547,+,,"transcriptional regulator, SarA/Rot family",named_symbol,sarA,product,Staphylococcus
staphylococcus_capitis,GCF_002356175.1,regulation_sarA,NZ_AP014956.1,JMUB0001_RS03020,WP_002432301.1,663295,663636,+,,SarA family transcriptional regulator,named_symbol,sarA,product,Staphylococcus
staphylococcus_capitis,GCF_002356175.1,regulation_sarA,NZ_AP014956.1,JMUB0001_RS03155,WP_002432752.1,684823,685173,+,,SarA family transcriptional regulator,named_symbol,sarA,product,Staphylococcus
staphylococcus_capitis,GCF_002356175.1,stress_sigB,NZ_AP014956.1,JMUB0001_RS04070,WP_002435824.1,846321,847091,+,sigB,RNA polymerase sigma factor SigB,named_symbol,sigB,gene_or_synonym,Staphylococcus
staphylococcus_capitis,GCF_002356175.1,quorum_agr,NZ_AP014956.1,JMUB0001_RS04225,WP_002436958.1,881681,882397,-,agrA,quorum-sensing response regulator AgrA,named_symbol,agrA,gene_or_synonym,Staphylococcus
staphylococcus_capitis,GCF_002356175.1,quorum_agr,NZ_AP014956.1,JMUB0001_RS04230,WP_070597560.1,882413,883702,-,agrC,quorum-sensing sensor histidine kinase AgrC,named_symbol,agrC,gene_or_synonym,Staphylococcus
staphylococcus_capitis,GCF_002356175.1,quorum_agr,NZ_AP014956.1,JMUB0001_RS04235,WP_049428106.1,883725,883865,-,agrD,cyclic lactone autoinducer peptide AgrD,named_symbol,agrD,gene_or_synonym,Staphylococcus
staphylococcus_capitis,GCF_002356175.1,quorum_agr,NZ_AP014956.1,JMUB0001_RS04240,WP_049428109.1,883868,884434,-,,accessory gene regulator AgrB,named_symbol,agrB,product,Staphylococcus
staphylococcus_capitis,GCF_002356175.1,regulation_sarA,NZ_AP014956.1,JMUB0001_RS05135,WP_002434669.1,1034066,1034467,+,,"transcriptional regulator, SarA/Rot family",named_symbol,sarA,product,Staphylococcus
staphylococcus_capitis,GCF_002356175.1,type_iv_pili,NZ_AP014956.1,JMUB0001_RS06195,WP_049427590.1,1266588,1267562,+,comGA,competence type IV pilus ATPase ComGA,product_description,type IV pilus,product,
staphylococcus_capitis,GCF_002356175.1,type_iv_pili,NZ_AP014956.1,JMUB0001_RS06205,WP_029625707.1,1268622,1268933,+,comGC,competence type IV pilus major pilin ComGC,product_description,type IV pilus,product,
staphylococcus_capitis,GCF_002356175.1,type_iv_pili,NZ_AP014956.1,JMUB0001_RS06210,WP_162488576.1,1268911,1269360,+,comGD,competence type IV pilus minor pilin ComGD,product_description,type IV pilus,product,
staphylococcus_capitis,GCF_002356175.1,type_iv_pili,NZ_AP014956.1,JMUB0001_RS06220,WP_231098764.1,1269627,1270055,+,comGF,competence type IV pilus minor pilin ComGF,product_description,type IV pilus,product,
staphylococcus_capitis,GCF_002356175.1,adhesion_fibronectin,NZ_AP014956.1,JMUB0001_RS07880,WP_002435182.1,1649202,1650899,+,,Rqc2 family fibronectin-binding protein,product_description,fibronectin-binding,product,
staphylococcus_capitis,GCF_002356175.1,adhesion_fbp,NZ_AP014956.1,JMUB0001_RS07880,WP_002435182.1,1649202,1650899,+,,Rqc2 family fibronectin-binding protein,product_description,fibronectin-binding,product,
staphylococcus_capitis,GCF_002356175.1,sortase,NZ_AP014956.1,JMUB0001_RS08475,WP_037582580.1,1752947,1753675,-,srtB,class B sortase,product_description,sortase,product,
staphylococcus_capitis,GCF_002356175.1,adhesion_enolase,NZ_AP014956.1,JMUB0001_RS09815,WP_002432982.1,2020337,2021641,-,eno,surface-displayed alpha-enolase,named_symbol,eno,gene_or_synonym,
staphylococcus_capitis,GCF_002356175.1,regulation_sarA,NZ_AP014956.1,JMUB0001_RS10360,WP_002433103.1,2134362,2134721,-,,"transcriptional regulator, SarA/Rot family",named_symbol,sarA,product,Staphylococcus
staphylococcus_capitis,GCF_002356175.1,regulation_sarA,NZ_AP014956.1,JMUB0001_RS10610,WP_002433479.1,2186697,2187071,+,sarA,global transcriptional regulator SarA,named_symbol,sarA,gene_or_synonym,Staphylococcus
staphylococcus_capitis,GCF_002591175.1,biofilm_ica,NZ_CP023966.1,CRN29_RS00140,WP_098905331.1,29474,30547,-,icaC,polysaccharide intercellular adhesin biosynthesis/export protein IcaC,named_symbol,icaC,gene_or_synonym,Staphylococcus
staphylococcus_capitis,GCF_002591175.1,biofilm_ica,NZ_CP023966.1,CRN29_RS00145,WP_002434961.1,30540,31403,-,icaB,intercellular adhesin biosynthesis polysaccharide N-deacetylase,named_symbol,icaB,gene_or_synonym,Staphylococcus
staphylococcus_capitis,GCF_002591175.1,biofilm_ica,NZ_CP023966.1,CRN29_RS00150,WP_002454229.1,31400,31705,-,icaD,intracellular adhesion protein IcaD,named_symbol,icaD,gene_or_synonym,Staphylococcus
staphylococcus_capitis,GCF_002591175.1,biofilm_ica,NZ_CP023966.1,CRN29_RS00155,WP_098905332.1,31669,32907,-,icaA,"poly-beta-1,6 N-acetyl-D-glucosamine synthase IcaA",named_symbol,icaA,gene_or_synonym,Staphylococcus
staphylococcus_capitis,GCF_002591175.1,sortase,NZ_CP023966.1,CRN29_RS01275,WP_023351132.1,287236,287847,+,srtA,class A sortase SrtA,named_symbol,srtA,gene_or_synonym,
staphylococcus_capitis,GCF_002591175.1,regulation_sarA,NZ_CP023966.1,CRN29_RS02315,WP_002432665.1,511465,512193,+,,"transcriptional regulator, SarA/Rot family",named_symbol,sarA,product,Staphylococcus
staphylococcus_capitis,GCF_002591175.1,regulation_sarA,NZ_CP023966.1,CRN29_RS02325,WP_023351285.1,512941,513282,+,,SarA family transcriptional regulator,named_symbol,sarA,product,Staphylococcus
staphylococcus_capitis,GCF_002591175.1,regulation_sarA,NZ_CP023966.1,CRN29_RS02460,WP_002432752.1,534468,534818,+,,SarA family transcriptional regulator,named_symbol,sarA,product,Staphylococcus
staphylococcus_capitis,GCF_002591175.1,stress_sigB,NZ_CP023966.1,CRN29_RS03375,WP_002435824.1,696710,697480,+,sigB,RNA polymerase sigma factor SigB,named_symbol,sigB,gene_or_synonym,Staphylococcus
staphylococcus_capitis,GCF_002591175.1,quorum_agr,NZ_CP023966.1,CRN29_RS03530,WP_002436958.1,732419,733135,-,agrA,quorum-sensing response regulator AgrA,named_symbol,agrA,gene_or_synonym,Staphylococcus
staphylococcus_capitis,GCF_002591175.1,quorum_agr,NZ_CP023966.1,CRN29_RS03535,WP_002436956.1,733151,734440,-,agrC,quorum-sensing sensor histidine kinase AgrC,named_symbol,agrC,gene_or_synonym,Staphylococcus
staphylococcus_capitis,GCF_002591175.1,quorum_agr,NZ_CP023966.1,CRN29_RS03540,WP_030063609.1,734464,734604,-,agrD,cyclic lactone autoinducer peptide AgrD,named_symbol,agrD,gene_or_synonym,Staphylococcus
staphylococcus_capitis,GCF_002591175.1,quorum_agr,NZ_CP023966.1,CRN29_RS03545,WP_002436953.1,734607,735173,-,,accessory gene regulator AgrB,named_symbol,agrB,product,Staphylococcus
staphylococcus_capitis,GCF_002591175.1,regulation_sarA,NZ_CP023966.1,CRN29_RS04785,WP_002434669.1,930808,931209,+,,"transcriptional regulator, SarA/Rot family",named_symbol,sarA,product,Staphylococcus
staphylococcus_capitis,GCF_002591175.1,type_iv_pili,NZ_CP023966.1,CRN29_RS05800,WP_023350200.1,1157003,1157977,+,comGA,competence type IV pilus ATPase ComGA,product_description,type IV pilus,product,
staphylococcus_capitis,GCF_002591175.1,type_iv_pili,NZ_CP023966.1,CRN29_RS05805,WP_023350201.1,1157949,1159016,+,comGB,competence type IV pilus assembly protein ComGB,product_description,type IV pilus,product,
staphylococcus_capitis,GCF_002591175.1,type_iv_pili,NZ_CP023966.1,CRN29_RS05810,WP_029625707.1,1159035,1159346,+,comGC,competence type IV pilus major pilin ComGC,product_description,type IV pilus,product,
staphylococcus_capitis,GCF_002591175.1,type_iv_pili,NZ_CP023966.1,CRN29_RS05815,WP_023350202.1,1159324,1159773,+,comGD,competence type IV pilus minor pilin ComGD,product_description,type IV pilus,product,
staphylococcus_capitis,GCF_002591175.1,type_iv_pili,NZ_CP023966.1,CRN29_RS05825,WP_037560565.1,1159977,1160468,+,comGF,competence type IV pilus minor pilin ComGF,product_description,type IV pilus,product,
staphylococcus_capitis,GCF_002591175.1,adhesion_fibronectin,NZ_CP023966.1,CRN29_RS07445,WP_002435182.1,1533301,1534998,+,,Rqc2 family fibronectin-binding protein,product_description,fibronectin-binding,product,
staphylococcus_capitis,GCF_002591175.1,adhesion_fbp,NZ_CP023966.1,CRN29_RS07445,WP_002435182.1,1533301,1534998,+,,Rqc2 family fibronectin-binding protein,product_description,fibronectin-binding,product,
staphylococcus_capitis,GCF_002591175.1,sortase,NZ_CP023966.1,CRN29_RS07730,WP_023350445.1,1591707,1592435,-,srtB,class B sortase,product_description,sortase,product,
staphylococcus_capitis,GCF_002591175.1,adhesion_enolase,NZ_CP023966.1,CRN29_RS08975,WP_002432982.1,1842557,1843861,-,eno,surface-displayed alpha-enolase,named_symbol,eno,gene_or_synonym,
staphylococcus_capitis,GCF_002591175.1,regulation_sarA,NZ_CP023966.1,CRN29_RS09515,WP_002433103.1,1956423,1956782,-,,"transcriptional regulator, SarA/Rot family",named_symbol,sarA,product,Staphylococcus
staphylococcus_capitis,GCF_002591175.1,regulation_sarA,NZ_CP023966.1,CRN29_RS09765,WP_049307079.1,2008760,2009134,+,sarA,global transcriptional regulator SarA,named_symbol,sarA,gene_or_synonym,Staphylococcus
staphylococcus_capitis,GCF_002591175.1,adhesion_sdr,NZ_CP023966.1,CRN29_RS11485,WP_098905548.1,2340175,2344044,+,,SdrD B-like domain-containing protein,named_symbol,sdrD,product,Staphylococcus
staphylococcus_capitis,GCF_013267675.1,biofilm_ica,NZ_CP053957.1,FOC61_RS00940,WP_002454230.1,204077,205150,-,icaC,polysaccharide intercellular adhesin biosynthesis/export protein IcaC,named_symbol,icaC,gene_or_synonym,Staphylococcus
staphylococcus_capitis,GCF_013267675.1,biofilm_ica,NZ_CP053957.1,FOC61_RS00945,WP_002434961.1,205143,206006,-,icaB,intercellular adhesin biosynthesis polysaccharide N-deacetylase,named_symbol,icaB,gene_or_synonym,Staphylococcus
staphylococcus_capitis,GCF_013267675.1,biofilm_ica,NZ_CP053957.1,FOC61_RS00950,WP_002454229.1,206003,206308,-,icaD,intracellular adhesion protein IcaD,named_symbol,icaD,gene_or_synonym,Staphylococcus
staphylococcus_capitis,GCF_013267675.1,biofilm_ica,NZ_CP053957.1,FOC61_RS00955,WP_002454228.1,206272,207510,-,icaA,"poly-beta-1,6 N-acetyl-D-glucosamine synthase IcaA",named_symbol,icaA,gene_or_synonym,Staphylococcus
staphylococcus_capitis,GCF_013267675.1,sortase,NZ_CP053957.1,FOC61_RS02100,WP_002432701.1,460638,461249,+,srtA,class A sortase SrtA,named_symbol,srtA,gene_or_synonym,
staphylococcus_capitis,GCF_013267675.1,regulation_sarA,NZ_CP053957.1,FOC61_RS03155,WP_002453821.1,685735,686463,+,,"transcriptional regulator, SarA/Rot family",named_symbol,sarA,product,Staphylococcus
staphylococcus_capitis,GCF_013267675.1,regulation_sarA,NZ_CP053957.1,FOC61_RS03165,WP_002432301.1,687211,687552,+,,SarA family transcriptional regulator,named_symbol,sarA,product,Staphylococcus
staphylococcus_capitis,GCF_013267675.1,regulation_sarA,NZ_CP053957.1,FOC61_RS03300,WP_002432752.1,708738,709088,+,,SarA family transcriptional regulator,named_symbol,sarA,product,Staphylococcus
staphylococcus_capitis,GCF_013267675.1,stress_sigB,NZ_CP053957.1,FOC61_RS04210,WP_002435824.1,870017,870787,+,sigB,RNA polymerase sigma factor SigB,named_symbol,sigB,gene_or_synonym,Staphylococcus
staphylococcus_capitis,GCF_013267675.1,quorum_agr,NZ_CP053957.1,FOC61_RS04365,WP_002453658.1,905431,906147,-,agrA,quorum-sensing response regulator AgrA,named_symbol,agrA,gene_or_synonym,Staphylococcus
staphylococcus_capitis,GCF_013267675.1,quorum_agr,NZ_CP053957.1,FOC61_RS04370,WP_002453657.1,906163,907452,-,agrC,quorum-sensing sensor histidine kinase AgrC,named_symbol,agrC,gene_or_synonym,Staphylococcus
staphylococcus_capitis,GCF_013267675.1,quorum_agr,NZ_CP053957.1,FOC61_RS04375,WP_029625762.1,907474,907614,-,agrD,cyclic lactone autoinducer peptide AgrD,named_symbol,agrD,gene_or_synonym,Staphylococcus
staphylococcus_capitis,GCF_013267675.1,quorum_agr,NZ_CP053957.1,FOC61_RS04380,WP_002453656.1,907617,908183,-,,accessory gene regulator AgrB,named_symbol,agrB,product,Staphylococcus
staphylococcus_capitis,GCF_013267675.1,regulation_sarA,NZ_CP053957.1,FOC61_RS05555,WP_002453486.1,1099758,1100159,+,,"transcriptional regulator, SarA/Rot family",named_symbol,sarA,product,Staphylococcus
staphylococcus_capitis,GCF_013267675.1,type_iv_pili,NZ_CP053957.1,FOC61_RS06565,WP_002453334.1,1324878,1325852,+,comGA,competence type IV pilus ATPase ComGA,product_description,type IV pilus,product,
staphylococcus_capitis,GCF_013267675.1,type_iv_pili,NZ_CP053957.1,FOC61_RS06575,WP_029625707.1,1326912,1327223,+,comGC,competence type IV pilus major pilin ComGC,product_description,type IV pilus,product,
staphylococcus_capitis,GCF_013267675.1,type_iv_pili,NZ_CP053957.1,FOC61_RS06580,WP_121909863.1,1327201,1327650,+,comGD,competence type IV pilus minor pilin ComGD,product_description,type IV pilus,product,
staphylococcus_capitis,GCF_013267675.1,adhesion_fibronectin,NZ_CP053957.1,FOC61_RS08180,WP_002453042.1,1674077,1675774,+,,Rqc2 family fibronectin-binding protein,product_description,fibronectin-binding,product,
staphylococcus_capitis,GCF_013267675.1,adhesion_fbp,NZ_CP053957.1,FOC61_RS08180,WP_002453042.1,1674077,1675774,+,,Rqc2 family fibronectin-binding protein,product_description,fibronectin-binding,product,
staphylococcus_capitis,GCF_013267675.1,sortase,NZ_CP053957.1,FOC61_RS08450,WP_002452993.1,1732265,1732993,-,srtB,class B sortase,product_description,sortase,product,
staphylococcus_capitis,GCF_013267675.1,adhesion_enolase,NZ_CP053957.1,FOC61_RS09705,WP_002452768.1,1988912,1990216,-,eno,surface-displayed alpha-enolase,named_symbol,eno,gene_or_synonym,
staphylococcus_capitis,GCF_013267675.1,regulation_sarA,NZ_CP053957.1,FOC61_RS10250,WP_002452663.1,2102671,2103030,-,,"transcriptional regulator, SarA/Rot family",named_symbol,sarA,product,Staphylococcus
staphylococcus_capitis,GCF_013267675.1,regulation_sarA,NZ_CP053957.1,FOC61_RS10820,WP_002433479.1,2208655,2209029,+,sarA,global transcriptional regulator SarA,named_symbol,sarA,gene_or_synonym,Staphylococcus
staphylococcus_capitis,GCF_015243435.1,biofilm_ica,NZ_CP042341.1,FRG19_RS00600,WP_002454230.1,146892,147965,-,icaC,polysaccharide intercellular adhesin biosynthesis/export protein IcaC,named_symbol,icaC,gene_or_synonym,Staphylococcus
staphylococcus_capitis,GCF_015243435.1,biofilm_ica,NZ_CP042341.1,FRG19_RS00605,WP_030058879.1,147958,148821,-,icaB,intercellular adhesin biosynthesis polysaccharide N-deacetylase,named_symbol,icaB,gene_or_synonym,Staphylococcus
staphylococcus_capitis,GCF_015243435.1,biofilm_ica,NZ_CP042341.1,FRG19_RS00610,WP_023350944.1,148818,149123,-,icaD,intracellular adhesion protein IcaD,named_symbol,icaD,gene_or_synonym,Staphylococcus
staphylococcus_capitis,GCF_015243435.1,biofilm_ica,NZ_CP042341.1,FRG19_RS00615,WP_154812109.1,149087,150325,-,icaA,"poly-beta-1,6 N-acetyl-D-glucosamine synthase IcaA",named_symbol,icaA,gene_or_synonym,Staphylococcus
staphylococcus_capitis,GCF_015243435.1,sortase,NZ_CP042341.1,FRG19_RS01740,WP_002432701.1,406565,407176,+,srtA,class A sortase SrtA,named_symbol,srtA,gene_or_synonym,
staphylococcus_capitis,GCF_015243435.1,regulation_sarA,NZ_CP042341.1,FRG19_RS03000,WP_037550054.1,685873,686601,+,,"transcriptional regulator, SarA/Rot family",named_symbol,sarA,product,Staphylococcus
staphylococcus_capitis,GCF_015243435.1,regulation_sarA,NZ_CP042341.1,FRG19_RS03010,WP_002432301.1,687349,687690,+,,SarA family transcriptional regulator,named_symbol,sarA,product,Staphylococcus
staphylococcus_capitis,GCF_015243435.1,regulation_sarA,NZ_CP042341.1,FRG19_RS03145,WP_002432752.1,708877,709227,+,,SarA family transcriptional regulator,named_symbol,sarA,product,Staphylococcus
staphylococcus_capitis,GCF_015243435.1,stress_sigB,NZ_CP042341.1,FRG19_RS04060,WP_002435824.1,870372,871142,+,sigB,RNA polymerase sigma factor SigB,named_symbol,sigB,gene_or_synonym,Staphylococcus
staphylococcus_capitis,GCF_015243435.1,quorum_agr,NZ_CP042341.1,FRG19_RS04215,WP_002436958.1,905730,906446,-,agrA,quorum-sensing response regulator AgrA,named_symbol,agrA,gene_or_synonym,Staphylococcus
staphylococcus_capitis,GCF_015243435.1,quorum_agr,NZ_CP042341.1,FRG19_RS04220,WP_194251433.1,906462,907751,-,agrC,quorum-sensing sensor histidine kinase AgrC,named_symbol,agrC,gene_or_synonym,Staphylococcus
staphylococcus_capitis,GCF_015243435.1,quorum_agr,NZ_CP042341.1,FRG19_RS04225,WP_049428106.1,907774,907914,-,agrD,cyclic lactone autoinducer peptide AgrD,named_symbol,agrD,gene_or_synonym,Staphylococcus
staphylococcus_capitis,GCF_015243435.1,quorum_agr,NZ_CP042341.1,FRG19_RS04230,WP_049428109.1,907917,908483,-,,accessory gene regulator AgrB,named_symbol,agrB,product,Staphylococcus
staphylococcus_capitis,GCF_015243435.1,regulation_sarA,NZ_CP042341.1,FRG19_RS05250,WP_002434669.1,1079413,1079814,+,,"transcriptional regulator, SarA/Rot family",named_symbol,sarA,product,Staphylococcus
staphylococcus_capitis,GCF_015243435.1,type_iv_pili,NZ_CP042341.1,FRG19_RS06260,WP_049427590.1,1305434,1306408,+,comGA,competence type IV pilus ATPase ComGA,product_description,type IV pilus,product,
staphylococcus_capitis,GCF_015243435.1,type_iv_pili,NZ_CP042341.1,FRG19_RS06265,WP_194251213.1,1306380,1307447,+,comGB,competence type IV pilus assembly protein ComGB,product_description,type IV pilus,product,
staphylococcus_capitis,GCF_015243435.1,type_iv_pili,NZ_CP042341.1,FRG19_RS06270,WP_029625707.1,1307466,1307777,+,comGC,competence type IV pilus major pilin ComGC,product_description,type IV pilus,product,
staphylococcus_capitis,GCF_015243435.1,type_iv_pili,NZ_CP042341.1,FRG19_RS06275,WP_162488576.1,1307755,1308204,+,comGD,competence type IV pilus minor pilin ComGD,product_description,type IV pilus,product,
staphylococcus_capitis,GCF_015243435.1,type_iv_pili,NZ_CP042341.1,FRG19_RS06285,WP_194251214.1,1308408,1308899,+,comGF,competence type IV pilus minor pilin ComGF,product_description,type IV pilus,product,
staphylococcus_capitis,GCF_015243435.1,adhesion_fibronectin,NZ_CP042341.1,FRG19_RS07925,WP_194251249.1,1685741,1687438,+,,Rqc2 family fibronectin-binding protein,product_description,fibronectin-binding,product,
staphylococcus_capitis,GCF_015243435.1,adhesion_fbp,NZ_CP042341.1,FRG19_RS07925,WP_194251249.1,1685741,1687438,+,,Rqc2 family fibronectin-binding protein,product_description,fibronectin-binding,product,
staphylococcus_capitis,GCF_015243435.1,sortase,NZ_CP042341.1,FRG19_RS08210,WP_049428483.1,1744158,1744886,-,srtB,class B sortase,product_description,sortase,product,
staphylococcus_capitis,GCF_015243435.1,adhesion_enolase,NZ_CP042341.1,FRG19_RS09520,WP_002432982.1,2007258,2008562,-,eno,surface-displayed alpha-enolase,named_symbol,eno,gene_or_synonym,
staphylococcus_capitis,GCF_015243435.1,regulation_sarA,NZ_CP042341.1,FRG19_RS10065,WP_002433103.1,2121317,2121676,-,,"transcriptional regulator, SarA/Rot family",named_symbol,sarA,product,Staphylococcus
staphylococcus_capitis,GCF_015243435.1,regulation_sarA,NZ_CP042341.1,FRG19_RS10315,WP_002433479.1,2173660,2174034,+,sarA,global transcriptional regulator SarA,named_symbol,sarA,gene_or_synonym,Staphylococcus
staphylococcus_capitis,GCF_020883475.1,biofilm_ica,NZ_CP086659.1,LN243_RS00800,WP_002454230.1,183985,185058,-,icaC,polysaccharide intercellular adhesin biosynthesis/export protein IcaC,named_symbol,icaC,gene_or_synonym,Staphylococcus
staphylococcus_capitis,GCF_020883475.1,biofilm_ica,NZ_CP086659.1,LN243_RS00805,WP_030058879.1,185051,185914,-,icaB,intercellular adhesin biosynthesis polysaccharide N-deacetylase,named_symbol,icaB,gene_or_synonym,Staphylococcus
staphylococcus_capitis,GCF_020883475.1,biofilm_ica,NZ_CP086659.1,LN243_RS00810,WP_023350944.1,185911,186216,-,icaD,intracellular adhesion protein IcaD,named_symbol,icaD,gene_or_synonym,Staphylococcus
staphylococcus_capitis,GCF_020883475.1,biofilm_ica,NZ_CP086659.1,LN243_RS00815,WP_030058883.1,186180,187418,-,icaA,"poly-beta-1,6 N-acetyl-D-glucosamine synthase IcaA",named_symbol,icaA,gene_or_synonym,Staphylococcus
staphylococcus_capitis,GCF_020883475.1,sortase,NZ_CP086659.1,LN243_RS01925,WP_002432701.1,433237,433848,+,srtA,class A sortase SrtA,named_symbol,srtA,gene_or_synonym,
staphylococcus_capitis,GCF_020883475.1,regulation_sarA,NZ_CP086659.1,LN243_RS02975,WP_002432665.1,658836,659564,+,,"transcriptional regulator, SarA/Rot family",named_symbol,sarA,product,Staphylococcus
staphylococcus_capitis,GCF_020883475.1,regulation_sarA,NZ_CP086659.1,LN243_RS02985,WP_023351285.1,660312,660653,+,,SarA family transcriptional regulator,named_symbol,sarA,product,Staphylococcus
staphylococcus_capitis,GCF_020883475.1,regulation_sarA,NZ_CP086659.1,LN243_RS03120,WP_002432752.1,681839,682189,+,,SarA family transcriptional regulator,named_symbol,sarA,product,Staphylococcus
staphylococcus_capitis,GCF_020883475.1,stress_sigB,NZ_CP086659.1,LN243_RS04035,WP_002435824.1,844079,844849,+,sigB,RNA polymerase sigma factor SigB,named_symbol,sigB,gene_or_synonym,Staphylococcus
staphylococcus_capitis,GCF_020883475.1,quorum_agr,NZ_CP086659.1,LN243_RS04915,WP_002436958.1,1003190,1003906,-,agrA,quorum-sensing response regulator AgrA,named_symbol,agrA,gene_or_synonym,Staphylococcus
staphylococcus_capitis,GCF_020883475.1,quorum_agr,NZ_CP086659.1,LN243_RS04920,WP_002436956.1,1003922,1005211,-,agrC,quorum-sensing sensor histidine kinase AgrC,named_symbol,agrC,gene_or_synonym,Staphylococcus
staphylococcus_capitis,GCF_020883475.1,quorum_agr,NZ_CP086659.1,LN243_RS04925,WP_030063609.1,1005235,1005375,-,agrD,cyclic lactone autoinducer peptide AgrD,named_symbol,agrD,gene_or_synonym,Staphylococcus
staphylococcus_capitis,GCF_020883475.1,quorum_agr,NZ_CP086659.1,LN243_RS04930,WP_002436953.1,1005378,1005944,-,,accessory gene regulator AgrB,named_symbol,agrB,product,Staphylococcus
staphylococcus_capitis,GCF_020883475.1,regulation_sarA,NZ_CP086659.1,LN243_RS06110,WP_002434669.1,1197889,1198290,+,,"transcriptional regulator, SarA/Rot family",named_symbol,sarA,product,Staphylococcus
staphylococcus_capitis,GCF_020883475.1,type_iv_pili,NZ_CP086659.1,LN243_RS07155,WP_023350200.1,1430521,1431495,+,comGA,competence type IV pilus ATPase ComGA,product_description,type IV pilus,product,
staphylococcus_capitis,GCF_020883475.1,type_iv_pili,NZ_CP086659.1,LN243_RS07160,WP_023350201.1,1431467,1432534,+,comGB,competence type IV pilus assembly protein ComGB,product_description,type IV pilus,product,
staphylococcus_capitis,GCF_020883475.1,type_iv_pili,NZ_CP086659.1,LN243_RS07165,WP_030063893.1,1432553,1432864,+,comGC,competence type IV pilus major pilin ComGC,product_description,type IV pilus,product,
staphylococcus_capitis,GCF_020883475.1,type_iv_pili,NZ_CP086659.1,LN243_RS07170,WP_023350202.1,1432842,1433291,+,comGD,competence type IV pilus minor pilin ComGD,product_description,type IV pilus,product,
staphylococcus_capitis,GCF_020883475.1,type_iv_pili,NZ_CP086659.1,LN243_RS07180,WP_037560565.1,1433495,1433986,+,comGF,competence type IV pilus minor pilin ComGF,product_description,type IV pilus,product,
staphylococcus_capitis,GCF_020883475.1,adhesion_fibronectin,NZ_CP086659.1,LN243_RS08850,WP_002435182.1,1811293,1812990,+,,Rqc2 family fibronectin-binding protein,product_description,fibronectin-binding,product,
staphylococcus_capitis,GCF_020883475.1,adhesion_fbp,NZ_CP086659.1,LN243_RS08850,WP_002435182.1,1811293,1812990,+,,Rqc2 family fibronectin-binding protein,product_description,fibronectin-binding,product,
staphylococcus_capitis,GCF_020883475.1,sortase,NZ_CP086659.1,LN243_RS09125,WP_037582580.1,1869323,1870051,-,srtB,class B sortase,product_description,sortase,product,
staphylococcus_capitis,GCF_020883475.1,adhesion_enolase,NZ_CP086659.1,LN243_RS10345,WP_002432982.1,2120007,2121311,-,eno,surface-displayed alpha-enolase,named_symbol,eno,gene_or_synonym,
staphylococcus_capitis,GCF_020883475.1,regulation_sarA,NZ_CP086659.1,LN243_RS10895,WP_002433103.1,2235502,2235861,-,,"transcriptional regulator, SarA/Rot family",named_symbol,sarA,product,Staphylococcus
staphylococcus_capitis,GCF_020883475.1,regulation_sarA,NZ_CP086659.1,LN243_RS11145,WP_002433479.1,2287827,2288201,+,sarA,global transcriptional regulator SarA,named_symbol,sarA,gene_or_synonym,Staphylococcus
staphylococcus_epidermidis,GCF_000759555.1,type_iv_pili,NZ_CP009046.1,DP17_RS00905,WP_002440043.1,213456,213947,-,,competence type IV pilus minor pilin ComGF,product_description,type IV pilus,product,
staphylococcus_epidermidis,GCF_000759555.1,type_iv_pili,NZ_CP009046.1,DP17_RS00910,WP_001831025.1,214151,214588,-,comGD,competence type IV pilus minor pilin ComGD,product_description,type IV pilus,product,
staphylococcus_epidermidis,GCF_000759555.1,type_iv_pili,NZ_CP009046.1,DP17_RS00915,WP_001831271.1,214578,214895,-,comGC,competence type IV pilus major pilin ComGC,product_description,type IV pilus,product,
staphylococcus_epidermidis,GCF_000759555.1,type_iv_pili,NZ_CP009046.1,DP17_RS00920,WP_001831131.1,214913,215980,-,comGB,competence type IV pilus assembly protein ComGB,product_description,type IV pilus,product,
staphylococcus_epidermidis,GCF_000759555.1,type_iv_pili,NZ_CP009046.1,DP17_RS00925,WP_001831109.1,215952,216926,-,comGA,competence type IV pilus ATPase ComGA,product_description,type IV pilus,product,
staphylococcus_epidermidis,GCF_000759555.1,regulation_sarA,NZ_CP009046.1,DP17_RS01920,WP_001830809.1,443743,444144,-,,SarA family transcriptional regulator,named_symbol,sarA,product,Staphylococcus
staphylococcus_epidermidis,GCF_000759555.1,quorum_agr,NZ_CP009046.1,DP17_RS02855,WP_002468344.1,608377,608940,+,,accessory gene regulator AgrB,named_symbol,agrB,product,Staphylococcus
staphylococcus_epidermidis,GCF_000759555.1,quorum_agr,NZ_CP009046.1,DP17_RS02860,WP_002468352.1,608946,609086,+,agrD,cyclic lactone autoinducer peptide AgrD,named_symbol,agrD,gene_or_synonym,Staphylococcus
staphylococcus_epidermidis,GCF_000759555.1,quorum_agr,NZ_CP009046.1,DP17_RS02865,WP_002494641.1,609111,610400,+,agrC,quorum-sensing sensor histidine kinase AgrC,named_symbol,agrC,gene_or_synonym,Staphylococcus
staphylococcus_epidermidis,GCF_000759555.1,quorum_agr,NZ_CP009046.1,DP17_RS02870,WP_001829999.1,610417,611133,+,agrA,quorum-sensing response regulator AgrA,named_symbol,agrA,gene_or_synonym,Staphylococcus
staphylococcus_epidermidis,GCF_000759555.1,stress_sigB,NZ_CP009046.1,DP17_RS03025,WP_002440602.1,646327,647097,-,sigB,RNA polymerase sigma factor SigB,named_symbol,sigB,gene_or_synonym,Staphylococcus
staphylococcus_epidermidis,GCF_000759555.1,regulation_sarA,NZ_CP009046.1,DP17_RS03910,WP_001832414.1,802668,803018,-,,SarA family transcriptional regulator,named_symbol,sarA,product,Staphylococcus
staphylococcus_epidermidis,GCF_000759555.1,regulation_sarA,NZ_CP009046.1,DP17_RS04045,WP_002457969.1,824270,824614,-,,SarA family transcriptional regulator,named_symbol,sarA,product,Staphylococcus
staphylococcus_epidermidis,GCF_000759555.1,regulation_sarA,NZ_CP009046.1,DP17_RS04055,WP_002438479.1,825378,826106,-,,"transcriptional regulator, SarA/Rot family",named_symbol,sarA,product,Staphylococcus
staphylococcus_epidermidis,GCF_000759555.1,sortase,NZ_CP009046.1,DP17_RS05075,WP_001831599.1,1049689,1050300,+,srtA,class A sortase SrtA,named_symbol,srtA,gene_or_synonym,
staphylococcus_epidermidis,GCF_000759555.1,adhesion_sdr,NZ_CP009046.1,DP17_RS07020,WP_038399029.1,1507847,1512943,+,,SdrD B-like domain-containing protein,named_symbol,sdrD,product,Staphylococcus
staphylococcus_epidermidis,GCF_000759555.1,adhesion_autolysin,NZ_CP009046.1,DP17_RS07480,WP_001829380.1,1601976,1602950,+,aae,autolysin/adhesin Aae,product_description,autolysin,product,
staphylococcus_epidermidis,GCF_000759555.1,regulation_sarA,NZ_CP009046.1,DP17_RS08365,WP_001832055.1,1789354,1789728,-,sarA,global transcriptional regulator SarA,named_symbol,sarA,gene_or_synonym,Staphylococcus
staphylococcus_epidermidis,GCF_000759555.1,regulation_sarA,NZ_CP009046.1,DP17_RS08575,WP_002455993.1,1836621,1836980,+,,"transcriptional regulator, SarA/Rot family",named_symbol,sarA,product,Staphylococcus
staphylococcus_epidermidis,GCF_000759555.1,adhesion_enolase,NZ_CP009046.1,DP17_RS09170,WP_001829595.1,1961523,1962827,+,eno,surface-displayed alpha-enolase,named_symbol,eno,gene_or_synonym,
staphylococcus_epidermidis,GCF_000759555.1,adhesion_fibronectin,NZ_CP009046.1,DP17_RS10995,WP_038399336.1,2322895,2324592,-,,Rqc2 family fibronectin-binding protein,product_description,fibronectin-binding,product,
staphylococcus_epidermidis,GCF_000759555.1,adhesion_fbp,NZ_CP009046.1,DP17_RS10995,WP_038399336.1,2322895,2324592,-,,Rqc2 family fibronectin-binding protein,product_description,fibronectin-binding,product,
staphylococcus_epidermidis,GCF_001956655.1,sortase,NZ_CP018842.1,BUM85_RS00535,WP_002447108.1,111735,112346,+,srtA,class A sortase SrtA,named_symbol,srtA,gene_or_synonym,
staphylococcus_epidermidis,GCF_001956655.1,regulation_sarA,NZ_CP018842.1,BUM85_RS01545,WP_002457971.1,329065,329793,+,,"transcriptional regulator, SarA/Rot family",named_symbol,sarA,product,Staphylococcus
staphylococcus_epidermidis,GCF_001956655.1,regulation_sarA,NZ_CP018842.1,BUM85_RS01555,WP_002457969.1,330557,330901,+,,SarA family transcriptional regulator,named_symbol,sarA,product,Staphylococcus
staphylococcus_epidermidis,GCF_001956655.1,regulation_sarA,NZ_CP018842.1,BUM85_RS01690,WP_001832414.1,351442,351792,+,,SarA family transcriptional regulator,named_symbol,sarA,product,Staphylococcus
staphylococcus_epidermidis,GCF_001956655.1,stress_sigB,NZ_CP018842.1,BUM85_RS02580,WP_002458689.1,506692,507462,+,sigB,RNA polymerase sigma factor SigB,named_symbol,sigB,gene_or_synonym,Staphylococcus
staphylococcus_epidermidis,GCF_001956655.1,quorum_agr,NZ_CP018842.1,BUM85_RS02745,WP_002447515.1,542657,543373,-,agrA,quorum-sensing response regulator AgrA,named_symbol,agrA,gene_or_synonym,Staphylococcus
staphylococcus_epidermidis,GCF_001956655.1,quorum_agr,NZ_CP018842.1,BUM85_RS02750,WP_102841576.1,543390,544679,-,agrC,quorum-sensing sensor histidine kinase AgrC,named_symbol,agrC,gene_or_synonym,Staphylococcus
staphylococcus_epidermidis,GCF_001956655.1,quorum_agr,NZ_CP018842.1,BUM85_RS02755,WP_002447513.1,544704,544844,-,agrD,cyclic lactone autoinducer peptide AgrD,named_symbol,agrD,gene_or_synonym,Staphylococcus
staphylococcus_epidermidis,GCF_001956655.1,regulation_sarA,NZ_CP018842.1,BUM85_RS03835,WP_002457854.1,715308,715709,+,,SarA family transcriptional regulator,named_symbol,sarA,product,Staphylococcus
staphylococcus_epidermidis,GCF_001956655.1,type_iv_pili,NZ_CP018842.1,BUM85_RS04835,WP_002446534.1,940011,940985,+,comGA,competence type IV pilus ATPase ComGA,product_description,type IV pilus,product,
staphylococcus_epidermidis,GCF_001956655.1,type_iv_pili,NZ_CP018842.1,BUM85_RS04840,WP_102841601.1,940957,942024,+,comGB,competence type IV pilus assembly protein ComGB,product_description,type IV pilus,product,
staphylococcus_epidermidis,GCF_001956655.1,type_iv_pili,NZ_CP018842.1,BUM85_RS04845,WP_002446532.1,942042,942359,+,comGC,competence type IV pilus major pilin ComGC,product_description,type IV pilus,product,
staphylococcus_epidermidis,GCF_001956655.1,type_iv_pili,NZ_CP018842.1,BUM85_RS04850,WP_002446531.1,942349,942786,+,comGD,competence type IV pilus minor pilin ComGD,product_description,type IV pilus,product,
staphylococcus_epidermidis,GCF_001956655.1,type_iv_pili,NZ_CP018842.1,BUM85_RS04860,WP_002457724.1,942990,943481,+,,competence type IV pilus minor pilin ComGF,product_description,type IV pilus,product,
staphylococcus_epidermidis,GCF_001956655.1,adhesion_fibronectin,NZ_CP018842.1,BUM85_RS06740,WP_102841612.1,1354666,1356363,+,,Rqc2 family fibronectin-binding protein,product_description,fibronectin-binding,product,
staphylococcus_epidermidis,GCF_001956655.1,adhesion_fbp,NZ_CP018842.1,BUM85_RS06740,WP_102841612.1,1354666,1356363,+,,Rqc2 family fibronectin-binding protein,product_description,fibronectin-binding,product,
staphylococcus_epidermidis,GCF_001956655.1,adhesion_enolase,NZ_CP018842.1,BUM85_RS08680,WP_001829595.1,1717549,1718853,-,eno,surface-displayed alpha-enolase,named_symbol,eno,gene_or_synonym,
staphylococcus_epidermidis,GCF_001956655.1,regulation_sarA,NZ_CP018842.1,BUM85_RS09290,WP_002475915.1,1842155,1842514,-,,"transcriptional regulator, SarA/Rot family",named_symbol,sarA,product,Staphylococcus
staphylococcus_epidermidis,GCF_001956655.1,regulation_sarA,NZ_CP018842.1,BUM85_RS09520,WP_002475867.1,1889344,1889718,+,sarA,global transcriptional regulator SarA,named_symbol,sarA,gene_or_synonym,Staphylococcus
staphylococcus_epidermidis,GCF_001956655.1,adhesion_autolysin,NZ_CP018842.1,BUM85_RS10750,WP_002447730.1,2118012,2118986,-,aae,autolysin/adhesin Aae,product_description,autolysin,product,
staphylococcus_epidermidis,GCF_002085695.1,adhesion_sdr,NZ_CP020463.1,B4U56_RS00225,WP_410467994.1,34212,36164,+,,SdrD B-like domain-containing protein,named_symbol,sdrD,product,Staphylococcus
staphylococcus_epidermidis,GCF_002085695.1,biofilm_accumulation,NZ_CP020463.1,B4U56_RS00650,WP_083043954.1,109687,114609,+,aap,accumulation-associated protein Aap,named_symbol,aap,gene_or_synonym,Staphylococcus
staphylococcus_epidermidis,GCF_002085695.1,biofilm_ica,NZ_CP020463.1,B4U56_RS01145,WP_002484505.1,225472,226539,-,icaC,polysaccharide intercellular adhesin biosynthesis/export protein IcaC,named_symbol,icaC,gene_or_synonym,Staphylococcus
staphylococcus_epidermidis,GCF_002085695.1,biofilm_ica,NZ_CP020463.1,B4U56_RS01150,WP_032606548.1,226526,227395,-,icaB,intercellular adhesin biosynthesis polysaccharide N-deacetylase,named_symbol,icaB,gene_or_synonym,Staphylococcus
staphylococcus_epidermidis,GCF_002085695.1,biofilm_ica,NZ_CP020463.1,B4U56_RS01155,WP_002477257.1,227392,227697,-,icaD,intracellular adhesion protein IcaD,named_symbol,icaD,gene_or_synonym,Staphylococcus
staphylococcus_epidermidis,GCF_002085695.1,biofilm_ica,NZ_CP020463.1,B4U56_RS01160,WP_002497699.1,227661,228899,-,icaA,"poly-beta-1,6 N-acetyl-D-glucosamine synthase IcaA",named_symbol,icaA,gene_or_synonym,Staphylococcus
staphylococcus_epidermidis,GCF_002085695.1,biofilm_ica,NZ_CP020463.1,B4U56_RS01165,WP_002497698.1,229064,229621,+,icaR,ica operon transcriptional regulator IcaR,named_symbol,icaR,gene_or_synonym,Staphylococcus
staphylococcus_epidermidis,GCF_002085695.1,sortase,NZ_CP020463.1,B4U56_RS02035,WP_001831599.1,437067,437678,+,srtA,class A sortase SrtA,named_symbol,srtA,gene_or_synonym,
staphylococcus_epidermidis,GCF_002085695.1,regulation_sarA,NZ_CP020463.1,B4U56_RS03060,WP_002438479.1,651346,652074,+,,"transcriptional regulator, SarA/Rot family",named_symbol,sarA,product,Staphylococcus
staphylococcus_epidermidis,GCF_002085695.1,regulation_sarA,NZ_CP020463.1,B4U56_RS03070,WP_001832412.1,652838,653182,+,,SarA family transcriptional regulator,named_symbol,sarA,product,Staphylococcus
staphylococcus_epidermidis,GCF_002085695.1,regulation_sarA,NZ_CP020463.1,B4U56_RS03205,WP_001832414.1,673702,674052,+,,SarA family transcriptional regulator,named_symbol,sarA,product,Staphylococcus
staphylococcus_epidermidis,GCF_002085695.1,stress_sigB,NZ_CP020463.1,B4U56_RS04110,WP_032606413.1,831548,832318,+,sigB,RNA polymerase sigma factor SigB,named_symbol,sigB,gene_or_synonym,Staphylococcus
staphylococcus_epidermidis,GCF_002085695.1,quorum_agr,NZ_CP020463.1,B4U56_RS04280,WP_001829999.1,867512,868228,-,agrA,quorum-sensing response regulator AgrA,named_symbol,agrA,gene_or_synonym,Staphylococcus
staphylococcus_epidermidis,GCF_002085695.1,quorum_agr,NZ_CP020463.1,B4U56_RS04285,WP_032606587.1,868245,869534,-,agrC,quorum-sensing sensor histidine kinase AgrC,named_symbol,agrC,gene_or_synonym,Staphylococcus
staphylococcus_epidermidis,GCF_002085695.1,quorum_agr,NZ_CP020463.1,B4U56_RS04290,WP_002447513.1,869559,869699,-,agrD,cyclic lactone autoinducer peptide AgrD,named_symbol,agrD,gene_or_synonym,Staphylococcus
staphylococcus_epidermidis,GCF_002085695.1,quorum_agr,NZ_CP020463.1,B4U56_RS04295,WP_002457915.1,869705,870268,-,,accessory gene regulator AgrB,named_symbol,agrB,product,Staphylococcus
staphylococcus_epidermidis,GCF_002085695.1,regulation_sarA,NZ_CP020463.1,B4U56_RS05220,WP_001830809.1,1027180,1027581,+,,SarA family transcriptional regulator,named_symbol,sarA,product,Staphylococcus
staphylococcus_epidermidis,GCF_002085695.1,type_iv_pili,NZ_CP020463.1,B4U56_RS06245,WP_001831109.1,1256662,1257636,+,comGA,competence type IV pilus ATPase ComGA,product_description,type IV pilus,product,
staphylococcus_epidermidis,GCF_002085695.1,type_iv_pili,NZ_CP020463.1,B4U56_RS06250,WP_001831131.1,1257608,1258675,+,comGB,competence type IV pilus assembly protein ComGB,product_description,type IV pilus,product,
staphylococcus_epidermidis,GCF_002085695.1,type_iv_pili,NZ_CP020463.1,B4U56_RS06255,WP_001831271.1,1258693,1259010,+,comGC,competence type IV pilus major pilin ComGC,product_description,type IV pilus,product,
staphylococcus_epidermidis,GCF_002085695.1,type_iv_pili,NZ_CP020463.1,B4U56_RS06260,WP_001831025.1,1259000,1259437,+,comGD,competence type IV pilus minor pilin ComGD,product_description,type IV pilus,product,
staphylococcus_epidermidis,GCF_002085695.1,type_iv_pili,NZ_CP020463.1,B4U56_RS06270,WP_002440043.1,1259641,1260132,+,,competence type IV pilus minor pilin ComGF,product_description,type IV pilus,product,
staphylococcus_epidermidis,GCF_002085695.1,adhesion_fibronectin,NZ_CP020463.1,B4U56_RS07915,WP_002468918.1,1633596,1635293,+,,Rqc2 family fibronectin-binding protein,product_description,fibronectin-binding,product,
staphylococcus_epidermidis,GCF_002085695.1,adhesion_fbp,NZ_CP020463.1,B4U56_RS07915,WP_002468918.1,1633596,1635293,+,,Rqc2 family fibronectin-binding protein,product_description,fibronectin-binding,product,
staphylococcus_epidermidis,GCF_002085695.1,adhesion_enolase,NZ_CP020463.1,B4U56_RS09800,WP_001829595.1,1994425,1995729,-,eno,surface-displayed alpha-enolase,named_symbol,eno,gene_or_synonym,
staphylococcus_epidermidis,GCF_002085695.1,regulation_sarA,NZ_CP020463.1,B4U56_RS10415,WP_002455993.1,2118532,2118891,-,,"transcriptional regulator, SarA/Rot family",named_symbol,sarA,product,Staphylococcus
staphylococcus_epidermidis,GCF_002085695.1,regulation_sarA,NZ_CP020463.1,B4U56_RS10645,WP_001832055.1,2165852,2166226,+,sarA,global transcriptional regulator SarA,named_symbol,sarA,gene_or_synonym,Staphylococcus
staphylococcus_epidermidis,GCF_002085695.1,adhesion_autolysin,NZ_CP020463.1,B4U56_RS11565,WP_001829380.1,2351023,2351997,-,aae,autolysin/adhesin Aae,product_description,autolysin,product,
staphylococcus_epidermidis,GCF_002215535.1,regulation_sarA,NZ_CP022247.1,CFE88_RS00400,WP_002457971.1,82979,83707,+,,"transcriptional regulator, SarA/Rot family",named_symbol,sarA,product,Staphylococcus
staphylococcus_epidermidis,GCF_002215535.1,regulation_sarA,NZ_CP022247.1,CFE88_RS00410,WP_002457969.1,84471,84815,+,,SarA family transcriptional regulator,named_symbol,sarA,product,Staphylococcus
staphylococcus_epidermidis,GCF_002215535.1,regulation_sarA,NZ_CP022247.1,CFE88_RS00540,WP_001832414.1,105355,105705,+,,SarA family transcriptional regulator,named_symbol,sarA,product,Staphylococcus
staphylococcus_epidermidis,GCF_002215535.1,stress_sigB,NZ_CP022247.1,CFE88_RS01420,WP_002447754.1,259073,259843,+,sigB,RNA polymerase sigma factor SigB,named_symbol,sigB,gene_or_synonym,Staphylococcus
staphylococcus_epidermidis,GCF_002215535.1,quorum_agr,NZ_CP022247.1,CFE88_RS01585,WP_002447515.1,295039,295755,-,agrA,quorum-sensing response regulator AgrA,named_symbol,agrA,gene_or_synonym,Staphylococcus
staphylococcus_epidermidis,GCF_002215535.1,quorum_agr,NZ_CP022247.1,CFE88_RS01590,WP_088922658.1,295772,297061,-,agrC,quorum-sensing sensor histidine kinase AgrC,named_symbol,agrC,gene_or_synonym,Staphylococcus
staphylococcus_epidermidis,GCF_002215535.1,quorum_agr,NZ_CP022247.1,CFE88_RS01595,WP_002447513.1,297086,297226,-,agrD,cyclic lactone autoinducer peptide AgrD,named_symbol,agrD,gene_or_synonym,Staphylococcus
staphylococcus_epidermidis,GCF_002215535.1,quorum_agr,NZ_CP022247.1,CFE88_RS01600,WP_002495668.1,297232,297795,-,,accessory gene regulator AgrB,named_symbol,agrB,product,Staphylococcus
staphylococcus_epidermidis,GCF_002215535.1,regulation_sarA,NZ_CP022247.1,CFE88_RS02535,WP_002457854.1,449440,449841,+,,SarA family transcriptional regulator,named_symbol,sarA,product,Staphylococcus
staphylococcus_epidermidis,GCF_002215535.1,type_iv_pili,NZ_CP022247.1,CFE88_RS03535,WP_002446534.1,674103,675077,+,comGA,competence type IV pilus ATPase ComGA,product_description,type IV pilus,product,
staphylococcus_epidermidis,GCF_002215535.1,type_iv_pili,NZ_CP022247.1,CFE88_RS03540,WP_002446533.1,675049,676116,+,comGB,competence type IV pilus assembly protein ComGB,product_description,type IV pilus,product,
staphylococcus_epidermidis,GCF_002215535.1,type_iv_pili,NZ_CP022247.1,CFE88_RS03545,WP_002446532.1,676134,676451,+,comGC,competence type IV pilus major pilin ComGC,product_description,type IV pilus,product,
staphylococcus_epidermidis,GCF_002215535.1,type_iv_pili,NZ_CP022247.1,CFE88_RS03550,WP_193791306.1,676441,676878,+,comGD,competence type IV pilus minor pilin ComGD,product_description,type IV pilus,product,
staphylococcus_epidermidis,GCF_002215535.1,type_iv_pili,NZ_CP022247.1,CFE88_RS03560,WP_002446529.1,677082,677573,+,comGF,competence type IV pilus minor pilin ComGF,product_description,type IV pilus,product,
staphylococcus_epidermidis,GCF_002215535.1,adhesion_fibronectin,NZ_CP022247.1,CFE88_RS05400,WP_088922727.1,1079664,1081361,+,,Rqc2 family fibronectin-binding protein,product_description,fibronectin-binding,product,
staphylococcus_epidermidis,GCF_002215535.1,adhesion_fbp,NZ_CP022247.1,CFE88_RS05400,WP_088922727.1,1079664,1081361,+,,Rqc2 family fibronectin-binding protein,product_description,fibronectin-binding,product,
staphylococcus_epidermidis,GCF_002215535.1,adhesion_enolase,NZ_CP022247.1,CFE88_RS07275,WP_001829595.1,1433721,1435025,-,eno,surface-displayed alpha-enolase,named_symbol,eno,gene_or_synonym,
staphylococcus_epidermidis,GCF_002215535.1,regulation_sarA,NZ_CP022247.1,CFE88_RS07910,WP_002457530.1,1569451,1569810,-,,"transcriptional regulator, SarA/Rot family",named_symbol,sarA,product,Staphylococcus
staphylococcus_epidermidis,GCF_002215535.1,regulation_sarA,NZ_CP022247.1,CFE88_RS08130,WP_002475867.1,1616739,1617113,+,sarA,global transcriptional regulator SarA,named_symbol,sarA,gene_or_synonym,Staphylococcus
staphylococcus_epidermidis,GCF_002215535.1,adhesion_autolysin,NZ_CP022247.1,CFE88_RS09060,WP_002447730.1,1807417,1808391,-,aae,autolysin/adhesin Aae,product_description,autolysin,product,
staphylococcus_epidermidis,GCF_002215535.1,sortase,NZ_CP022247.1,CFE88_RS11690,WP_002447108.1,2356435,2357046,+,srtA,class A sortase SrtA,named_symbol,srtA,gene_or_synonym,
staphylococcus_epidermidis,GCF_006094375.1,adhesion_sdr,NZ_CP035288.1,EQW00_RS12710,WP_410467994.1,60907,62859,+,,SdrD B-like domain-containing protein,named_symbol,sdrD,product,Staphylococcus
staphylococcus_epidermidis,GCF_006094375.1,sortase,NZ_CP035288.1,EQW00_RS02300,WP_002438141.1,496708,497319,+,srtA,class A sortase SrtA,named_symbol,srtA,gene_or_synonym,
staphylococcus_epidermidis,GCF_006094375.1,regulation_sarA,NZ_CP035288.1,EQW00_RS03315,WP_002438479.1,715019,715747,+,,"transcriptional regulator, SarA/Rot family",named_symbol,sarA,product,Staphylococcus
staphylococcus_epidermidis,GCF_006094375.1,regulation_sarA,NZ_CP035288.1,EQW00_RS03325,WP_001832412.1,716511,716855,+,,SarA family transcriptional regulator,named_symbol,sarA,product,Staphylococcus
staphylococcus_epidermidis,GCF_006094375.1,regulation_sarA,NZ_CP035288.1,EQW00_RS03465,WP_001832414.1,737375,737725,+,,SarA family transcriptional regulator,named_symbol,sarA,product,Staphylococcus
staphylococcus_epidermidis,GCF_006094375.1,stress_sigB,NZ_CP035288.1,EQW00_RS04360,WP_002440602.1,891765,892535,+,sigB,RNA polymerase sigma factor SigB,named_symbol,sigB,gene_or_synonym,Staphylococcus
staphylococcus_epidermidis,GCF_006094375.1,quorum_agr,NZ_CP035288.1,EQW00_RS04530,WP_001829999.1,927734,928450,-,agrA,quorum-sensing response regulator AgrA,named_symbol,agrA,gene_or_synonym,Staphylococcus
staphylococcus_epidermidis,GCF_006094375.1,quorum_agr,NZ_CP035288.1,EQW00_RS04535,WP_010959211.1,928467,929756,-,agrC,quorum-sensing sensor histidine kinase AgrC,named_symbol,agrC,gene_or_synonym,Staphylococcus
staphylococcus_epidermidis,GCF_006094375.1,quorum_agr,NZ_CP035288.1,EQW00_RS04540,WP_001830021.1,929783,929923,-,agrD,cyclic lactone autoinducer peptide AgrD,named_symbol,agrD,gene_or_synonym,Staphylococcus
staphylococcus_epidermidis,GCF_006094375.1,quorum_agr,NZ_CP035288.1,EQW00_RS04545,WP_001830005.1,929907,930491,-,,accessory gene regulator AgrB,named_symbol,agrB,product,Staphylococcus
staphylococcus_epidermidis,GCF_006094375.1,regulation_sarA,NZ_CP035288.1,EQW00_RS05525,WP_001830809.1,1092539,1092940,+,,SarA family transcriptional regulator,named_symbol,sarA,product,Staphylococcus
staphylococcus_epidermidis,GCF_006094375.1,type_iv_pili,NZ_CP035288.1,EQW00_RS06530,WP_001831109.1,1317037,1318011,+,comGA,competence type IV pilus ATPase ComGA,product_description,type IV pilus,product,
staphylococcus_epidermidis,GCF_006094375.1,type_iv_pili,NZ_CP035288.1,EQW00_RS06535,WP_001831131.1,1317983,1319050,+,comGB,competence type IV pilus assembly protein ComGB,product_description,type IV pilus,product,
staphylococcus_epidermidis,GCF_006094375.1,type_iv_pili,NZ_CP035288.1,EQW00_RS06540,WP_001831271.1,1319068,1319385,+,comGC,competence type IV pilus major pilin ComGC,product_description,type IV pilus,product,
staphylococcus_epidermidis,GCF_006094375.1,type_iv_pili,NZ_CP035288.1,EQW00_RS06545,WP_001831025.1,1319375,1319812,+,comGD,competence type IV pilus minor pilin ComGD,product_description,type IV pilus,product,
staphylococcus_epidermidis,GCF_006094375.1,type_iv_pili,NZ_CP035288.1,EQW00_RS06555,WP_002440043.1,1320016,1320507,+,,competence type IV pilus minor pilin ComGF,product_description,type IV pilus,product,
staphylococcus_epidermidis,GCF_006094375.1,adhesion_fibronectin,NZ_CP035288.1,EQW00_RS08200,WP_002456587.1,1697224,1698921,+,,Rqc2 family fibronectin-binding protein,product_description,fibronectin-binding,product,
staphylococcus_epidermidis,GCF_006094375.1,adhesion_fbp,NZ_CP035288.1,EQW00_RS08200,WP_002456587.1,1697224,1698921,+,,Rqc2 family fibronectin-binding protein,product_description,fibronectin-binding,product,
staphylococcus_epidermidis,GCF_006094375.1,adhesion_enolase,NZ_CP035288.1,EQW00_RS09845,WP_001829595.1,2013318,2014622,-,eno,surface-displayed alpha-enolase,named_symbol,eno,gene_or_synonym,
staphylococcus_epidermidis,GCF_006094375.1,regulation_sarA,NZ_CP035288.1,EQW00_RS10455,WP_001832112.1,2137362,2137721,-,,"transcriptional regulator, SarA/Rot family",named_symbol,sarA,product,Staphylococcus
staphylococcus_epidermidis,GCF_006094375.1,regulation_sarA,NZ_CP035288.1,EQW00_RS10690,WP_001832055.1,2184679,2185053,+,sarA,global transcriptional regulator SarA,named_symbol,sarA,gene_or_synonym,Staphylococcus
staphylococcus_epidermidis,GCF_006094375.1,adhesion_sdr,NZ_CP035288.1,EQW00_RS10980,WP_002487864.1,2236091,2239441,-,,SdrD B-like domain-containing protein,named_symbol,sdrD,product,Staphylococcus
staphylococcus_epidermidis,GCF_006094375.1,adhesion_autolysin,NZ_CP035288.1,EQW00_RS11620,WP_001829380.1,2369930,2370904,-,aae,autolysin/adhesin Aae,product_description,autolysin,product,
staphylococcus_epidermidis,GCF_006094375.1,adhesion_sdr,NZ_CP035288.1,EQW00_RS12020,WP_138936984.1,2438904,2442758,-,,SdrD B-like domain-containing protein,named_symbol,sdrD,product,Staphylococcus
staphylococcus_haemolyticus,GCF_001611955.1,regulation_sarA,NZ_CP013911.1,AV904_RS01630,WP_011276540.1,343287,343661,-,sarA,global transcriptional regulator SarA,named_symbol,sarA,gene_or_synonym,Staphylococcus
staphylococcus_haemolyticus,GCF_001611955.1,regulation_sarA,NZ_CP013911.1,AV904_RS01890,WP_011276486.1,399547,399906,+,,"transcriptional regulator, SarA/Rot family",named_symbol,sarA,product,Staphylococcus
staphylococcus_haemolyticus,GCF_001611955.1,adhesion_enolase,NZ_CP013911.1,AV904_RS02450,WP_037558390.1,516656,517960,+,eno,surface-displayed alpha-enolase,named_symbol,eno,gene_or_synonym,
staphylococcus_haemolyticus,GCF_001611955.1,adhesion_fibronectin,NZ_CP013911.1,AV904_RS04175,WP_016930697.1,857164,858861,-,,Rqc2 family fibronectin-binding protein,product_description,fibronectin-binding,product,
staphylococcus_haemolyticus,GCF_001611955.1,adhesion_fbp,NZ_CP013911.1,AV904_RS04175,WP_016930697.1,857164,858861,-,,Rqc2 family fibronectin-binding protein,product_description,fibronectin-binding,product,
staphylococcus_haemolyticus,GCF_001611955.1,type_iv_pili,NZ_CP013911.1,AV904_RS05750,WP_123955564.1,1206339,1206707,-,comGD,competence type IV pilus minor pilin ComGD,product_description,type IV pilus,product,
staphylococcus_haemolyticus,GCF_001611955.1,type_iv_pili,NZ_CP013911.1,AV904_RS05755,WP_037558197.1,1206772,1207092,-,comGC,competence type IV pilus major pilin ComGC,product_description,type IV pilus,product,
staphylococcus_haemolyticus,GCF_001611955.1,type_iv_pili,NZ_CP013911.1,AV904_RS05760,WP_037558195.1,1207106,1208170,-,comGB,competence type IV pilus assembly protein ComGB,product_description,type IV pilus,product,
staphylococcus_haemolyticus,GCF_001611955.1,regulation_sarA,NZ_CP013911.1,AV904_RS06865,WP_053038666.1,1450986,1451387,-,,"transcriptional regulator, SarA/Rot family",named_symbol,sarA,product,Staphylococcus
staphylococcus_haemolyticus,GCF_001611955.1,quorum_agr,NZ_CP013911.1,AV904_RS07760,WP_062931982.1,1604405,1604971,+,,accessory gene regulator AgrB,named_symbol,agrB,product,Staphylococcus
staphylococcus_haemolyticus,GCF_001611955.1,quorum_agr,NZ_CP013911.1,AV904_RS07765,WP_011275303.1,1604974,1605111,+,agrD,cyclic lactone autoinducer peptide AgrD,named_symbol,agrD,gene_or_synonym,Staphylococcus
staphylococcus_haemolyticus,GCF_001611955.1,quorum_agr,NZ_CP013911.1,AV904_RS07770,WP_029376653.1,1605143,1606426,+,agrC,quorum-sensing sensor histidine kinase AgrC,named_symbol,agrC,gene_or_synonym,Staphylococcus
staphylococcus_haemolyticus,GCF_001611955.1,quorum_agr,NZ_CP013911.1,AV904_RS07775,WP_011275301.1,1606445,1607161,+,agrA,quorum-sensing response regulator AgrA,named_symbol,agrA,gene_or_synonym,Staphylococcus
staphylococcus_haemolyticus,GCF_001611955.1,stress_sigB,NZ_CP013911.1,AV904_RS07925,WP_011275276.1,1641633,1642403,-,sigB,RNA polymerase sigma factor SigB,named_symbol,sigB,gene_or_synonym,Staphylococcus
staphylococcus_haemolyticus,GCF_001611955.1,regulation_sarA,NZ_CP013911.1,AV904_RS08820,WP_011275108.1,1802933,1803286,-,,SarA family transcriptional regulator,named_symbol,sarA,product,Staphylococcus
staphylococcus_haemolyticus,GCF_001611955.1,regulation_sarA,NZ_CP013911.1,AV904_RS08915,WP_011275089.1,1817998,1818342,-,,"transcriptional regulator, SarA/Rot family",named_symbol,sarA,product,Staphylococcus
staphylococcus_haemolyticus,GCF_001611955.1,regulation_sarA,NZ_CP013911.1,AV904_RS08925,WP_232143262.1,1819187,1819918,-,,"transcriptional regulator, SarA/Rot family",named_symbol,sarA,product,Staphylococcus
staphylococcus_haemolyticus,GCF_001611955.1,sortase,NZ_CP013911.1,AV904_RS10000,WP_011274868.1,2051091,2051693,-,srtA,class A sortase SrtA,named_symbol,srtA,gene_or_synonym,
staphylococcus_haemolyticus,GCF_002906595.1,sortase,NZ_CP024809.1,CUZ62_RS02385,WP_011274868.1,518472,519074,+,srtA,class A sortase SrtA,named_symbol,srtA,gene_or_synonym,
staphylococcus_haemolyticus,GCF_002906595.1,regulation_sarA,NZ_CP024809.1,CUZ62_RS03475,WP_011275087.1,753462,754190,+,,"transcriptional regulator, SarA/Rot family",named_symbol,sarA,product,Staphylococcus
staphylococcus_haemolyticus,GCF_002906595.1,regulation_sarA,NZ_CP024809.1,CUZ62_RS03485,WP_011275089.1,755035,755379,+,,"transcriptional regulator, SarA/Rot family",named_symbol,sarA,product,Staphylococcus
staphylococcus_haemolyticus,GCF_002906595.1,regulation_sarA,NZ_CP024809.1,CUZ62_RS03580,WP_011275108.1,770091,770444,+,,SarA family transcriptional regulator,named_symbol,sarA,product,Staphylococcus
staphylococcus_haemolyticus,GCF_002906595.1,stress_sigB,NZ_CP024809.1,CUZ62_RS04495,WP_011275276.1,934933,935703,+,sigB,RNA polymerase sigma factor SigB,named_symbol,sigB,gene_or_synonym,Staphylococcus
staphylococcus_haemolyticus,GCF_002906595.1,quorum_agr,NZ_CP024809.1,CUZ62_RS04645,WP_011275301.1,970180,970896,-,agrA,quorum-sensing response regulator AgrA,named_symbol,agrA,gene_or_synonym,Staphylococcus
staphylococcus_haemolyticus,GCF_002906595.1,quorum_agr,NZ_CP024809.1,CUZ62_RS04650,WP_041615113.1,970915,972198,-,agrC,quorum-sensing sensor histidine kinase AgrC,named_symbol,agrC,gene_or_synonym,Staphylococcus
staphylococcus_haemolyticus,GCF_002906595.1,quorum_agr,NZ_CP024809.1,CUZ62_RS04655,WP_011275303.1,972230,972367,-,agrD,cyclic lactone autoinducer peptide AgrD,named_symbol,agrD,gene_or_synonym,Staphylococcus
staphylococcus_haemolyticus,GCF_002906595.1,quorum_agr,NZ_CP024809.1,CUZ62_RS04660,WP_011275304.1,972370,972936,-,,accessory gene regulator AgrB,named_symbol,agrB,product,Staphylococcus
staphylococcus_haemolyticus,GCF_002906595.1,regulation_sarA,NZ_CP024809.1,CUZ62_RS05615,WP_016931327.1,1130763,1131164,+,,"transcriptional regulator, SarA/Rot family",named_symbol,sarA,product,Staphylococcus
staphylococcus_haemolyticus,GCF_002906595.1,type_iv_pili,NZ_CP024809.1,CUZ62_RS06670,WP_011275668.1,1372693,1373667,+,comGA,competence type IV pilus ATPase ComGA,product_description,type IV pilus,product,
staphylococcus_haemolyticus,GCF_002906595.1,type_iv_pili,NZ_CP024809.1,CUZ62_RS06675,WP_011275669.1,1373639,1374703,+,comGB,competence type IV pilus assembly protein ComGB,product_description,type IV pilus,product,
staphylococcus_haemolyticus,GCF_002906595.1,type_iv_pili,NZ_CP024809.1,CUZ62_RS06680,WP_011275670.1,1374717,1375037,+,comGC,competence type IV pilus major pilin ComGC,product_description,type IV pilus,product,
staphylococcus_haemolyticus,GCF_002906595.1,type_iv_pili,NZ_CP024809.1,CUZ62_RS06685,WP_370444504.1,1375018,1375470,+,comGD,competence type IV pilus minor pilin ComGD,product_description,type IV pilus,product,
staphylococcus_haemolyticus,GCF_002906595.1,adhesion_fibronectin,NZ_CP024809.1,CUZ62_RS08560,WP_016930697.1,1770342,1772039,+,,Rqc2 family fibronectin-binding protein,product_description,fibronectin-binding,product,
staphylococcus_haemolyticus,GCF_002906595.1,adhesion_fbp,NZ_CP024809.1,CUZ62_RS08560,WP_016930697.1,1770342,1772039,+,,Rqc2 family fibronectin-binding protein,product_description,fibronectin-binding,product,
staphylococcus_haemolyticus,GCF_002906595.1,adhesion_enolase,NZ_CP024809.1,CUZ62_RS10050,WP_011276373.1,2073286,2074590,-,eno,surface-displayed alpha-enolase,named_symbol,eno,gene_or_synonym,
staphylococcus_haemolyticus,GCF_002906595.1,regulation_sarA,NZ_CP024809.1,CUZ62_RS10620,WP_037548345.1,2191420,2191779,-,,"transcriptional regulator, SarA/Rot family",named_symbol,sarA,product,Staphylococcus
staphylococcus_haemolyticus,GCF_002906595.1,regulation_sarA,NZ_CP024809.1,CUZ62_RS10885,WP_011276540.1,2248346,2248720,+,sarA,global transcriptional regulator SarA,named_symbol,sarA,gene_or_synonym,Staphylococcus
staphylococcus_haemolyticus,GCF_002906595.1,adhesion_sdr,NZ_CP024809.1,CUZ62_RS12890,WP_103433657.1,2336962,2342610,-,,SdrD B-like domain-containing protein,named_symbol,sdrD,product,Staphylococcus
staphylococcus_haemolyticus,GCF_002906615.1,sortase,NZ_CP025396.1,CYD28_RS02385,WP_011274868.1,518475,519077,+,srtA,class A sortase SrtA,named_symbol,srtA,gene_or_synonym,
staphylococcus_haemolyticus,GCF_002906615.1,regulation_sarA,NZ_CP025396.1,CYD28_RS03475,WP_011275087.1,753465,754193,+,,"transcriptional regulator, SarA/Rot family",named_symbol,sarA,product,Staphylococcus
staphylococcus_haemolyticus,GCF_002906615.1,regulation_sarA,NZ_CP025396.1,CYD28_RS03485,WP_011275089.1,755038,755382,+,,"transcriptional regulator, SarA/Rot family",named_symbol,sarA,product,Staphylococcus
staphylococcus_haemolyticus,GCF_002906615.1,regulation_sarA,NZ_CP025396.1,CYD28_RS03580,WP_011275108.1,770094,770447,+,,SarA family transcriptional regulator,named_symbol,sarA,product,Staphylococcus
staphylococcus_haemolyticus,GCF_002906615.1,stress_sigB,NZ_CP025396.1,CYD28_RS04495,WP_011275276.1,934936,935706,+,sigB,RNA polymerase sigma factor SigB,named_symbol,sigB,gene_or_synonym,Staphylococcus
staphylococcus_haemolyticus,GCF_002906615.1,quorum_agr,NZ_CP025396.1,CYD28_RS04645,WP_011275301.1,970183,970899,-,agrA,quorum-sensing response regulator AgrA,named_symbol,agrA,gene_or_synonym,Staphylococcus
staphylococcus_haemolyticus,GCF_002906615.1,quorum_agr,NZ_CP025396.1,CYD28_RS04650,WP_041615113.1,970918,972201,-,agrC,quorum-sensing sensor histidine kinase AgrC,named_symbol,agrC,gene_or_synonym,Staphylococcus
staphylococcus_haemolyticus,GCF_002906615.1,quorum_agr,NZ_CP025396.1,CYD28_RS04655,WP_011275303.1,972233,972370,-,agrD,cyclic lactone autoinducer peptide AgrD,named_symbol,agrD,gene_or_synonym,Staphylococcus
staphylococcus_haemolyticus,GCF_002906615.1,quorum_agr,NZ_CP025396.1,CYD28_RS04660,WP_011275304.1,972373,972939,-,,accessory gene regulator AgrB,named_symbol,agrB,product,Staphylococcus
staphylococcus_haemolyticus,GCF_002906615.1,regulation_sarA,NZ_CP025396.1,CYD28_RS05605,WP_016931327.1,1129766,1130167,+,,"transcriptional regulator, SarA/Rot family",named_symbol,sarA,product,Staphylococcus
staphylococcus_haemolyticus,GCF_002906615.1,type_iv_pili,NZ_CP025396.1,CYD28_RS06660,WP_011275668.1,1371696,1372670,+,comGA,competence type IV pilus ATPase ComGA,product_description,type IV pilus,product,
staphylococcus_haemolyticus,GCF_002906615.1,type_iv_pili,NZ_CP025396.1,CYD28_RS06665,WP_011275669.1,1372642,1373706,+,comGB,competence type IV pilus assembly protein ComGB,product_description,type IV pilus,product,
staphylococcus_haemolyticus,GCF_002906615.1,type_iv_pili,NZ_CP025396.1,CYD28_RS06670,WP_011275670.1,1373720,1374040,+,comGC,competence type IV pilus major pilin ComGC,product_description,type IV pilus,product,
staphylococcus_haemolyticus,GCF_002906615.1,type_iv_pili,NZ_CP025396.1,CYD28_RS06675,WP_123955564.1,1374105,1374473,+,comGD,competence type IV pilus minor pilin ComGD,product_description,type IV pilus,product,
staphylococcus_haemolyticus,GCF_002906615.1,adhesion_fibronectin,NZ_CP025396.1,CYD28_RS08550,WP_016930697.1,1769345,1771042,+,,Rqc2 family fibronectin-binding protein,product_description,fibronectin-binding,product,
staphylococcus_haemolyticus,GCF_002906615.1,adhesion_fbp,NZ_CP025396.1,CYD28_RS08550,WP_016930697.1,1769345,1771042,+,,Rqc2 family fibronectin-binding protein,product_description,fibronectin-binding,product,
staphylococcus_haemolyticus,GCF_002906615.1,adhesion_enolase,NZ_CP025396.1,CYD28_RS10040,WP_011276373.1,2072289,2073593,-,eno,surface-displayed alpha-enolase,named_symbol,eno,gene_or_synonym,
staphylococcus_haemolyticus,GCF_002906615.1,regulation_sarA,NZ_CP025396.1,CYD28_RS10610,WP_037548345.1,2190423,2190782,-,,"transcriptional regulator, SarA/Rot family",named_symbol,sarA,product,Staphylococcus
staphylococcus_haemolyticus,GCF_002906615.1,regulation_sarA,NZ_CP025396.1,CYD28_RS10875,WP_011276540.1,2247349,2247723,+,sarA,global transcriptional regulator SarA,named_symbol,sarA,gene_or_synonym,Staphylococcus
staphylococcus_haemolyticus,GCF_002906615.1,adhesion_sdr,NZ_CP025396.1,CYD28_RS13270,WP_173675433.1,2335965,2342045,-,,SdrD B-like domain-containing protein,named_symbol,sdrD,product,Staphylococcus
staphylococcus_haemolyticus,GCF_002952715.2,regulation_sarA,NZ_CP025031.1,CWR44_RS00875,WP_104948201.1,155648,156001,-,,SarA family transcriptional regulator,named_symbol,sarA,product,Staphylococcus
staphylococcus_haemolyticus,GCF_002952715.2,regulation_sarA,NZ_CP025031.1,CWR44_RS00970,WP_011275089.1,170713,171057,-,,"transcriptional regulator, SarA/Rot family",named_symbol,sarA,product,Staphylococcus
staphylococcus_haemolyticus,GCF_002952715.2,regulation_sarA,NZ_CP025031.1,CWR44_RS00980,WP_011275087.1,171902,172630,-,,"transcriptional regulator, SarA/Rot family",named_symbol,sarA,product,Staphylococcus
staphylococcus_haemolyticus,GCF_002952715.2,sortase,NZ_CP025031.1,CWR44_RS02055,WP_016930795.1,404589,405191,-,srtA,class A sortase SrtA,named_symbol,srtA,gene_or_synonym,
staphylococcus_haemolyticus,GCF_002952715.2,adhesion_sdr,NZ_CP025031.1,CWR44_RS05850,WP_016931416.1,1195706,1197199,-,sdgB,serine-aspartate repeat adhesin O-glycosyltransferase SdgB,product_description,serine-aspartate repeat,product,Staphylococcus
staphylococcus_haemolyticus,GCF_002952715.2,regulation_sarA,NZ_CP025031.1,CWR44_RS06150,WP_011276540.1,1251713,1252087,-,sarA,global transcriptional regulator SarA,named_symbol,sarA,gene_or_synonym,Staphylococcus
staphylococcus_haemolyticus,GCF_002952715.2,regulation_sarA,NZ_CP025031.1,CWR44_RS06405,WP_011276486.1,1305822,1306181,+,,"transcriptional regulator, SarA/Rot family",named_symbol,sarA,product,Staphylococcus
staphylococcus_haemolyticus,GCF_002952715.2,adhesion_enolase,NZ_CP025031.1,CWR44_RS06980,WP_037558390.1,1424782,1426086,+,eno,surface-displayed alpha-enolase,named_symbol,eno,gene_or_synonym,
staphylococcus_haemolyticus,GCF_002952715.2,adhesion_fibronectin,NZ_CP025031.1,CWR44_RS08485,WP_049395867.1,1731191,1732888,-,,Rqc2 family fibronectin-binding protein,product_description,fibronectin-binding,product,
staphylococcus_haemolyticus,GCF_002952715.2,adhesion_fbp,NZ_CP025031.1,CWR44_RS08485,WP_049395867.1,1731191,1732888,-,,Rqc2 family fibronectin-binding protein,product_description,fibronectin-binding,product,
staphylococcus_haemolyticus,GCF_002952715.2,type_iv_pili,NZ_CP025031.1,CWR44_RS10670,WP_370444504.1,2170405,2170857,-,comGD,competence type IV pilus minor pilin ComGD,product_description,type IV pilus,product,
staphylococcus_haemolyticus,GCF_002952715.2,type_iv_pili,NZ_CP025031.1,CWR44_RS10675,WP_011275670.1,2170838,2171158,-,comGC,competence type IV pilus major pilin ComGC,product_description,type IV pilus,product,
staphylococcus_haemolyticus,GCF_002952715.2,type_iv_pili,NZ_CP025031.1,CWR44_RS10680,WP_011275669.1,2171172,2172236,-,comGB,competence type IV pilus assembly protein ComGB,product_description,type IV pilus,product,
staphylococcus_haemolyticus,GCF_002952715.2,type_iv_pili,NZ_CP025031.1,CWR44_RS10685,WP_011275668.1,2172208,2173182,-,comGA,competence type IV pilus ATPase ComGA,product_description,type IV pilus,product,
staphylococcus_haemolyticus,GCF_002952715.2,regulation_sarA,NZ_CP025031.1,CWR44_RS11735,WP_016931327.1,2410721,2411122,-,,"transcriptional regulator, SarA/Rot family",named_symbol,sarA,product,Staphylococcus
staphylococcus_haemolyticus,GCF_002952715.2,quorum_agr,NZ_CP025031.1,CWR44_RS12680,WP_033079903.1,2570277,2570843,+,,accessory gene regulator AgrB,named_symbol,agrB,product,Staphylococcus
staphylococcus_haemolyticus,GCF_002952715.2,quorum_agr,NZ_CP025031.1,CWR44_RS12685,WP_033079904.1,2570846,2570986,+,agrD,cyclic lactone autoinducer peptide AgrD,named_symbol,agrD,gene_or_synonym,Staphylococcus
staphylococcus_haemolyticus,GCF_002952715.2,quorum_agr,NZ_CP025031.1,CWR44_RS12690,WP_033079905.1,2571013,2572296,+,agrC,quorum-sensing sensor histidine kinase AgrC,named_symbol,agrC,gene_or_synonym,Staphylococcus
staphylococcus_haemolyticus,GCF_002952715.2,quorum_agr,NZ_CP025031.1,CWR44_RS12695,WP_011275301.1,2572315,2573031,+,agrA,quorum-sensing response regulator AgrA,named_symbol,agrA,gene_or_synonym,Staphylococcus
staphylococcus_haemolyticus,GCF_002952715.2,stress_sigB,NZ_CP025031.1,CWR44_RS12845,WP_011275276.1,2607505,2608275,-,sigB,RNA polymerase sigma factor SigB,named_symbol,sigB,gene_or_synonym,Staphylococcus
staphylococcus_haemolyticus,GCF_006094395.1,sortase,NZ_CP035291.1,EQ029_RS02205,WP_011274868.1,488964,489566,+,srtA,class A sortase SrtA,named_symbol,srtA,gene_or_synonym,
staphylococcus_haemolyticus,GCF_006094395.1,regulation_sarA,NZ_CP035291.1,EQ029_RS03280,WP_011275087.1,720924,721652,+,,"transcriptional regulator, SarA/Rot family",named_symbol,sarA,product,Staphylococcus
staphylococcus_haemolyticus,GCF_006094395.1,regulation_sarA,NZ_CP035291.1,EQ029_RS03290,WP_011275089.1,722497,722841,+,,"transcriptional regulator, SarA/Rot family",named_symbol,sarA,product,Staphylococcus
staphylococcus_haemolyticus,GCF_006094395.1,regulation_sarA,NZ_CP035291.1,EQ029_RS03385,WP_011275108.1,737553,737906,+,,SarA family transcriptional regulator,named_symbol,sarA,product,Staphylococcus
staphylococcus_haemolyticus,GCF_006094395.1,stress_sigB,NZ_CP035291.1,EQ029_RS04285,WP_011275276.1,897194,897964,+,sigB,RNA polymerase sigma factor SigB,named_symbol,sigB,gene_or_synonym,Staphylococcus
staphylococcus_haemolyticus,GCF_006094395.1,quorum_agr,NZ_CP035291.1,EQ029_RS04440,WP_011275301.1,934340,935056,-,agrA,quorum-sensing response regulator AgrA,named_symbol,agrA,gene_or_synonym,Staphylococcus
staphylococcus_haemolyticus,GCF_006094395.1,quorum_agr,NZ_CP035291.1,EQ029_RS04445,WP_029376653.1,935075,936358,-,agrC,quorum-sensing sensor histidine kinase AgrC,named_symbol,agrC,gene_or_synonym,Staphylococcus
staphylococcus_haemolyticus,GCF_006094395.1,quorum_agr,NZ_CP035291.1,EQ029_RS04450,WP_011275303.1,936390,936527,-,agrD,cyclic lactone autoinducer peptide AgrD,named_symbol,agrD,gene_or_synonym,Staphylococcus
staphylococcus_haemolyticus,GCF_006094395.1,quorum_agr,NZ_CP035291.1,EQ029_RS04455,WP_011275304.1,936530,937096,-,,accessory gene regulator AgrB,named_symbol,agrB,product,Staphylococcus
staphylococcus_haemolyticus,GCF_006094395.1,regulation_sarA,NZ_CP035291.1,EQ029_RS05375,WP_053038666.1,1090111,1090512,+,,"transcriptional regulator, SarA/Rot family",named_symbol,sarA,product,Staphylococcus
staphylococcus_haemolyticus,GCF_006094395.1,type_iv_pili,NZ_CP035291.1,EQ029_RS06410,WP_011275668.1,1323646,1324620,+,comGA,competence type IV pilus ATPase ComGA,product_description,type IV pilus,product,
staphylococcus_haemolyticus,GCF_006094395.1,type_iv_pili,NZ_CP035291.1,EQ029_RS06415,WP_037558195.1,1324592,1325656,+,comGB,competence type IV pilus assembly protein ComGB,product_description,type IV pilus,product,
staphylococcus_haemolyticus,GCF_006094395.1,type_iv_pili,NZ_CP035291.1,EQ029_RS06420,WP_057504819.1,1325670,1325990,+,comGC,competence type IV pilus major pilin ComGC,product_description,type IV pilus,product,
staphylococcus_haemolyticus,GCF_006094395.1,type_iv_pili,NZ_CP035291.1,EQ029_RS06425,WP_123955564.1,1326055,1326423,+,comGD,competence type IV pilus minor pilin ComGD,product_description,type IV pilus,product,
staphylococcus_haemolyticus,GCF_006094395.1,adhesion_fibronectin,NZ_CP035291.1,EQ029_RS07995,WP_016930697.1,1669851,1671548,+,,Rqc2 family fibronectin-binding protein,product_description,fibronectin-binding,product,
staphylococcus_haemolyticus,GCF_006094395.1,adhesion_fbp,NZ_CP035291.1,EQ029_RS07995,WP_016930697.1,1669851,1671548,+,,Rqc2 family fibronectin-binding protein,product_description,fibronectin-binding,product,
staphylococcus_haemolyticus,GCF_006094395.1,adhesion_enolase,NZ_CP035291.1,EQ029_RS09755,WP_037558390.1,2018554,2019858,-,eno,surface-displayed alpha-enolase,named_symbol,eno,gene_or_synonym,
staphylococcus_haemolyticus,GCF_006094395.1,regulation_sarA,NZ_CP035291.1,EQ029_RS10320,WP_011276486.1,2137703,2138062,-,,"transcriptional regulator, SarA/Rot family",named_symbol,sarA,product,Staphylococcus
staphylococcus_haemolyticus,GCF_006094395.1,regulation_sarA,NZ_CP035291.1,EQ029_RS10575,WP_011276540.1,2191800,2192174,+,sarA,global transcriptional regulator SarA,named_symbol,sarA,gene_or_synonym,Staphylococcus
staphylococcus_haemolyticus,GCF_006094395.1,adhesion_sdr,NZ_CP035292.1,EQ029_RS12805,WP_249038009.1,11847,20300,+,,SdrD B-like domain-containing protein,named_symbol,sdrD,product,Staphylococcus
streptococcus_anginosus,GCF_000831165.1,competence_com,NZ_CP007573.1,DK43_RS00125,WP_003029521.1,25760,26509,+,comE,competence system response regulator transcription factor ComE,named_symbol,comE,gene_or_synonym,Streptococcus
streptococcus_anginosus,GCF_000831165.1,adhesion_collagen,NZ_CP007573.1,DK43_RS00890,WP_235284323.1,181529,185200,+,,Cna B-type domain-containing protein,named_symbol,cna,product,
streptococcus_anginosus,GCF_000831165.1,sortase,NZ_CP007573.1,DK43_RS00900,WP_022525393.1,185415,186233,-,,class C sortase,product_description,sortase,product,
streptococcus_anginosus,GCF_000831165.1,adhesion_collagen,NZ_CP007573.1,DK43_RS01085,WP_041331457.1,209585,216067,+,,Cna B-type domain-containing protein,named_symbol,cna,product,
streptococcus_anginosus,GCF_000831165.1,sortase,NZ_CP007573.1,DK43_RS03715,WP_021418932.1,757389,758162,+,srtB,class B sortase,product_description,sortase,product,
streptococcus_anginosus,GCF_000831165.1,adhesion_enolase,NZ_CP007573.1,DK43_RS05130,WP_003029634.1,1059482,1060786,+,eno,surface-displayed alpha-enolase,named_symbol,eno,gene_or_synonym,
streptococcus_anginosus,GCF_000831165.1,sortase,NZ_CP007573.1,DK43_RS05250,WP_003029662.1,1083997,1084740,+,,class A sortase,product_description,sortase,product,
streptococcus_anginosus,GCF_000831165.1,adhesion_collagen,NZ_CP007573.1,DK43_RS05855,WP_041331835.1,1206719,1212445,-,,Cna B-type domain-containing protein,named_symbol,cna,product,
streptococcus_anginosus,GCF_000831165.1,regulation_vicRK,NZ_CP007573.1,DK43_RS06545,WP_021001532.1,1352367,1353719,-,vicK,cell wall metabolism sensor histidine kinase VicK,named_symbol,vicK,gene_or_synonym,Streptococcus
streptococcus_anginosus,GCF_000831165.1,streptococcus_gtf,NZ_CP007573.1,DK43_RS06665,WP_003027710.1,1381683,1383167,-,,glucosyltransferase domain-containing protein,product_description,glucosyltransferase,product,Streptococcus
streptococcus_anginosus,GCF_000831165.1,adhesion_fibronectin,NZ_CP007573.1,DK43_RS06905,WP_022525450.1,1433698,1435347,+,fbp62,Rqc2 family fibronectin-binding protein Fbp62,product_description,fibronectin-binding,product,
streptococcus_anginosus,GCF_000831165.1,adhesion_fbp,NZ_CP007573.1,DK43_RS06905,WP_022525450.1,1433698,1435347,+,fbp62,Rqc2 family fibronectin-binding protein Fbp62,product_description,fibronectin-binding,product,
streptococcus_anginosus,GCF_000831165.1,biofilm_brpA,NZ_CP007573.1,DK43_RS08430,WP_004224318.1,1750921,1752036,-,lytR,glycopolymer--peptidoglycan transferase LytR,named_symbol,brpA,gene_or_synonym,Streptococcus
streptococcus_anginosus,GCF_000831165.1,type_iv_pili,NZ_CP007573.1,DK43_RS08885,WP_003028477.1,1845045,1845371,-,comGG,competence type IV pilus minor pilin ComGG,product_description,type IV pilus,product,
streptococcus_anginosus,GCF_000831165.1,type_iv_pili,NZ_CP007573.1,DK43_RS08890,WP_003028476.1,1845352,1845789,-,comGF,competence type IV pilus minor pilin ComGF,product_description,type IV pilus,product,
streptococcus_anginosus,GCF_000831165.1,type_iv_pili,NZ_CP007573.1,DK43_RS08895,WP_003028475.1,1845773,1846066,-,comGE,competence type IV pilus minor pilin ComGE,product_description,type IV pilus,product,
streptococcus_anginosus,GCF_000831165.1,type_iv_pili,NZ_CP007573.1,DK43_RS08900,WP_037582611.1,1846038,1846466,-,comGD,competence type IV pilus minor pilin ComGD,product_description,type IV pilus,product,
streptococcus_anginosus,GCF_000831165.1,type_iv_pili,NZ_CP007573.1,DK43_RS08905,WP_003028473.1,1846426,1846743,-,comGC,competence type IV pilus major pilin ComGC,product_description,type IV pilus,product,
streptococcus_anginosus,GCF_000831165.1,type_iv_pili,NZ_CP007573.1,DK43_RS08910,WP_003028472.1,1846740,1847762,-,comGB,competence type IV pilus assembly protein ComGB,product_description,type IV pilus,product,
streptococcus_anginosus,GCF_000831165.1,type_iv_pili,NZ_CP007573.1,DK43_RS08915,WP_003028470.1,1847704,1848645,-,comGA,competence type IV pilus ATPase ComGA,product_description,type IV pilus,product,
streptococcus_anginosus,GCF_000831165.1,sortase,NZ_CP007573.1,DK43_RS09495,WP_003028548.1,1977955,1978800,-,,class C sortase,product_description,sortase,product,
streptococcus_anginosus,GCF_001412635.1,type_iv_pili,NZ_CP012805.1,SanJ4211_RS01235,WP_003027001.1,225616,226557,+,comGA,competence type IV pilus ATPase ComGA,product_description,type IV pilus,product,
streptococcus_anginosus,GCF_001412635.1,type_iv_pili,NZ_CP012805.1,SanJ4211_RS01240,WP_041783985.1,226499,227521,+,comGB,competence type IV pilus assembly protein ComGB,product_description,type IV pilus,product,
streptococcus_anginosus,GCF_001412635.1,type_iv_pili,NZ_CP012805.1,SanJ4211_RS01245,WP_003028473.1,227518,227835,+,comGC,competence type IV pilus major pilin ComGC,product_description,type IV pilus,product,
streptococcus_anginosus,GCF_001412635.1,type_iv_pili,NZ_CP012805.1,SanJ4211_RS01250,WP_021001232.1,227795,228223,+,comGD,competence type IV pilus minor pilin ComGD,product_description,type IV pilus,product,
streptococcus_anginosus,GCF_001412635.1,type_iv_pili,NZ_CP012805.1,SanJ4211_RS01255,WP_021001233.1,228195,228488,+,comGE,competence type IV pilus minor pilin ComGE,product_description,type IV pilus,product,
streptococcus_anginosus,GCF_001412635.1,type_iv_pili,NZ_CP012805.1,SanJ4211_RS01260,WP_041783987.1,228472,228909,+,comGF,competence type IV pilus minor pilin ComGF,product_description,type IV pilus,product,
streptococcus_anginosus,GCF_001412635.1,type_iv_pili,NZ_CP012805.1,SanJ4211_RS01265,WP_021001234.1,228890,229216,+,comGG,competence type IV pilus minor pilin ComGG,product_description,type IV pilus,product,
streptococcus_anginosus,GCF_001412635.1,biofilm_brpA,NZ_CP012805.1,SanJ4211_RS01770,WP_057489571.1,331347,332462,+,lytR,glycopolymer--peptidoglycan transferase LytR,named_symbol,brpA,gene_or_synonym,Streptococcus
streptococcus_anginosus,GCF_001412635.1,competence_com,NZ_CP012805.1,SanJ4211_RS02900,WP_003025431.1,564629,564778,+,,ComC/BlpC family leader-containing pheromone/bacteriocin,named_symbol,comC,product,Streptococcus
streptococcus_anginosus,GCF_001412635.1,adhesion_fibronectin,NZ_CP012805.1,SanJ4211_RS03275,WP_057489601.1,645918,647567,-,fbp62,Rqc2 family fibronectin-binding protein Fbp62,product_description,fibronectin-binding,product,
streptococcus_anginosus,GCF_001412635.1,adhesion_fbp,NZ_CP012805.1,SanJ4211_RS03275,WP_057489601.1,645918,647567,-,fbp62,Rqc2 family fibronectin-binding protein Fbp62,product_description,fibronectin-binding,product,
streptococcus_anginosus,GCF_001412635.1,regulation_vicRK,NZ_CP012805.1,SanJ4211_RS03615,WP_021001532.1,720296,721648,+,vicK,cell wall metabolism sensor histidine kinase VicK,named_symbol,vicK,gene_or_synonym,Streptococcus
streptococcus_anginosus,GCF_001412635.1,streptococcus_gbp,NZ_CP012805.1,SanJ4211_RS09795,WP_081026661.1,788966,791641,+,,GbpC/Spa domain-containing protein,named_symbol,gbpC,product,Streptococcus
streptococcus_anginosus,GCF_001412635.1,sortase,NZ_CP012805.1,SanJ4211_RS04930,WP_021001705.1,986292,987035,-,,class A sortase,product_description,sortase,product,
streptococcus_anginosus,GCF_001412635.1,adhesion_enolase,NZ_CP012805.1,SanJ4211_RS05050,WP_003024397.1,1010493,1011797,-,eno,surface-displayed alpha-enolase,named_symbol,eno,gene_or_synonym,
streptococcus_anginosus,GCF_001412635.1,adhesion_collagen,NZ_CP012805.1,SanJ4211_RS08830,WP_057489830.1,1759993,1766136,-,,Cna B-type domain-containing protein,named_symbol,cna,product,
streptococcus_anginosus,GCF_001412635.1,competence_com,NZ_CP012805.1,SanJ4211_RS09650,WP_021002244.1,1919307,1920056,-,comE,competence system response regulator transcription factor ComE,named_symbol,comE,gene_or_synonym,Streptococcus
streptococcus_anginosus,GCF_001697145.1,sortase,NZ_CP012719.1,SanJ4206_RS00455,WP_003028548.1,80531,81376,+,,class C sortase,product_description,sortase,product,
streptococcus_anginosus,GCF_001697145.1,streptococcus_spaP,NZ_CP012719.1,SanJ4206_RS01025,WP_157622002.1,199737,204650,+,,antigen I/II family LPXTG-anchored adhesin,product_description,antigen I/II,product,Streptococcus
streptococcus_anginosus,GCF_001697145.1,type_iv_pili,NZ_CP012719.1,SanJ4206_RS01055,WP_003028470.1,208638,209579,+,comGA,competence type IV pilus ATPase ComGA,product_description,type IV pilus,product,
streptococcus_anginosus,GCF_001697145.1,type_iv_pili,NZ_CP012719.1,SanJ4206_RS01060,WP_003028472.1,209521,210543,+,comGB,competence type IV pilus assembly protein ComGB,product_description,type IV pilus,product,
streptococcus_anginosus,GCF_001697145.1,type_iv_pili,NZ_CP012719.1,SanJ4206_RS01065,WP_003028473.1,210540,210857,+,comGC,competence type IV pilus major pilin ComGC,product_description,type IV pilus,product,
streptococcus_anginosus,GCF_001697145.1,type_iv_pili,NZ_CP012719.1,SanJ4206_RS01070,WP_037582611.1,210817,211245,+,comGD,competence type IV pilus minor pilin ComGD,product_description,type IV pilus,product,
streptococcus_anginosus,GCF_001697145.1,type_iv_pili,NZ_CP012719.1,SanJ4206_RS01075,WP_003028475.1,211217,211510,+,comGE,competence type IV pilus minor pilin ComGE,product_description,type IV pilus,product,
streptococcus_anginosus,GCF_001697145.1,type_iv_pili,NZ_CP012719.1,SanJ4206_RS01080,WP_003028476.1,211494,211931,+,comGF,competence type IV pilus minor pilin ComGF,product_description,type IV pilus,product,
streptococcus_anginosus,GCF_001697145.1,type_iv_pili,NZ_CP012719.1,SanJ4206_RS01085,WP_003028477.1,211912,212238,+,comGG,competence type IV pilus minor pilin ComGG,product_description,type IV pilus,product,
streptococcus_anginosus,GCF_001697145.1,biofilm_brpA,NZ_CP012719.1,SanJ4206_RS01540,WP_004224318.1,305246,306361,+,lytR,glycopolymer--peptidoglycan transferase LytR,named_symbol,brpA,gene_or_synonym,Streptococcus
streptococcus_anginosus,GCF_001697145.1,adhesion_fibronectin,NZ_CP012719.1,SanJ4206_RS03095,WP_022525450.1,626505,628154,-,fbp62,Rqc2 family fibronectin-binding protein Fbp62,product_description,fibronectin-binding,product,
streptococcus_anginosus,GCF_001697145.1,adhesion_fbp,NZ_CP012719.1,SanJ4206_RS03095,WP_022525450.1,626505,628154,-,fbp62,Rqc2 family fibronectin-binding protein Fbp62,product_description,fibronectin-binding,product,
streptococcus_anginosus,GCF_001697145.1,streptococcus_gtf,NZ_CP012719.1,SanJ4206_RS03425,WP_003027710.1,695382,696866,+,,glucosyltransferase domain-containing protein,product_description,glucosyltransferase,product,Streptococcus
streptococcus_anginosus,GCF_001697145.1,regulation_vicRK,NZ_CP012719.1,SanJ4206_RS03545,WP_003027674.1,724830,726182,+,vicK,cell wall metabolism sensor histidine kinase VicK,named_symbol,vicK,gene_or_synonym,Streptococcus
streptococcus_anginosus,GCF_001697145.1,adhesion_collagen,NZ_CP012719.1,SanJ4206_RS04235,WP_157622029.1,866108,871834,+,,Cna B-type domain-containing protein,named_symbol,cna,product,
streptococcus_anginosus,GCF_001697145.1,sortase,NZ_CP012719.1,SanJ4206_RS04840,WP_003029662.1,993813,994556,-,,class A sortase,product_description,sortase,product,
streptococcus_anginosus,GCF_001697145.1,adhesion_enolase,NZ_CP012719.1,SanJ4206_RS04960,WP_003029634.1,1017767,1019071,-,eno,surface-displayed alpha-enolase,named_symbol,eno,gene_or_synonym,
streptococcus_anginosus,GCF_001697145.1,adhesion_collagen,NZ_CP012719.1,SanJ4206_RS08765,WP_157622115.1,1802265,1808747,-,,Cna B-type domain-containing protein,named_symbol,cna,product,
streptococcus_anginosus,GCF_001697145.1,sortase,NZ_CP012719.1,SanJ4206_RS08960,WP_022525393.1,1832099,1832917,+,,class C sortase,product_description,sortase,product,
streptococcus_anginosus,GCF_001697145.1,sortase,NZ_CP012719.1,SanJ4206_RS08965,WP_022525394.1,1832929,1833783,+,,class C sortase,product_description,sortase,product,
streptococcus_anginosus,GCF_001697145.1,sortase,NZ_CP012719.1,SanJ4206_RS08970,WP_022525395.1,1833780,1834625,+,,class C sortase,product_description,sortase,product,
streptococcus_anginosus,GCF_001697145.1,adhesion_collagen,NZ_CP012719.1,SanJ4206_RS08975,WP_106083882.1,1834630,1835565,-,,Cna B-type domain-containing protein,named_symbol,cna,product,
streptococcus_anginosus,GCF_001697145.1,adhesion_collagen,NZ_CP012719.1,SanJ4206_RS08985,WP_022525399.1,1837149,1841105,-,,Cna B-type domain-containing protein,named_symbol,cna,product,
streptococcus_anginosus,GCF_001697145.1,competence_com,NZ_CP012719.1,SanJ4206_RS09785,WP_157622123.1,1996143,1996892,-,comE,competence system response regulator transcription factor ComE,named_symbol,comE,gene_or_synonym,Streptococcus
streptococcus_anginosus,GCF_008726365.3,type_iv_pili,NZ_CP136160.1,F6I35_RS01325,WP_024053130.1,229341,230282,+,comGA,competence type IV pilus ATPase ComGA,product_description,type IV pilus,product,
streptococcus_anginosus,GCF_008726365.3,type_iv_pili,NZ_CP136160.1,F6I35_RS01330,WP_171021869.1,230224,231246,+,comGB,competence type IV pilus assembly protein ComGB,product_description,type IV pilus,product,
streptococcus_anginosus,GCF_008726365.3,type_iv_pili,NZ_CP136160.1,F6I35_RS01585,WP_003039250.1,267238,267507,+,comGC,competence type IV pilus major pilin ComGC,product_description,type IV pilus,product,
streptococcus_anginosus,GCF_008726365.3,type_iv_pili,NZ_CP136160.1,F6I35_RS01590,WP_024053128.1,267467,267895,+,comGD,competence type IV pilus minor pilin ComGD,product_description,type IV pilus,product,
streptococcus_anginosus,GCF_008726365.3,type_iv_pili,NZ_CP136160.1,F6I35_RS01595,WP_024053127.1,267867,268160,+,comGE,competence type IV pilus minor pilin ComGE,product_description,type IV pilus,product,
streptococcus_anginosus,GCF_008726365.3,type_iv_pili,NZ_CP136160.1,F6I35_RS01600,WP_024053126.1,268144,268581,+,comGF,competence type IV pilus minor pilin ComGF,product_description,type IV pilus,product,
streptococcus_anginosus,GCF_008726365.3,type_iv_pili,NZ_CP136160.1,F6I35_RS01605,WP_257360478.1,268562,268888,+,comGG,competence type IV pilus minor pilin ComGG,product_description,type IV pilus,product,
streptococcus_anginosus,GCF_008726365.3,biofilm_brpA,NZ_CP136160.1,F6I35_RS02160,WP_070241538.1,376809,377924,+,lytR,glycopolymer--peptidoglycan transferase LytR,named_symbol,brpA,gene_or_synonym,Streptococcus
streptococcus_anginosus,GCF_008726365.3,competence_com,NZ_CP136160.1,F6I35_RS03335,WP_022526763.1,611803,611952,-,,ComC/BlpC family leader-containing pheromone/bacteriocin,named_symbol,comC,product,Streptococcus
streptococcus_anginosus,GCF_008726365.3,adhesion_fibronectin,NZ_CP136160.1,F6I35_RS03665,WP_024051914.1,686446,688095,-,fbp62,Rqc2 family fibronectin-binding protein Fbp62,product_description,fibronectin-binding,product,
streptococcus_anginosus,GCF_008726365.3,adhesion_fbp,NZ_CP136160.1,F6I35_RS03665,WP_024051914.1,686446,688095,-,fbp62,Rqc2 family fibronectin-binding protein Fbp62,product_description,fibronectin-binding,product,
streptococcus_anginosus,GCF_008726365.3,regulation_vicRK,NZ_CP136160.1,F6I35_RS04005,WP_150866955.1,761409,762761,+,vicK,cell wall metabolism sensor histidine kinase VicK,named_symbol,vicK,gene_or_synonym,Streptococcus
streptococcus_anginosus,GCF_008726365.3,adhesion_enolase,NZ_CP136160.1,F6I35_RS04790,WP_003029634.1,915522,916826,+,eno,surface-displayed alpha-enolase,named_symbol,eno,gene_or_synonym,
streptococcus_anginosus,GCF_008726365.3,sortase,NZ_CP136160.1,F6I35_RS04905,WP_024051643.1,938092,938835,+,,class A sortase,product_description,sortase,product,
streptococcus_anginosus,GCF_008726365.3,adhesion_collagen,NZ_CP136160.1,F6I35_RS05645,WP_219619522.1,1077524,1081387,-,,Cna B-type domain-containing protein,named_symbol,cna,product,
streptococcus_anginosus,GCF_008726365.3,competence_com,NZ_CP136160.1,F6I35_RS10710,WP_024052478.1,2027664,2028413,-,comE,competence system response regulator transcription factor ComE,named_symbol,comE,gene_or_synonym,Streptococcus
streptococcus_anginosus,GCF_900636475.1,sortase,NZ_LR134283.1,EL079_RS03180,WP_003030284.1,643741,644484,-,,class A sortase,product_description,sortase,product,
streptococcus_anginosus,GCF_900636475.1,adhesion_enolase,NZ_LR134283.1,EL079_RS03295,WP_003029634.1,666512,667816,-,eno,surface-displayed alpha-enolase,named_symbol,eno,gene_or_synonym,
streptococcus_anginosus,GCF_900636475.1,regulation_vicRK,NZ_LR134283.1,EL079_RS04130,WP_003032751.1,837724,839076,-,vicK,cell wall metabolism sensor histidine kinase VicK,named_symbol,vicK,gene_or_synonym,Streptococcus
streptococcus_anginosus,GCF_900636475.1,adhesion_fibronectin,NZ_LR134283.1,EL079_RS04465,WP_003031903.1,911241,912890,+,fbp62,Rqc2 family fibronectin-binding protein Fbp62,product_description,fibronectin-binding,product,
streptococcus_anginosus,GCF_900636475.1,adhesion_fbp,NZ_LR134283.1,EL079_RS04465,WP_003031903.1,911241,912890,+,fbp62,Rqc2 family fibronectin-binding protein Fbp62,product_description,fibronectin-binding,product,
streptococcus_anginosus,GCF_900636475.1,biofilm_brpA,NZ_LR134283.1,EL079_RS05910,WP_004224985.1,1211499,1212614,-,lytR,glycopolymer--peptidoglycan transferase LytR,named_symbol,brpA,gene_or_synonym,Streptococcus
streptococcus_anginosus,GCF_900636475.1,sortase,NZ_LR134283.1,EL079_RS06325,WP_003033175.1,1296033,1296854,-,,class C sortase,product_description,sortase,product,
streptococcus_anginosus,GCF_900636475.1,adhesion_collagen,NZ_LR134283.1,EL079_RS06335,WP_003033171.1,1298517,1302962,-,,Cna B-type domain-containing protein,named_symbol,cna,product,
streptococcus_anginosus,GCF_900636475.1,competence_com,NZ_LR134283.1,EL079_RS07420,WP_018543656.1,1502240,1502989,+,comE,competence system response regulator transcription factor ComE,named_symbol,comE,gene_or_synonym,Streptococcus
streptococcus_anginosus,GCF_900636475.1,adhesion_collagen,NZ_LR134283.1,EL079_RS08330,WP_018543609.1,1671202,1675812,+,,Cna B-type domain-containing protein,named_symbol,cna,product,
streptococcus_anginosus,GCF_900636475.1,adhesion_collagen,NZ_LR134283.1,EL079_RS10005,WP_003032651.1,1675891,1676547,+,,Cna B-type domain-containing protein,named_symbol,cna,product,
streptococcus_anginosus,GCF_900636475.1,type_iv_pili,NZ_LR134283.1,EL079_RS08800,WP_003032308.1,1766791,1767732,+,comGA,competence type IV pilus ATPase ComGA,product_description,type IV pilus,product,
streptococcus_anginosus,GCF_900636475.1,type_iv_pili,NZ_LR134283.1,EL079_RS08805,WP_037582505.1,1767674,1768696,+,comGB,competence type IV pilus assembly protein ComGB,product_description,type IV pilus,product,
streptococcus_anginosus,GCF_900636475.1,type_iv_pili,NZ_LR134283.1,EL079_RS08810,WP_003026997.1,1768693,1769010,+,comGC,competence type IV pilus major pilin ComGC,product_description,type IV pilus,product,
streptococcus_anginosus,GCF_900636475.1,type_iv_pili,NZ_LR134283.1,EL079_RS08815,WP_050791305.1,1768970,1769398,+,comGD,competence type IV pilus minor pilin ComGD,product_description,type IV pilus,product,
streptococcus_anginosus,GCF_900636475.1,type_iv_pili,NZ_LR134283.1,EL079_RS08820,WP_003032294.1,1769370,1769663,+,comGE,competence type IV pilus minor pilin ComGE,product_description,type IV pilus,product,
streptococcus_anginosus,GCF_900636475.1,type_iv_pili,NZ_LR134283.1,EL079_RS08825,WP_003032293.1,1769647,1770084,+,comGF,competence type IV pilus minor pilin ComGF,product_description,type IV pilus,product,
streptococcus_anginosus,GCF_900636475.1,type_iv_pili,NZ_LR134283.1,EL079_RS08830,WP_018543596.1,1770065,1770391,+,comGG,competence type IV pilus minor pilin ComGG,product_description,type IV pilus,product,
streptococcus_anginosus,GCF_900636475.1,streptococcus_gbp,NZ_LR134283.1,EL079_RS10040,WP_269470900.1,1949133,1950191,+,,GbpC/Spa domain-containing protein,named_symbol,gbpC,product,Streptococcus
streptococcus_mitis,GCF_000722765.2,type_iv_pili,NZ_CP028415.1,SK637_RS01010,WP_033688033.1,207131,208072,+,comGA,competence type IV pilus ATPase ComGA,product_description,type IV pilus,product,
streptococcus_mitis,GCF_000722765.2,type_iv_pili,NZ_CP028415.1,SK637_RS01015,WP_080710441.1,208020,209036,+,comGB,competence type IV pilus assembly protein ComGB,product_description,type IV pilus,product,
streptococcus_mitis,GCF_000722765.2,type_iv_pili,NZ_CP028415.1,SK637_RS01020,WP_033688035.1,209038,209364,+,comGC,competence type IV pilus major pilin ComGC,product_description,type IV pilus,product,
streptococcus_mitis,GCF_000722765.2,type_iv_pili,NZ_CP028415.1,SK637_RS01025,WP_000588010.1,209357,209761,+,comGD,competence type IV pilus minor pilin ComGD,product_description,type IV pilus,product,
streptococcus_mitis,GCF_000722765.2,type_iv_pili,NZ_CP028415.1,SK637_RS01030,WP_272898261.1,209724,210026,+,comGE,competence type IV pilus minor pilin ComGE,product_description,type IV pilus,product,
streptococcus_mitis,GCF_000722765.2,type_iv_pili,NZ_CP028415.1,SK637_RS01035,WP_033688037.1,209989,210450,+,comGF,competence type IV pilus minor pilin ComGF,product_description,type IV pilus,product,
streptococcus_mitis,GCF_000722765.2,type_iv_pili,NZ_CP028415.1,SK637_RS01040,WP_033688038.1,210428,210838,+,comGG,competence type IV pilus minor pilin ComGG,product_description,type IV pilus,product,
streptococcus_mitis,GCF_000722765.2,adhesion_fibronectin,NZ_CP028415.1,SK637_RS04355,WP_033688723.1,795452,797107,-,pavA,Rqc2 family fibronectin-binding protein PavA,product_description,fibronectin-binding,product,
streptococcus_mitis,GCF_000722765.2,adhesion_fbp,NZ_CP028415.1,SK637_RS04355,WP_033688723.1,795452,797107,-,pavA,Rqc2 family fibronectin-binding protein PavA,product_description,fibronectin-binding,product,
streptococcus_mitis,GCF_000722765.2,sortase,NZ_CP028415.1,SK637_RS04550,WP_033688745.1,852138,852881,+,,class A sortase,product_description,sortase,product,
streptococcus_mitis,GCF_000722765.2,adhesion_enolase,NZ_CP028415.1,SK637_RS05335,WP_000022821.1,1017133,1018437,-,eno,surface-displayed alpha-enolase,named_symbol,eno,gene_or_synonym,
streptococcus_mitis,GCF_000722765.2,regulation_vicRK,NZ_CP028415.1,SK637_RS05420,WP_033688867.1,1039255,1040613,-,vicK,cell wall metabolism sensor histidine kinase VicK,named_symbol,vicK,gene_or_synonym,Streptococcus
streptococcus_mitis,GCF_000722765.2,sortase,NZ_CP028415.1,SK637_RS06695,WP_004256158.1,1291914,1292021,-,,QVPTGV class sortase B protein-sorting domain-containing protein,product_description,sortase,product,
streptococcus_mitis,GCF_000722765.2,streptococcus_gtf,NZ_CP028415.1,SK637_RS07660,WP_033689241.1,1519855,1521192,-,gtfB,accessory Sec system glycosylation chaperone GtfB,named_symbol,gtfB,gene_or_synonym,Streptococcus
streptococcus_mitis,GCF_000722765.2,biofilm_brpA,NZ_CP028415.1,SK637_RS08500,WP_033689413.1,1707038,1708093,-,lytR,glycopolymer--peptidoglycan transferase LytR,named_symbol,brpA,gene_or_synonym,Streptococcus
streptococcus_mitis,GCF_000722765.2,competence_com,NZ_CP028415.1,SK637_RS09655,WP_000866062.1,1936859,1937611,-,comE,competence system response regulator transcription factor ComE,named_symbol,comE,gene_or_synonym,Streptococcus
streptococcus_mitis,GCF_000722765.2,competence_com,NZ_CP028415.1,SK637_RS09660,WP_033689609.1,1937608,1938933,-,comD,competence system sensor histidine kinase ComD,named_symbol,comD,gene_or_synonym,Streptococcus
streptococcus_mitis,GCF_000722765.2,competence_com,NZ_CP028415.1,SK637_RS09665,WP_033689611.1,1938946,1939068,-,comC,competence-stimulating peptide ComC,named_symbol,comC,gene_or_synonym,Streptococcus
streptococcus_mitis,GCF_001281025.1,type_iv_pili,NZ_CP012646.1,RN80_RS01075,WP_060627212.1,192395,192808,-,comGG,competence type IV pilus minor pilin ComGG,product_description,type IV pilus,product,
streptococcus_mitis,GCF_001281025.1,type_iv_pili,NZ_CP012646.1,RN80_RS01080,WP_060627213.1,192786,193247,-,comGF,competence type IV pilus minor pilin ComGF,product_description,type IV pilus,product,
streptococcus_mitis,GCF_001281025.1,type_iv_pili,NZ_CP012646.1,RN80_RS01085,WP_253275437.1,193210,193512,-,comGE,competence type IV pilus minor pilin ComGE,product_description,type IV pilus,product,
streptococcus_mitis,GCF_001281025.1,type_iv_pili,NZ_CP012646.1,RN80_RS01090,WP_060627215.1,193475,193909,-,comGD,competence type IV pilus minor pilin ComGD,product_description,type IV pilus,product,
streptococcus_mitis,GCF_001281025.1,type_iv_pili,NZ_CP012646.1,RN80_RS01095,WP_060627216.1,193872,194195,-,comGC,competence type IV pilus major pilin ComGC,product_description,type IV pilus,product,
streptococcus_mitis,GCF_001281025.1,type_iv_pili,NZ_CP012646.1,RN80_RS01100,WP_080998467.1,194197,195213,-,comGB,competence type IV pilus assembly protein ComGB,product_description,type IV pilus,product,
streptococcus_mitis,GCF_001281025.1,type_iv_pili,NZ_CP012646.1,RN80_RS01105,WP_060627217.1,195161,196102,-,comGA,competence type IV pilus ATPase ComGA,product_description,type IV pilus,product,
streptococcus_mitis,GCF_001281025.1,competence_com,NZ_CP012646.1,RN80_RS02035,WP_060627323.1,383515,383637,+,comC,competence-stimulating peptide ComC,named_symbol,comC,gene_or_synonym,Streptococcus
streptococcus_mitis,GCF_001281025.1,competence_com,NZ_CP012646.1,RN80_RS02040,WP_060627324.1,383650,384975,+,comD,competence system sensor histidine kinase ComD,named_symbol,comD,gene_or_synonym,Streptococcus
streptococcus_mitis,GCF_001281025.1,competence_com,NZ_CP012646.1,RN80_RS02045,WP_000866073.1,384972,385724,+,comE,competence system response regulator transcription factor ComE,named_symbol,comE,gene_or_synonym,Streptococcus
streptococcus_mitis,GCF_001281025.1,biofilm_brpA,NZ_CP012646.1,RN80_RS03210,WP_060627458.1,611979,613031,+,lytR,glycopolymer--peptidoglycan transferase LytR,named_symbol,brpA,gene_or_synonym,Streptococcus
streptococcus_mitis,GCF_001281025.1,regulation_vicRK,NZ_CP012646.1,RN80_RS06065,WP_060628226.1,1236674,1238023,+,vicK,cell wall metabolism sensor histidine kinase VicK,named_symbol,vicK,gene_or_synonym,Streptococcus
streptococcus_mitis,GCF_001281025.1,adhesion_enolase,NZ_CP012646.1,RN80_RS06150,WP_000022813.1,1259659,1260963,+,eno,surface-displayed alpha-enolase,named_symbol,eno,gene_or_synonym,
streptococcus_mitis,GCF_001281025.1,sortase,NZ_CP012646.1,RN80_RS06900,WP_060628427.1,1412722,1413465,-,,class A sortase,product_description,sortase,product,
streptococcus_mitis,GCF_001281025.1,adhesion_fibronectin,NZ_CP012646.1,RN80_RS07085,WP_060628461.1,1455020,1456675,+,pavA,Rqc2 family fibronectin-binding protein PavA,product_description,fibronectin-binding,product,
streptococcus_mitis,GCF_001281025.1,adhesion_fbp,NZ_CP012646.1,RN80_RS07085,WP_060628461.1,1455020,1456675,+,pavA,Rqc2 family fibronectin-binding protein PavA,product_description,fibronectin-binding,product,
streptococcus_mitis,GCF_009730515.1,type_iv_pili,NZ_CP046335.1,FOB92_RS00825,WP_000249545.1,176492,177433,+,comGA,competence type IV pilus ATPase ComGA,product_description,type IV pilus,product,
streptococcus_mitis,GCF_009730515.1,type_iv_pili,NZ_CP046335.1,FOB92_RS00830,WP_004238896.1,177381,178397,+,comGB,competence type IV pilus assembly protein ComGB,product_description,type IV pilus,product,
streptococcus_mitis,GCF_009730515.1,type_iv_pili,NZ_CP046335.1,FOB92_RS00840,WP_029689647.1,178685,179119,+,comGD,competence type IV pilus minor pilin ComGD,product_description,type IV pilus,product,
streptococcus_mitis,GCF_009730515.1,type_iv_pili,NZ_CP046335.1,FOB92_RS00845,WP_045597458.1,179082,179384,+,comGE,competence type IV pilus minor pilin ComGE,product_description,type IV pilus,product,
streptococcus_mitis,GCF_009730515.1,type_iv_pili,NZ_CP046335.1,FOB92_RS00850,WP_000250509.1,179347,179808,+,comGF,competence type IV pilus minor pilin ComGF,product_description,type IV pilus,product,
streptococcus_mitis,GCF_009730515.1,type_iv_pili,NZ_CP046335.1,FOB92_RS00855,WP_000265657.1,179786,180199,+,comGG,competence type IV pilus minor pilin ComGG,product_description,type IV pilus,product,
streptococcus_mitis,GCF_009730515.1,adhesion_fibronectin,NZ_CP046335.1,FOB92_RS04080,WP_000006744.1,793074,794729,-,pavA,Rqc2 family fibronectin-binding protein PavA,product_description,fibronectin-binding,product,
streptococcus_mitis,GCF_009730515.1,adhesion_fbp,NZ_CP046335.1,FOB92_RS04080,WP_000006744.1,793074,794729,-,pavA,Rqc2 family fibronectin-binding protein PavA,product_description,fibronectin-binding,product,
streptococcus_mitis,GCF_009730515.1,sortase,NZ_CP046335.1,FOB92_RS04270,WP_000018498.1,849348,850091,+,,class A sortase,product_description,sortase,product,
streptococcus_mitis,GCF_009730515.1,adhesion_enolase,NZ_CP046335.1,FOB92_RS04895,WP_000022821.1,982511,983815,-,eno,surface-displayed alpha-enolase,named_symbol,eno,gene_or_synonym,
streptococcus_mitis,GCF_009730515.1,regulation_vicRK,NZ_CP046335.1,FOB92_RS04995,WP_000571163.1,1006752,1008110,-,vicK,cell wall metabolism sensor histidine kinase VicK,named_symbol,vicK,gene_or_synonym,Streptococcus
streptococcus_mitis,GCF_009730515.1,sortase,NZ_CP046335.1,FOB92_RS06210,WP_115262369.1,1238059,1238166,-,,QVPTGV class sortase B protein-sorting domain-containing protein,product_description,sortase,product,
streptococcus_mitis,GCF_009730515.1,biofilm_brpA,NZ_CP046335.1,FOB92_RS07865,WP_000239266.1,1634116,1635171,-,lytR,glycopolymer--peptidoglycan transferase LytR,named_symbol,brpA,gene_or_synonym,Streptococcus
streptococcus_mitis,GCF_009730515.1,competence_com,NZ_CP046335.1,FOB92_RS08895,WP_000866073.1,1848517,1849269,-,comE,competence system response regulator transcription factor ComE,named_symbol,comE,gene_or_synonym,Streptococcus
streptococcus_mitis,GCF_009730515.1,competence_com,NZ_CP046335.1,FOB92_RS08900,WP_020902616.1,1849266,1850591,-,comD,competence system sensor histidine kinase ComD,named_symbol,comD,gene_or_synonym,Streptococcus
streptococcus_mitis,GCF_009730515.1,competence_com,NZ_CP046335.1,FOB92_RS08905,WP_004238992.1,1850604,1850726,-,comC,competence-stimulating peptide ComC,named_symbol,comC,gene_or_synonym,Streptococcus
streptococcus_mitis,GCF_013305725.1,type_iv_pili,NZ_CP047883.1,M594_RS00890,WP_173875726.1,179423,180364,+,comGA,competence type IV pilus ATPase ComGA,product_description,type IV pilus,product,
streptococcus_mitis,GCF_013305725.1,type_iv_pili,NZ_CP047883.1,M594_RS00895,WP_153209728.1,180312,181328,+,comGB,competence type IV pilus assembly protein ComGB,product_description,type IV pilus,product,
streptococcus_mitis,GCF_013305725.1,type_iv_pili,NZ_CP047883.1,M594_RS00905,WP_173875727.1,181616,181996,+,comGD,competence type IV pilus minor pilin ComGD,product_description,type IV pilus,product,
streptococcus_mitis,GCF_013305725.1,type_iv_pili,NZ_CP047883.1,M594_RS00910,WP_153209718.1,182013,182315,+,comGE,competence type IV pilus minor pilin ComGE,product_description,type IV pilus,product,
streptococcus_mitis,GCF_013305725.1,type_iv_pili,NZ_CP047883.1,M594_RS00915,WP_173875728.1,182278,182739,+,comGF,competence type IV pilus minor pilin ComGF,product_description,type IV pilus,product,
streptococcus_mitis,GCF_013305725.1,type_iv_pili,NZ_CP047883.1,M594_RS00920,WP_173875729.1,182717,183130,+,comGG,competence type IV pilus minor pilin ComGG,product_description,type IV pilus,product,
streptococcus_mitis,GCF_013305725.1,sortase,NZ_CP047883.1,M594_RS04075,WP_173876040.1,824311,825054,+,,class A sortase,product_description,sortase,product,
streptococcus_mitis,GCF_013305725.1,adhesion_enolase,NZ_CP047883.1,M594_RS05745,WP_000022813.1,1157209,1158513,-,eno,surface-displayed alpha-enolase,named_symbol,eno,gene_or_synonym,
streptococcus_mitis,GCF_013305725.1,regulation_vicRK,NZ_CP047883.1,M594_RS05830,WP_173876222.1,1180150,1181499,-,vicK,cell wall metabolism sensor histidine kinase VicK,named_symbol,vicK,gene_or_synonym,Streptococcus
streptococcus_mitis,GCF_013305725.1,adhesion_fibronectin,NZ_CP047883.1,M594_RS06340,WP_173876268.1,1287504,1289159,+,pavA,Rqc2 family fibronectin-binding protein PavA,product_description,fibronectin-binding,product,
streptococcus_mitis,GCF_013305725.1,adhesion_fbp,NZ_CP047883.1,M594_RS06340,WP_173876268.1,1287504,1289159,+,pavA,Rqc2 family fibronectin-binding protein PavA,product_description,fibronectin-binding,product,
streptococcus_mitis,GCF_013305725.1,sortase,NZ_CP047883.1,M594_RS07400,WP_020901952.1,1509582,1509689,-,,QVPTGV class sortase B protein-sorting domain-containing protein,product_description,sortase,product,
streptococcus_mitis,GCF_013305725.1,streptococcus_gtf,NZ_CP047883.1,M594_RS08130,WP_173876491.1,1668165,1669502,-,gtfB,accessory Sec system glycosylation chaperone GtfB,named_symbol,gtfB,gene_or_synonym,Streptococcus
streptococcus_mitis,GCF_013305725.1,biofilm_brpA,NZ_CP047883.1,M594_RS08910,WP_173876609.1,1862428,1863468,-,brpA,biofilm formation/cell division transcriptional regulator BrpA,named_symbol,brpA,gene_or_synonym,Streptococcus
streptococcus_mitis,GCF_013305725.1,competence_com,NZ_CP047883.1,M594_RS09990,WP_000866074.1,2081583,2082335,-,comE,competence system response regulator transcription factor ComE,named_symbol,comE,gene_or_synonym,Streptococcus
streptococcus_mitis,GCF_013305725.1,competence_com,NZ_CP047883.1,M594_RS09995,WP_173876722.1,2082332,2083657,-,comD,competence system sensor histidine kinase ComD,named_symbol,comD,gene_or_synonym,Streptococcus
streptococcus_mitis,GCF_013305725.1,competence_com,NZ_CP047883.1,M594_RS10000,WP_049535516.1,2083678,2083803,-,comC,competence-stimulating peptide ComC,named_symbol,comC,gene_or_synonym,Streptococcus
streptococcus_mitis,GCF_018603625.2,type_iv_pili,NZ_CP190759.1,KK076_RS00695,WP_049487756.1,156704,157645,+,comGA,competence type IV pilus ATPase ComGA,product_description,type IV pilus,product,
streptococcus_mitis,GCF_018603625.2,type_iv_pili,NZ_CP190759.1,KK076_RS00700,WP_080975925.1,157593,158609,+,comGB,competence type IV pilus assembly protein ComGB,product_description,type IV pilus,product,
streptococcus_mitis,GCF_018603625.2,type_iv_pili,NZ_CP190759.1,KK076_RS00710,WP_061590174.1,158930,159334,+,comGD,competence type IV pilus minor pilin ComGD,product_description,type IV pilus,product,
streptococcus_mitis,GCF_018603625.2,type_iv_pili,NZ_CP190759.1,KK076_RS00715,WP_061590175.1,159297,159599,+,comGE,competence type IV pilus minor pilin ComGE,product_description,type IV pilus,product,
streptococcus_mitis,GCF_018603625.2,type_iv_pili,NZ_CP190759.1,KK076_RS00720,WP_061590176.1,159562,160023,+,comGF,competence type IV pilus minor pilin ComGF,product_description,type IV pilus,product,
streptococcus_mitis,GCF_018603625.2,type_iv_pili,NZ_CP190759.1,KK076_RS00725,WP_070482061.1,160001,160414,+,comGG,competence type IV pilus minor pilin ComGG,product_description,type IV pilus,product,
streptococcus_mitis,GCF_018603625.2,sortase,NZ_CP190759.1,KK076_RS04275,WP_033681684.1,866371,867114,+,,class A sortase,product_description,sortase,product,
streptococcus_mitis,GCF_018603625.2,adhesion_enolase,NZ_CP190759.1,KK076_RS04935,WP_000022813.1,997868,999172,-,eno,surface-displayed alpha-enolase,named_symbol,eno,gene_or_synonym,
streptococcus_mitis,GCF_018603625.2,regulation_vicRK,NZ_CP190759.1,KK076_RS05010,WP_061589754.1,1018448,1019797,-,vicK,cell wall metabolism sensor histidine kinase VicK,named_symbol,vicK,gene_or_synonym,Streptococcus
streptococcus_mitis,GCF_018603625.2,adhesion_fibronectin,NZ_CP190759.1,KK076_RS05635,WP_061589923.1,1148921,1150576,+,pavA,Rqc2 family fibronectin-binding protein PavA,product_description,fibronectin-binding,product,
streptococcus_mitis,GCF_018603625.2,adhesion_fbp,NZ_CP190759.1,KK076_RS05635,WP_061589923.1,1148921,1150576,+,pavA,Rqc2 family fibronectin-binding protein PavA,product_description,fibronectin-binding,product,
streptococcus_mitis,GCF_018603625.2,streptococcus_gtf,NZ_CP190759.1,KK076_RS07610,WP_049488412.1,1551673,1553010,-,gtfB,accessory Sec system glycosylation chaperone GtfB,named_symbol,gtfB,gene_or_synonym,Streptococcus
streptococcus_mitis,GCF_018603625.2,biofilm_brpA,NZ_CP190759.1,KK076_RS08295,WP_070482409.1,1722109,1723146,-,brpA,biofilm formation/cell division transcriptional regulator BrpA,named_symbol,brpA,gene_or_synonym,Streptococcus
streptococcus_mitis,GCF_018603625.2,competence_com,NZ_CP190759.1,KK076_RS09445,WP_000866073.1,1954059,1954811,-,comE,competence system response regulator transcription factor ComE,named_symbol,comE,gene_or_synonym,Streptococcus
streptococcus_mitis,GCF_018603625.2,competence_com,NZ_CP190759.1,KK076_RS09450,WP_061589686.1,1954808,1956133,-,comD,competence system sensor histidine kinase ComD,named_symbol,comD,gene_or_synonym,Streptococcus
streptococcus_mitis,GCF_018603625.2,competence_com,NZ_CP190759.1,KK076_RS09455,WP_020902306.1,1956146,1956268,-,comC,competence-stimulating peptide ComC,named_symbol,comC,gene_or_synonym,Streptococcus
streptococcus_oralis,GCF_001983955.1,competence_com,NZ_CP019562.1,BWR56_RS00030,WP_008282505.1,4538,4663,+,comC,competence-stimulating peptide ComC,named_symbol,comC,gene_or_synonym,Streptococcus
streptococcus_oralis,GCF_001983955.1,competence_com,NZ_CP019562.1,BWR56_RS00035,WP_049505018.1,4684,6003,+,comD,competence system sensor histidine kinase ComD,named_symbol,comD,gene_or_synonym,Streptococcus
streptococcus_oralis,GCF_001983955.1,competence_com,NZ_CP019562.1,BWR56_RS00040,WP_000866079.1,6000,6752,+,comE,competence system response regulator transcription factor ComE,named_symbol,comE,gene_or_synonym,Streptococcus
streptococcus_oralis,GCF_001983955.1,biofilm_brpA,NZ_CP019562.1,BWR56_RS01270,WP_049505416.1,248570,249610,+,lytR,glycopolymer--peptidoglycan transferase LytR,named_symbol,brpA,gene_or_synonym,Streptococcus
streptococcus_oralis,GCF_001983955.1,adhesion_fibronectin,NZ_CP019562.1,BWR56_RS03800,WP_076984488.1,785579,787234,-,pavA,Rqc2 family fibronectin-binding protein PavA,product_description,fibronectin-binding,product,
streptococcus_oralis,GCF_001983955.1,adhesion_fbp,NZ_CP019562.1,BWR56_RS03800,WP_076984488.1,785579,787234,-,pavA,Rqc2 family fibronectin-binding protein PavA,product_description,fibronectin-binding,product,
streptococcus_oralis,GCF_001983955.1,sortase,NZ_CP019562.1,BWR56_RS04410,WP_076984520.1,915875,916876,+,srtB,class B sortase,product_description,sortase,product,
streptococcus_oralis,GCF_001983955.1,sortase,NZ_CP019562.1,BWR56_RS04415,WP_076984521.1,916952,917824,+,srtB,class B sortase,product_description,sortase,product,
streptococcus_oralis,GCF_001983955.1,adhesion_enolase,NZ_CP019562.1,BWR56_RS04835,WP_000022821.1,994969,996273,-,eno,surface-displayed alpha-enolase,named_symbol,eno,gene_or_synonym,
streptococcus_oralis,GCF_001983955.1,regulation_vicRK,NZ_CP019562.1,BWR56_RS04935,WP_049505845.1,1021131,1022480,-,vicK,cell wall metabolism sensor histidine kinase VicK,named_symbol,vicK,gene_or_synonym,Streptococcus
streptococcus_oralis,GCF_001983955.1,sortase,NZ_CP019562.1,BWR56_RS05355,WP_076984596.1,1103259,1104014,-,,class A sortase,product_description,sortase,product,
streptococcus_oralis,GCF_001983955.1,adhesion_collagen,NZ_CP019562.1,BWR56_RS05590,WP_076984607.1,1148816,1153519,-,,Cna B-type domain-containing protein,named_symbol,cna,product,
streptococcus_oralis,GCF_001983955.1,adhesion_collagen,NZ_CP019562.1,BWR56_RS06465,WP_076984678.1,1317291,1320653,-,,Cna B-type domain-containing protein,named_symbol,cna,product,
streptococcus_oralis,GCF_001983955.1,type_iv_pili,NZ_CP019562.1,BWR56_RS08845,WP_049505565.1,1787613,1788026,-,comGG,competence type IV pilus minor pilin ComGG,product_description,type IV pilus,product,
streptococcus_oralis,GCF_001983955.1,type_iv_pili,NZ_CP019562.1,BWR56_RS08850,WP_049505564.1,1788004,1788465,-,comGF,competence type IV pilus minor pilin ComGF,product_description,type IV pilus,product,
streptococcus_oralis,GCF_001983955.1,type_iv_pili,NZ_CP019562.1,BWR56_RS08855,WP_192832458.1,1788428,1788730,-,comGE,competence type IV pilus minor pilin ComGE,product_description,type IV pilus,product,
streptococcus_oralis,GCF_001983955.1,type_iv_pili,NZ_CP019562.1,BWR56_RS08860,WP_049505563.1,1788693,1789127,-,comGD,competence type IV pilus minor pilin ComGD,product_description,type IV pilus,product,
streptococcus_oralis,GCF_001983955.1,type_iv_pili,NZ_CP019562.1,BWR56_RS08865,WP_000735800.1,1789090,1789413,-,comGC,competence type IV pilus major pilin ComGC,product_description,type IV pilus,product,
streptococcus_oralis,GCF_001983955.1,type_iv_pili,NZ_CP019562.1,BWR56_RS08870,WP_076984831.1,1789415,1790431,-,comGB,competence type IV pilus assembly protein ComGB,product_description,type IV pilus,product,
streptococcus_oralis,GCF_001983955.1,type_iv_pili,NZ_CP019562.1,BWR56_RS08875,WP_049505562.1,1790379,1791320,-,comGA,competence type IV pilus ATPase ComGA,product_description,type IV pilus,product,
streptococcus_oralis,GCF_002386345.1,streptococcus_spaP,NZ_CP023507.1,CO686_RS01065,WP_096753408.1,209015,213646,+,,antigen I/II family LPXTG-anchored adhesin,product_description,antigen I/II,product,Streptococcus
streptococcus_oralis,GCF_002386345.1,adhesion_collagen,NZ_CP023507.1,CO686_RS02820,WP_096753476.1,562837,566199,+,,Cna B-type domain-containing protein,named_symbol,cna,product,
streptococcus_oralis,GCF_002386345.1,sortase,NZ_CP023507.1,CO686_RS03820,WP_000018505.1,761710,762456,+,,class A sortase,product_description,sortase,product,
streptococcus_oralis,GCF_002386345.1,regulation_vicRK,NZ_CP023507.1,CO686_RS04260,WP_096753552.1,848925,850274,+,vicK,cell wall metabolism sensor histidine kinase VicK,named_symbol,vicK,gene_or_synonym,Streptococcus
streptococcus_oralis,GCF_002386345.1,adhesion_enolase,NZ_CP023507.1,CO686_RS04350,WP_000022821.1,873547,874851,+,eno,surface-displayed alpha-enolase,named_symbol,eno,gene_or_synonym,
streptococcus_oralis,GCF_002386345.1,sortase,NZ_CP023507.1,CO686_RS04835,WP_096753587.1,959047,959919,-,srtB,class B sortase,product_description,sortase,product,
streptococcus_oralis,GCF_002386345.1,sortase,NZ_CP023507.1,CO686_RS04840,WP_096753588.1,959995,960996,-,srtB,class B sortase,product_description,sortase,product,
streptococcus_oralis,GCF_002386345.1,adhesion_fibronectin,NZ_CP023507.1,CO686_RS05420,WP_049500855.1,1080946,1082601,+,pavA,Rqc2 family fibronectin-binding protein PavA,product_description,fibronectin-binding,product,
streptococcus_oralis,GCF_002386345.1,adhesion_fbp,NZ_CP023507.1,CO686_RS05420,WP_049500855.1,1080946,1082601,+,pavA,Rqc2 family fibronectin-binding protein PavA,product_description,fibronectin-binding,product,
streptococcus_oralis,GCF_002386345.1,biofilm_brpA,NZ_CP023507.1,CO686_RS07975,WP_000592175.1,1631174,1632214,-,lytR,glycopolymer--peptidoglycan transferase LytR,named_symbol,brpA,gene_or_synonym,Streptococcus
streptococcus_oralis,GCF_002386345.1,competence_com,NZ_CP023507.1,CO686_RS09115,WP_000866082.1,1860515,1861267,-,comE,competence system response regulator transcription factor ComE,named_symbol,comE,gene_or_synonym,Streptococcus
streptococcus_oralis,GCF_002386345.1,competence_com,NZ_CP023507.1,CO686_RS09120,WP_049550146.1,1861264,1862583,-,comD,competence system sensor histidine kinase ComD,named_symbol,comD,gene_or_synonym,Streptococcus
streptococcus_oralis,GCF_002386345.1,competence_com,NZ_CP023507.1,CO686_RS09125,WP_000799678.1,1862604,1862729,-,comC,competence-stimulating peptide ComC,named_symbol,comC,gene_or_synonym,Streptococcus
streptococcus_oralis,GCF_002386345.1,type_iv_pili,NZ_CP023507.1,CO686_RS10185,WP_096753791.1,2046693,2047634,+,comGA,competence type IV pilus ATPase ComGA,product_description,type IV pilus,product,
streptococcus_oralis,GCF_002386345.1,type_iv_pili,NZ_CP023507.1,CO686_RS10190,WP_096753792.1,2047582,2048598,+,comGB,competence type IV pilus assembly protein ComGB,product_description,type IV pilus,product,
streptococcus_oralis,GCF_002386345.1,type_iv_pili,NZ_CP023507.1,CO686_RS10195,WP_000735800.1,2048600,2048923,+,comGC,competence type IV pilus major pilin ComGC,product_description,type IV pilus,product,
streptococcus_oralis,GCF_002386345.1,type_iv_pili,NZ_CP023507.1,CO686_RS10200,WP_172844179.1,2048886,2049320,+,comGD,competence type IV pilus minor pilin ComGD,product_description,type IV pilus,product,
streptococcus_oralis,GCF_002386345.1,type_iv_pili,NZ_CP023507.1,CO686_RS10205,WP_000413383.1,2049283,2049585,+,comGE,competence type IV pilus minor pilin ComGE,product_description,type IV pilus,product,
streptococcus_oralis,GCF_002386345.1,type_iv_pili,NZ_CP023507.1,CO686_RS10210,WP_000250700.1,2049548,2050009,+,comGF,competence type IV pilus minor pilin ComGF,product_description,type IV pilus,product,
streptococcus_oralis,GCF_002386345.1,type_iv_pili,NZ_CP023507.1,CO686_RS10215,WP_000265645.1,2049987,2050400,+,comGG,competence type IV pilus minor pilin ComGG,product_description,type IV pilus,product,
streptococcus_oralis,GCF_007475365.1,sortase,NZ_CP034442.1,EJF26_RS01780,WP_000019629.1,331547,332287,+,,class A sortase,product_description,sortase,product,
streptococcus_oralis,GCF_007475365.1,regulation_vicRK,NZ_CP034442.1,EJF26_RS02280,WP_000568724.1,425004,426353,+,vicK,cell wall metabolism sensor histidine kinase VicK,named_symbol,vicK,gene_or_synonym,Streptococcus
streptococcus_oralis,GCF_007475365.1,adhesion_enolase,NZ_CP034442.1,EJF26_RS02365,WP_000022821.1,447979,449283,+,eno,surface-displayed alpha-enolase,named_symbol,eno,gene_or_synonym,
streptococcus_oralis,GCF_007475365.1,adhesion_fibronectin,NZ_CP034442.1,EJF26_RS03660,WP_000006751.1,709562,711217,+,pavA,Rqc2 family fibronectin-binding protein PavA,product_description,fibronectin-binding,product,
streptococcus_oralis,GCF_007475365.1,adhesion_fbp,NZ_CP034442.1,EJF26_RS03660,WP_000006751.1,709562,711217,+,pavA,Rqc2 family fibronectin-binding protein PavA,product_description,fibronectin-binding,product,
streptococcus_oralis,GCF_007475365.1,streptococcus_gtf,NZ_CP034442.1,EJF26_RS04710,WP_000562908.1,934953,936281,-,gtfB,accessory Sec system glycosylation chaperone GtfB,named_symbol,gtfB,gene_or_synonym,Streptococcus
streptococcus_oralis,GCF_007475365.1,competence_com,NZ_CP034442.1,EJF26_RS07210,WP_000866080.1,1442047,1442799,-,comE,competence system response regulator transcription factor ComE,named_symbol,comE,gene_or_synonym,Streptococcus
streptococcus_oralis,GCF_007475365.1,competence_com,NZ_CP034442.1,EJF26_RS07215,WP_001048121.1,1442796,1444115,-,comD,competence system sensor histidine kinase ComD,named_symbol,comD,gene_or_synonym,Streptococcus
streptococcus_oralis,GCF_007475365.1,competence_com,NZ_CP034442.1,EJF26_RS07220,WP_000799680.1,1444137,1444262,-,comC,competence-stimulating peptide ComC,named_symbol,comC,gene_or_synonym,Streptococcus
streptococcus_oralis,GCF_007475365.1,sortase,NZ_CP034442.1,EJF26_RS07395,WP_000091217.1,1476519,1477355,+,srtB,"class B sortase, LPKTxAVK-specific",product_description,sortase,product,
streptococcus_oralis,GCF_007475365.1,type_iv_pili,NZ_CP034442.1,EJF26_RS08420,WP_000249589.1,1649376,1650317,+,comGA,competence type IV pilus ATPase ComGA,product_description,type IV pilus,product,
streptococcus_oralis,GCF_007475365.1,type_iv_pili,NZ_CP034442.1,EJF26_RS08425,WP_000355376.1,1650265,1651281,+,comGB,competence type IV pilus assembly protein ComGB,product_description,type IV pilus,product,
streptococcus_oralis,GCF_007475365.1,type_iv_pili,NZ_CP034442.1,EJF26_RS08430,WP_000735797.1,1651283,1651606,+,comGC,competence type IV pilus major pilin ComGC,product_description,type IV pilus,product,
streptococcus_oralis,GCF_007475365.1,type_iv_pili,NZ_CP034442.1,EJF26_RS08435,WP_001180063.1,1651569,1652003,+,comGD,competence type IV pilus minor pilin ComGD,product_description,type IV pilus,product,
streptococcus_oralis,GCF_007475365.1,type_iv_pili,NZ_CP034442.1,EJF26_RS08440,WP_000413366.1,1651966,1652268,+,comGE,competence type IV pilus minor pilin ComGE,product_description,type IV pilus,product,
streptococcus_oralis,GCF_007475365.1,type_iv_pili,NZ_CP034442.1,EJF26_RS08445,WP_000250704.1,1652231,1652692,+,comGF,competence type IV pilus minor pilin ComGF,product_description,type IV pilus,product,
streptococcus_oralis,GCF_007475365.1,type_iv_pili,NZ_CP034442.1,EJF26_RS08450,WP_000265655.1,1652670,1653083,+,comGG,competence type IV pilus minor pilin ComGG,product_description,type IV pilus,product,
streptococcus_oralis,GCF_007475365.1,biofilm_brpA,NZ_CP034442.1,EJF26_RS08660,WP_025168957.1,1689488,1690522,+,lytR,glycopolymer--peptidoglycan transferase LytR,named_symbol,brpA,gene_or_synonym,Streptococcus
streptococcus_oralis,GCF_016028175.1,competence_com,NZ_CP065706.1,I6G43_RS00805,WP_000866081.1,174719,175471,-,comE,competence system response regulator transcription factor ComE,named_symbol,comE,gene_or_synonym,Streptococcus
streptococcus_oralis,GCF_016028175.1,competence_com,NZ_CP065706.1,I6G43_RS00810,WP_001048119.1,175468,176787,-,comD,competence system sensor histidine kinase ComD,named_symbol,comD,gene_or_synonym,Streptococcus
streptococcus_oralis,GCF_016028175.1,competence_com,NZ_CP065706.1,I6G43_RS00815,WP_000799680.1,176809,176934,-,comC,competence-stimulating peptide ComC,named_symbol,comC,gene_or_synonym,Streptococcus
streptococcus_oralis,GCF_016028175.1,type_iv_pili,NZ_CP065706.1,I6G43_RS01760,WP_038805745.1,363077,364018,+,comGA,competence type IV pilus ATPase ComGA,product_description,type IV pilus,product,
streptococcus_oralis,GCF_016028175.1,type_iv_pili,NZ_CP065706.1,I6G43_RS01765,WP_068981970.1,363966,364982,+,comGB,competence type IV pilus assembly protein ComGB,product_description,type IV pilus,product,
streptococcus_oralis,GCF_016028175.1,type_iv_pili,NZ_CP065706.1,I6G43_RS01770,WP_038805744.1,364984,365307,+,comGC,competence type IV pilus major pilin ComGC,product_description,type IV pilus,product,
streptococcus_oralis,GCF_016028175.1,type_iv_pili,NZ_CP065706.1,I6G43_RS01775,WP_038805743.1,365270,365704,+,comGD,competence type IV pilus minor pilin ComGD,product_description,type IV pilus,product,
streptococcus_oralis,GCF_016028175.1,type_iv_pili,NZ_CP065706.1,I6G43_RS01780,WP_000413373.1,365667,365969,+,comGE,competence type IV pilus minor pilin ComGE,product_description,type IV pilus,product,
streptococcus_oralis,GCF_016028175.1,type_iv_pili,NZ_CP065706.1,I6G43_RS01785,WP_000531552.1,365932,366393,+,comGF,competence type IV pilus minor pilin ComGF,product_description,type IV pilus,product,
streptococcus_oralis,GCF_016028175.1,type_iv_pili,NZ_CP065706.1,I6G43_RS01790,WP_000265654.1,366371,366796,+,comGG,competence type IV pilus minor pilin ComGG,product_description,type IV pilus,product,
streptococcus_oralis,GCF_016028175.1,biofilm_brpA,NZ_CP065706.1,I6G43_RS01995,WP_009014109.1,406217,407251,+,lytR,glycopolymer--peptidoglycan transferase LytR,named_symbol,brpA,gene_or_synonym,Streptococcus
streptococcus_oralis,GCF_016028175.1,adhesion_fibronectin,NZ_CP065706.1,I6G43_RS04560,WP_038806184.1,958312,959967,-,pavA,Rqc2 family fibronectin-binding protein PavA,product_description,fibronectin-binding,product,
streptococcus_oralis,GCF_016028175.1,adhesion_fbp,NZ_CP065706.1,I6G43_RS04560,WP_038806184.1,958312,959967,-,pavA,Rqc2 family fibronectin-binding protein PavA,product_description,fibronectin-binding,product,
streptococcus_oralis,GCF_016028175.1,regulation_vicRK,NZ_CP065706.1,I6G43_RS05220,WP_038806132.1,1090755,1092104,+,vicK,cell wall metabolism sensor histidine kinase VicK,named_symbol,vicK,gene_or_synonym,Streptococcus
streptococcus_oralis,GCF_016028175.1,adhesion_enolase,NZ_CP065706.1,I6G43_RS05305,WP_000022821.1,1113752,1115056,+,eno,surface-displayed alpha-enolase,named_symbol,eno,gene_or_synonym,
streptococcus_oralis,GCF_016028175.1,sortase,NZ_CP065706.1,I6G43_RS06185,WP_038806038.1,1297410,1298150,-,,class A sortase,product_description,sortase,product,
streptococcus_oralis,GCF_016028175.1,streptococcus_gtf,NZ_CP065706.1,I6G43_RS07640,WP_038805687.1,1595815,1597143,-,gtfB,accessory Sec system glycosylation chaperone GtfB,named_symbol,gtfB,gene_or_synonym,Streptococcus
streptococcus_oralis,GCF_016028255.1,sortase,NZ_CP065707.1,I6G42_RS00420,WP_000698673.1,94976,95674,-,,class B sortase,product_description,sortase,product,
streptococcus_oralis,GCF_016028255.1,competence_com,NZ_CP065707.1,I6G42_RS01935,WP_000866081.1,400472,401224,-,comE,competence system response regulator transcription factor ComE,named_symbol,comE,gene_or_synonym,Streptococcus
streptococcus_oralis,GCF_016028255.1,competence_com,NZ_CP065707.1,I6G42_RS01940,WP_038804779.1,401221,402540,-,comD,competence system sensor histidine kinase ComD,named_symbol,comD,gene_or_synonym,Streptococcus
streptococcus_oralis,GCF_016028255.1,competence_com,NZ_CP065707.1,I6G42_RS01945,WP_000799680.1,402562,402687,-,comC,competence-stimulating peptide ComC,named_symbol,comC,gene_or_synonym,Streptococcus
streptococcus_oralis,GCF_016028255.1,type_iv_pili,NZ_CP065707.1,I6G42_RS03310,WP_038804053.1,649584,650525,+,comGA,competence type IV pilus ATPase ComGA,product_description,type IV pilus,product,
streptococcus_oralis,GCF_016028255.1,type_iv_pili,NZ_CP065707.1,I6G42_RS03315,WP_068981894.1,650473,651489,+,comGB,competence type IV pilus assembly protein ComGB,product_description,type IV pilus,product,
streptococcus_oralis,GCF_016028255.1,type_iv_pili,NZ_CP065707.1,I6G42_RS03320,WP_038804052.1,651491,651814,+,comGC,competence type IV pilus major pilin ComGC,product_description,type IV pilus,product,
streptococcus_oralis,GCF_016028255.1,type_iv_pili,NZ_CP065707.1,I6G42_RS03325,WP_038804051.1,651777,652211,+,comGD,competence type IV pilus minor pilin ComGD,product_description,type IV pilus,product,
streptococcus_oralis,GCF_016028255.1,type_iv_pili,NZ_CP065707.1,I6G42_RS03330,WP_265101009.1,652174,652476,+,comGE,competence type IV pilus minor pilin ComGE,product_description,type IV pilus,product,
streptococcus_oralis,GCF_016028255.1,type_iv_pili,NZ_CP065707.1,I6G42_RS03335,WP_038804049.1,652439,652900,+,comGF,competence type IV pilus minor pilin ComGF,product_description,type IV pilus,product,
streptococcus_oralis,GCF_016028255.1,biofilm_brpA,NZ_CP065707.1,I6G42_RS03545,WP_038804176.1,692812,693846,+,brpA,biofilm formation/cell division transcriptional regulator BrpA,named_symbol,brpA,gene_or_synonym,Streptococcus
streptococcus_oralis,GCF_016028255.1,adhesion_fibronectin,NZ_CP065707.1,I6G42_RS06020,WP_000006751.1,1230681,1232336,-,pavA,Rqc2 family fibronectin-binding protein PavA,product_description,fibronectin-binding,product,
streptococcus_oralis,GCF_016028255.1,adhesion_fbp,NZ_CP065707.1,I6G42_RS06020,WP_000006751.1,1230681,1232336,-,pavA,Rqc2 family fibronectin-binding protein PavA,product_description,fibronectin-binding,product,
streptococcus_oralis,GCF_016028255.1,regulation_vicRK,NZ_CP065707.1,I6G42_RS06695,WP_000568724.1,1370133,1371482,+,vicK,cell wall metabolism sensor histidine kinase VicK,named_symbol,vicK,gene_or_synonym,Streptococcus
streptococcus_oralis,GCF_016028255.1,adhesion_enolase,NZ_CP065707.1,I6G42_RS06785,WP_038805218.1,1394472,1395776,+,eno,surface-displayed alpha-enolase,named_symbol,eno,gene_or_synonym,
streptococcus_oralis,GCF_016028255.1,sortase,NZ_CP065707.1,I6G42_RS07770,WP_038805385.1,1589344,1590084,-,,class A sortase,product_description,sortase,product,
streptococcus_oralis,GCF_016028255.1,streptococcus_gtf,NZ_CP065707.1,I6G42_RS09300,WP_000562905.1,1886042,1887370,-,gtfB,accessory Sec system glycosylation chaperone GtfB,named_symbol,gtfB,gene_or_synonym,Streptococcus
streptococcus_sanguinis,GCF_013343115.1,adhesion_collagen,NZ_CP054570.1,FOC72_RS00250,WP_002893883.1,44108,48790,+,,Cna B-type domain-containing protein,named_symbol,cna,product,
streptococcus_sanguinis,GCF_013343115.1,biofilm_brpA,NZ_CP054570.1,FOC72_RS01250,WP_002893568.1,254225,255463,+,lytR,glycopolymer--peptidoglycan transferase LytR,named_symbol,brpA,gene_or_synonym,Streptococcus
streptococcus_sanguinis,GCF_013343115.1,sortase,NZ_CP054570.1,FOC72_RS02540,WP_002894834.1,511932,512819,+,,class C sortase,product_description,sortase,product,
streptococcus_sanguinis,GCF_013343115.1,regulation_vicRK,NZ_CP054570.1,FOC72_RS02865,WP_002894938.1,577008,578354,+,vicK,cell wall metabolism sensor histidine kinase VicK,named_symbol,vicK,gene_or_synonym,Streptococcus
streptococcus_sanguinis,GCF_013343115.1,sortase,NZ_CP054570.1,FOC72_RS04440,WP_002895438.1,896881,897636,+,,class A sortase,product_description,sortase,product,
streptococcus_sanguinis,GCF_013343115.1,adhesion_fibronectin,NZ_CP054570.1,FOC72_RS05850,WP_002895820.1,1196275,1197924,+,fbpA,Rqc2 family fibronectin-binding protein FbpA,product_description,fibronectin-binding,product,
streptococcus_sanguinis,GCF_013343115.1,adhesion_fbp,NZ_CP054570.1,FOC72_RS05850,WP_002895820.1,1196275,1197924,+,fbpA,Rqc2 family fibronectin-binding protein FbpA,product_description,fibronectin-binding,product,
streptococcus_sanguinis,GCF_013343115.1,adhesion_enolase,NZ_CP054570.1,FOC72_RS05935,WP_002895859.1,1235676,1236980,-,eno,surface-displayed alpha-enolase,named_symbol,eno,gene_or_synonym,
streptococcus_sanguinis,GCF_013343115.1,streptococcus_gtf,NZ_CP054570.1,FOC72_RS06070,WP_002895908.1,1270153,1271637,-,,glucosyltransferase domain-containing protein,product_description,glucosyltransferase,product,Streptococcus
streptococcus_sanguinis,GCF_013343115.1,streptococcus_gtf,NZ_CP054570.1,FOC72_RS06155,WP_002895930.1,1289015,1290367,-,gtfB,accessory Sec system glycosylation chaperone GtfB,named_symbol,gtfB,gene_or_synonym,Streptococcus
streptococcus_sanguinis,GCF_013343115.1,streptococcus_spaP,NZ_CP054570.1,FOC72_RS08655,WP_002896644.1,1812854,1817419,-,,antigen I/II family LPXTG-anchored adhesin,product_description,antigen I/II,product,Streptococcus
streptococcus_sanguinis,GCF_013343115.1,adhesion_collagen,NZ_CP054570.1,FOC72_RS08980,WP_032914275.1,1882732,1884579,-,,Cna B-type domain-containing protein,named_symbol,cna,product,
streptococcus_sanguinis,GCF_013343115.1,type_iv_pili,NZ_CP054570.1,FOC72_RS09160,WP_002896765.1,1914418,1914810,-,comGG,competence type IV pilus minor pilin ComGG,product_description,type IV pilus,product,
streptococcus_sanguinis,GCF_013343115.1,type_iv_pili,NZ_CP054570.1,FOC72_RS09165,WP_002896766.1,1914791,1915228,-,comGF,competence type IV pilus minor pilin ComGF,product_description,type IV pilus,product,
streptococcus_sanguinis,GCF_013343115.1,type_iv_pili,NZ_CP054570.1,FOC72_RS09170,WP_002896767.1,1915212,1915445,-,comGE,competence type IV pilus minor pilin ComGE,product_description,type IV pilus,product,
streptococcus_sanguinis,GCF_013343115.1,type_iv_pili,NZ_CP054570.1,FOC72_RS09175,WP_032914279.1,1915471,1915905,-,comGD,competence type IV pilus minor pilin ComGD,product_description,type IV pilus,product,
streptococcus_sanguinis,GCF_013343115.1,type_iv_pili,NZ_CP054570.1,FOC72_RS09180,WP_002896769.1,1915865,1916182,-,comGC,competence type IV pilus major pilin ComGC,product_description,type IV pilus,product,
streptococcus_sanguinis,GCF_013343115.1,type_iv_pili,NZ_CP054570.1,FOC72_RS09185,WP_270623281.1,1916182,1917216,-,comGB,competence type IV pilus assembly protein ComGB,product_description,type IV pilus,product,
streptococcus_sanguinis,GCF_013343115.1,type_iv_pili,NZ_CP054570.1,FOC72_RS09190,WP_002896773.1,1917146,1918087,-,comGA,competence type IV pilus ATPase ComGA,product_description,type IV pilus,product,
streptococcus_sanguinis,GCF_013343115.1,sortase,NZ_CP054570.1,FOC72_RS10100,WP_002894323.1,2089445,2090287,-,srtB,"class B sortase, LPKTxAVK-specific",product_description,sortase,product,
streptococcus_sanguinis,GCF_013343115.1,competence_com,NZ_CP054570.1,FOC72_RS10340,WP_002894289.1,2121056,2122390,+,comD,competence system sensor histidine kinase ComD,named_symbol,comD,gene_or_synonym,Streptococcus
streptococcus_sanguinis,GCF_013343115.1,competence_com,NZ_CP054570.1,FOC72_RS10345,WP_002894287.1,2122396,2123160,+,comE,competence system response regulator transcription factor ComE,named_symbol,comE,gene_or_synonym,Streptococcus
streptococcus_sanguinis,GCF_013343115.1,type_iv_pili,NZ_CP054570.1,FOC72_RS10650,WP_002894192.1,2183217,2184281,+,,type IV pilus twitching motility protein PilT,product_description,type IV pilus,product,
streptococcus_sanguinis,GCF_013343115.1,type_iv_pili,NZ_CP054570.1,FOC72_RS10705,WP_420794750.1,2194696,2196396,+,,SSA_2305 family type IV pilus system protein,product_description,type IV pilus,product,
streptococcus_sanguinis,GCF_013343115.1,adhesion_collagen,NZ_CP054570.1,FOC72_RS11765,WP_437344465.1,2358113,2358676,+,,Cna B-type domain-containing protein,named_symbol,cna,product,
streptococcus_sanguinis,GCF_013378355.1,sortase,NZ_CP040798.1,FDP16_RS00230,WP_176798124.1,30987,31832,+,srtB,"class B sortase, LPKTxAVK-specific",product_description,sortase,product,
streptococcus_sanguinis,GCF_013378355.1,biofilm_brpA,NZ_CP040798.1,FDP16_RS02305,WP_176798424.1,455619,456857,+,lytR,glycopolymer--peptidoglycan transferase LytR,named_symbol,brpA,gene_or_synonym,Streptococcus
streptococcus_sanguinis,GCF_013378355.1,regulation_vicRK,NZ_CP040798.1,FDP16_RS03975,WP_125331413.1,767340,768689,+,vicK,cell wall metabolism sensor histidine kinase VicK,named_symbol,vicK,gene_or_synonym,Streptococcus
streptococcus_sanguinis,GCF_013378355.1,competence_com,NZ_CP040798.1,FDP16_RS04620,WP_176798754.1,901391,901543,-,,ComC/BlpC family leader-containing pheromone/bacteriocin,named_symbol,comC,product,Streptococcus
streptococcus_sanguinis,GCF_013378355.1,competence_com,NZ_CP040798.1,FDP16_RS04655,WP_125337021.1,908282,908428,+,,ComC/BlpC family leader-containing pheromone/bacteriocin,named_symbol,comC,product,Streptococcus
streptococcus_sanguinis,GCF_013378355.1,sortase,NZ_CP040798.1,FDP16_RS05685,WP_176798908.1,1105290,1106045,+,,class A sortase,product_description,sortase,product,
streptococcus_sanguinis,GCF_013378355.1,adhesion_fibronectin,NZ_CP040798.1,FDP16_RS06165,WP_176798981.1,1199487,1201574,-,,PavB family fibronectin-binding SSURE repeat adhesin,product_description,fibronectin-binding,product,
streptococcus_sanguinis,GCF_013378355.1,adhesion_fbp,NZ_CP040798.1,FDP16_RS06165,WP_176798981.1,1199487,1201574,-,,PavB family fibronectin-binding SSURE repeat adhesin,product_description,fibronectin-binding,product,
streptococcus_sanguinis,GCF_013378355.1,adhesion_fibronectin,NZ_CP040798.1,FDP16_RS07130,WP_176799128.1,1404000,1405649,+,fbpA,Rqc2 family fibronectin-binding protein FbpA,product_description,fibronectin-binding,product,
streptococcus_sanguinis,GCF_013378355.1,adhesion_fbp,NZ_CP040798.1,FDP16_RS07130,WP_176799128.1,1404000,1405649,+,fbpA,Rqc2 family fibronectin-binding protein FbpA,product_description,fibronectin-binding,product,
streptococcus_sanguinis,GCF_013378355.1,adhesion_enolase,NZ_CP040798.1,FDP16_RS07210,WP_002897814.1,1428720,1430024,-,eno,surface-displayed alpha-enolase,named_symbol,eno,gene_or_synonym,
streptococcus_sanguinis,GCF_013378355.1,streptococcus_gtf,NZ_CP040798.1,FDP16_RS07470,WP_176799174.1,1489285,1490637,-,gtfB,accessory Sec system glycosylation chaperone GtfB,named_symbol,gtfB,gene_or_synonym,Streptococcus
streptococcus_sanguinis,GCF_013378355.1,streptococcus_spaP,NZ_CP040798.1,FDP16_RS09700,WP_305727994.1,1962154,1966719,-,,antigen I/II family LPXTG-anchored adhesin,product_description,antigen I/II,product,Streptococcus
streptococcus_sanguinis,GCF_013378355.1,adhesion_enolase,NZ_CP040798.1,FDP16_RS09750,WP_176799509.1,1977789,1978988,-,,enolase C-terminal domain-like protein,product_description,enolase,product,
streptococcus_sanguinis,GCF_013378355.1,adhesion_collagen,NZ_CP040798.1,FDP16_RS10115,WP_176799554.1,2053957,2055777,-,,Cna B-type domain-containing protein,named_symbol,cna,product,
streptococcus_sanguinis,GCF_013378355.1,type_iv_pili,NZ_CP040798.1,FDP16_RS10310,WP_176799579.1,2086720,2087112,-,comGG,competence type IV pilus minor pilin ComGG,product_description,type IV pilus,product,
streptococcus_sanguinis,GCF_013378355.1,type_iv_pili,NZ_CP040798.1,FDP16_RS10315,WP_176799580.1,2087093,2087530,-,comGF,competence type IV pilus minor pilin ComGF,product_description,type IV pilus,product,
streptococcus_sanguinis,GCF_013378355.1,type_iv_pili,NZ_CP040798.1,FDP16_RS10320,WP_176799581.1,2087514,2087807,-,comGE,competence type IV pilus minor pilin ComGE,product_description,type IV pilus,product,
streptococcus_sanguinis,GCF_013378355.1,type_iv_pili,NZ_CP040798.1,FDP16_RS10325,WP_176799582.1,2087773,2088207,-,comGD,competence type IV pilus minor pilin ComGD,product_description,type IV pilus,product,
streptococcus_sanguinis,GCF_013378355.1,type_iv_pili,NZ_CP040798.1,FDP16_RS10330,WP_002896769.1,2088167,2088484,-,comGC,competence type IV pilus major pilin ComGC,product_description,type IV pilus,product,
streptococcus_sanguinis,GCF_013378355.1,type_iv_pili,NZ_CP040798.1,FDP16_RS10335,WP_256254487.1,2088484,2089518,-,comGB,competence type IV pilus assembly protein ComGB,product_description,type IV pilus,product,
streptococcus_sanguinis,GCF_013378355.1,type_iv_pili,NZ_CP040798.1,FDP16_RS10340,WP_002896773.1,2089448,2090389,-,comGA,competence type IV pilus ATPase ComGA,product_description,type IV pilus,product,
streptococcus_sanguinis,GCF_013378355.1,type_iv_pili,NZ_CP040798.1,FDP16_RS11160,WP_442759045.1,2230242,2231945,-,,SSA_2305 family type IV pilus system protein,product_description,type IV pilus,product,
streptococcus_sanguinis,GCF_013378355.1,type_iv_pili,NZ_CP040798.1,FDP16_RS11215,WP_002899359.1,2242252,2243316,-,,type IV pilus twitching motility protein PilT,product_description,type IV pilus,product,
streptococcus_sanguinis,GCF_013378355.1,competence_com,NZ_CP040798.1,FDP16_RS11685,WP_002899424.1,2337136,2337900,-,comE,competence system response regulator transcription factor ComE,named_symbol,comE,gene_or_synonym,Streptococcus
streptococcus_sanguinis,GCF_013378355.1,competence_com,NZ_CP040798.1,FDP16_RS11690,WP_176799744.1,2337906,2339240,-,comD,competence system sensor histidine kinase ComD,named_symbol,comD,gene_or_synonym,Streptococcus
streptococcus_sanguinis,GCF_050220005.1,sortase,NZ_CP071413.1,J1C86_RS00220,WP_125406359.1,27444,28286,+,srtB,"class B sortase, LPKTxAVK-specific",product_description,sortase,product,
streptococcus_sanguinis,GCF_050220005.1,adhesion_collagen,NZ_CP071413.1,J1C86_RS01295,WP_125407539.1,236829,241511,+,,Cna B-type domain-containing protein,named_symbol,cna,product,
streptococcus_sanguinis,GCF_050220005.1,streptococcus_gtf,NZ_CP071413.1,J1C86_RS04185,WP_125405862.1,832660,834012,+,gtfB,accessory Sec system glycosylation chaperone GtfB,named_symbol,gtfB,gene_or_synonym,Streptococcus
streptococcus_sanguinis,GCF_050220005.1,streptococcus_gtf,NZ_CP071413.1,J1C86_RS04270,WP_427150821.1,851393,852877,+,,glucosyltransferase domain-containing protein,product_description,glucosyltransferase,product,Streptococcus
streptococcus_sanguinis,GCF_050220005.1,adhesion_enolase,NZ_CP071413.1,J1C86_RS04405,WP_002906836.1,885912,887216,+,eno,surface-displayed alpha-enolase,named_symbol,eno,gene_or_synonym,
streptococcus_sanguinis,GCF_050220005.1,adhesion_fibronectin,NZ_CP071413.1,J1C86_RS04495,WP_125348495.1,925575,927224,-,fbpA,Rqc2 family fibronectin-binding protein FbpA,product_description,fibronectin-binding,product,
streptococcus_sanguinis,GCF_050220005.1,adhesion_fbp,NZ_CP071413.1,J1C86_RS04495,WP_125348495.1,925575,927224,-,fbpA,Rqc2 family fibronectin-binding protein FbpA,product_description,fibronectin-binding,product,
streptococcus_sanguinis,GCF_050220005.1,streptococcus_gbp,NZ_CP071413.1,J1C86_RS04710,WP_185755770.1,968924,973126,+,,GbpC/Spa domain-containing protein,named_symbol,gbpC,product,Streptococcus
streptococcus_sanguinis,GCF_050220005.1,sortase,NZ_CP071413.1,J1C86_RS05870,WP_002904537.1,1223260,1224015,-,,class A sortase,product_description,sortase,product,
streptococcus_sanguinis,GCF_050220005.1,regulation_vicRK,NZ_CP071413.1,J1C86_RS07845,WP_002894938.1,1614547,1615893,-,vicK,cell wall metabolism sensor histidine kinase VicK,named_symbol,vicK,gene_or_synonym,Streptococcus
streptococcus_sanguinis,GCF_050220005.1,sortase,NZ_CP071413.1,J1C86_RS08135,WP_125405280.1,1670734,1671621,-,,class C sortase,product_description,sortase,product,
streptococcus_sanguinis,GCF_050220005.1,biofilm_brpA,NZ_CP071413.1,J1C86_RS09460,WP_002908116.1,1932014,1933252,-,brpA,biofilm formation/cell division transcriptional regulator BrpA,named_symbol,brpA,gene_or_synonym,Streptococcus
streptococcus_sanguinis,GCF_050220005.1,streptococcus_spaP,NZ_CP071413.1,J1C86_RS10210,WP_312022606.1,2085641,2090206,-,,antigen I/II family LPXTG-anchored adhesin,product_description,antigen I/II,product,Streptococcus
streptococcus_sanguinis,GCF_050220005.1,adhesion_collagen,NZ_CP071413.1,J1C86_RS10475,WP_125408927.1,2147680,2149536,-,,Cna B-type domain-containing protein,named_symbol,cna,product,
streptococcus_sanguinis,GCF_050220005.1,type_iv_pili,NZ_CP071413.1,J1C86_RS10650,WP_125408911.1,2178102,2178494,-,comGG,competence type IV pilus minor pilin ComGG,product_description,type IV pilus,product,
streptococcus_sanguinis,GCF_050220005.1,type_iv_pili,NZ_CP071413.1,J1C86_RS10655,WP_125408909.1,2178475,2178912,-,comGF,competence type IV pilus minor pilin ComGF,product_description,type IV pilus,product,
streptococcus_sanguinis,GCF_050220005.1,type_iv_pili,NZ_CP071413.1,J1C86_RS10660,WP_002911065.1,2178896,2179189,-,comGE,competence type IV pilus minor pilin ComGE,product_description,type IV pilus,product,
streptococcus_sanguinis,GCF_050220005.1,type_iv_pili,NZ_CP071413.1,J1C86_RS10665,WP_032913325.1,2179155,2179589,-,comGD,competence type IV pilus minor pilin ComGD,product_description,type IV pilus,product,
streptococcus_sanguinis,GCF_050220005.1,type_iv_pili,NZ_CP071413.1,J1C86_RS10670,WP_002896769.1,2179549,2179866,-,comGC,competence type IV pilus major pilin ComGC,product_description,type IV pilus,product,
streptococcus_sanguinis,GCF_050220005.1,type_iv_pili,NZ_CP071413.1,J1C86_RS10675,WP_260468004.1,2179866,2180900,-,comGB,competence type IV pilus assembly protein ComGB,product_description,type IV pilus,product,
streptococcus_sanguinis,GCF_050220005.1,type_iv_pili,NZ_CP071413.1,J1C86_RS10680,WP_125338190.1,2180830,2181771,-,comGA,competence type IV pilus ATPase ComGA,product_description,type IV pilus,product,
streptococcus_sanguinis,GCF_050220005.1,type_iv_pili,NZ_CP071413.1,J1C86_RS11225,WP_427150803.1,2277449,2279158,-,,SSA_2305 family type IV pilus system protein,product_description,type IV pilus,product,
streptococcus_sanguinis,GCF_050220005.1,type_iv_pili,NZ_CP071413.1,J1C86_RS11280,WP_011837691.1,2289591,2290655,-,,type IV pilus twitching motility protein PilT,product_description,type IV pilus,product,
streptococcus_sanguinis,GCF_050220005.1,competence_com,NZ_CP071413.1,J1C86_RS11570,WP_125408063.1,2349394,2350158,-,comE,competence system response regulator transcription factor ComE,named_symbol,comE,gene_or_synonym,Streptococcus
streptococcus_sanguinis,GCF_050220005.1,competence_com,NZ_CP071413.1,J1C86_RS11575,WP_427150804.1,2350164,2351498,-,comD,competence system sensor histidine kinase ComD,named_symbol,comD,gene_or_synonym,Streptococcus
streptococcus_sanguinis,GCF_050220455.1,sortase,NZ_CP071414.1,J1C97_RS00220,WP_002901937.1,27437,28279,+,srtB,"class B sortase, LPKTxAVK-specific",product_description,sortase,product,
streptococcus_sanguinis,GCF_050220455.1,adhesion_collagen,NZ_CP071414.1,J1C97_RS01375,WP_125330343.1,249375,254057,+,,Cna B-type domain-containing protein,named_symbol,cna,product,
streptococcus_sanguinis,GCF_050220455.1,streptococcus_gtf,NZ_CP071414.1,J1C97_RS04260,WP_125380145.1,837482,838834,+,gtfB,accessory Sec system glycosylation chaperone GtfB,named_symbol,gtfB,gene_or_synonym,Streptococcus
streptococcus_sanguinis,GCF_050220455.1,streptococcus_gtf,NZ_CP071414.1,J1C97_RS04345,WP_427178445.1,856270,857754,+,,glucosyltransferase domain-containing protein,product_description,glucosyltransferase,product,Streptococcus
streptococcus_sanguinis,GCF_050220455.1,adhesion_enolase,NZ_CP071414.1,J1C97_RS04485,WP_002895859.1,891479,892783,+,eno,surface-displayed alpha-enolase,named_symbol,eno,gene_or_synonym,
streptococcus_sanguinis,GCF_050220455.1,adhesion_fibronectin,NZ_CP071414.1,J1C97_RS04680,WP_125380108.1,937417,939066,-,fbpA,Rqc2 family fibronectin-binding protein FbpA,product_description,fibronectin-binding,product,
streptococcus_sanguinis,GCF_050220455.1,adhesion_fbp,NZ_CP071414.1,J1C97_RS04680,WP_125380108.1,937417,939066,-,fbpA,Rqc2 family fibronectin-binding protein FbpA,product_description,fibronectin-binding,product,
streptococcus_sanguinis,GCF_050220455.1,streptococcus_gbp,NZ_CP071414.1,J1C97_RS04910,WP_185758098.1,982530,986732,+,,GbpC/Spa domain-containing protein,named_symbol,gbpC,product,Streptococcus
streptococcus_sanguinis,GCF_050220455.1,sortase,NZ_CP071414.1,J1C97_RS06110,WP_002906515.1,1242067,1242822,-,,class A sortase,product_description,sortase,product,
streptococcus_sanguinis,GCF_050220455.1,regulation_vicRK,NZ_CP071414.1,J1C97_RS07885,WP_002899938.1,1597712,1599061,-,vicK,cell wall metabolism sensor histidine kinase VicK,named_symbol,vicK,gene_or_synonym,Streptococcus
streptococcus_sanguinis,GCF_050220455.1,biofilm_brpA,NZ_CP071414.1,J1C97_RS09540,WP_002893568.1,1915949,1917187,-,brpA,biofilm formation/cell division transcriptional regulator BrpA,named_symbol,brpA,gene_or_synonym,Streptococcus
streptococcus_sanguinis,GCF_050220455.1,streptococcus_spaP,NZ_CP071414.1,J1C97_RS10325,WP_312022588.1,2078027,2082592,-,,antigen I/II family LPXTG-anchored adhesin,product_description,antigen I/II,product,Streptococcus
streptococcus_sanguinis,GCF_050220455.1,adhesion_collagen,NZ_CP071414.1,J1C97_RS10830,WP_080559237.1,2180450,2182303,-,,Cna B-type domain-containing protein,named_symbol,cna,product,
streptococcus_sanguinis,GCF_050220455.1,type_iv_pili,NZ_CP071414.1,J1C97_RS11015,WP_002901710.1,2211752,2212141,-,comGG,competence type IV pilus minor pilin ComGG,product_description,type IV pilus,product,
streptococcus_sanguinis,GCF_050220455.1,type_iv_pili,NZ_CP071414.1,J1C97_RS11020,WP_002901713.1,2212122,2212559,-,comGF,competence type IV pilus minor pilin ComGF,product_description,type IV pilus,product,
streptococcus_sanguinis,GCF_050220455.1,type_iv_pili,NZ_CP071414.1,J1C97_RS11025,WP_002914478.1,2212543,2212836,-,comGE,competence type IV pilus minor pilin ComGE,product_description,type IV pilus,product,
streptococcus_sanguinis,GCF_050220455.1,type_iv_pili,NZ_CP071414.1,J1C97_RS11030,WP_002901717.1,2212802,2213236,-,comGD,competence type IV pilus minor pilin ComGD,product_description,type IV pilus,product,
streptococcus_sanguinis,GCF_050220455.1,type_iv_pili,NZ_CP071414.1,J1C97_RS11035,WP_002896769.1,2213196,2213513,-,comGC,competence type IV pilus major pilin ComGC,product_description,type IV pilus,product,
streptococcus_sanguinis,GCF_050220455.1,type_iv_pili,NZ_CP071414.1,J1C97_RS11040,WP_376738795.1,2213513,2214547,-,comGB,competence type IV pilus assembly protein ComGB,product_description,type IV pilus,product,
streptococcus_sanguinis,GCF_050220455.1,type_iv_pili,NZ_CP071414.1,J1C97_RS11045,WP_002923026.1,2214477,2215418,-,comGA,competence type IV pilus ATPase ComGA,product_description,type IV pilus,product,
streptococcus_sanguinis,GCF_050220455.1,type_iv_pili,NZ_CP071414.1,J1C97_RS11635,WP_427178433.1,2319231,2320946,-,,SSA_2305 family type IV pilus system protein,product_description,type IV pilus,product,
streptococcus_sanguinis,GCF_050220455.1,type_iv_pili,NZ_CP071414.1,J1C97_RS11685,WP_002894192.1,2330759,2331823,-,,type IV pilus twitching motility protein PilT,product_description,type IV pilus,product,
streptococcus_sanguinis,GCF_050220455.1,competence_com,NZ_CP071414.1,J1C97_RS11980,WP_002899529.1,2391825,2392589,-,comE,competence system response regulator transcription factor ComE,named_symbol,comE,gene_or_synonym,Streptococcus
streptococcus_sanguinis,GCF_050220455.1,competence_com,NZ_CP071414.1,J1C97_RS11985,WP_427178434.1,2392595,2393929,-,comD,competence system sensor histidine kinase ComD,named_symbol,comD,gene_or_synonym,Streptococcus
streptococcus_sanguinis,GCF_900475505.1,sortase,NZ_LS483385.1,DQM63_RS00220,WP_002901937.1,27438,28280,+,srtB,"class B sortase, LPKTxAVK-specific",product_description,sortase,product,
streptococcus_sanguinis,GCF_900475505.1,adhesion_collagen,NZ_LS483385.1,DQM63_RS01235,WP_002902189.1,222243,226928,+,,Cna B-type domain-containing protein,named_symbol,cna,product,
streptococcus_sanguinis,GCF_900475505.1,streptococcus_gtf,NZ_LS483385.1,DQM63_RS04135,WP_002913700.1,808475,809827,+,gtfB,accessory Sec system glycosylation chaperone GtfB,named_symbol,gtfB,gene_or_synonym,Streptococcus
streptococcus_sanguinis,GCF_900475505.1,streptococcus_gtf,NZ_LS483385.1,DQM63_RS04220,WP_002900653.1,827266,828750,+,,glucosyltransferase domain-containing protein,product_description,glucosyltransferase,product,Streptococcus
streptococcus_sanguinis,GCF_900475505.1,adhesion_enolase,NZ_LS483385.1,DQM63_RS04350,WP_002897814.1,861047,862351,+,eno,surface-displayed alpha-enolase,named_symbol,eno,gene_or_synonym,
streptococcus_sanguinis,GCF_900475505.1,adhesion_fibronectin,NZ_LS483385.1,DQM63_RS04440,WP_002913682.1,901018,902667,-,fbpA,Rqc2 family fibronectin-binding protein FbpA,product_description,fibronectin-binding,product,
streptococcus_sanguinis,GCF_900475505.1,adhesion_fbp,NZ_LS483385.1,DQM63_RS04440,WP_002913682.1,901018,902667,-,fbpA,Rqc2 family fibronectin-binding protein FbpA,product_description,fibronectin-binding,product,
streptococcus_sanguinis,GCF_900475505.1,sortase,NZ_LS483385.1,DQM63_RS05905,WP_002912535.1,1208504,1209259,-,,class A sortase,product_description,sortase,product,
streptococcus_sanguinis,GCF_900475505.1,regulation_vicRK,NZ_LS483385.1,DQM63_RS07575,WP_002899938.1,1532828,1534177,-,vicK,cell wall metabolism sensor histidine kinase VicK,named_symbol,vicK,gene_or_synonym,Streptococcus
streptococcus_sanguinis,GCF_900475505.1,biofilm_brpA,NZ_LS483385.1,DQM63_RS09185,WP_002901344.1,1842602,1843840,-,lytR,glycopolymer--peptidoglycan transferase LytR,named_symbol,brpA,gene_or_synonym,Streptococcus
streptococcus_sanguinis,GCF_900475505.1,streptococcus_spaP,NZ_LS483385.1,DQM63_RS10055,WP_002914437.1,2018315,2022406,-,,antigen I/II family LPXTG-anchored adhesin,product_description,antigen I/II,product,Streptococcus
streptococcus_sanguinis,GCF_900475505.1,adhesion_collagen,NZ_LS483385.1,DQM63_RS10355,WP_080555553.1,2083747,2085600,-,,Cna B-type domain-containing protein,named_symbol,cna,product,
streptococcus_sanguinis,GCF_900475505.1,type_iv_pili,NZ_LS483385.1,DQM63_RS10530,WP_002901710.1,2113880,2114269,-,comGG,competence type IV pilus minor pilin ComGG,product_description,type IV pilus,product,
streptococcus_sanguinis,GCF_900475505.1,type_iv_pili,NZ_LS483385.1,DQM63_RS10535,WP_002901713.1,2114250,2114687,-,comGF,competence type IV pilus minor pilin ComGF,product_description,type IV pilus,product,
streptococcus_sanguinis,GCF_900475505.1,type_iv_pili,NZ_LS483385.1,DQM63_RS10540,WP_002914478.1,2114671,2114964,-,comGE,competence type IV pilus minor pilin ComGE,product_description,type IV pilus,product,
streptococcus_sanguinis,GCF_900475505.1,type_iv_pili,NZ_LS483385.1,DQM63_RS10545,WP_002901717.1,2114930,2115364,-,comGD,competence type IV pilus minor pilin ComGD,product_description,type IV pilus,product,
streptococcus_sanguinis,GCF_900475505.1,type_iv_pili,NZ_LS483385.1,DQM63_RS10550,WP_002896769.1,2115324,2115641,-,comGC,competence type IV pilus major pilin ComGC,product_description,type IV pilus,product,
streptococcus_sanguinis,GCF_900475505.1,type_iv_pili,NZ_LS483385.1,DQM63_RS10555,WP_263281106.1,2115641,2116675,-,comGB,competence type IV pilus assembly protein ComGB,product_description,type IV pilus,product,
streptococcus_sanguinis,GCF_900475505.1,type_iv_pili,NZ_LS483385.1,DQM63_RS10560,WP_002901721.1,2116605,2117546,-,comGA,competence type IV pilus ATPase ComGA,product_description,type IV pilus,product,
streptococcus_sanguinis,GCF_900475505.1,type_iv_pili,NZ_LS483385.1,DQM63_RS11140,WP_263281107.1,2218415,2220121,-,,SSA_2305 family type IV pilus system protein,product_description,type IV pilus,product,
streptococcus_sanguinis,GCF_900475505.1,type_iv_pili,NZ_LS483385.1,DQM63_RS11195,WP_002899359.1,2230494,2231558,-,,type IV pilus twitching motility protein PilT,product_description,type IV pilus,product,
streptococcus_sanguinis,GCF_900475505.1,competence_com,NZ_LS483385.1,DQM63_RS11495,WP_002899529.1,2291498,2292262,-,comE,competence system response regulator transcription factor ComE,named_symbol,comE,gene_or_synonym,Streptococcus
streptococcus_sanguinis,GCF_900475505.1,competence_com,NZ_LS483385.1,DQM63_RS11500,WP_002899527.1,2292268,2293602,-,comD,competence system sensor histidine kinase ComD,named_symbol,comD,gene_or_synonym,Streptococcus
tannerella_forsythia,GCF_000238215.1,tf_bspA,NC_016610.1,BFO_RS14480,WP_157755308.1,2134585,2137818,-,bspA,leucine-rich-repeat family virulence factor BspA,named_symbol,bspA,gene_or_synonym,Tannerella
tannerella_forsythia,GCF_000238215.1,adhesion_enolase,NC_016610.1,BFO_RS09030,WP_014225384.1,2213829,2215109,-,eno,phosphopyruvate hydratase,named_symbol,eno,gene_or_synonym,
tannerella_forsythia,GCF_000238215.1,sortase,NC_016610.1,BFO_RS13585,WP_041591401.1,3327513,3330944,+,porU,type IX secretion system sortase PorU,product_description,sortase,product,
tannerella_forsythia,GCF_001547855.1,adhesion_enolase,NZ_AP013045.1,TFKS16_RS08555,WP_014225384.1,2090408,2091688,-,eno,phosphopyruvate hydratase,named_symbol,eno,gene_or_synonym,
tannerella_forsythia,GCF_001547855.1,sortase,NZ_AP013045.1,TFKS16_RS13795,WP_060831883.1,3319021,3322443,+,porU,type IX secretion system sortase PorU,product_description,sortase,product,
tannerella_forsythia,GCF_001547875.1,adhesion_enolase,NZ_AP013044.1,TF3313_RS08825,WP_014225384.1,2143827,2145107,-,eno,phosphopyruvate hydratase,named_symbol,eno,gene_or_synonym,
tannerella_forsythia,GCF_001547875.1,sortase,NZ_AP013044.1,TF3313_RS13690,WP_060828480.1,3270743,3274165,+,porU,type IX secretion system sortase PorU,product_description,sortase,product,
treponema_denticola,GCF_024181405.1,adhesion_enolase,NZ_CP051302.1,HGJ18_RS01685,WP_002693062.1,354629,355930,+,eno,phosphopyruvate hydratase,named_symbol,eno,gene_or_synonym,
treponema_denticola,GCF_024181405.1,td_virulence,NZ_CP051302.1,HGJ18_RS10705,WP_253696395.1,2282350,2284005,-,,major outer sheath protein Msp,named_symbol,msp,product,Treponema
treponema_denticola,GCF_024181425.1,adhesion_enolase,NZ_CP051303.1,E4N91_RS08475,WP_002689690.1,1855512,1856813,-,eno,phosphopyruvate hydratase,named_symbol,eno,gene_or_synonym,
treponema_denticola,GCF_024181425.1,td_virulence,NZ_CP051303.1,E4N91_RS09360,WP_253703917.1,2032828,2035167,-,prtP,dentilisin complex serine proteinase subunit PrtP,named_symbol,prtP,gene_or_synonym,Treponema
treponema_denticola,GCF_024181425.1,td_virulence,NZ_CP051303.1,E4N91_RS09365,WP_253703918.1,2035181,2037067,-,prcA,dentilisin complex subunit PrcA,named_symbol,dentilisin,product,Treponema
treponema_denticola,GCF_024181425.1,td_virulence,NZ_CP051303.1,E4N91_RS09370,WP_366797923.1,2037101,2037709,-,prcB,dentilisin complex subunit PrcB,named_symbol,dentilisin,product,Treponema
treponema_denticola,GCF_024181425.1,td_virulence,NZ_CP051303.1,E4N91_RS11040,WP_253704027.1,2367759,2369402,-,,major outer sheath protein Msp,named_symbol,msp,product,Treponema
treponema_denticola,GCF_024181445.1,adhesion_enolase,NZ_CP051304.1,E4N79_RS08880,WP_002670350.1,1923910,1925211,-,eno,phosphopyruvate hydratase,named_symbol,eno,gene_or_synonym,
treponema_denticola,GCF_024181445.1,td_virulence,NZ_CP051304.1,E4N79_RS09775,WP_253688543.1,2096668,2098980,-,prtP,dentilisin complex serine proteinase subunit PrtP,named_symbol,prtP,gene_or_synonym,Treponema
treponema_denticola,GCF_024181445.1,td_virulence,NZ_CP051304.1,E4N79_RS09780,WP_253688544.1,2098994,2100907,-,prcA,dentilisin complex subunit PrcA,named_symbol,dentilisin,product,Treponema
treponema_denticola,GCF_024181445.1,td_virulence,NZ_CP051304.1,E4N79_RS09785,WP_253688545.1,2100943,2101497,-,prcB,dentilisin complex subunit PrcB,named_symbol,dentilisin,product,Treponema
treponema_denticola,GCF_024181445.1,td_virulence,NZ_CP051304.1,E4N79_RS11470,WP_253688743.1,2431983,2433614,-,,major outer sheath protein Msp,named_symbol,msp,product,Treponema
treponema_denticola,GCF_024181465.1,td_virulence,NZ_CP051522.1,E4N87_RS00525,WP_253717086.1,127170,128888,-,msp,major outer sheath protein Msp,named_symbol,msp,gene_or_synonym,Treponema
treponema_denticola,GCF_024181465.1,td_virulence,NZ_CP051522.1,E4N87_RS03765,WP_253688545.1,829466,830020,+,prcB,dentilisin complex subunit PrcB,named_symbol,dentilisin,product,Treponema
treponema_denticola,GCF_024181465.1,td_virulence,NZ_CP051522.1,E4N87_RS03770,WP_253717804.1,830056,831963,+,prcA,dentilisin complex subunit PrcA,named_symbol,dentilisin,product,Treponema
treponema_denticola,GCF_024181465.1,td_virulence,NZ_CP051522.1,E4N87_RS03775,WP_253717806.1,831977,834289,+,prtP,dentilisin complex serine proteinase subunit PrtP,named_symbol,prtP,gene_or_synonym,Treponema
treponema_denticola,GCF_024181465.1,adhesion_enolase,NZ_CP051522.1,E4N87_RS10900,WP_002693062.1,2343973,2345274,-,eno,phosphopyruvate hydratase,named_symbol,eno,gene_or_synonym,
treponema_denticola,GCF_024181485.1,adhesion_enolase,NZ_CP051523.1,E4N84_RS09320,WP_002689690.1,1957339,1958640,-,eno,phosphopyruvate hydratase,named_symbol,eno,gene_or_synonym,
treponema_denticola,GCF_024181485.1,td_virulence,NZ_CP051523.1,E4N84_RS10180,WP_253730858.1,2126367,2128676,-,prtP,dentilisin complex serine proteinase subunit PrtP,named_symbol,prtP,gene_or_synonym,Treponema
treponema_denticola,GCF_024181485.1,td_virulence,NZ_CP051523.1,E4N84_RS10185,WP_253730859.1,2128690,2130591,-,prcA,dentilisin complex subunit PrcA,named_symbol,dentilisin,product,Treponema
treponema_denticola,GCF_024181485.1,td_virulence,NZ_CP051523.1,E4N84_RS10190,WP_253730860.1,2130625,2131233,-,prcB,dentilisin complex subunit PrcB,named_symbol,dentilisin,product,Treponema
treponema_denticola,GCF_024181485.1,td_virulence,NZ_CP051523.1,E4N84_RS11740,WP_253730997.1,2436204,2437925,-,,major outer sheath protein Msp,named_symbol,msp,product,Treponema
veillonella_parvula,GCF_002005185.1,sortase,NZ_CP019721.1,B1A77_RS04585,WP_077708101.1,1027297,1028028,+,,sortase,product_description,sortase,product,
veillonella_parvula,GCF_002005185.1,adhesion_fibronectin,NZ_CP019721.1,B1A77_RS07380,WP_077708378.1,1595295,1597010,-,,Rqc2 family fibronectin-binding protein,product_description,fibronectin-binding,product,
veillonella_parvula,GCF_002005185.1,adhesion_fbp,NZ_CP019721.1,B1A77_RS07380,WP_077708378.1,1595295,1597010,-,,Rqc2 family fibronectin-binding protein,product_description,fibronectin-binding,product,
veillonella_parvula,GCF_002005185.1,type_iv_pili,NZ_CP019721.1,B1A77_RS08590,WP_024061886.1,1855838,1856284,-,,competence type IV pilus major pilin ComGC,product_description,type IV pilus,product,
veillonella_parvula,GCF_002005185.1,type_iv_pili,NZ_CP019721.1,B1A77_RS08600,WP_008601186.1,1857505,1858524,-,,type IV pilus twitching motility protein PilT,product_description,type IV pilus,product,
veillonella_parvula,GCF_002005185.1,adhesion_enolase,NZ_CP019721.1,B1A77_RS08610,WP_008601191.1,1859707,1860990,-,eno,phosphopyruvate hydratase,named_symbol,eno,gene_or_synonym,
veillonella_parvula,GCF_016127175.1,adhesion_enolase,NZ_CP065990.1,I6I03_RS03660,WP_012864492.1,790653,791936,+,eno,phosphopyruvate hydratase,named_symbol,eno,gene_or_synonym,
veillonella_parvula,GCF_016127175.1,type_iv_pili,NZ_CP065990.1,I6I03_RS03670,WP_012864490.1,793119,794138,+,,type IV pilus twitching motility protein PilT,product_description,type IV pilus,product,
veillonella_parvula,GCF_016127175.1,type_iv_pili,NZ_CP065990.1,I6I03_RS03680,WP_012864488.1,795360,795806,+,,competence type IV pilus major pilin ComGC,product_description,type IV pilus,product,
veillonella_parvula,GCF_016127175.1,adhesion_fibronectin,NZ_CP065990.1,I6I03_RS04915,WP_012864303.1,1061482,1063197,+,,Rqc2 family fibronectin-binding protein,product_description,fibronectin-binding,product,
veillonella_parvula,GCF_016127175.1,adhesion_fbp,NZ_CP065990.1,I6I03_RS04915,WP_012864303.1,1061482,1063197,+,,Rqc2 family fibronectin-binding protein,product_description,fibronectin-binding,product,
veillonella_parvula,GCF_016127175.1,sortase,NZ_CP065990.1,I6I03_RS07435,WP_012863918.1,1608338,1609069,-,,sortase,product_description,sortase,product,
veillonella_parvula,GCF_031190775.1,adhesion_enolase,NZ_CP133463.1,RDV51_RS03610,WP_004696153.1,802447,803730,+,eno,phosphopyruvate hydratase,named_symbol,eno,gene_or_synonym,
veillonella_parvula,GCF_031190775.1,type_iv_pili,NZ_CP133463.1,RDV51_RS03620,WP_004696149.1,804913,805932,+,,type IV pilus twitching motility protein PilT,product_description,type IV pilus,product,
veillonella_parvula,GCF_031190775.1,type_iv_pili,NZ_CP133463.1,RDV51_RS03630,WP_004696145.1,807154,807600,+,,competence type IV pilus major pilin ComGC,product_description,type IV pilus,product,
veillonella_parvula,GCF_031190775.1,adhesion_fibronectin,NZ_CP133463.1,RDV51_RS04880,WP_308946315.1,1064879,1066642,+,,Rqc2 family fibronectin-binding protein,product_description,fibronectin-binding,product,
veillonella_parvula,GCF_031190775.1,adhesion_fbp,NZ_CP133463.1,RDV51_RS04880,WP_308946315.1,1064879,1066642,+,,Rqc2 family fibronectin-binding protein,product_description,fibronectin-binding,product,
veillonella_parvula,GCF_036456085.1,adhesion_enolase,NZ_CP138632.1,PK1910_RS01780,WP_287511107.1,364107,365390,+,eno,phosphopyruvate hydratase,named_symbol,eno,gene_or_synonym,
veillonella_parvula,GCF_036456085.1,type_iv_pili,NZ_CP138632.1,PK1910_RS01790,WP_287507669.1,366572,367591,+,,type IV pilus twitching motility protein PilT,product_description,type IV pilus,product,
veillonella_parvula,GCF_036456085.1,type_iv_pili,NZ_CP138632.1,PK1910_RS01800,WP_004697182.1,368812,369258,+,,competence type IV pilus major pilin ComGC,product_description,type IV pilus,product,
veillonella_parvula,GCF_036456085.1,adhesion_fibronectin,NZ_CP138632.1,PK1910_RS03035,WP_205112393.1,627518,629233,+,,Rqc2 family fibronectin-binding protein,product_description,fibronectin-binding,product,
veillonella_parvula,GCF_036456085.1,adhesion_fbp,NZ_CP138632.1,PK1910_RS03035,WP_205112393.1,627518,629233,+,,Rqc2 family fibronectin-binding protein,product_description,fibronectin-binding,product,
veillonella_parvula,GCF_036456085.1,sortase,NZ_CP138632.1,PK1910_RS09665,WP_287511530.1,2084971,2085702,+,,sortase,product_description,sortase,product,
veillonella_parvula,GCF_900186885.1,sortase,NZ_LT906445.1,CKV63_RS01755,WP_012863918.1,433576,434307,+,,sortase,product_description,sortase,product,
veillonella_parvula,GCF_900186885.1,adhesion_fibronectin,NZ_LT906445.1,CKV63_RS04285,WP_012864303.1,979479,981194,-,,Rqc2 family fibronectin-binding protein,product_description,fibronectin-binding,product,
veillonella_parvula,GCF_900186885.1,adhesion_fbp,NZ_LT906445.1,CKV63_RS04285,WP_012864303.1,979479,981194,-,,Rqc2 family fibronectin-binding protein,product_description,fibronectin-binding,product,
veillonella_parvula,GCF_900186885.1,type_iv_pili,NZ_LT906445.1,CKV63_RS05515,WP_012864488.1,1246870,1247316,-,,competence type IV pilus major pilin ComGC,product_description,type IV pilus,product,
veillonella_parvula,GCF_900186885.1,type_iv_pili,NZ_LT906445.1,CKV63_RS05525,WP_012864490.1,1248538,1249557,-,,type IV pilus twitching motility protein PilT,product_description,type IV pilus,product,
veillonella_parvula,GCF_900186885.1,adhesion_enolase,NZ_LT906445.1,CKV63_RS05535,WP_012864492.1,1250740,1252023,-,eno,phosphopyruvate hydratase,named_symbol,eno,gene_or_synonym,
