species_folder,accession,original_category,legacy_total_matches,sequence_only_matches,text_annotation_matches_without_dedup
actinomyces_naeslundii,GCF_016127855.1,biofilm_ica,28,14,15
actinomyces_naeslundii,GCF_016127855.1,biofilm_accumulation,777,794,0
actinomyces_naeslundii,GCF_016127855.1,biofilm_bap,0,0,0
actinomyces_naeslundii,GCF_016127855.1,adhesion_autolysin,27,29,0
actinomyces_naeslundii,GCF_016127855.1,adhesion_fibronectin,0,0,0
actinomyces_naeslundii,GCF_016127855.1,adhesion_clumping,0,0,0
actinomyces_naeslundii,GCF_016127855.1,adhesion_collagen,15,10,5
actinomyces_naeslundii,GCF_016127855.1,adhesion_sdr,15,16,0
actinomyces_naeslundii,GCF_016127855.1,biofilm_sasG,56,58,0
actinomyces_naeslundii,GCF_016127855.1,quorum_agr,107,113,0
actinomyces_naeslundii,GCF_016127855.1,regulation_sarA,59,60,0
actinomyces_naeslundii,GCF_016127855.1,stress_sigB,0,0,0
actinomyces_naeslundii,GCF_016127855.1,streptococcus_gtf,16,12,4
actinomyces_naeslundii,GCF_016127855.1,streptococcus_gbp,0,0,0
actinomyces_naeslundii,GCF_016127855.1,streptococcus_spaP,109,109,5
actinomyces_naeslundii,GCF_016127855.1,biofilm_brpA,0,0,0
actinomyces_naeslundii,GCF_016127855.1,competence_com,3,0,3
actinomyces_naeslundii,GCF_016127855.1,quorum_luxS,0,0,0
actinomyces_naeslundii,GCF_016127855.1,regulation_vicRK,3,3,0
actinomyces_naeslundii,GCF_016127855.1,sortase,41,38,6
actinomyces_naeslundii,GCF_016127855.1,adhesion_enolase,111,0,111
actinomyces_naeslundii,GCF_016127855.1,adhesion_fbp,0,0,0
actinomyces_naeslundii,GCF_016127855.1,enterococcus_esp,209,109,102
actinomyces_naeslundii,GCF_016127855.1,enterococcus_asa,0,0,0
actinomyces_naeslundii,GCF_016127855.1,enterococcus_ace,260,51,209
actinomyces_naeslundii,GCF_016127855.1,enterococcus_efaA,10,10,0
actinomyces_naeslundii,GCF_016127855.1,enterococcus_gelE,23,25,0
actinomyces_naeslundii,GCF_016127855.1,enterococcus_fsr,14,14,0
actinomyces_naeslundii,GCF_016127855.1,enterococcus_ebp,2,0,2
actinomyces_naeslundii,GCF_016127855.1,pseudomonas_alg,130,134,0
actinomyces_naeslundii,GCF_016127855.1,pseudomonas_pel,115,114,5
actinomyces_naeslundii,GCF_016127855.1,pseudomonas_psl,69,72,0
actinomyces_naeslundii,GCF_016127855.1,pseudomonas_las,101,103,0
actinomyces_naeslundii,GCF_016127855.1,pseudomonas_rhl,23,23,0
actinomyces_naeslundii,GCF_016127855.1,pseudomonas_pqs,25,25,0
actinomyces_naeslundii,GCF_016127855.1,pseudomonas_pili,30,26,4
actinomyces_naeslundii,GCF_016127855.1,pseudomonas_cup,0,0,0
actinomyces_naeslundii,GCF_016127855.1,pg_fimbriae,4,4,0
actinomyces_naeslundii,GCF_016127855.1,pg_gingipain,70,70,0
actinomyces_naeslundii,GCF_016127855.1,pg_hagA,16,18,0
actinomyces_naeslundii,GCF_016127855.1,fn_adhesin,43,47,0
actinomyces_naeslundii,GCF_016127855.1,tf_bspA,0,0,0
actinomyces_naeslundii,GCF_016127855.1,td_virulence,121,121,0
actinomyces_naeslundii,GCF_963265035.1,biofilm_ica,27,13,15
actinomyces_naeslundii,GCF_963265035.1,biofilm_accumulation,766,784,0
actinomyces_naeslundii,GCF_963265035.1,biofilm_bap,0,0,0
actinomyces_naeslundii,GCF_963265035.1,adhesion_autolysin,31,33,0
actinomyces_naeslundii,GCF_963265035.1,adhesion_fibronectin,4,0,4
actinomyces_naeslundii,GCF_963265035.1,adhesion_clumping,0,0,0
actinomyces_naeslundii,GCF_963265035.1,adhesion_collagen,15,10,5
actinomyces_naeslundii,GCF_963265035.1,adhesion_sdr,12,13,0
actinomyces_naeslundii,GCF_963265035.1,biofilm_sasG,56,59,0
actinomyces_naeslundii,GCF_963265035.1,quorum_agr,103,109,0
actinomyces_naeslundii,GCF_963265035.1,regulation_sarA,61,62,0
actinomyces_naeslundii,GCF_963265035.1,stress_sigB,0,0,0
actinomyces_naeslundii,GCF_963265035.1,streptococcus_gtf,17,13,4
actinomyces_naeslundii,GCF_963265035.1,streptococcus_gbp,0,0,0
actinomyces_naeslundii,GCF_963265035.1,streptococcus_spaP,99,99,5
actinomyces_naeslundii,GCF_963265035.1,biofilm_brpA,0,0,0
actinomyces_naeslundii,GCF_963265035.1,competence_com,3,0,3
actinomyces_naeslundii,GCF_963265035.1,quorum_luxS,0,0,0
actinomyces_naeslundii,GCF_963265035.1,regulation_vicRK,3,3,0
actinomyces_naeslundii,GCF_963265035.1,sortase,37,33,6
actinomyces_naeslundii,GCF_963265035.1,adhesion_enolase,113,0,113
actinomyces_naeslundii,GCF_963265035.1,adhesion_fbp,2,0,2
actinomyces_naeslundii,GCF_963265035.1,enterococcus_esp,208,107,103
actinomyces_naeslundii,GCF_963265035.1,enterococcus_asa,0,0,0
actinomyces_naeslundii,GCF_963265035.1,enterococcus_ace,259,48,211
actinomyces_naeslundii,GCF_963265035.1,enterococcus_efaA,12,12,0
actinomyces_naeslundii,GCF_963265035.1,enterococcus_gelE,23,24,0
actinomyces_naeslundii,GCF_963265035.1,enterococcus_fsr,14,14,0
actinomyces_naeslundii,GCF_963265035.1,enterococcus_ebp,2,0,2
actinomyces_naeslundii,GCF_963265035.1,pseudomonas_alg,134,138,0
actinomyces_naeslundii,GCF_963265035.1,pseudomonas_pel,109,108,5
actinomyces_naeslundii,GCF_963265035.1,pseudomonas_psl,68,71,0
actinomyces_naeslundii,GCF_963265035.1,pseudomonas_las,103,105,0
actinomyces_naeslundii,GCF_963265035.1,pseudomonas_rhl,23,23,0
actinomyces_naeslundii,GCF_963265035.1,pseudomonas_pqs,23,23,0
actinomyces_naeslundii,GCF_963265035.1,pseudomonas_pili,28,26,2
actinomyces_naeslundii,GCF_963265035.1,pseudomonas_cup,0,0,0
actinomyces_naeslundii,GCF_963265035.1,pg_fimbriae,4,4,0
actinomyces_naeslundii,GCF_963265035.1,pg_gingipain,68,69,0
actinomyces_naeslundii,GCF_963265035.1,pg_hagA,18,20,0
actinomyces_naeslundii,GCF_963265035.1,fn_adhesin,43,46,0
actinomyces_naeslundii,GCF_963265035.1,tf_bspA,0,0,0
actinomyces_naeslundii,GCF_963265035.1,td_virulence,124,124,0
actinomyces_naeslundii,GCF_963340285.1,biofilm_ica,27,13,15
actinomyces_naeslundii,GCF_963340285.1,biofilm_accumulation,764,782,0
actinomyces_naeslundii,GCF_963340285.1,biofilm_bap,0,0,0
actinomyces_naeslundii,GCF_963340285.1,adhesion_autolysin,31,33,0
actinomyces_naeslundii,GCF_963340285.1,adhesion_fibronectin,4,0,4
actinomyces_naeslundii,GCF_963340285.1,adhesion_clumping,0,0,0
actinomyces_naeslundii,GCF_963340285.1,adhesion_collagen,15,10,5
actinomyces_naeslundii,GCF_963340285.1,adhesion_sdr,12,13,0
actinomyces_naeslundii,GCF_963340285.1,biofilm_sasG,56,59,0
actinomyces_naeslundii,GCF_963340285.1,quorum_agr,103,109,0
actinomyces_naeslundii,GCF_963340285.1,regulation_sarA,61,62,0
actinomyces_naeslundii,GCF_963340285.1,stress_sigB,0,0,0
actinomyces_naeslundii,GCF_963340285.1,streptococcus_gtf,17,13,4
actinomyces_naeslundii,GCF_963340285.1,streptococcus_gbp,0,0,0
actinomyces_naeslundii,GCF_963340285.1,streptococcus_spaP,99,99,5
actinomyces_naeslundii,GCF_963340285.1,biofilm_brpA,0,0,0
actinomyces_naeslundii,GCF_963340285.1,competence_com,3,0,3
actinomyces_naeslundii,GCF_963340285.1,quorum_luxS,0,0,0
actinomyces_naeslundii,GCF_963340285.1,regulation_vicRK,3,3,0
actinomyces_naeslundii,GCF_963340285.1,sortase,37,33,6
actinomyces_naeslundii,GCF_963340285.1,adhesion_enolase,113,0,113
actinomyces_naeslundii,GCF_963340285.1,adhesion_fbp,2,0,2
actinomyces_naeslundii,GCF_963340285.1,enterococcus_esp,208,107,103
actinomyces_naeslundii,GCF_963340285.1,enterococcus_asa,0,0,0
actinomyces_naeslundii,GCF_963340285.1,enterococcus_ace,259,48,211
actinomyces_naeslundii,GCF_963340285.1,enterococcus_efaA,12,12,0
actinomyces_naeslundii,GCF_963340285.1,enterococcus_gelE,23,24,0
actinomyces_naeslundii,GCF_963340285.1,enterococcus_fsr,14,14,0
actinomyces_naeslundii,GCF_963340285.1,enterococcus_ebp,2,0,2
actinomyces_naeslundii,GCF_963340285.1,pseudomonas_alg,134,138,0
actinomyces_naeslundii,GCF_963340285.1,pseudomonas_pel,109,108,5
actinomyces_naeslundii,GCF_963340285.1,pseudomonas_psl,68,71,0
actinomyces_naeslundii,GCF_963340285.1,pseudomonas_las,103,105,0
actinomyces_naeslundii,GCF_963340285.1,pseudomonas_rhl,23,23,0
actinomyces_naeslundii,GCF_963340285.1,pseudomonas_pqs,23,23,0
actinomyces_naeslundii,GCF_963340285.1,pseudomonas_pili,28,26,2
actinomyces_naeslundii,GCF_963340285.1,pseudomonas_cup,0,0,0
actinomyces_naeslundii,GCF_963340285.1,pg_fimbriae,4,4,0
actinomyces_naeslundii,GCF_963340285.1,pg_gingipain,68,69,0
actinomyces_naeslundii,GCF_963340285.1,pg_hagA,19,20,0
actinomyces_naeslundii,GCF_963340285.1,fn_adhesin,43,46,0
actinomyces_naeslundii,GCF_963340285.1,tf_bspA,0,0,0
actinomyces_naeslundii,GCF_963340285.1,td_virulence,123,123,0
actinomyces_naeslundii,GCF_963340415.1,biofilm_ica,27,13,15
actinomyces_naeslundii,GCF_963340415.1,biofilm_accumulation,763,781,0
actinomyces_naeslundii,GCF_963340415.1,biofilm_bap,0,0,0
actinomyces_naeslundii,GCF_963340415.1,adhesion_autolysin,31,33,0
actinomyces_naeslundii,GCF_963340415.1,adhesion_fibronectin,4,0,4
actinomyces_naeslundii,GCF_963340415.1,adhesion_clumping,0,0,0
actinomyces_naeslundii,GCF_963340415.1,adhesion_collagen,15,10,5
actinomyces_naeslundii,GCF_963340415.1,adhesion_sdr,12,13,0
actinomyces_naeslundii,GCF_963340415.1,biofilm_sasG,56,59,0
actinomyces_naeslundii,GCF_963340415.1,quorum_agr,103,109,0
actinomyces_naeslundii,GCF_963340415.1,regulation_sarA,61,62,0
actinomyces_naeslundii,GCF_963340415.1,stress_sigB,0,0,0
actinomyces_naeslundii,GCF_963340415.1,streptococcus_gtf,17,13,4
actinomyces_naeslundii,GCF_963340415.1,streptococcus_gbp,0,0,0
actinomyces_naeslundii,GCF_963340415.1,streptococcus_spaP,99,99,5
actinomyces_naeslundii,GCF_963340415.1,biofilm_brpA,0,0,0
actinomyces_naeslundii,GCF_963340415.1,competence_com,3,0,3
actinomyces_naeslundii,GCF_963340415.1,quorum_luxS,0,0,0
actinomyces_naeslundii,GCF_963340415.1,regulation_vicRK,3,3,0
actinomyces_naeslundii,GCF_963340415.1,sortase,37,33,6
actinomyces_naeslundii,GCF_963340415.1,adhesion_enolase,113,0,113
actinomyces_naeslundii,GCF_963340415.1,adhesion_fbp,2,0,2
actinomyces_naeslundii,GCF_963340415.1,enterococcus_esp,208,107,103
actinomyces_naeslundii,GCF_963340415.1,enterococcus_asa,0,0,0
actinomyces_naeslundii,GCF_963340415.1,enterococcus_ace,259,48,211
actinomyces_naeslundii,GCF_963340415.1,enterococcus_efaA,12,12,0
actinomyces_naeslundii,GCF_963340415.1,enterococcus_gelE,23,24,0
actinomyces_naeslundii,GCF_963340415.1,enterococcus_fsr,14,14,0
actinomyces_naeslundii,GCF_963340415.1,enterococcus_ebp,2,0,2
actinomyces_naeslundii,GCF_963340415.1,pseudomonas_alg,134,138,0
actinomyces_naeslundii,GCF_963340415.1,pseudomonas_pel,109,108,5
actinomyces_naeslundii,GCF_963340415.1,pseudomonas_psl,68,71,0
actinomyces_naeslundii,GCF_963340415.1,pseudomonas_las,103,105,0
actinomyces_naeslundii,GCF_963340415.1,pseudomonas_rhl,23,23,0
actinomyces_naeslundii,GCF_963340415.1,pseudomonas_pqs,23,23,0
actinomyces_naeslundii,GCF_963340415.1,pseudomonas_pili,28,26,2
actinomyces_naeslundii,GCF_963340415.1,pseudomonas_cup,0,0,0
actinomyces_naeslundii,GCF_963340415.1,pg_fimbriae,4,4,0
actinomyces_naeslundii,GCF_963340415.1,pg_gingipain,68,69,0
actinomyces_naeslundii,GCF_963340415.1,pg_hagA,19,20,0
actinomyces_naeslundii,GCF_963340415.1,fn_adhesin,43,46,0
actinomyces_naeslundii,GCF_963340415.1,tf_bspA,0,0,0
actinomyces_naeslundii,GCF_963340415.1,td_virulence,124,124,0
corynebacterium_striatum,GCF_002156805.1,biofilm_ica,37,12,25
corynebacterium_striatum,GCF_002156805.1,biofilm_accumulation,476,478,2
corynebacterium_striatum,GCF_002156805.1,biofilm_bap,0,0,0
corynebacterium_striatum,GCF_002156805.1,adhesion_autolysin,24,27,0
corynebacterium_striatum,GCF_002156805.1,adhesion_fibronectin,0,0,0
corynebacterium_striatum,GCF_002156805.1,adhesion_clumping,4,4,0
corynebacterium_striatum,GCF_002156805.1,adhesion_collagen,11,11,0
corynebacterium_striatum,GCF_002156805.1,adhesion_sdr,24,24,0
corynebacterium_striatum,GCF_002156805.1,biofilm_sasG,27,29,0
corynebacterium_striatum,GCF_002156805.1,quorum_agr,52,54,0
corynebacterium_striatum,GCF_002156805.1,regulation_sarA,42,42,0
corynebacterium_striatum,GCF_002156805.1,stress_sigB,0,0,0
corynebacterium_striatum,GCF_002156805.1,streptococcus_gtf,11,7,4
corynebacterium_striatum,GCF_002156805.1,streptococcus_gbp,0,0,0
corynebacterium_striatum,GCF_002156805.1,streptococcus_spaP,44,42,4
corynebacterium_striatum,GCF_002156805.1,biofilm_brpA,0,0,0
corynebacterium_striatum,GCF_002156805.1,competence_com,4,0,4
corynebacterium_striatum,GCF_002156805.1,quorum_luxS,0,0,0
corynebacterium_striatum,GCF_002156805.1,regulation_vicRK,3,3,0
corynebacterium_striatum,GCF_002156805.1,sortase,23,17,6
corynebacterium_striatum,GCF_002156805.1,adhesion_enolase,113,0,113
corynebacterium_striatum,GCF_002156805.1,adhesion_fbp,0,0,0
corynebacterium_striatum,GCF_002156805.1,enterococcus_esp,182,104,80
corynebacterium_striatum,GCF_002156805.1,enterococcus_asa,0,0,0
corynebacterium_striatum,GCF_002156805.1,enterococcus_ace,303,39,264
corynebacterium_striatum,GCF_002156805.1,enterococcus_efaA,22,23,0
corynebacterium_striatum,GCF_002156805.1,enterococcus_gelE,27,31,0
corynebacterium_striatum,GCF_002156805.1,enterococcus_fsr,17,17,0
corynebacterium_striatum,GCF_002156805.1,enterococcus_ebp,2,0,2
corynebacterium_striatum,GCF_002156805.1,pseudomonas_alg,89,95,0
corynebacterium_striatum,GCF_002156805.1,pseudomonas_pel,118,122,0
corynebacterium_striatum,GCF_002156805.1,pseudomonas_psl,35,36,0
corynebacterium_striatum,GCF_002156805.1,pseudomonas_las,56,57,0
corynebacterium_striatum,GCF_002156805.1,pseudomonas_rhl,13,14,0
corynebacterium_striatum,GCF_002156805.1,pseudomonas_pqs,22,22,0
corynebacterium_striatum,GCF_002156805.1,pseudomonas_pili,33,34,0
corynebacterium_striatum,GCF_002156805.1,pseudomonas_cup,0,0,0
corynebacterium_striatum,GCF_002156805.1,pg_fimbriae,2,2,0
corynebacterium_striatum,GCF_002156805.1,pg_gingipain,79,81,0
corynebacterium_striatum,GCF_002156805.1,pg_hagA,12,12,0
corynebacterium_striatum,GCF_002156805.1,fn_adhesin,46,46,0
corynebacterium_striatum,GCF_002156805.1,tf_bspA,0,0,0
corynebacterium_striatum,GCF_002156805.1,td_virulence,60,61,0
corynebacterium_striatum,GCF_002803965.1,biofilm_ica,44,15,29
corynebacterium_striatum,GCF_002803965.1,biofilm_accumulation,509,516,2
corynebacterium_striatum,GCF_002803965.1,biofilm_bap,0,0,0
corynebacterium_striatum,GCF_002803965.1,adhesion_autolysin,32,34,0
corynebacterium_striatum,GCF_002803965.1,adhesion_fibronectin,0,0,0
corynebacterium_striatum,GCF_002803965.1,adhesion_clumping,4,4,0
corynebacterium_striatum,GCF_002803965.1,adhesion_collagen,9,9,0
corynebacterium_striatum,GCF_002803965.1,adhesion_sdr,19,19,0
corynebacterium_striatum,GCF_002803965.1,biofilm_sasG,25,27,0
corynebacterium_striatum,GCF_002803965.1,quorum_agr,51,53,0
corynebacterium_striatum,GCF_002803965.1,regulation_sarA,38,39,0
corynebacterium_striatum,GCF_002803965.1,stress_sigB,0,0,0
corynebacterium_striatum,GCF_002803965.1,streptococcus_gtf,12,8,4
corynebacterium_striatum,GCF_002803965.1,streptococcus_gbp,0,0,0
corynebacterium_striatum,GCF_002803965.1,streptococcus_spaP,49,49,3
corynebacterium_striatum,GCF_002803965.1,biofilm_brpA,0,0,0
corynebacterium_striatum,GCF_002803965.1,competence_com,4,0,4
corynebacterium_striatum,GCF_002803965.1,quorum_luxS,0,0,0
corynebacterium_striatum,GCF_002803965.1,regulation_vicRK,2,2,0
corynebacterium_striatum,GCF_002803965.1,sortase,25,14,11
corynebacterium_striatum,GCF_002803965.1,adhesion_enolase,120,0,120
corynebacterium_striatum,GCF_002803965.1,adhesion_fbp,0,0,0
corynebacterium_striatum,GCF_002803965.1,enterococcus_esp,167,102,67
corynebacterium_striatum,GCF_002803965.1,enterococcus_asa,0,0,0
corynebacterium_striatum,GCF_002803965.1,enterococcus_ace,284,39,246
corynebacterium_striatum,GCF_002803965.1,enterococcus_efaA,25,27,0
corynebacterium_striatum,GCF_002803965.1,enterococcus_gelE,27,29,0
corynebacterium_striatum,GCF_002803965.1,enterococcus_fsr,18,18,0
corynebacterium_striatum,GCF_002803965.1,enterococcus_ebp,4,0,4
corynebacterium_striatum,GCF_002803965.1,pseudomonas_alg,97,102,0
corynebacterium_striatum,GCF_002803965.1,pseudomonas_pel,121,126,0
corynebacterium_striatum,GCF_002803965.1,pseudomonas_psl,38,40,0
corynebacterium_striatum,GCF_002803965.1,pseudomonas_las,64,65,0
corynebacterium_striatum,GCF_002803965.1,pseudomonas_rhl,16,16,0
corynebacterium_striatum,GCF_002803965.1,pseudomonas_pqs,25,25,0
corynebacterium_striatum,GCF_002803965.1,pseudomonas_pili,35,36,0
corynebacterium_striatum,GCF_002803965.1,pseudomonas_cup,0,0,0
corynebacterium_striatum,GCF_002803965.1,pg_fimbriae,3,3,0
corynebacterium_striatum,GCF_002803965.1,pg_gingipain,84,86,0
corynebacterium_striatum,GCF_002803965.1,pg_hagA,12,12,0
corynebacterium_striatum,GCF_002803965.1,fn_adhesin,44,46,0
corynebacterium_striatum,GCF_002803965.1,tf_bspA,0,0,0
corynebacterium_striatum,GCF_002803965.1,td_virulence,60,60,0
corynebacterium_striatum,GCF_002804085.1,biofilm_ica,45,16,29
corynebacterium_striatum,GCF_002804085.1,biofilm_accumulation,487,494,2
corynebacterium_striatum,GCF_002804085.1,biofilm_bap,0,0,0
corynebacterium_striatum,GCF_002804085.1,adhesion_autolysin,31,33,0
corynebacterium_striatum,GCF_002804085.1,adhesion_fibronectin,0,0,0
corynebacterium_striatum,GCF_002804085.1,adhesion_clumping,4,4,0
corynebacterium_striatum,GCF_002804085.1,adhesion_collagen,10,10,0
corynebacterium_striatum,GCF_002804085.1,adhesion_sdr,21,21,0
corynebacterium_striatum,GCF_002804085.1,biofilm_sasG,25,27,0
corynebacterium_striatum,GCF_002804085.1,quorum_agr,45,47,0
corynebacterium_striatum,GCF_002804085.1,regulation_sarA,39,39,0
corynebacterium_striatum,GCF_002804085.1,stress_sigB,0,0,0
corynebacterium_striatum,GCF_002804085.1,streptococcus_gtf,11,7,4
corynebacterium_striatum,GCF_002804085.1,streptococcus_gbp,0,0,0
corynebacterium_striatum,GCF_002804085.1,streptococcus_spaP,42,41,3
corynebacterium_striatum,GCF_002804085.1,biofilm_brpA,0,0,0
corynebacterium_striatum,GCF_002804085.1,competence_com,4,0,4
corynebacterium_striatum,GCF_002804085.1,quorum_luxS,0,0,0
corynebacterium_striatum,GCF_002804085.1,regulation_vicRK,2,2,0
corynebacterium_striatum,GCF_002804085.1,sortase,26,15,11
corynebacterium_striatum,GCF_002804085.1,adhesion_enolase,110,0,110
corynebacterium_striatum,GCF_002804085.1,adhesion_fbp,0,0,0
corynebacterium_striatum,GCF_002804085.1,enterococcus_esp,176,104,73
corynebacterium_striatum,GCF_002804085.1,enterococcus_asa,0,0,0
corynebacterium_striatum,GCF_002804085.1,enterococcus_ace,283,38,247
corynebacterium_striatum,GCF_002804085.1,enterococcus_efaA,27,29,0
corynebacterium_striatum,GCF_002804085.1,enterococcus_gelE,27,29,0
corynebacterium_striatum,GCF_002804085.1,enterococcus_fsr,15,16,0
corynebacterium_striatum,GCF_002804085.1,enterococcus_ebp,4,0,4
corynebacterium_striatum,GCF_002804085.1,pseudomonas_alg,95,100,0
corynebacterium_striatum,GCF_002804085.1,pseudomonas_pel,121,124,0
corynebacterium_striatum,GCF_002804085.1,pseudomonas_psl,36,38,0
corynebacterium_striatum,GCF_002804085.1,pseudomonas_las,59,60,0
corynebacterium_striatum,GCF_002804085.1,pseudomonas_rhl,19,19,0
corynebacterium_striatum,GCF_002804085.1,pseudomonas_pqs,23,23,0
corynebacterium_striatum,GCF_002804085.1,pseudomonas_pili,36,37,0
corynebacterium_striatum,GCF_002804085.1,pseudomonas_cup,0,0,0
corynebacterium_striatum,GCF_002804085.1,pg_fimbriae,2,2,0
corynebacterium_striatum,GCF_002804085.1,pg_gingipain,86,88,0
corynebacterium_striatum,GCF_002804085.1,pg_hagA,12,12,0
corynebacterium_striatum,GCF_002804085.1,fn_adhesin,43,43,0
corynebacterium_striatum,GCF_002804085.1,tf_bspA,0,0,0
corynebacterium_striatum,GCF_002804085.1,td_virulence,58,58,0
corynebacterium_striatum,GCF_016728105.1,biofilm_ica,43,14,29
corynebacterium_striatum,GCF_016728105.1,biofilm_accumulation,525,532,0
corynebacterium_striatum,GCF_016728105.1,biofilm_bap,0,0,0
corynebacterium_striatum,GCF_016728105.1,adhesion_autolysin,34,36,0
corynebacterium_striatum,GCF_016728105.1,adhesion_fibronectin,0,0,0
corynebacterium_striatum,GCF_016728105.1,adhesion_clumping,4,4,0
corynebacterium_striatum,GCF_016728105.1,adhesion_collagen,12,12,0
corynebacterium_striatum,GCF_016728105.1,adhesion_sdr,21,21,0
corynebacterium_striatum,GCF_016728105.1,biofilm_sasG,26,28,0
corynebacterium_striatum,GCF_016728105.1,quorum_agr,53,55,0
corynebacterium_striatum,GCF_016728105.1,regulation_sarA,36,38,0
corynebacterium_striatum,GCF_016728105.1,stress_sigB,0,0,0
corynebacterium_striatum,GCF_016728105.1,streptococcus_gtf,14,10,4
corynebacterium_striatum,GCF_016728105.1,streptococcus_gbp,0,0,0
corynebacterium_striatum,GCF_016728105.1,streptococcus_spaP,43,43,3
corynebacterium_striatum,GCF_016728105.1,biofilm_brpA,0,0,0
corynebacterium_striatum,GCF_016728105.1,competence_com,4,0,4
corynebacterium_striatum,GCF_016728105.1,quorum_luxS,0,0,0
corynebacterium_striatum,GCF_016728105.1,regulation_vicRK,2,2,0
corynebacterium_striatum,GCF_016728105.1,sortase,26,14,12
corynebacterium_striatum,GCF_016728105.1,adhesion_enolase,117,0,117
corynebacterium_striatum,GCF_016728105.1,adhesion_fbp,0,0,0
corynebacterium_striatum,GCF_016728105.1,enterococcus_esp,171,101,72
corynebacterium_striatum,GCF_016728105.1,enterococcus_asa,0,0,0
corynebacterium_striatum,GCF_016728105.1,enterococcus_ace,305,37,269
corynebacterium_striatum,GCF_016728105.1,enterococcus_efaA,27,29,0
corynebacterium_striatum,GCF_016728105.1,enterococcus_gelE,27,29,0
corynebacterium_striatum,GCF_016728105.1,enterococcus_fsr,17,18,0
corynebacterium_striatum,GCF_016728105.1,enterococcus_ebp,4,0,4
corynebacterium_striatum,GCF_016728105.1,pseudomonas_alg,94,100,0
corynebacterium_striatum,GCF_016728105.1,pseudomonas_pel,124,127,0
corynebacterium_striatum,GCF_016728105.1,pseudomonas_psl,38,40,0
corynebacterium_striatum,GCF_016728105.1,pseudomonas_las,61,62,0
corynebacterium_striatum,GCF_016728105.1,pseudomonas_rhl,18,18,0
corynebacterium_striatum,GCF_016728105.1,pseudomonas_pqs,25,25,0
corynebacterium_striatum,GCF_016728105.1,pseudomonas_pili,34,35,0
corynebacterium_striatum,GCF_016728105.1,pseudomonas_cup,0,0,0
corynebacterium_striatum,GCF_016728105.1,pg_fimbriae,2,2,0
corynebacterium_striatum,GCF_016728105.1,pg_gingipain,81,83,0
corynebacterium_striatum,GCF_016728105.1,pg_hagA,11,11,0
corynebacterium_striatum,GCF_016728105.1,fn_adhesin,44,45,0
corynebacterium_striatum,GCF_016728105.1,tf_bspA,0,0,0
corynebacterium_striatum,GCF_016728105.1,td_virulence,58,58,0
corynebacterium_striatum,GCF_016728205.1,biofilm_ica,42,13,29
corynebacterium_striatum,GCF_016728205.1,biofilm_accumulation,484,493,0
corynebacterium_striatum,GCF_016728205.1,biofilm_bap,0,0,0
corynebacterium_striatum,GCF_016728205.1,adhesion_autolysin,31,33,0
corynebacterium_striatum,GCF_016728205.1,adhesion_fibronectin,0,0,0
corynebacterium_striatum,GCF_016728205.1,adhesion_clumping,3,3,0
corynebacterium_striatum,GCF_016728205.1,adhesion_collagen,9,9,0
corynebacterium_striatum,GCF_016728205.1,adhesion_sdr,19,19,0
corynebacterium_striatum,GCF_016728205.1,biofilm_sasG,21,23,0
corynebacterium_striatum,GCF_016728205.1,quorum_agr,49,51,0
corynebacterium_striatum,GCF_016728205.1,regulation_sarA,35,36,0
corynebacterium_striatum,GCF_016728205.1,stress_sigB,0,0,0
corynebacterium_striatum,GCF_016728205.1,streptococcus_gtf,13,9,4
corynebacterium_striatum,GCF_016728205.1,streptococcus_gbp,0,0,0
corynebacterium_striatum,GCF_016728205.1,streptococcus_spaP,42,42,3
corynebacterium_striatum,GCF_016728205.1,biofilm_brpA,0,0,0
corynebacterium_striatum,GCF_016728205.1,competence_com,4,0,4
corynebacterium_striatum,GCF_016728205.1,quorum_luxS,0,0,0
corynebacterium_striatum,GCF_016728205.1,regulation_vicRK,2,2,0
corynebacterium_striatum,GCF_016728205.1,sortase,25,15,10
corynebacterium_striatum,GCF_016728205.1,adhesion_enolase,109,0,109
corynebacterium_striatum,GCF_016728205.1,adhesion_fbp,0,0,0
corynebacterium_striatum,GCF_016728205.1,enterococcus_esp,166,100,69
corynebacterium_striatum,GCF_016728205.1,enterococcus_asa,0,0,0
corynebacterium_striatum,GCF_016728205.1,enterococcus_ace,283,41,243
corynebacterium_striatum,GCF_016728205.1,enterococcus_efaA,21,23,0
corynebacterium_striatum,GCF_016728205.1,enterococcus_gelE,29,31,0
corynebacterium_striatum,GCF_016728205.1,enterococcus_fsr,16,16,0
corynebacterium_striatum,GCF_016728205.1,enterococcus_ebp,4,0,4
corynebacterium_striatum,GCF_016728205.1,pseudomonas_alg,84,90,0
corynebacterium_striatum,GCF_016728205.1,pseudomonas_pel,119,124,0
corynebacterium_striatum,GCF_016728205.1,pseudomonas_psl,37,39,0
corynebacterium_striatum,GCF_016728205.1,pseudomonas_las,61,62,0
corynebacterium_striatum,GCF_016728205.1,pseudomonas_rhl,12,12,0
corynebacterium_striatum,GCF_016728205.1,pseudomonas_pqs,24,24,0
corynebacterium_striatum,GCF_016728205.1,pseudomonas_pili,34,35,0
corynebacterium_striatum,GCF_016728205.1,pseudomonas_cup,0,0,0
corynebacterium_striatum,GCF_016728205.1,pg_fimbriae,2,2,0
corynebacterium_striatum,GCF_016728205.1,pg_gingipain,77,80,0
corynebacterium_striatum,GCF_016728205.1,pg_hagA,14,14,0
corynebacterium_striatum,GCF_016728205.1,fn_adhesin,42,43,0
corynebacterium_striatum,GCF_016728205.1,tf_bspA,0,0,0
corynebacterium_striatum,GCF_016728205.1,td_virulence,53,53,0
cutibacterium_acnes,GCF_001281065.1,biofilm_ica,28,13,15
cutibacterium_acnes,GCF_001281065.1,biofilm_accumulation,310,317,0
cutibacterium_acnes,GCF_001281065.1,biofilm_bap,0,0,0
cutibacterium_acnes,GCF_001281065.1,adhesion_autolysin,12,13,0
cutibacterium_acnes,GCF_001281065.1,adhesion_fibronectin,0,0,0
cutibacterium_acnes,GCF_001281065.1,adhesion_clumping,2,2,0
cutibacterium_acnes,GCF_001281065.1,adhesion_collagen,27,22,5
cutibacterium_acnes,GCF_001281065.1,adhesion_sdr,16,17,0
cutibacterium_acnes,GCF_001281065.1,biofilm_sasG,29,31,0
cutibacterium_acnes,GCF_001281065.1,quorum_agr,75,76,0
cutibacterium_acnes,GCF_001281065.1,regulation_sarA,34,37,0
cutibacterium_acnes,GCF_001281065.1,stress_sigB,0,0,0
cutibacterium_acnes,GCF_001281065.1,streptococcus_gtf,17,13,4
cutibacterium_acnes,GCF_001281065.1,streptococcus_gbp,0,0,0
cutibacterium_acnes,GCF_001281065.1,streptococcus_spaP,68,63,5
cutibacterium_acnes,GCF_001281065.1,biofilm_brpA,0,0,0
cutibacterium_acnes,GCF_001281065.1,competence_com,2,0,2
cutibacterium_acnes,GCF_001281065.1,quorum_luxS,0,0,0
cutibacterium_acnes,GCF_001281065.1,regulation_vicRK,2,3,0
cutibacterium_acnes,GCF_001281065.1,sortase,25,23,2
cutibacterium_acnes,GCF_001281065.1,adhesion_enolase,146,0,146
cutibacterium_acnes,GCF_001281065.1,adhesion_fbp,0,0,0
cutibacterium_acnes,GCF_001281065.1,enterococcus_esp,144,80,66
cutibacterium_acnes,GCF_001281065.1,enterococcus_asa,0,0,0
cutibacterium_acnes,GCF_001281065.1,enterococcus_ace,253,48,207
cutibacterium_acnes,GCF_001281065.1,enterococcus_efaA,11,11,0
cutibacterium_acnes,GCF_001281065.1,enterococcus_gelE,15,17,0
cutibacterium_acnes,GCF_001281065.1,enterococcus_fsr,11,11,0
cutibacterium_acnes,GCF_001281065.1,enterococcus_ebp,0,0,0
cutibacterium_acnes,GCF_001281065.1,pseudomonas_alg,77,80,0
cutibacterium_acnes,GCF_001281065.1,pseudomonas_pel,77,80,0
cutibacterium_acnes,GCF_001281065.1,pseudomonas_psl,39,40,0
cutibacterium_acnes,GCF_001281065.1,pseudomonas_las,55,59,0
cutibacterium_acnes,GCF_001281065.1,pseudomonas_rhl,10,12,0
cutibacterium_acnes,GCF_001281065.1,pseudomonas_pqs,19,20,0
cutibacterium_acnes,GCF_001281065.1,pseudomonas_pili,38,33,6
cutibacterium_acnes,GCF_001281065.1,pseudomonas_cup,0,0,0
cutibacterium_acnes,GCF_001281065.1,pg_fimbriae,3,3,0
cutibacterium_acnes,GCF_001281065.1,pg_gingipain,70,73,0
cutibacterium_acnes,GCF_001281065.1,pg_hagA,21,21,0
cutibacterium_acnes,GCF_001281065.1,fn_adhesin,34,35,0
cutibacterium_acnes,GCF_001281065.1,tf_bspA,0,0,0
cutibacterium_acnes,GCF_001281065.1,td_virulence,74,77,0
cutibacterium_acnes,GCF_001469565.1,biofilm_ica,29,14,15
cutibacterium_acnes,GCF_001469565.1,biofilm_accumulation,337,342,0
cutibacterium_acnes,GCF_001469565.1,biofilm_bap,0,0,0
cutibacterium_acnes,GCF_001469565.1,adhesion_autolysin,17,17,0
cutibacterium_acnes,GCF_001469565.1,adhesion_fibronectin,1,0,1
cutibacterium_acnes,GCF_001469565.1,adhesion_clumping,2,2,0
cutibacterium_acnes,GCF_001469565.1,adhesion_collagen,29,25,5
cutibacterium_acnes,GCF_001469565.1,adhesion_sdr,18,19,0
cutibacterium_acnes,GCF_001469565.1,biofilm_sasG,33,34,0
cutibacterium_acnes,GCF_001469565.1,quorum_agr,76,77,0
cutibacterium_acnes,GCF_001469565.1,regulation_sarA,33,36,0
cutibacterium_acnes,GCF_001469565.1,stress_sigB,0,0,0
cutibacterium_acnes,GCF_001469565.1,streptococcus_gtf,18,14,4
cutibacterium_acnes,GCF_001469565.1,streptococcus_gbp,0,0,0
cutibacterium_acnes,GCF_001469565.1,streptococcus_spaP,65,60,5
cutibacterium_acnes,GCF_001469565.1,biofilm_brpA,0,0,0
cutibacterium_acnes,GCF_001469565.1,competence_com,2,0,2
cutibacterium_acnes,GCF_001469565.1,quorum_luxS,0,0,0
cutibacterium_acnes,GCF_001469565.1,regulation_vicRK,2,3,0
cutibacterium_acnes,GCF_001469565.1,sortase,25,24,2
cutibacterium_acnes,GCF_001469565.1,adhesion_enolase,161,0,161
cutibacterium_acnes,GCF_001469565.1,adhesion_fbp,0,0,0
cutibacterium_acnes,GCF_001469565.1,enterococcus_esp,155,89,68
cutibacterium_acnes,GCF_001469565.1,enterococcus_asa,0,0,0
cutibacterium_acnes,GCF_001469565.1,enterococcus_ace,265,51,215
cutibacterium_acnes,GCF_001469565.1,enterococcus_efaA,14,14,0
cutibacterium_acnes,GCF_001469565.1,enterococcus_gelE,15,18,0
cutibacterium_acnes,GCF_001469565.1,enterococcus_fsr,9,9,0
cutibacterium_acnes,GCF_001469565.1,enterococcus_ebp,0,0,0
cutibacterium_acnes,GCF_001469565.1,pseudomonas_alg,82,84,0
cutibacterium_acnes,GCF_001469565.1,pseudomonas_pel,75,77,0
cutibacterium_acnes,GCF_001469565.1,pseudomonas_psl,46,47,0
cutibacterium_acnes,GCF_001469565.1,pseudomonas_las,60,64,0
cutibacterium_acnes,GCF_001469565.1,pseudomonas_rhl,13,15,0
cutibacterium_acnes,GCF_001469565.1,pseudomonas_pqs,22,22,0
cutibacterium_acnes,GCF_001469565.1,pseudomonas_pili,44,37,8
cutibacterium_acnes,GCF_001469565.1,pseudomonas_cup,0,0,0
cutibacterium_acnes,GCF_001469565.1,pg_fimbriae,3,3,0
cutibacterium_acnes,GCF_001469565.1,pg_gingipain,77,80,0
cutibacterium_acnes,GCF_001469565.1,pg_hagA,19,19,0
cutibacterium_acnes,GCF_001469565.1,fn_adhesin,37,38,0
cutibacterium_acnes,GCF_001469565.1,tf_bspA,0,0,0
cutibacterium_acnes,GCF_001469565.1,td_virulence,78,81,0
cutibacterium_acnes,GCF_001469595.1,biofilm_ica,29,14,15
cutibacterium_acnes,GCF_001469595.1,biofilm_accumulation,325,330,0
cutibacterium_acnes,GCF_001469595.1,biofilm_bap,0,0,0
cutibacterium_acnes,GCF_001469595.1,adhesion_autolysin,16,16,0
cutibacterium_acnes,GCF_001469595.1,adhesion_fibronectin,2,0,2
cutibacterium_acnes,GCF_001469595.1,adhesion_clumping,2,2,0
cutibacterium_acnes,GCF_001469595.1,adhesion_collagen,30,26,5
cutibacterium_acnes,GCF_001469595.1,adhesion_sdr,19,20,0
cutibacterium_acnes,GCF_001469595.1,biofilm_sasG,31,32,0
cutibacterium_acnes,GCF_001469595.1,quorum_agr,77,77,0
cutibacterium_acnes,GCF_001469595.1,regulation_sarA,35,38,0
cutibacterium_acnes,GCF_001469595.1,stress_sigB,0,0,0
cutibacterium_acnes,GCF_001469595.1,streptococcus_gtf,18,14,4
cutibacterium_acnes,GCF_001469595.1,streptococcus_gbp,0,0,0
cutibacterium_acnes,GCF_001469595.1,streptococcus_spaP,67,62,5
cutibacterium_acnes,GCF_001469595.1,biofilm_brpA,0,0,0
cutibacterium_acnes,GCF_001469595.1,competence_com,2,0,2
cutibacterium_acnes,GCF_001469595.1,quorum_luxS,0,0,0
cutibacterium_acnes,GCF_001469595.1,regulation_vicRK,1,2,0
cutibacterium_acnes,GCF_001469595.1,sortase,23,21,2
cutibacterium_acnes,GCF_001469595.1,adhesion_enolase,161,0,161
cutibacterium_acnes,GCF_001469595.1,adhesion_fbp,0,0,0
cutibacterium_acnes,GCF_001469595.1,enterococcus_esp,154,91,65
cutibacterium_acnes,GCF_001469595.1,enterococcus_asa,0,0,0
cutibacterium_acnes,GCF_001469595.1,enterococcus_ace,258,49,210
cutibacterium_acnes,GCF_001469595.1,enterococcus_efaA,12,12,0
cutibacterium_acnes,GCF_001469595.1,enterococcus_gelE,17,19,0
cutibacterium_acnes,GCF_001469595.1,enterococcus_fsr,9,9,0
cutibacterium_acnes,GCF_001469595.1,enterococcus_ebp,0,0,0
cutibacterium_acnes,GCF_001469595.1,pseudomonas_alg,84,86,0
cutibacterium_acnes,GCF_001469595.1,pseudomonas_pel,87,89,0
cutibacterium_acnes,GCF_001469595.1,pseudomonas_psl,42,43,0
cutibacterium_acnes,GCF_001469595.1,pseudomonas_las,56,60,0
cutibacterium_acnes,GCF_001469595.1,pseudomonas_rhl,12,14,0
cutibacterium_acnes,GCF_001469595.1,pseudomonas_pqs,22,22,0
cutibacterium_acnes,GCF_001469595.1,pseudomonas_pili,39,34,6
cutibacterium_acnes,GCF_001469595.1,pseudomonas_cup,0,0,0
cutibacterium_acnes,GCF_001469595.1,pg_fimbriae,3,3,0
cutibacterium_acnes,GCF_001469595.1,pg_gingipain,77,79,0
cutibacterium_acnes,GCF_001469595.1,pg_hagA,20,20,0
cutibacterium_acnes,GCF_001469595.1,fn_adhesin,35,37,0
cutibacterium_acnes,GCF_001469595.1,tf_bspA,0,0,0
cutibacterium_acnes,GCF_001469595.1,td_virulence,82,85,0
cutibacterium_acnes,GCF_001469615.1,biofilm_ica,29,14,15
cutibacterium_acnes,GCF_001469615.1,biofilm_accumulation,323,329,0
cutibacterium_acnes,GCF_001469615.1,biofilm_bap,0,0,0
cutibacterium_acnes,GCF_001469615.1,adhesion_autolysin,16,16,0
cutibacterium_acnes,GCF_001469615.1,adhesion_fibronectin,2,0,2
cutibacterium_acnes,GCF_001469615.1,adhesion_clumping,1,1,0
cutibacterium_acnes,GCF_001469615.1,adhesion_collagen,30,25,5
cutibacterium_acnes,GCF_001469615.1,adhesion_sdr,18,19,0
cutibacterium_acnes,GCF_001469615.1,biofilm_sasG,33,34,0
cutibacterium_acnes,GCF_001469615.1,quorum_agr,80,80,0
cutibacterium_acnes,GCF_001469615.1,regulation_sarA,35,38,0
cutibacterium_acnes,GCF_001469615.1,stress_sigB,0,0,0
cutibacterium_acnes,GCF_001469615.1,streptococcus_gtf,19,15,4
cutibacterium_acnes,GCF_001469615.1,streptococcus_gbp,0,0,0
cutibacterium_acnes,GCF_001469615.1,streptococcus_spaP,66,62,5
cutibacterium_acnes,GCF_001469615.1,biofilm_brpA,0,0,0
cutibacterium_acnes,GCF_001469615.1,competence_com,1,0,1
cutibacterium_acnes,GCF_001469615.1,quorum_luxS,0,0,0
cutibacterium_acnes,GCF_001469615.1,regulation_vicRK,2,3,0
cutibacterium_acnes,GCF_001469615.1,sortase,24,22,2
cutibacterium_acnes,GCF_001469615.1,adhesion_enolase,158,0,158
cutibacterium_acnes,GCF_001469615.1,adhesion_fbp,0,0,0
cutibacterium_acnes,GCF_001469615.1,enterococcus_esp,163,90,75
cutibacterium_acnes,GCF_001469615.1,enterococcus_asa,0,0,0
cutibacterium_acnes,GCF_001469615.1,enterococcus_ace,264,47,218
cutibacterium_acnes,GCF_001469615.1,enterococcus_efaA,15,15,0
cutibacterium_acnes,GCF_001469615.1,enterococcus_gelE,14,16,0
cutibacterium_acnes,GCF_001469615.1,enterococcus_fsr,11,11,0
cutibacterium_acnes,GCF_001469615.1,enterococcus_ebp,0,0,0
cutibacterium_acnes,GCF_001469615.1,pseudomonas_alg,81,83,0
cutibacterium_acnes,GCF_001469615.1,pseudomonas_pel,79,81,0
cutibacterium_acnes,GCF_001469615.1,pseudomonas_psl,43,44,0
cutibacterium_acnes,GCF_001469615.1,pseudomonas_las,58,62,0
cutibacterium_acnes,GCF_001469615.1,pseudomonas_rhl,12,14,0
cutibacterium_acnes,GCF_001469615.1,pseudomonas_pqs,23,23,0
cutibacterium_acnes,GCF_001469615.1,pseudomonas_pili,41,36,6
cutibacterium_acnes,GCF_001469615.1,pseudomonas_cup,0,0,0
cutibacterium_acnes,GCF_001469615.1,pg_fimbriae,3,3,0
cutibacterium_acnes,GCF_001469615.1,pg_gingipain,79,83,0
cutibacterium_acnes,GCF_001469615.1,pg_hagA,20,20,0
cutibacterium_acnes,GCF_001469615.1,fn_adhesin,38,38,0
cutibacterium_acnes,GCF_001469615.1,tf_bspA,0,0,0
cutibacterium_acnes,GCF_001469615.1,td_virulence,79,83,0
cutibacterium_acnes,GCF_001469655.1,biofilm_ica,29,14,15
cutibacterium_acnes,GCF_001469655.1,biofilm_accumulation,319,326,0
cutibacterium_acnes,GCF_001469655.1,biofilm_bap,0,0,0
cutibacterium_acnes,GCF_001469655.1,adhesion_autolysin,14,14,0
cutibacterium_acnes,GCF_001469655.1,adhesion_fibronectin,2,0,2
cutibacterium_acnes,GCF_001469655.1,adhesion_clumping,1,1,0
cutibacterium_acnes,GCF_001469655.1,adhesion_collagen,30,25,5
cutibacterium_acnes,GCF_001469655.1,adhesion_sdr,18,19,0
cutibacterium_acnes,GCF_001469655.1,biofilm_sasG,33,34,0
cutibacterium_acnes,GCF_001469655.1,quorum_agr,76,76,0
cutibacterium_acnes,GCF_001469655.1,regulation_sarA,34,37,0
cutibacterium_acnes,GCF_001469655.1,stress_sigB,0,0,0
cutibacterium_acnes,GCF_001469655.1,streptococcus_gtf,19,15,4
cutibacterium_acnes,GCF_001469655.1,streptococcus_gbp,0,0,0
cutibacterium_acnes,GCF_001469655.1,streptococcus_spaP,64,59,5
cutibacterium_acnes,GCF_001469655.1,biofilm_brpA,0,0,0
cutibacterium_acnes,GCF_001469655.1,competence_com,2,0,2
cutibacterium_acnes,GCF_001469655.1,quorum_luxS,0,0,0
cutibacterium_acnes,GCF_001469655.1,regulation_vicRK,2,3,0
cutibacterium_acnes,GCF_001469655.1,sortase,23,21,2
cutibacterium_acnes,GCF_001469655.1,adhesion_enolase,158,0,158
cutibacterium_acnes,GCF_001469655.1,adhesion_fbp,0,0,0
cutibacterium_acnes,GCF_001469655.1,enterococcus_esp,156,89,69
cutibacterium_acnes,GCF_001469655.1,enterococcus_asa,0,0,0
cutibacterium_acnes,GCF_001469655.1,enterococcus_ace,257,47,211
cutibacterium_acnes,GCF_001469655.1,enterococcus_efaA,14,14,0
cutibacterium_acnes,GCF_001469655.1,enterococcus_gelE,14,16,0
cutibacterium_acnes,GCF_001469655.1,enterococcus_fsr,10,10,0
cutibacterium_acnes,GCF_001469655.1,enterococcus_ebp,0,0,0
cutibacterium_acnes,GCF_001469655.1,pseudomonas_alg,81,83,0
cutibacterium_acnes,GCF_001469655.1,pseudomonas_pel,78,80,0
cutibacterium_acnes,GCF_001469655.1,pseudomonas_psl,43,44,0
cutibacterium_acnes,GCF_001469655.1,pseudomonas_las,58,62,0
cutibacterium_acnes,GCF_001469655.1,pseudomonas_rhl,12,14,0
cutibacterium_acnes,GCF_001469655.1,pseudomonas_pqs,22,22,0
cutibacterium_acnes,GCF_001469655.1,pseudomonas_pili,42,37,6
cutibacterium_acnes,GCF_001469655.1,pseudomonas_cup,0,0,0
cutibacterium_acnes,GCF_001469655.1,pg_fimbriae,3,3,0
cutibacterium_acnes,GCF_001469655.1,pg_gingipain,79,82,0
cutibacterium_acnes,GCF_001469655.1,pg_hagA,20,20,0
cutibacterium_acnes,GCF_001469655.1,fn_adhesin,36,36,0
cutibacterium_acnes,GCF_001469655.1,tf_bspA,0,0,0
cutibacterium_acnes,GCF_001469655.1,td_virulence,80,83,0
enterococcus_faecalis,GCF_001598635.1,biofilm_ica,15,3,12
enterococcus_faecalis,GCF_001598635.1,biofilm_accumulation,112,115,0
enterococcus_faecalis,GCF_001598635.1,biofilm_bap,0,0,0
enterococcus_faecalis,GCF_001598635.1,adhesion_autolysin,26,24,2
enterococcus_faecalis,GCF_001598635.1,adhesion_fibronectin,2,0,2
enterococcus_faecalis,GCF_001598635.1,adhesion_clumping,4,4,0
enterococcus_faecalis,GCF_001598635.1,adhesion_collagen,10,10,0
enterococcus_faecalis,GCF_001598635.1,adhesion_sdr,11,12,0
enterococcus_faecalis,GCF_001598635.1,biofilm_sasG,22,23,0
enterococcus_faecalis,GCF_001598635.1,quorum_agr,19,20,0
enterococcus_faecalis,GCF_001598635.1,regulation_sarA,6,6,0
enterococcus_faecalis,GCF_001598635.1,stress_sigB,0,0,0
enterococcus_faecalis,GCF_001598635.1,streptococcus_gtf,17,14,4
enterococcus_faecalis,GCF_001598635.1,streptococcus_gbp,0,0,0
enterococcus_faecalis,GCF_001598635.1,streptococcus_spaP,20,14,6
enterococcus_faecalis,GCF_001598635.1,biofilm_brpA,0,0,0
enterococcus_faecalis,GCF_001598635.1,competence_com,4,0,4
enterococcus_faecalis,GCF_001598635.1,quorum_luxS,0,0,0
enterococcus_faecalis,GCF_001598635.1,regulation_vicRK,2,2,0
enterococcus_faecalis,GCF_001598635.1,sortase,11,4,7
enterococcus_faecalis,GCF_001598635.1,adhesion_enolase,197,0,197
enterococcus_faecalis,GCF_001598635.1,adhesion_fbp,2,0,2
enterococcus_faecalis,GCF_001598635.1,enterococcus_esp,161,76,87
enterococcus_faecalis,GCF_001598635.1,enterococcus_asa,0,0,0
enterococcus_faecalis,GCF_001598635.1,enterococcus_ace,317,23,294
enterococcus_faecalis,GCF_001598635.1,enterococcus_efaA,4,4,0
enterococcus_faecalis,GCF_001598635.1,enterococcus_gelE,19,12,8
enterococcus_faecalis,GCF_001598635.1,enterococcus_fsr,6,3,4
enterococcus_faecalis,GCF_001598635.1,enterococcus_ebp,15,0,15
enterococcus_faecalis,GCF_001598635.1,pseudomonas_alg,25,21,6
enterococcus_faecalis,GCF_001598635.1,pseudomonas_pel,56,60,0
enterococcus_faecalis,GCF_001598635.1,pseudomonas_psl,39,41,0
enterococcus_faecalis,GCF_001598635.1,pseudomonas_las,29,30,0
enterococcus_faecalis,GCF_001598635.1,pseudomonas_rhl,6,6,0
enterococcus_faecalis,GCF_001598635.1,pseudomonas_pqs,10,10,0
enterococcus_faecalis,GCF_001598635.1,pseudomonas_pili,42,32,11
enterococcus_faecalis,GCF_001598635.1,pseudomonas_cup,0,0,0
enterococcus_faecalis,GCF_001598635.1,pg_fimbriae,3,3,0
enterococcus_faecalis,GCF_001598635.1,pg_gingipain,65,66,0
enterococcus_faecalis,GCF_001598635.1,pg_hagA,0,1,0
enterococcus_faecalis,GCF_001598635.1,fn_adhesin,9,10,0
enterococcus_faecalis,GCF_001598635.1,tf_bspA,0,0,0
enterococcus_faecalis,GCF_001598635.1,td_virulence,32,32,0
enterococcus_faecalis,GCF_001689055.2,biofilm_ica,15,3,12
enterococcus_faecalis,GCF_001689055.2,biofilm_accumulation,121,124,0
enterococcus_faecalis,GCF_001689055.2,biofilm_bap,0,0,0
enterococcus_faecalis,GCF_001689055.2,adhesion_autolysin,22,22,0
enterococcus_faecalis,GCF_001689055.2,adhesion_fibronectin,2,0,2
enterococcus_faecalis,GCF_001689055.2,adhesion_clumping,4,4,0
enterococcus_faecalis,GCF_001689055.2,adhesion_collagen,12,10,2
enterococcus_faecalis,GCF_001689055.2,adhesion_sdr,11,12,0
enterococcus_faecalis,GCF_001689055.2,biofilm_sasG,16,17,0
enterococcus_faecalis,GCF_001689055.2,quorum_agr,20,20,1
enterococcus_faecalis,GCF_001689055.2,regulation_sarA,8,8,0
enterococcus_faecalis,GCF_001689055.2,stress_sigB,0,0,0
enterococcus_faecalis,GCF_001689055.2,streptococcus_gtf,25,20,6
enterococcus_faecalis,GCF_001689055.2,streptococcus_gbp,0,0,0
enterococcus_faecalis,GCF_001689055.2,streptococcus_spaP,16,14,2
enterococcus_faecalis,GCF_001689055.2,biofilm_brpA,0,0,0
enterococcus_faecalis,GCF_001689055.2,competence_com,4,0,4
enterococcus_faecalis,GCF_001689055.2,quorum_luxS,0,0,0
enterococcus_faecalis,GCF_001689055.2,regulation_vicRK,2,2,0
enterococcus_faecalis,GCF_001689055.2,sortase,14,4,10
enterococcus_faecalis,GCF_001689055.2,adhesion_enolase,181,0,181
enterococcus_faecalis,GCF_001689055.2,adhesion_fbp,2,0,2
enterococcus_faecalis,GCF_001689055.2,enterococcus_esp,170,75,96
enterococcus_faecalis,GCF_001689055.2,enterococcus_asa,2,0,2
enterococcus_faecalis,GCF_001689055.2,enterococcus_ace,340,26,314
enterococcus_faecalis,GCF_001689055.2,enterococcus_efaA,4,4,0
enterococcus_faecalis,GCF_001689055.2,enterococcus_gelE,21,14,8
enterococcus_faecalis,GCF_001689055.2,enterococcus_fsr,18,4,15
enterococcus_faecalis,GCF_001689055.2,enterococcus_ebp,15,0,15
enterococcus_faecalis,GCF_001689055.2,pseudomonas_alg,24,23,4
enterococcus_faecalis,GCF_001689055.2,pseudomonas_pel,61,65,0
enterococcus_faecalis,GCF_001689055.2,pseudomonas_psl,39,43,0
enterococcus_faecalis,GCF_001689055.2,pseudomonas_las,37,38,0
enterococcus_faecalis,GCF_001689055.2,pseudomonas_rhl,5,5,0
enterococcus_faecalis,GCF_001689055.2,pseudomonas_pqs,9,9,0
enterococcus_faecalis,GCF_001689055.2,pseudomonas_pili,47,36,12
enterococcus_faecalis,GCF_001689055.2,pseudomonas_cup,0,0,0
enterococcus_faecalis,GCF_001689055.2,pg_fimbriae,2,2,0
enterococcus_faecalis,GCF_001689055.2,pg_gingipain,63,64,0
enterococcus_faecalis,GCF_001689055.2,pg_hagA,0,1,0
enterococcus_faecalis,GCF_001689055.2,fn_adhesin,9,10,0
enterococcus_faecalis,GCF_001689055.2,tf_bspA,0,0,0
enterococcus_faecalis,GCF_001689055.2,td_virulence,33,33,0
enterococcus_faecalis,GCF_001989555.1,biofilm_ica,17,5,12
enterococcus_faecalis,GCF_001989555.1,biofilm_accumulation,124,126,0
enterococcus_faecalis,GCF_001989555.1,biofilm_bap,0,0,0
enterococcus_faecalis,GCF_001989555.1,adhesion_autolysin,27,25,2
enterococcus_faecalis,GCF_001989555.1,adhesion_fibronectin,2,0,2
enterococcus_faecalis,GCF_001989555.1,adhesion_clumping,4,4,0
enterococcus_faecalis,GCF_001989555.1,adhesion_collagen,13,11,2
enterococcus_faecalis,GCF_001989555.1,adhesion_sdr,11,12,0
enterococcus_faecalis,GCF_001989555.1,biofilm_sasG,21,21,0
enterococcus_faecalis,GCF_001989555.1,quorum_agr,21,22,0
enterococcus_faecalis,GCF_001989555.1,regulation_sarA,7,8,0
enterococcus_faecalis,GCF_001989555.1,stress_sigB,0,0,0
enterococcus_faecalis,GCF_001989555.1,streptococcus_gtf,23,19,6
enterococcus_faecalis,GCF_001989555.1,streptococcus_gbp,0,0,0
enterococcus_faecalis,GCF_001989555.1,streptococcus_spaP,25,15,10
enterococcus_faecalis,GCF_001989555.1,biofilm_brpA,0,0,0
enterococcus_faecalis,GCF_001989555.1,competence_com,4,0,4
enterococcus_faecalis,GCF_001989555.1,quorum_luxS,0,0,0
enterococcus_faecalis,GCF_001989555.1,regulation_vicRK,2,2,0
enterococcus_faecalis,GCF_001989555.1,sortase,15,6,9
enterococcus_faecalis,GCF_001989555.1,adhesion_enolase,192,0,192
enterococcus_faecalis,GCF_001989555.1,adhesion_fbp,2,0,2
enterococcus_faecalis,GCF_001989555.1,enterococcus_esp,171,80,92
enterococcus_faecalis,GCF_001989555.1,enterococcus_asa,8,0,8
enterococcus_faecalis,GCF_001989555.1,enterococcus_ace,345,25,320
enterococcus_faecalis,GCF_001989555.1,enterococcus_efaA,5,5,0
enterococcus_faecalis,GCF_001989555.1,enterococcus_gelE,24,17,8
enterococcus_faecalis,GCF_001989555.1,enterococcus_fsr,7,4,4
enterococcus_faecalis,GCF_001989555.1,enterococcus_ebp,15,0,15
enterococcus_faecalis,GCF_001989555.1,pseudomonas_alg,25,25,2
enterococcus_faecalis,GCF_001989555.1,pseudomonas_pel,61,65,0
enterococcus_faecalis,GCF_001989555.1,pseudomonas_psl,42,44,0
enterococcus_faecalis,GCF_001989555.1,pseudomonas_las,39,40,0
enterococcus_faecalis,GCF_001989555.1,pseudomonas_rhl,5,5,0
enterococcus_faecalis,GCF_001989555.1,pseudomonas_pqs,16,16,0
enterococcus_faecalis,GCF_001989555.1,pseudomonas_pili,49,39,11
enterococcus_faecalis,GCF_001989555.1,pseudomonas_cup,0,0,0
enterococcus_faecalis,GCF_001989555.1,pg_fimbriae,4,4,0
enterococcus_faecalis,GCF_001989555.1,pg_gingipain,69,70,0
enterococcus_faecalis,GCF_001989555.1,pg_hagA,0,1,0
enterococcus_faecalis,GCF_001989555.1,fn_adhesin,13,15,0
enterococcus_faecalis,GCF_001989555.1,tf_bspA,2,0,2
enterococcus_faecalis,GCF_001989555.1,td_virulence,31,31,0
enterococcus_faecalis,GCF_002163735.1,biofilm_ica,15,3,12
enterococcus_faecalis,GCF_002163735.1,biofilm_accumulation,128,131,0
enterococcus_faecalis,GCF_002163735.1,biofilm_bap,0,0,0
enterococcus_faecalis,GCF_002163735.1,adhesion_autolysin,24,24,0
enterococcus_faecalis,GCF_002163735.1,adhesion_fibronectin,6,0,6
enterococcus_faecalis,GCF_002163735.1,adhesion_clumping,5,5,0
enterococcus_faecalis,GCF_002163735.1,adhesion_collagen,15,13,2
enterococcus_faecalis,GCF_002163735.1,adhesion_sdr,14,15,0
enterococcus_faecalis,GCF_002163735.1,biofilm_sasG,17,17,0
enterococcus_faecalis,GCF_002163735.1,quorum_agr,21,21,1
enterococcus_faecalis,GCF_002163735.1,regulation_sarA,8,8,0
enterococcus_faecalis,GCF_002163735.1,stress_sigB,0,0,0
enterococcus_faecalis,GCF_002163735.1,streptococcus_gtf,18,15,4
enterococcus_faecalis,GCF_002163735.1,streptococcus_gbp,0,0,0
enterococcus_faecalis,GCF_002163735.1,streptococcus_spaP,22,18,4
enterococcus_faecalis,GCF_002163735.1,biofilm_brpA,0,0,0
enterococcus_faecalis,GCF_002163735.1,competence_com,4,0,4
enterococcus_faecalis,GCF_002163735.1,quorum_luxS,0,0,0
enterococcus_faecalis,GCF_002163735.1,regulation_vicRK,2,2,0
enterococcus_faecalis,GCF_002163735.1,sortase,13,4,9
enterococcus_faecalis,GCF_002163735.1,adhesion_enolase,201,0,201
enterococcus_faecalis,GCF_002163735.1,adhesion_fbp,2,0,2
enterococcus_faecalis,GCF_002163735.1,enterococcus_esp,174,85,90
enterococcus_faecalis,GCF_002163735.1,enterococcus_asa,3,0,3
enterococcus_faecalis,GCF_002163735.1,enterococcus_ace,349,24,325
enterococcus_faecalis,GCF_002163735.1,enterococcus_efaA,5,5,0
enterococcus_faecalis,GCF_002163735.1,enterococcus_gelE,20,13,8
enterococcus_faecalis,GCF_002163735.1,enterococcus_fsr,19,5,15
enterococcus_faecalis,GCF_002163735.1,enterococcus_ebp,15,0,15
enterococcus_faecalis,GCF_002163735.1,pseudomonas_alg,23,21,4
enterococcus_faecalis,GCF_002163735.1,pseudomonas_pel,66,72,0
enterococcus_faecalis,GCF_002163735.1,pseudomonas_psl,41,44,0
enterococcus_faecalis,GCF_002163735.1,pseudomonas_las,34,35,0
enterococcus_faecalis,GCF_002163735.1,pseudomonas_rhl,6,6,0
enterococcus_faecalis,GCF_002163735.1,pseudomonas_pqs,10,10,0
enterococcus_faecalis,GCF_002163735.1,pseudomonas_pili,48,37,12
enterococcus_faecalis,GCF_002163735.1,pseudomonas_cup,0,0,0
enterococcus_faecalis,GCF_002163735.1,pg_fimbriae,3,3,0
enterococcus_faecalis,GCF_002163735.1,pg_gingipain,69,70,0
enterococcus_faecalis,GCF_002163735.1,pg_hagA,1,2,0
enterococcus_faecalis,GCF_002163735.1,fn_adhesin,13,15,0
enterococcus_faecalis,GCF_002163735.1,tf_bspA,0,0,0
enterococcus_faecalis,GCF_002163735.1,td_virulence,31,31,0
enterococcus_faecalis,GCF_002208945.1,biofilm_ica,17,3,14
enterococcus_faecalis,GCF_002208945.1,biofilm_accumulation,113,116,0
enterococcus_faecalis,GCF_002208945.1,biofilm_bap,0,0,0
enterococcus_faecalis,GCF_002208945.1,adhesion_autolysin,24,22,2
enterococcus_faecalis,GCF_002208945.1,adhesion_fibronectin,2,0,2
enterococcus_faecalis,GCF_002208945.1,adhesion_clumping,3,3,0
enterococcus_faecalis,GCF_002208945.1,adhesion_collagen,9,9,0
enterococcus_faecalis,GCF_002208945.1,adhesion_sdr,12,13,0
enterococcus_faecalis,GCF_002208945.1,biofilm_sasG,21,21,0
enterococcus_faecalis,GCF_002208945.1,quorum_agr,20,20,1
enterococcus_faecalis,GCF_002208945.1,regulation_sarA,7,8,0
enterococcus_faecalis,GCF_002208945.1,stress_sigB,0,0,0
enterococcus_faecalis,GCF_002208945.1,streptococcus_gtf,19,11,9
enterococcus_faecalis,GCF_002208945.1,streptococcus_gbp,0,0,0
enterococcus_faecalis,GCF_002208945.1,streptococcus_spaP,18,14,4
enterococcus_faecalis,GCF_002208945.1,biofilm_brpA,0,0,0
enterococcus_faecalis,GCF_002208945.1,competence_com,4,0,4
enterococcus_faecalis,GCF_002208945.1,quorum_luxS,0,0,0
enterococcus_faecalis,GCF_002208945.1,regulation_vicRK,3,3,0
enterococcus_faecalis,GCF_002208945.1,sortase,11,4,7
enterococcus_faecalis,GCF_002208945.1,adhesion_enolase,170,0,170
enterococcus_faecalis,GCF_002208945.1,adhesion_fbp,2,0,2
enterococcus_faecalis,GCF_002208945.1,enterococcus_esp,155,78,79
enterococcus_faecalis,GCF_002208945.1,enterococcus_asa,0,0,0
enterococcus_faecalis,GCF_002208945.1,enterococcus_ace,306,23,283
enterococcus_faecalis,GCF_002208945.1,enterococcus_efaA,5,5,0
enterococcus_faecalis,GCF_002208945.1,enterococcus_gelE,18,11,8
enterococcus_faecalis,GCF_002208945.1,enterococcus_fsr,19,6,14
enterococcus_faecalis,GCF_002208945.1,enterococcus_ebp,15,0,15
enterococcus_faecalis,GCF_002208945.1,pseudomonas_alg,23,23,2
enterococcus_faecalis,GCF_002208945.1,pseudomonas_pel,59,63,0
enterococcus_faecalis,GCF_002208945.1,pseudomonas_psl,40,42,0
enterococcus_faecalis,GCF_002208945.1,pseudomonas_las,33,34,0
enterococcus_faecalis,GCF_002208945.1,pseudomonas_rhl,7,7,0
enterococcus_faecalis,GCF_002208945.1,pseudomonas_pqs,8,8,0
enterococcus_faecalis,GCF_002208945.1,pseudomonas_pili,45,34,12
enterococcus_faecalis,GCF_002208945.1,pseudomonas_cup,0,0,0
enterococcus_faecalis,GCF_002208945.1,pg_fimbriae,3,3,0
enterococcus_faecalis,GCF_002208945.1,pg_gingipain,65,66,0
enterococcus_faecalis,GCF_002208945.1,pg_hagA,0,1,0
enterococcus_faecalis,GCF_002208945.1,fn_adhesin,12,13,0
enterococcus_faecalis,GCF_002208945.1,tf_bspA,0,0,0
enterococcus_faecalis,GCF_002208945.1,td_virulence,34,34,0
fusobacterium_nucleatum,GCF_028621975.1,biofilm_ica,21,6,16
fusobacterium_nucleatum,GCF_028621975.1,biofilm_accumulation,49,51,0
fusobacterium_nucleatum,GCF_028621975.1,biofilm_bap,0,0,0
fusobacterium_nucleatum,GCF_028621975.1,adhesion_autolysin,16,16,0
fusobacterium_nucleatum,GCF_028621975.1,adhesion_fibronectin,3,0,3
fusobacterium_nucleatum,GCF_028621975.1,adhesion_clumping,1,1,0
fusobacterium_nucleatum,GCF_028621975.1,adhesion_collagen,7,7,0
fusobacterium_nucleatum,GCF_028621975.1,adhesion_sdr,9,9,0
fusobacterium_nucleatum,GCF_028621975.1,biofilm_sasG,6,7,0
fusobacterium_nucleatum,GCF_028621975.1,quorum_agr,13,13,0
fusobacterium_nucleatum,GCF_028621975.1,regulation_sarA,2,3,0
fusobacterium_nucleatum,GCF_028621975.1,stress_sigB,0,0,0
fusobacterium_nucleatum,GCF_028621975.1,streptococcus_gtf,7,6,1
fusobacterium_nucleatum,GCF_028621975.1,streptococcus_gbp,0,0,0
fusobacterium_nucleatum,GCF_028621975.1,streptococcus_spaP,17,11,6
fusobacterium_nucleatum,GCF_028621975.1,biofilm_brpA,0,0,0
fusobacterium_nucleatum,GCF_028621975.1,competence_com,4,0,4
fusobacterium_nucleatum,GCF_028621975.1,quorum_luxS,0,0,0
fusobacterium_nucleatum,GCF_028621975.1,regulation_vicRK,2,2,0
fusobacterium_nucleatum,GCF_028621975.1,sortase,2,2,0
fusobacterium_nucleatum,GCF_028621975.1,adhesion_enolase,152,0,152
fusobacterium_nucleatum,GCF_028621975.1,adhesion_fbp,2,0,2
fusobacterium_nucleatum,GCF_028621975.1,enterococcus_esp,89,53,36
fusobacterium_nucleatum,GCF_028621975.1,enterococcus_asa,0,0,0
fusobacterium_nucleatum,GCF_028621975.1,enterococcus_ace,219,19,200
fusobacterium_nucleatum,GCF_028621975.1,enterococcus_efaA,4,4,0
fusobacterium_nucleatum,GCF_028621975.1,enterococcus_gelE,15,15,0
fusobacterium_nucleatum,GCF_028621975.1,enterococcus_fsr,8,8,0
fusobacterium_nucleatum,GCF_028621975.1,enterococcus_ebp,0,0,0
fusobacterium_nucleatum,GCF_028621975.1,pseudomonas_alg,21,19,2
fusobacterium_nucleatum,GCF_028621975.1,pseudomonas_pel,46,39,10
fusobacterium_nucleatum,GCF_028621975.1,pseudomonas_psl,27,28,0
fusobacterium_nucleatum,GCF_028621975.1,pseudomonas_las,27,27,0
fusobacterium_nucleatum,GCF_028621975.1,pseudomonas_rhl,3,3,0
fusobacterium_nucleatum,GCF_028621975.1,pseudomonas_pqs,7,8,0
fusobacterium_nucleatum,GCF_028621975.1,pseudomonas_pili,31,25,7
fusobacterium_nucleatum,GCF_028621975.1,pseudomonas_cup,0,0,0
fusobacterium_nucleatum,GCF_028621975.1,pg_fimbriae,2,2,0
fusobacterium_nucleatum,GCF_028621975.1,pg_gingipain,41,41,0
fusobacterium_nucleatum,GCF_028621975.1,pg_hagA,2,2,0
fusobacterium_nucleatum,GCF_028621975.1,fn_adhesin,27,5,23
fusobacterium_nucleatum,GCF_028621975.1,tf_bspA,2,0,2
fusobacterium_nucleatum,GCF_028621975.1,td_virulence,23,23,0
fusobacterium_nucleatum,GCF_028621995.1,biofilm_ica,21,4,18
fusobacterium_nucleatum,GCF_028621995.1,biofilm_accumulation,54,56,0
fusobacterium_nucleatum,GCF_028621995.1,biofilm_bap,0,0,0
fusobacterium_nucleatum,GCF_028621995.1,adhesion_autolysin,15,15,0
fusobacterium_nucleatum,GCF_028621995.1,adhesion_fibronectin,3,0,3
fusobacterium_nucleatum,GCF_028621995.1,adhesion_clumping,1,1,0
fusobacterium_nucleatum,GCF_028621995.1,adhesion_collagen,3,3,0
fusobacterium_nucleatum,GCF_028621995.1,adhesion_sdr,8,8,0
fusobacterium_nucleatum,GCF_028621995.1,biofilm_sasG,5,5,0
fusobacterium_nucleatum,GCF_028621995.1,quorum_agr,10,10,0
fusobacterium_nucleatum,GCF_028621995.1,regulation_sarA,2,4,0
fusobacterium_nucleatum,GCF_028621995.1,stress_sigB,0,0,0
fusobacterium_nucleatum,GCF_028621995.1,streptococcus_gtf,5,4,1
fusobacterium_nucleatum,GCF_028621995.1,streptococcus_gbp,0,0,0
fusobacterium_nucleatum,GCF_028621995.1,streptococcus_spaP,20,12,8
fusobacterium_nucleatum,GCF_028621995.1,biofilm_brpA,0,0,0
fusobacterium_nucleatum,GCF_028621995.1,competence_com,4,0,4
fusobacterium_nucleatum,GCF_028621995.1,quorum_luxS,0,0,0
fusobacterium_nucleatum,GCF_028621995.1,regulation_vicRK,1,1,0
fusobacterium_nucleatum,GCF_028621995.1,sortase,4,4,0
fusobacterium_nucleatum,GCF_028621995.1,adhesion_enolase,145,0,145
fusobacterium_nucleatum,GCF_028621995.1,adhesion_fbp,2,0,2
fusobacterium_nucleatum,GCF_028621995.1,enterococcus_esp,82,53,29
fusobacterium_nucleatum,GCF_028621995.1,enterococcus_asa,0,0,0
fusobacterium_nucleatum,GCF_028621995.1,enterococcus_ace,201,16,185
fusobacterium_nucleatum,GCF_028621995.1,enterococcus_efaA,3,3,0
fusobacterium_nucleatum,GCF_028621995.1,enterococcus_gelE,24,25,0
fusobacterium_nucleatum,GCF_028621995.1,enterococcus_fsr,6,6,0
fusobacterium_nucleatum,GCF_028621995.1,enterococcus_ebp,0,0,0
fusobacterium_nucleatum,GCF_028621995.1,pseudomonas_alg,25,24,2
fusobacterium_nucleatum,GCF_028621995.1,pseudomonas_pel,40,32,10
fusobacterium_nucleatum,GCF_028621995.1,pseudomonas_psl,24,24,0
fusobacterium_nucleatum,GCF_028621995.1,pseudomonas_las,34,34,0
fusobacterium_nucleatum,GCF_028621995.1,pseudomonas_rhl,2,2,0
fusobacterium_nucleatum,GCF_028621995.1,pseudomonas_pqs,9,9,0
fusobacterium_nucleatum,GCF_028621995.1,pseudomonas_pili,36,30,7
fusobacterium_nucleatum,GCF_028621995.1,pseudomonas_cup,0,0,0
fusobacterium_nucleatum,GCF_028621995.1,pg_fimbriae,3,3,0
fusobacterium_nucleatum,GCF_028621995.1,pg_gingipain,36,36,0
fusobacterium_nucleatum,GCF_028621995.1,pg_hagA,1,1,0
fusobacterium_nucleatum,GCF_028621995.1,fn_adhesin,28,6,23
fusobacterium_nucleatum,GCF_028621995.1,tf_bspA,2,0,2
fusobacterium_nucleatum,GCF_028621995.1,td_virulence,20,20,0
fusobacterium_nucleatum,GCF_031191795.1,biofilm_ica,20,5,16
fusobacterium_nucleatum,GCF_031191795.1,biofilm_accumulation,55,56,0
fusobacterium_nucleatum,GCF_031191795.1,biofilm_bap,0,0,0
fusobacterium_nucleatum,GCF_031191795.1,adhesion_autolysin,14,14,0
fusobacterium_nucleatum,GCF_031191795.1,adhesion_fibronectin,3,0,3
fusobacterium_nucleatum,GCF_031191795.1,adhesion_clumping,1,1,0
fusobacterium_nucleatum,GCF_031191795.1,adhesion_collagen,5,5,0
fusobacterium_nucleatum,GCF_031191795.1,adhesion_sdr,10,10,0
fusobacterium_nucleatum,GCF_031191795.1,biofilm_sasG,9,10,0
fusobacterium_nucleatum,GCF_031191795.1,quorum_agr,11,12,0
fusobacterium_nucleatum,GCF_031191795.1,regulation_sarA,4,4,0
fusobacterium_nucleatum,GCF_031191795.1,stress_sigB,0,0,0
fusobacterium_nucleatum,GCF_031191795.1,streptococcus_gtf,5,4,1
fusobacterium_nucleatum,GCF_031191795.1,streptococcus_gbp,0,0,0
fusobacterium_nucleatum,GCF_031191795.1,streptococcus_spaP,21,14,7
fusobacterium_nucleatum,GCF_031191795.1,biofilm_brpA,0,0,0
fusobacterium_nucleatum,GCF_031191795.1,competence_com,4,0,4
fusobacterium_nucleatum,GCF_031191795.1,quorum_luxS,0,0,0
fusobacterium_nucleatum,GCF_031191795.1,regulation_vicRK,2,2,0
fusobacterium_nucleatum,GCF_031191795.1,sortase,3,3,0
fusobacterium_nucleatum,GCF_031191795.1,adhesion_enolase,152,0,152
fusobacterium_nucleatum,GCF_031191795.1,adhesion_fbp,2,0,2
fusobacterium_nucleatum,GCF_031191795.1,enterococcus_esp,90,53,37
fusobacterium_nucleatum,GCF_031191795.1,enterococcus_asa,0,0,0
fusobacterium_nucleatum,GCF_031191795.1,enterococcus_ace,237,23,215
fusobacterium_nucleatum,GCF_031191795.1,enterococcus_efaA,4,4,0
fusobacterium_nucleatum,GCF_031191795.1,enterococcus_gelE,16,16,0
fusobacterium_nucleatum,GCF_031191795.1,enterococcus_fsr,9,9,0
fusobacterium_nucleatum,GCF_031191795.1,enterococcus_ebp,0,0,0
fusobacterium_nucleatum,GCF_031191795.1,pseudomonas_alg,25,23,2
fusobacterium_nucleatum,GCF_031191795.1,pseudomonas_pel,42,35,10
fusobacterium_nucleatum,GCF_031191795.1,pseudomonas_psl,27,27,0
fusobacterium_nucleatum,GCF_031191795.1,pseudomonas_las,30,31,0
fusobacterium_nucleatum,GCF_031191795.1,pseudomonas_rhl,4,4,0
fusobacterium_nucleatum,GCF_031191795.1,pseudomonas_pqs,6,6,0
fusobacterium_nucleatum,GCF_031191795.1,pseudomonas_pili,33,27,7
fusobacterium_nucleatum,GCF_031191795.1,pseudomonas_cup,0,0,0
fusobacterium_nucleatum,GCF_031191795.1,pg_fimbriae,2,2,0
fusobacterium_nucleatum,GCF_031191795.1,pg_gingipain,38,39,0
fusobacterium_nucleatum,GCF_031191795.1,pg_hagA,2,2,0
fusobacterium_nucleatum,GCF_031191795.1,fn_adhesin,25,3,23
fusobacterium_nucleatum,GCF_031191795.1,tf_bspA,0,0,0
fusobacterium_nucleatum,GCF_031191795.1,td_virulence,20,20,0
fusobacterium_nucleatum,GCF_037889055.1,biofilm_ica,22,5,18
fusobacterium_nucleatum,GCF_037889055.1,biofilm_accumulation,60,61,0
fusobacterium_nucleatum,GCF_037889055.1,biofilm_bap,0,0,0
fusobacterium_nucleatum,GCF_037889055.1,adhesion_autolysin,16,16,0
fusobacterium_nucleatum,GCF_037889055.1,adhesion_fibronectin,3,0,3
fusobacterium_nucleatum,GCF_037889055.1,adhesion_clumping,1,1,0
fusobacterium_nucleatum,GCF_037889055.1,adhesion_collagen,4,4,0
fusobacterium_nucleatum,GCF_037889055.1,adhesion_sdr,12,12,0
fusobacterium_nucleatum,GCF_037889055.1,biofilm_sasG,8,9,0
fusobacterium_nucleatum,GCF_037889055.1,quorum_agr,11,11,0
fusobacterium_nucleatum,GCF_037889055.1,regulation_sarA,4,4,0
fusobacterium_nucleatum,GCF_037889055.1,stress_sigB,0,0,0
fusobacterium_nucleatum,GCF_037889055.1,streptococcus_gtf,5,4,1
fusobacterium_nucleatum,GCF_037889055.1,streptococcus_gbp,0,0,0
fusobacterium_nucleatum,GCF_037889055.1,streptococcus_spaP,20,14,6
fusobacterium_nucleatum,GCF_037889055.1,biofilm_brpA,0,0,0
fusobacterium_nucleatum,GCF_037889055.1,competence_com,4,0,4
fusobacterium_nucleatum,GCF_037889055.1,quorum_luxS,0,0,0
fusobacterium_nucleatum,GCF_037889055.1,regulation_vicRK,3,3,0
fusobacterium_nucleatum,GCF_037889055.1,sortase,3,3,0
fusobacterium_nucleatum,GCF_037889055.1,adhesion_enolase,154,0,154
fusobacterium_nucleatum,GCF_037889055.1,adhesion_fbp,2,0,2
fusobacterium_nucleatum,GCF_037889055.1,enterococcus_esp,94,60,34
fusobacterium_nucleatum,GCF_037889055.1,enterococcus_asa,0,0,0
fusobacterium_nucleatum,GCF_037889055.1,enterococcus_ace,225,22,204
fusobacterium_nucleatum,GCF_037889055.1,enterococcus_efaA,5,5,0
fusobacterium_nucleatum,GCF_037889055.1,enterococcus_gelE,18,18,0
fusobacterium_nucleatum,GCF_037889055.1,enterococcus_fsr,9,9,0
fusobacterium_nucleatum,GCF_037889055.1,enterococcus_ebp,0,0,0
fusobacterium_nucleatum,GCF_037889055.1,pseudomonas_alg,25,24,2
fusobacterium_nucleatum,GCF_037889055.1,pseudomonas_pel,41,34,10
fusobacterium_nucleatum,GCF_037889055.1,pseudomonas_psl,28,28,0
fusobacterium_nucleatum,GCF_037889055.1,pseudomonas_las,26,27,0
fusobacterium_nucleatum,GCF_037889055.1,pseudomonas_rhl,4,4,0
fusobacterium_nucleatum,GCF_037889055.1,pseudomonas_pqs,6,6,0
fusobacterium_nucleatum,GCF_037889055.1,pseudomonas_pili,35,29,7
fusobacterium_nucleatum,GCF_037889055.1,pseudomonas_cup,0,0,0
fusobacterium_nucleatum,GCF_037889055.1,pg_fimbriae,2,2,0
fusobacterium_nucleatum,GCF_037889055.1,pg_gingipain,38,38,0
fusobacterium_nucleatum,GCF_037889055.1,pg_hagA,2,2,0
fusobacterium_nucleatum,GCF_037889055.1,fn_adhesin,26,4,23
fusobacterium_nucleatum,GCF_037889055.1,tf_bspA,0,0,0
fusobacterium_nucleatum,GCF_037889055.1,td_virulence,25,25,0
fusobacterium_nucleatum,GCF_037889065.1,biofilm_ica,21,4,18
fusobacterium_nucleatum,GCF_037889065.1,biofilm_accumulation,55,57,0
fusobacterium_nucleatum,GCF_037889065.1,biofilm_bap,0,0,0
fusobacterium_nucleatum,GCF_037889065.1,adhesion_autolysin,17,17,0
fusobacterium_nucleatum,GCF_037889065.1,adhesion_fibronectin,0,0,0
fusobacterium_nucleatum,GCF_037889065.1,adhesion_clumping,1,1,0
fusobacterium_nucleatum,GCF_037889065.1,adhesion_collagen,4,4,0
fusobacterium_nucleatum,GCF_037889065.1,adhesion_sdr,10,10,0
fusobacterium_nucleatum,GCF_037889065.1,biofilm_sasG,7,7,0
fusobacterium_nucleatum,GCF_037889065.1,quorum_agr,11,11,0
fusobacterium_nucleatum,GCF_037889065.1,regulation_sarA,2,4,0
fusobacterium_nucleatum,GCF_037889065.1,stress_sigB,0,0,0
fusobacterium_nucleatum,GCF_037889065.1,streptococcus_gtf,6,5,1
fusobacterium_nucleatum,GCF_037889065.1,streptococcus_gbp,0,0,0
fusobacterium_nucleatum,GCF_037889065.1,streptococcus_spaP,17,12,5
fusobacterium_nucleatum,GCF_037889065.1,biofilm_brpA,0,0,0
fusobacterium_nucleatum,GCF_037889065.1,competence_com,4,0,4
fusobacterium_nucleatum,GCF_037889065.1,quorum_luxS,0,0,0
fusobacterium_nucleatum,GCF_037889065.1,regulation_vicRK,1,1,0
fusobacterium_nucleatum,GCF_037889065.1,sortase,3,3,0
fusobacterium_nucleatum,GCF_037889065.1,adhesion_enolase,141,0,141
fusobacterium_nucleatum,GCF_037889065.1,adhesion_fbp,0,0,0
fusobacterium_nucleatum,GCF_037889065.1,enterococcus_esp,77,48,29
fusobacterium_nucleatum,GCF_037889065.1,enterococcus_asa,0,0,0
fusobacterium_nucleatum,GCF_037889065.1,enterococcus_ace,192,16,176
fusobacterium_nucleatum,GCF_037889065.1,enterococcus_efaA,4,4,0
fusobacterium_nucleatum,GCF_037889065.1,enterococcus_gelE,25,26,0
fusobacterium_nucleatum,GCF_037889065.1,enterococcus_fsr,6,6,0
fusobacterium_nucleatum,GCF_037889065.1,enterococcus_ebp,0,0,0
fusobacterium_nucleatum,GCF_037889065.1,pseudomonas_alg,28,26,2
fusobacterium_nucleatum,GCF_037889065.1,pseudomonas_pel,42,35,10
fusobacterium_nucleatum,GCF_037889065.1,pseudomonas_psl,25,25,0
fusobacterium_nucleatum,GCF_037889065.1,pseudomonas_las,34,34,0
fusobacterium_nucleatum,GCF_037889065.1,pseudomonas_rhl,2,2,0
fusobacterium_nucleatum,GCF_037889065.1,pseudomonas_pqs,8,8,0
fusobacterium_nucleatum,GCF_037889065.1,pseudomonas_pili,34,28,7
fusobacterium_nucleatum,GCF_037889065.1,pseudomonas_cup,0,0,0
fusobacterium_nucleatum,GCF_037889065.1,pg_fimbriae,2,2,0
fusobacterium_nucleatum,GCF_037889065.1,pg_gingipain,36,36,0
fusobacterium_nucleatum,GCF_037889065.1,pg_hagA,1,1,0
fusobacterium_nucleatum,GCF_037889065.1,fn_adhesin,29,7,23
fusobacterium_nucleatum,GCF_037889065.1,tf_bspA,0,0,0
fusobacterium_nucleatum,GCF_037889065.1,td_virulence,22,22,0
porphyromonas_gingivalis,GCF_001263815.1,biofilm_ica,16,11,5
porphyromonas_gingivalis,GCF_001263815.1,biofilm_accumulation,122,124,0
porphyromonas_gingivalis,GCF_001263815.1,biofilm_bap,0,0,0
porphyromonas_gingivalis,GCF_001263815.1,adhesion_autolysin,17,17,0
porphyromonas_gingivalis,GCF_001263815.1,adhesion_fibronectin,4,0,4
porphyromonas_gingivalis,GCF_001263815.1,adhesion_clumping,2,2,0
porphyromonas_gingivalis,GCF_001263815.1,adhesion_collagen,25,24,2
porphyromonas_gingivalis,GCF_001263815.1,adhesion_sdr,20,20,0
porphyromonas_gingivalis,GCF_001263815.1,biofilm_sasG,16,18,0
porphyromonas_gingivalis,GCF_001263815.1,quorum_agr,21,23,0
porphyromonas_gingivalis,GCF_001263815.1,regulation_sarA,10,10,0
porphyromonas_gingivalis,GCF_001263815.1,stress_sigB,0,0,0
porphyromonas_gingivalis,GCF_001263815.1,streptococcus_gtf,13,12,1
porphyromonas_gingivalis,GCF_001263815.1,streptococcus_gbp,0,0,0
porphyromonas_gingivalis,GCF_001263815.1,streptococcus_spaP,29,26,3
porphyromonas_gingivalis,GCF_001263815.1,biofilm_brpA,0,0,0
porphyromonas_gingivalis,GCF_001263815.1,competence_com,4,0,4
porphyromonas_gingivalis,GCF_001263815.1,quorum_luxS,0,0,0
porphyromonas_gingivalis,GCF_001263815.1,regulation_vicRK,2,2,0
porphyromonas_gingivalis,GCF_001263815.1,sortase,15,14,2
porphyromonas_gingivalis,GCF_001263815.1,adhesion_enolase,128,0,128
porphyromonas_gingivalis,GCF_001263815.1,adhesion_fbp,0,0,0
porphyromonas_gingivalis,GCF_001263815.1,enterococcus_esp,103,71,35
porphyromonas_gingivalis,GCF_001263815.1,enterococcus_asa,0,0,0
porphyromonas_gingivalis,GCF_001263815.1,enterococcus_ace,187,40,148
porphyromonas_gingivalis,GCF_001263815.1,enterococcus_efaA,3,3,0
porphyromonas_gingivalis,GCF_001263815.1,enterococcus_gelE,14,14,0
porphyromonas_gingivalis,GCF_001263815.1,enterococcus_fsr,10,10,0
porphyromonas_gingivalis,GCF_001263815.1,enterococcus_ebp,0,0,0
porphyromonas_gingivalis,GCF_001263815.1,pseudomonas_alg,27,28,0
porphyromonas_gingivalis,GCF_001263815.1,pseudomonas_pel,68,71,0
porphyromonas_gingivalis,GCF_001263815.1,pseudomonas_psl,25,29,0
porphyromonas_gingivalis,GCF_001263815.1,pseudomonas_las,27,29,0
porphyromonas_gingivalis,GCF_001263815.1,pseudomonas_rhl,9,9,0
porphyromonas_gingivalis,GCF_001263815.1,pseudomonas_pqs,42,44,0
porphyromonas_gingivalis,GCF_001263815.1,pseudomonas_pili,27,27,0
porphyromonas_gingivalis,GCF_001263815.1,pseudomonas_cup,0,0,0
porphyromonas_gingivalis,GCF_001263815.1,pg_fimbriae,5,0,5
porphyromonas_gingivalis,GCF_001263815.1,pg_gingipain,59,44,15
porphyromonas_gingivalis,GCF_001263815.1,pg_hagA,7,4,3
porphyromonas_gingivalis,GCF_001263815.1,fn_adhesin,17,18,0
porphyromonas_gingivalis,GCF_001263815.1,tf_bspA,0,0,0
porphyromonas_gingivalis,GCF_001263815.1,td_virulence,51,51,1
porphyromonas_gingivalis,GCF_002753935.1,biofilm_ica,17,12,5
porphyromonas_gingivalis,GCF_002753935.1,biofilm_accumulation,108,110,0
porphyromonas_gingivalis,GCF_002753935.1,biofilm_bap,0,0,0
porphyromonas_gingivalis,GCF_002753935.1,adhesion_autolysin,9,9,0
porphyromonas_gingivalis,GCF_002753935.1,adhesion_fibronectin,4,0,4
porphyromonas_gingivalis,GCF_002753935.1,adhesion_clumping,3,3,0
porphyromonas_gingivalis,GCF_002753935.1,adhesion_collagen,22,21,2
porphyromonas_gingivalis,GCF_002753935.1,adhesion_sdr,17,18,0
porphyromonas_gingivalis,GCF_002753935.1,biofilm_sasG,16,18,0
porphyromonas_gingivalis,GCF_002753935.1,quorum_agr,24,26,0
porphyromonas_gingivalis,GCF_002753935.1,regulation_sarA,7,7,0
porphyromonas_gingivalis,GCF_002753935.1,stress_sigB,0,0,0
porphyromonas_gingivalis,GCF_002753935.1,streptococcus_gtf,14,13,1
porphyromonas_gingivalis,GCF_002753935.1,streptococcus_gbp,0,0,0
porphyromonas_gingivalis,GCF_002753935.1,streptococcus_spaP,27,24,3
porphyromonas_gingivalis,GCF_002753935.1,biofilm_brpA,0,0,0
porphyromonas_gingivalis,GCF_002753935.1,competence_com,4,0,4
porphyromonas_gingivalis,GCF_002753935.1,quorum_luxS,0,0,0
porphyromonas_gingivalis,GCF_002753935.1,regulation_vicRK,3,3,0
porphyromonas_gingivalis,GCF_002753935.1,sortase,13,12,2
porphyromonas_gingivalis,GCF_002753935.1,adhesion_enolase,127,0,127
porphyromonas_gingivalis,GCF_002753935.1,adhesion_fbp,0,0,0
porphyromonas_gingivalis,GCF_002753935.1,enterococcus_esp,101,71,34
porphyromonas_gingivalis,GCF_002753935.1,enterococcus_asa,0,0,0
porphyromonas_gingivalis,GCF_002753935.1,enterococcus_ace,181,40,142
porphyromonas_gingivalis,GCF_002753935.1,enterococcus_efaA,3,3,0
porphyromonas_gingivalis,GCF_002753935.1,enterococcus_gelE,12,12,0
porphyromonas_gingivalis,GCF_002753935.1,enterococcus_fsr,8,8,0
porphyromonas_gingivalis,GCF_002753935.1,enterococcus_ebp,0,0,0
porphyromonas_gingivalis,GCF_002753935.1,pseudomonas_alg,26,28,0
porphyromonas_gingivalis,GCF_002753935.1,pseudomonas_pel,63,66,0
porphyromonas_gingivalis,GCF_002753935.1,pseudomonas_psl,26,30,0
porphyromonas_gingivalis,GCF_002753935.1,pseudomonas_las,35,36,0
porphyromonas_gingivalis,GCF_002753935.1,pseudomonas_rhl,12,12,0
porphyromonas_gingivalis,GCF_002753935.1,pseudomonas_pqs,39,41,0
porphyromonas_gingivalis,GCF_002753935.1,pseudomonas_pili,22,22,0
porphyromonas_gingivalis,GCF_002753935.1,pseudomonas_cup,0,0,0
porphyromonas_gingivalis,GCF_002753935.1,pg_fimbriae,4,0,4
porphyromonas_gingivalis,GCF_002753935.1,pg_gingipain,54,40,15
porphyromonas_gingivalis,GCF_002753935.1,pg_hagA,4,4,0
porphyromonas_gingivalis,GCF_002753935.1,fn_adhesin,35,35,0
porphyromonas_gingivalis,GCF_002753935.1,tf_bspA,0,0,0
porphyromonas_gingivalis,GCF_002753935.1,td_virulence,44,44,1
porphyromonas_gingivalis,GCF_002753955.1,biofilm_ica,17,12,5
porphyromonas_gingivalis,GCF_002753955.1,biofilm_accumulation,129,130,0
porphyromonas_gingivalis,GCF_002753955.1,biofilm_bap,0,0,0
porphyromonas_gingivalis,GCF_002753955.1,adhesion_autolysin,10,10,0
porphyromonas_gingivalis,GCF_002753955.1,adhesion_fibronectin,4,0,4
porphyromonas_gingivalis,GCF_002753955.1,adhesion_clumping,2,2,0
porphyromonas_gingivalis,GCF_002753955.1,adhesion_collagen,24,23,2
porphyromonas_gingivalis,GCF_002753955.1,adhesion_sdr,19,19,0
porphyromonas_gingivalis,GCF_002753955.1,biofilm_sasG,17,19,0
porphyromonas_gingivalis,GCF_002753955.1,quorum_agr,24,26,0
porphyromonas_gingivalis,GCF_002753955.1,regulation_sarA,8,8,0
porphyromonas_gingivalis,GCF_002753955.1,stress_sigB,0,0,0
porphyromonas_gingivalis,GCF_002753955.1,streptococcus_gtf,13,12,1
porphyromonas_gingivalis,GCF_002753955.1,streptococcus_gbp,0,0,0
porphyromonas_gingivalis,GCF_002753955.1,streptococcus_spaP,27,24,3
porphyromonas_gingivalis,GCF_002753955.1,biofilm_brpA,0,0,0
porphyromonas_gingivalis,GCF_002753955.1,competence_com,4,0,4
porphyromonas_gingivalis,GCF_002753955.1,quorum_luxS,0,0,0
porphyromonas_gingivalis,GCF_002753955.1,regulation_vicRK,2,2,0
porphyromonas_gingivalis,GCF_002753955.1,sortase,17,16,2
porphyromonas_gingivalis,GCF_002753955.1,adhesion_enolase,127,0,127
porphyromonas_gingivalis,GCF_002753955.1,adhesion_fbp,0,0,0
porphyromonas_gingivalis,GCF_002753955.1,enterococcus_esp,108,76,36
porphyromonas_gingivalis,GCF_002753955.1,enterococcus_asa,0,0,0
porphyromonas_gingivalis,GCF_002753955.1,enterococcus_ace,197,40,158
porphyromonas_gingivalis,GCF_002753955.1,enterococcus_efaA,3,3,0
porphyromonas_gingivalis,GCF_002753955.1,enterococcus_gelE,14,14,0
porphyromonas_gingivalis,GCF_002753955.1,enterococcus_fsr,8,8,0
porphyromonas_gingivalis,GCF_002753955.1,enterococcus_ebp,0,0,0
porphyromonas_gingivalis,GCF_002753955.1,pseudomonas_alg,30,33,0
porphyromonas_gingivalis,GCF_002753955.1,pseudomonas_pel,66,69,0
porphyromonas_gingivalis,GCF_002753955.1,pseudomonas_psl,26,30,0
porphyromonas_gingivalis,GCF_002753955.1,pseudomonas_las,29,29,0
porphyromonas_gingivalis,GCF_002753955.1,pseudomonas_rhl,12,12,0
porphyromonas_gingivalis,GCF_002753955.1,pseudomonas_pqs,33,35,0
porphyromonas_gingivalis,GCF_002753955.1,pseudomonas_pili,23,23,0
porphyromonas_gingivalis,GCF_002753955.1,pseudomonas_cup,0,0,0
porphyromonas_gingivalis,GCF_002753955.1,pg_fimbriae,5,0,5
porphyromonas_gingivalis,GCF_002753955.1,pg_gingipain,55,41,15
porphyromonas_gingivalis,GCF_002753955.1,pg_hagA,7,4,3
porphyromonas_gingivalis,GCF_002753955.1,fn_adhesin,21,22,0
porphyromonas_gingivalis,GCF_002753955.1,tf_bspA,0,0,0
porphyromonas_gingivalis,GCF_002753955.1,td_virulence,54,54,1
porphyromonas_gingivalis,GCF_002753975.1,biofilm_ica,15,10,5
porphyromonas_gingivalis,GCF_002753975.1,biofilm_accumulation,127,129,0
porphyromonas_gingivalis,GCF_002753975.1,biofilm_bap,0,0,0
porphyromonas_gingivalis,GCF_002753975.1,adhesion_autolysin,8,8,0
porphyromonas_gingivalis,GCF_002753975.1,adhesion_fibronectin,2,0,2
porphyromonas_gingivalis,GCF_002753975.1,adhesion_clumping,2,2,0
porphyromonas_gingivalis,GCF_002753975.1,adhesion_collagen,22,21,2
porphyromonas_gingivalis,GCF_002753975.1,adhesion_sdr,19,20,0
porphyromonas_gingivalis,GCF_002753975.1,biofilm_sasG,18,21,0
porphyromonas_gingivalis,GCF_002753975.1,quorum_agr,23,27,0
porphyromonas_gingivalis,GCF_002753975.1,regulation_sarA,7,7,0
porphyromonas_gingivalis,GCF_002753975.1,stress_sigB,0,0,0
porphyromonas_gingivalis,GCF_002753975.1,streptococcus_gtf,13,12,1
porphyromonas_gingivalis,GCF_002753975.1,streptococcus_gbp,0,0,0
porphyromonas_gingivalis,GCF_002753975.1,streptococcus_spaP,28,25,3
porphyromonas_gingivalis,GCF_002753975.1,biofilm_brpA,0,0,0
porphyromonas_gingivalis,GCF_002753975.1,competence_com,4,0,4
porphyromonas_gingivalis,GCF_002753975.1,quorum_luxS,0,0,0
porphyromonas_gingivalis,GCF_002753975.1,regulation_vicRK,2,2,0
porphyromonas_gingivalis,GCF_002753975.1,sortase,21,20,2
porphyromonas_gingivalis,GCF_002753975.1,adhesion_enolase,128,0,128
porphyromonas_gingivalis,GCF_002753975.1,adhesion_fbp,0,0,0
porphyromonas_gingivalis,GCF_002753975.1,enterococcus_esp,112,85,32
porphyromonas_gingivalis,GCF_002753975.1,enterococcus_asa,0,0,0
porphyromonas_gingivalis,GCF_002753975.1,enterococcus_ace,187,41,147
porphyromonas_gingivalis,GCF_002753975.1,enterococcus_efaA,3,3,0
porphyromonas_gingivalis,GCF_002753975.1,enterococcus_gelE,11,11,0
porphyromonas_gingivalis,GCF_002753975.1,enterococcus_fsr,9,9,0
porphyromonas_gingivalis,GCF_002753975.1,enterococcus_ebp,0,0,0
porphyromonas_gingivalis,GCF_002753975.1,pseudomonas_alg,24,26,0
porphyromonas_gingivalis,GCF_002753975.1,pseudomonas_pel,67,70,0
porphyromonas_gingivalis,GCF_002753975.1,pseudomonas_psl,27,31,0
porphyromonas_gingivalis,GCF_002753975.1,pseudomonas_las,32,32,0
porphyromonas_gingivalis,GCF_002753975.1,pseudomonas_rhl,11,11,0
porphyromonas_gingivalis,GCF_002753975.1,pseudomonas_pqs,39,41,0
porphyromonas_gingivalis,GCF_002753975.1,pseudomonas_pili,27,27,0
porphyromonas_gingivalis,GCF_002753975.1,pseudomonas_cup,0,0,0
porphyromonas_gingivalis,GCF_002753975.1,pg_fimbriae,4,0,4
porphyromonas_gingivalis,GCF_002753975.1,pg_gingipain,57,43,15
porphyromonas_gingivalis,GCF_002753975.1,pg_hagA,7,4,3
porphyromonas_gingivalis,GCF_002753975.1,fn_adhesin,26,27,0
porphyromonas_gingivalis,GCF_002753975.1,tf_bspA,0,0,0
porphyromonas_gingivalis,GCF_002753975.1,td_virulence,50,50,1
porphyromonas_gingivalis,GCF_002754015.1,biofilm_ica,17,13,5
porphyromonas_gingivalis,GCF_002754015.1,biofilm_accumulation,117,119,0
porphyromonas_gingivalis,GCF_002754015.1,biofilm_bap,0,0,0
porphyromonas_gingivalis,GCF_002754015.1,adhesion_autolysin,12,12,0
porphyromonas_gingivalis,GCF_002754015.1,adhesion_fibronectin,4,0,4
porphyromonas_gingivalis,GCF_002754015.1,adhesion_clumping,3,3,0
porphyromonas_gingivalis,GCF_002754015.1,adhesion_collagen,23,22,2
porphyromonas_gingivalis,GCF_002754015.1,adhesion_sdr,21,21,0
porphyromonas_gingivalis,GCF_002754015.1,biofilm_sasG,17,19,0
porphyromonas_gingivalis,GCF_002754015.1,quorum_agr,25,27,0
porphyromonas_gingivalis,GCF_002754015.1,regulation_sarA,9,9,0
porphyromonas_gingivalis,GCF_002754015.1,stress_sigB,0,0,0
porphyromonas_gingivalis,GCF_002754015.1,streptococcus_gtf,13,12,1
porphyromonas_gingivalis,GCF_002754015.1,streptococcus_gbp,0,0,0
porphyromonas_gingivalis,GCF_002754015.1,streptococcus_spaP,30,27,3
porphyromonas_gingivalis,GCF_002754015.1,biofilm_brpA,0,0,0
porphyromonas_gingivalis,GCF_002754015.1,competence_com,4,0,4
porphyromonas_gingivalis,GCF_002754015.1,quorum_luxS,0,0,0
porphyromonas_gingivalis,GCF_002754015.1,regulation_vicRK,1,1,0
porphyromonas_gingivalis,GCF_002754015.1,sortase,17,16,2
porphyromonas_gingivalis,GCF_002754015.1,adhesion_enolase,123,0,123
porphyromonas_gingivalis,GCF_002754015.1,adhesion_fbp,0,0,0
porphyromonas_gingivalis,GCF_002754015.1,enterococcus_esp,102,74,32
porphyromonas_gingivalis,GCF_002754015.1,enterococcus_asa,0,0,0
porphyromonas_gingivalis,GCF_002754015.1,enterococcus_ace,184,39,146
porphyromonas_gingivalis,GCF_002754015.1,enterococcus_efaA,3,3,0
porphyromonas_gingivalis,GCF_002754015.1,enterococcus_gelE,13,13,0
porphyromonas_gingivalis,GCF_002754015.1,enterococcus_fsr,9,9,0
porphyromonas_gingivalis,GCF_002754015.1,enterococcus_ebp,0,0,0
porphyromonas_gingivalis,GCF_002754015.1,pseudomonas_alg,28,29,0
porphyromonas_gingivalis,GCF_002754015.1,pseudomonas_pel,62,65,0
porphyromonas_gingivalis,GCF_002754015.1,pseudomonas_psl,24,28,0
porphyromonas_gingivalis,GCF_002754015.1,pseudomonas_las,26,28,0
porphyromonas_gingivalis,GCF_002754015.1,pseudomonas_rhl,11,11,0
porphyromonas_gingivalis,GCF_002754015.1,pseudomonas_pqs,38,40,0
porphyromonas_gingivalis,GCF_002754015.1,pseudomonas_pili,26,26,0
porphyromonas_gingivalis,GCF_002754015.1,pseudomonas_cup,0,0,0
porphyromonas_gingivalis,GCF_002754015.1,pg_fimbriae,5,0,5
porphyromonas_gingivalis,GCF_002754015.1,pg_gingipain,57,42,15
porphyromonas_gingivalis,GCF_002754015.1,pg_hagA,6,3,3
porphyromonas_gingivalis,GCF_002754015.1,fn_adhesin,31,32,0
porphyromonas_gingivalis,GCF_002754015.1,tf_bspA,0,0,0
porphyromonas_gingivalis,GCF_002754015.1,td_virulence,46,46,1
prevotella_intermedia,GCF_001548195.1,biofilm_ica,16,8,8
prevotella_intermedia,GCF_001548195.1,biofilm_accumulation,120,123,0
prevotella_intermedia,GCF_001548195.1,biofilm_bap,0,0,0
prevotella_intermedia,GCF_001548195.1,adhesion_autolysin,30,31,0
prevotella_intermedia,GCF_001548195.1,adhesion_fibronectin,0,0,0
prevotella_intermedia,GCF_001548195.1,adhesion_clumping,2,2,0
prevotella_intermedia,GCF_001548195.1,adhesion_collagen,42,41,2
prevotella_intermedia,GCF_001548195.1,adhesion_sdr,15,15,0
prevotella_intermedia,GCF_001548195.1,biofilm_sasG,10,11,0
prevotella_intermedia,GCF_001548195.1,quorum_agr,18,18,0
prevotella_intermedia,GCF_001548195.1,regulation_sarA,5,5,0
prevotella_intermedia,GCF_001548195.1,stress_sigB,0,0,0
prevotella_intermedia,GCF_001548195.1,streptococcus_gtf,8,8,0
prevotella_intermedia,GCF_001548195.1,streptococcus_gbp,0,0,0
prevotella_intermedia,GCF_001548195.1,streptococcus_spaP,27,25,4
prevotella_intermedia,GCF_001548195.1,biofilm_brpA,0,0,0
prevotella_intermedia,GCF_001548195.1,competence_com,4,0,4
prevotella_intermedia,GCF_001548195.1,quorum_luxS,0,0,0
prevotella_intermedia,GCF_001548195.1,regulation_vicRK,1,1,0
prevotella_intermedia,GCF_001548195.1,sortase,10,9,2
prevotella_intermedia,GCF_001548195.1,adhesion_enolase,113,0,113
prevotella_intermedia,GCF_001548195.1,adhesion_fbp,0,0,0
prevotella_intermedia,GCF_001548195.1,enterococcus_esp,98,59,41
prevotella_intermedia,GCF_001548195.1,enterococcus_asa,0,0,0
prevotella_intermedia,GCF_001548195.1,enterococcus_ace,190,43,147
prevotella_intermedia,GCF_001548195.1,enterococcus_efaA,4,4,0
prevotella_intermedia,GCF_001548195.1,enterococcus_gelE,10,10,0
prevotella_intermedia,GCF_001548195.1,enterococcus_fsr,4,4,0
prevotella_intermedia,GCF_001548195.1,enterococcus_ebp,0,0,0
prevotella_intermedia,GCF_001548195.1,pseudomonas_alg,28,22,6
prevotella_intermedia,GCF_001548195.1,pseudomonas_pel,52,54,0
prevotella_intermedia,GCF_001548195.1,pseudomonas_psl,19,19,0
prevotella_intermedia,GCF_001548195.1,pseudomonas_las,31,32,0
prevotella_intermedia,GCF_001548195.1,pseudomonas_rhl,9,10,0
prevotella_intermedia,GCF_001548195.1,pseudomonas_pqs,13,14,0
prevotella_intermedia,GCF_001548195.1,pseudomonas_pili,28,28,0
prevotella_intermedia,GCF_001548195.1,pseudomonas_cup,0,0,0
prevotella_intermedia,GCF_001548195.1,pg_fimbriae,3,3,0
prevotella_intermedia,GCF_001548195.1,pg_gingipain,40,41,0
prevotella_intermedia,GCF_001548195.1,pg_hagA,6,6,0
prevotella_intermedia,GCF_001548195.1,fn_adhesin,15,17,0
prevotella_intermedia,GCF_001548195.1,tf_bspA,4,0,4
prevotella_intermedia,GCF_001548195.1,td_virulence,39,39,0
prevotella_intermedia,GCF_001953935.1,biofilm_ica,16,8,8
prevotella_intermedia,GCF_001953935.1,biofilm_accumulation,121,124,0
prevotella_intermedia,GCF_001953935.1,biofilm_bap,0,0,0
prevotella_intermedia,GCF_001953935.1,adhesion_autolysin,30,31,0
prevotella_intermedia,GCF_001953935.1,adhesion_fibronectin,0,0,0
prevotella_intermedia,GCF_001953935.1,adhesion_clumping,2,2,0
prevotella_intermedia,GCF_001953935.1,adhesion_collagen,42,41,2
prevotella_intermedia,GCF_001953935.1,adhesion_sdr,15,15,0
prevotella_intermedia,GCF_001953935.1,biofilm_sasG,10,11,0
prevotella_intermedia,GCF_001953935.1,quorum_agr,18,18,0
prevotella_intermedia,GCF_001953935.1,regulation_sarA,5,5,0
prevotella_intermedia,GCF_001953935.1,stress_sigB,0,0,0
prevotella_intermedia,GCF_001953935.1,streptococcus_gtf,8,8,0
prevotella_intermedia,GCF_001953935.1,streptococcus_gbp,0,0,0
prevotella_intermedia,GCF_001953935.1,streptococcus_spaP,26,24,4
prevotella_intermedia,GCF_001953935.1,biofilm_brpA,0,0,0
prevotella_intermedia,GCF_001953935.1,competence_com,4,0,4
prevotella_intermedia,GCF_001953935.1,quorum_luxS,0,0,0
prevotella_intermedia,GCF_001953935.1,regulation_vicRK,1,1,0
prevotella_intermedia,GCF_001953935.1,sortase,10,9,2
prevotella_intermedia,GCF_001953935.1,adhesion_enolase,117,0,117
prevotella_intermedia,GCF_001953935.1,adhesion_fbp,0,0,0
prevotella_intermedia,GCF_001953935.1,enterococcus_esp,98,60,40
prevotella_intermedia,GCF_001953935.1,enterococcus_asa,0,0,0
prevotella_intermedia,GCF_001953935.1,enterococcus_ace,191,43,148
prevotella_intermedia,GCF_001953935.1,enterococcus_efaA,4,4,0
prevotella_intermedia,GCF_001953935.1,enterococcus_gelE,10,10,0
prevotella_intermedia,GCF_001953935.1,enterococcus_fsr,4,4,0
prevotella_intermedia,GCF_001953935.1,enterococcus_ebp,0,0,0
prevotella_intermedia,GCF_001953935.1,pseudomonas_alg,29,23,6
prevotella_intermedia,GCF_001953935.1,pseudomonas_pel,52,54,0
prevotella_intermedia,GCF_001953935.1,pseudomonas_psl,19,19,0
prevotella_intermedia,GCF_001953935.1,pseudomonas_las,31,32,0
prevotella_intermedia,GCF_001953935.1,pseudomonas_rhl,10,10,0
prevotella_intermedia,GCF_001953935.1,pseudomonas_pqs,12,13,0
prevotella_intermedia,GCF_001953935.1,pseudomonas_pili,28,28,0
prevotella_intermedia,GCF_001953935.1,pseudomonas_cup,0,0,0
prevotella_intermedia,GCF_001953935.1,pg_fimbriae,3,3,0
prevotella_intermedia,GCF_001953935.1,pg_gingipain,40,41,0
prevotella_intermedia,GCF_001953935.1,pg_hagA,5,5,0
prevotella_intermedia,GCF_001953935.1,fn_adhesin,15,17,0
prevotella_intermedia,GCF_001953935.1,tf_bspA,4,0,4
prevotella_intermedia,GCF_001953935.1,td_virulence,39,39,0
prevotella_intermedia,GCF_002355195.1,biofilm_ica,14,9,6
prevotella_intermedia,GCF_002355195.1,biofilm_accumulation,122,125,0
prevotella_intermedia,GCF_002355195.1,biofilm_bap,0,0,0
prevotella_intermedia,GCF_002355195.1,adhesion_autolysin,28,29,0
prevotella_intermedia,GCF_002355195.1,adhesion_fibronectin,0,0,0
prevotella_intermedia,GCF_002355195.1,adhesion_clumping,2,2,0
prevotella_intermedia,GCF_002355195.1,adhesion_collagen,43,42,2
prevotella_intermedia,GCF_002355195.1,adhesion_sdr,20,20,0
prevotella_intermedia,GCF_002355195.1,biofilm_sasG,16,17,0
prevotella_intermedia,GCF_002355195.1,quorum_agr,18,18,0
prevotella_intermedia,GCF_002355195.1,regulation_sarA,6,6,0
prevotella_intermedia,GCF_002355195.1,stress_sigB,0,0,0
prevotella_intermedia,GCF_002355195.1,streptococcus_gtf,20,22,0
prevotella_intermedia,GCF_002355195.1,streptococcus_gbp,0,0,0
prevotella_intermedia,GCF_002355195.1,streptococcus_spaP,28,24,6
prevotella_intermedia,GCF_002355195.1,biofilm_brpA,0,0,0
prevotella_intermedia,GCF_002355195.1,competence_com,4,0,4
prevotella_intermedia,GCF_002355195.1,quorum_luxS,0,0,0
prevotella_intermedia,GCF_002355195.1,regulation_vicRK,1,1,0
prevotella_intermedia,GCF_002355195.1,sortase,15,14,2
prevotella_intermedia,GCF_002355195.1,adhesion_enolase,117,0,117
prevotella_intermedia,GCF_002355195.1,adhesion_fbp,0,0,0
prevotella_intermedia,GCF_002355195.1,enterococcus_esp,108,74,36
prevotella_intermedia,GCF_002355195.1,enterococcus_asa,0,0,0
prevotella_intermedia,GCF_002355195.1,enterococcus_ace,225,41,184
prevotella_intermedia,GCF_002355195.1,enterococcus_efaA,5,5,0
prevotella_intermedia,GCF_002355195.1,enterococcus_gelE,17,18,0
prevotella_intermedia,GCF_002355195.1,enterococcus_fsr,5,5,0
prevotella_intermedia,GCF_002355195.1,enterococcus_ebp,0,0,0
prevotella_intermedia,GCF_002355195.1,pseudomonas_alg,26,22,4
prevotella_intermedia,GCF_002355195.1,pseudomonas_pel,51,53,0
prevotella_intermedia,GCF_002355195.1,pseudomonas_psl,22,22,0
prevotella_intermedia,GCF_002355195.1,pseudomonas_las,34,36,0
prevotella_intermedia,GCF_002355195.1,pseudomonas_rhl,11,11,0
prevotella_intermedia,GCF_002355195.1,pseudomonas_pqs,16,17,0
prevotella_intermedia,GCF_002355195.1,pseudomonas_pili,31,32,0
prevotella_intermedia,GCF_002355195.1,pseudomonas_cup,0,0,0
prevotella_intermedia,GCF_002355195.1,pg_fimbriae,3,3,0
prevotella_intermedia,GCF_002355195.1,pg_gingipain,40,41,0
prevotella_intermedia,GCF_002355195.1,pg_hagA,5,5,0
prevotella_intermedia,GCF_002355195.1,fn_adhesin,19,21,0
prevotella_intermedia,GCF_002355195.1,tf_bspA,4,0,4
prevotella_intermedia,GCF_002355195.1,td_virulence,36,37,0
prevotella_intermedia,GCF_002763535.1,biofilm_ica,14,9,6
prevotella_intermedia,GCF_002763535.1,biofilm_accumulation,116,119,0
prevotella_intermedia,GCF_002763535.1,biofilm_bap,0,0,0
prevotella_intermedia,GCF_002763535.1,adhesion_autolysin,26,26,0
prevotella_intermedia,GCF_002763535.1,adhesion_fibronectin,0,0,0
prevotella_intermedia,GCF_002763535.1,adhesion_clumping,3,3,0
prevotella_intermedia,GCF_002763535.1,adhesion_collagen,44,44,2
prevotella_intermedia,GCF_002763535.1,adhesion_sdr,14,14,0
prevotella_intermedia,GCF_002763535.1,biofilm_sasG,11,11,0
prevotella_intermedia,GCF_002763535.1,quorum_agr,19,19,0
prevotella_intermedia,GCF_002763535.1,regulation_sarA,8,8,0
prevotella_intermedia,GCF_002763535.1,stress_sigB,0,0,0
prevotella_intermedia,GCF_002763535.1,streptococcus_gtf,13,13,0
prevotella_intermedia,GCF_002763535.1,streptococcus_gbp,0,0,0
prevotella_intermedia,GCF_002763535.1,streptococcus_spaP,28,24,6
prevotella_intermedia,GCF_002763535.1,biofilm_brpA,0,0,0
prevotella_intermedia,GCF_002763535.1,competence_com,4,0,4
prevotella_intermedia,GCF_002763535.1,quorum_luxS,0,0,0
prevotella_intermedia,GCF_002763535.1,regulation_vicRK,0,0,0
prevotella_intermedia,GCF_002763535.1,sortase,14,13,2
prevotella_intermedia,GCF_002763535.1,adhesion_enolase,118,0,118
prevotella_intermedia,GCF_002763535.1,adhesion_fbp,0,0,0
prevotella_intermedia,GCF_002763535.1,enterococcus_esp,113,66,49
prevotella_intermedia,GCF_002763535.1,enterococcus_asa,0,0,0
prevotella_intermedia,GCF_002763535.1,enterococcus_ace,208,51,157
prevotella_intermedia,GCF_002763535.1,enterococcus_efaA,11,11,0
prevotella_intermedia,GCF_002763535.1,enterococcus_gelE,12,14,0
prevotella_intermedia,GCF_002763535.1,enterococcus_fsr,4,4,0
prevotella_intermedia,GCF_002763535.1,enterococcus_ebp,0,0,0
prevotella_intermedia,GCF_002763535.1,pseudomonas_alg,30,22,8
prevotella_intermedia,GCF_002763535.1,pseudomonas_pel,57,58,0
prevotella_intermedia,GCF_002763535.1,pseudomonas_psl,22,23,0
prevotella_intermedia,GCF_002763535.1,pseudomonas_las,29,31,0
prevotella_intermedia,GCF_002763535.1,pseudomonas_rhl,10,10,0
prevotella_intermedia,GCF_002763535.1,pseudomonas_pqs,13,14,0
prevotella_intermedia,GCF_002763535.1,pseudomonas_pili,29,29,0
prevotella_intermedia,GCF_002763535.1,pseudomonas_cup,0,0,0
prevotella_intermedia,GCF_002763535.1,pg_fimbriae,3,3,0
prevotella_intermedia,GCF_002763535.1,pg_gingipain,40,41,0
prevotella_intermedia,GCF_002763535.1,pg_hagA,4,4,0
prevotella_intermedia,GCF_002763535.1,fn_adhesin,18,19,0
prevotella_intermedia,GCF_002763535.1,tf_bspA,4,0,4
prevotella_intermedia,GCF_002763535.1,td_virulence,39,40,0
prevotella_intermedia,GCF_002763575.1,biofilm_ica,13,8,6
prevotella_intermedia,GCF_002763575.1,biofilm_accumulation,118,122,0
prevotella_intermedia,GCF_002763575.1,biofilm_bap,0,0,0
prevotella_intermedia,GCF_002763575.1,adhesion_autolysin,28,28,0
prevotella_intermedia,GCF_002763575.1,adhesion_fibronectin,0,0,0
prevotella_intermedia,GCF_002763575.1,adhesion_clumping,3,3,0
prevotella_intermedia,GCF_002763575.1,adhesion_collagen,37,36,2
prevotella_intermedia,GCF_002763575.1,adhesion_sdr,16,16,0
prevotella_intermedia,GCF_002763575.1,biofilm_sasG,15,16,0
prevotella_intermedia,GCF_002763575.1,quorum_agr,16,16,0
prevotella_intermedia,GCF_002763575.1,regulation_sarA,5,5,0
prevotella_intermedia,GCF_002763575.1,stress_sigB,0,0,0
prevotella_intermedia,GCF_002763575.1,streptococcus_gtf,12,13,0
prevotella_intermedia,GCF_002763575.1,streptococcus_gbp,0,0,0
prevotella_intermedia,GCF_002763575.1,streptococcus_spaP,27,23,6
prevotella_intermedia,GCF_002763575.1,biofilm_brpA,0,0,0
prevotella_intermedia,GCF_002763575.1,competence_com,4,0,4
prevotella_intermedia,GCF_002763575.1,quorum_luxS,0,0,0
prevotella_intermedia,GCF_002763575.1,regulation_vicRK,2,2,0
prevotella_intermedia,GCF_002763575.1,sortase,20,19,2
prevotella_intermedia,GCF_002763575.1,adhesion_enolase,118,0,118
prevotella_intermedia,GCF_002763575.1,adhesion_fbp,0,0,0
prevotella_intermedia,GCF_002763575.1,enterococcus_esp,107,67,42
prevotella_intermedia,GCF_002763575.1,enterococcus_asa,0,0,0
prevotella_intermedia,GCF_002763575.1,enterococcus_ace,178,41,138
prevotella_intermedia,GCF_002763575.1,enterococcus_efaA,6,6,0
prevotella_intermedia,GCF_002763575.1,enterococcus_gelE,16,20,0
prevotella_intermedia,GCF_002763575.1,enterococcus_fsr,4,4,0
prevotella_intermedia,GCF_002763575.1,enterococcus_ebp,0,0,0
prevotella_intermedia,GCF_002763575.1,pseudomonas_alg,27,21,6
prevotella_intermedia,GCF_002763575.1,pseudomonas_pel,55,58,0
prevotella_intermedia,GCF_002763575.1,pseudomonas_psl,24,24,0
prevotella_intermedia,GCF_002763575.1,pseudomonas_las,32,34,0
prevotella_intermedia,GCF_002763575.1,pseudomonas_rhl,10,10,0
prevotella_intermedia,GCF_002763575.1,pseudomonas_pqs,10,11,0
prevotella_intermedia,GCF_002763575.1,pseudomonas_pili,31,32,0
prevotella_intermedia,GCF_002763575.1,pseudomonas_cup,0,0,0
prevotella_intermedia,GCF_002763575.1,pg_fimbriae,3,3,0
prevotella_intermedia,GCF_002763575.1,pg_gingipain,37,38,0
prevotella_intermedia,GCF_002763575.1,pg_hagA,5,5,0
prevotella_intermedia,GCF_002763575.1,fn_adhesin,15,17,0
prevotella_intermedia,GCF_002763575.1,tf_bspA,4,0,4
prevotella_intermedia,GCF_002763575.1,td_virulence,37,37,0
staphylococcus_capitis,GCF_002356175.1,biofilm_ica,39,6,33
staphylococcus_capitis,GCF_002356175.1,biofilm_accumulation,65,69,0
staphylococcus_capitis,GCF_002356175.1,biofilm_bap,0,0,0
staphylococcus_capitis,GCF_002356175.1,adhesion_autolysin,16,17,0
staphylococcus_capitis,GCF_002356175.1,adhesion_fibronectin,3,0,3
staphylococcus_capitis,GCF_002356175.1,adhesion_clumping,3,3,0
staphylococcus_capitis,GCF_002356175.1,adhesion_collagen,10,6,5
staphylococcus_capitis,GCF_002356175.1,adhesion_sdr,11,11,0
staphylococcus_capitis,GCF_002356175.1,biofilm_sasG,6,6,0
staphylococcus_capitis,GCF_002356175.1,quorum_agr,29,13,17
staphylococcus_capitis,GCF_002356175.1,regulation_sarA,18,3,15
staphylococcus_capitis,GCF_002356175.1,stress_sigB,5,0,5
staphylococcus_capitis,GCF_002356175.1,streptococcus_gtf,12,7,5
staphylococcus_capitis,GCF_002356175.1,streptococcus_gbp,0,0,0
staphylococcus_capitis,GCF_002356175.1,streptococcus_spaP,7,5,2
staphylococcus_capitis,GCF_002356175.1,biofilm_brpA,0,0,0
staphylococcus_capitis,GCF_002356175.1,competence_com,4,0,4
staphylococcus_capitis,GCF_002356175.1,quorum_luxS,0,0,0
staphylococcus_capitis,GCF_002356175.1,regulation_vicRK,4,4,0
staphylococcus_capitis,GCF_002356175.1,sortase,14,3,11
staphylococcus_capitis,GCF_002356175.1,adhesion_enolase,167,0,167
staphylococcus_capitis,GCF_002356175.1,adhesion_fbp,2,0,2
staphylococcus_capitis,GCF_002356175.1,enterococcus_esp,141,65,78
staphylococcus_capitis,GCF_002356175.1,enterococcus_asa,0,0,0
staphylococcus_capitis,GCF_002356175.1,enterococcus_ace,329,18,311
staphylococcus_capitis,GCF_002356175.1,enterococcus_efaA,2,2,0
staphylococcus_capitis,GCF_002356175.1,enterococcus_gelE,11,11,0
staphylococcus_capitis,GCF_002356175.1,enterococcus_fsr,6,6,0
staphylococcus_capitis,GCF_002356175.1,enterococcus_ebp,0,0,0
staphylococcus_capitis,GCF_002356175.1,pseudomonas_alg,22,24,0
staphylococcus_capitis,GCF_002356175.1,pseudomonas_pel,44,47,0
staphylococcus_capitis,GCF_002356175.1,pseudomonas_psl,28,29,0
staphylococcus_capitis,GCF_002356175.1,pseudomonas_las,33,36,0
staphylococcus_capitis,GCF_002356175.1,pseudomonas_rhl,5,6,0
staphylococcus_capitis,GCF_002356175.1,pseudomonas_pqs,16,17,0
staphylococcus_capitis,GCF_002356175.1,pseudomonas_pili,22,14,8
staphylococcus_capitis,GCF_002356175.1,pseudomonas_cup,0,0,0
staphylococcus_capitis,GCF_002356175.1,pg_fimbriae,4,4,0
staphylococcus_capitis,GCF_002356175.1,pg_gingipain,63,64,0
staphylococcus_capitis,GCF_002356175.1,pg_hagA,3,3,0
staphylococcus_capitis,GCF_002356175.1,fn_adhesin,7,8,0
staphylococcus_capitis,GCF_002356175.1,tf_bspA,0,0,0
staphylococcus_capitis,GCF_002356175.1,td_virulence,47,44,5
staphylococcus_capitis,GCF_002591175.1,biofilm_ica,39,6,33
staphylococcus_capitis,GCF_002591175.1,biofilm_accumulation,64,68,0
staphylococcus_capitis,GCF_002591175.1,biofilm_bap,0,0,0
staphylococcus_capitis,GCF_002591175.1,adhesion_autolysin,17,18,0
staphylococcus_capitis,GCF_002591175.1,adhesion_fibronectin,3,0,3
staphylococcus_capitis,GCF_002591175.1,adhesion_clumping,3,3,0
staphylococcus_capitis,GCF_002591175.1,adhesion_collagen,10,6,5
staphylococcus_capitis,GCF_002591175.1,adhesion_sdr,13,11,2
staphylococcus_capitis,GCF_002591175.1,biofilm_sasG,5,5,0
staphylococcus_capitis,GCF_002591175.1,quorum_agr,27,11,17
staphylococcus_capitis,GCF_002591175.1,regulation_sarA,18,3,15
staphylococcus_capitis,GCF_002591175.1,stress_sigB,5,0,5
staphylococcus_capitis,GCF_002591175.1,streptococcus_gtf,21,7,15
staphylococcus_capitis,GCF_002591175.1,streptococcus_gbp,0,0,0
staphylococcus_capitis,GCF_002591175.1,streptococcus_spaP,8,6,2
staphylococcus_capitis,GCF_002591175.1,biofilm_brpA,0,0,0
staphylococcus_capitis,GCF_002591175.1,competence_com,4,0,4
staphylococcus_capitis,GCF_002591175.1,quorum_luxS,0,0,0
staphylococcus_capitis,GCF_002591175.1,regulation_vicRK,2,2,0
staphylococcus_capitis,GCF_002591175.1,sortase,14,3,11
staphylococcus_capitis,GCF_002591175.1,adhesion_enolase,170,0,170
staphylococcus_capitis,GCF_002591175.1,adhesion_fbp,2,0,2
staphylococcus_capitis,GCF_002591175.1,enterococcus_esp,137,64,75
staphylococcus_capitis,GCF_002591175.1,enterococcus_asa,0,0,0
staphylococcus_capitis,GCF_002591175.1,enterococcus_ace,318,20,298
staphylococcus_capitis,GCF_002591175.1,enterococcus_efaA,1,1,0
staphylococcus_capitis,GCF_002591175.1,enterococcus_gelE,12,12,0
staphylococcus_capitis,GCF_002591175.1,enterococcus_fsr,5,5,0
staphylococcus_capitis,GCF_002591175.1,enterococcus_ebp,0,0,0
staphylococcus_capitis,GCF_002591175.1,pseudomonas_alg,21,23,0
staphylococcus_capitis,GCF_002591175.1,pseudomonas_pel,43,44,0
staphylococcus_capitis,GCF_002591175.1,pseudomonas_psl,25,26,0
staphylococcus_capitis,GCF_002591175.1,pseudomonas_las,33,36,0
staphylococcus_capitis,GCF_002591175.1,pseudomonas_rhl,5,6,0
staphylococcus_capitis,GCF_002591175.1,pseudomonas_pqs,15,16,0
staphylococcus_capitis,GCF_002591175.1,pseudomonas_pili,24,14,10
staphylococcus_capitis,GCF_002591175.1,pseudomonas_cup,0,0,0
staphylococcus_capitis,GCF_002591175.1,pg_fimbriae,3,3,0
staphylococcus_capitis,GCF_002591175.1,pg_gingipain,64,65,0
staphylococcus_capitis,GCF_002591175.1,pg_hagA,3,3,0
staphylococcus_capitis,GCF_002591175.1,fn_adhesin,4,5,0
staphylococcus_capitis,GCF_002591175.1,tf_bspA,0,0,0
staphylococcus_capitis,GCF_002591175.1,td_virulence,42,39,5
staphylococcus_capitis,GCF_013267675.1,biofilm_ica,40,7,33
staphylococcus_capitis,GCF_013267675.1,biofilm_accumulation,63,66,0
staphylococcus_capitis,GCF_013267675.1,biofilm_bap,0,0,0
staphylococcus_capitis,GCF_013267675.1,adhesion_autolysin,16,17,0
staphylococcus_capitis,GCF_013267675.1,adhesion_fibronectin,3,0,3
staphylococcus_capitis,GCF_013267675.1,adhesion_clumping,3,3,0
staphylococcus_capitis,GCF_013267675.1,adhesion_collagen,11,7,5
staphylococcus_capitis,GCF_013267675.1,adhesion_sdr,12,11,1
staphylococcus_capitis,GCF_013267675.1,biofilm_sasG,8,8,0
staphylococcus_capitis,GCF_013267675.1,quorum_agr,27,11,17
staphylococcus_capitis,GCF_013267675.1,regulation_sarA,19,4,15
staphylococcus_capitis,GCF_013267675.1,stress_sigB,5,0,5
staphylococcus_capitis,GCF_013267675.1,streptococcus_gtf,16,7,10
staphylococcus_capitis,GCF_013267675.1,streptococcus_gbp,0,0,0
staphylococcus_capitis,GCF_013267675.1,streptococcus_spaP,8,6,2
staphylococcus_capitis,GCF_013267675.1,biofilm_brpA,0,0,0
staphylococcus_capitis,GCF_013267675.1,competence_com,6,0,6
staphylococcus_capitis,GCF_013267675.1,quorum_luxS,0,0,0
staphylococcus_capitis,GCF_013267675.1,regulation_vicRK,2,2,0
staphylococcus_capitis,GCF_013267675.1,sortase,13,3,10
staphylococcus_capitis,GCF_013267675.1,adhesion_enolase,174,0,174
staphylococcus_capitis,GCF_013267675.1,adhesion_fbp,2,0,2
staphylococcus_capitis,GCF_013267675.1,enterococcus_esp,129,55,76
staphylococcus_capitis,GCF_013267675.1,enterococcus_asa,0,0,0
staphylococcus_capitis,GCF_013267675.1,enterococcus_ace,319,21,299
staphylococcus_capitis,GCF_013267675.1,enterococcus_efaA,1,1,0
staphylococcus_capitis,GCF_013267675.1,enterococcus_gelE,10,10,0
staphylococcus_capitis,GCF_013267675.1,enterococcus_fsr,6,6,0
staphylococcus_capitis,GCF_013267675.1,enterococcus_ebp,0,0,0
staphylococcus_capitis,GCF_013267675.1,pseudomonas_alg,20,22,0
staphylococcus_capitis,GCF_013267675.1,pseudomonas_pel,41,43,0
staphylococcus_capitis,GCF_013267675.1,pseudomonas_psl,26,27,0
staphylococcus_capitis,GCF_013267675.1,pseudomonas_las,38,40,0
staphylococcus_capitis,GCF_013267675.1,pseudomonas_rhl,5,6,0
staphylococcus_capitis,GCF_013267675.1,pseudomonas_pqs,14,15,0
staphylococcus_capitis,GCF_013267675.1,pseudomonas_pili,23,16,7
staphylococcus_capitis,GCF_013267675.1,pseudomonas_cup,0,0,0
staphylococcus_capitis,GCF_013267675.1,pg_fimbriae,4,4,0
staphylococcus_capitis,GCF_013267675.1,pg_gingipain,65,66,0
staphylococcus_capitis,GCF_013267675.1,pg_hagA,4,4,0
staphylococcus_capitis,GCF_013267675.1,fn_adhesin,4,4,0
staphylococcus_capitis,GCF_013267675.1,tf_bspA,0,0,0
staphylococcus_capitis,GCF_013267675.1,td_virulence,45,42,5
staphylococcus_capitis,GCF_015243435.1,biofilm_ica,39,4,35
staphylococcus_capitis,GCF_015243435.1,biofilm_accumulation,64,68,0
staphylococcus_capitis,GCF_015243435.1,biofilm_bap,0,0,0
staphylococcus_capitis,GCF_015243435.1,adhesion_autolysin,16,16,0
staphylococcus_capitis,GCF_015243435.1,adhesion_fibronectin,3,0,3
staphylococcus_capitis,GCF_015243435.1,adhesion_clumping,3,3,0
staphylococcus_capitis,GCF_015243435.1,adhesion_collagen,9,5,5
staphylococcus_capitis,GCF_015243435.1,adhesion_sdr,11,11,0
staphylococcus_capitis,GCF_015243435.1,biofilm_sasG,6,6,0
staphylococcus_capitis,GCF_015243435.1,quorum_agr,28,12,17
staphylococcus_capitis,GCF_015243435.1,regulation_sarA,18,3,15
staphylococcus_capitis,GCF_015243435.1,stress_sigB,5,0,5
staphylococcus_capitis,GCF_015243435.1,streptococcus_gtf,11,6,5
staphylococcus_capitis,GCF_015243435.1,streptococcus_gbp,0,0,0
staphylococcus_capitis,GCF_015243435.1,streptococcus_spaP,7,5,2
staphylococcus_capitis,GCF_015243435.1,biofilm_brpA,0,0,0
staphylococcus_capitis,GCF_015243435.1,competence_com,4,0,4
staphylococcus_capitis,GCF_015243435.1,quorum_luxS,0,0,0
staphylococcus_capitis,GCF_015243435.1,regulation_vicRK,4,4,0
staphylococcus_capitis,GCF_015243435.1,sortase,14,3,11
staphylococcus_capitis,GCF_015243435.1,adhesion_enolase,174,0,174
staphylococcus_capitis,GCF_015243435.1,adhesion_fbp,2,0,2
staphylococcus_capitis,GCF_015243435.1,enterococcus_esp,140,68,75
staphylococcus_capitis,GCF_015243435.1,enterococcus_asa,0,0,0
staphylococcus_capitis,GCF_015243435.1,enterococcus_ace,314,19,295
staphylococcus_capitis,GCF_015243435.1,enterococcus_efaA,2,2,0
staphylococcus_capitis,GCF_015243435.1,enterococcus_gelE,16,16,0
staphylococcus_capitis,GCF_015243435.1,enterococcus_fsr,7,7,0
staphylococcus_capitis,GCF_015243435.1,enterococcus_ebp,0,0,0
staphylococcus_capitis,GCF_015243435.1,pseudomonas_alg,20,22,0
staphylococcus_capitis,GCF_015243435.1,pseudomonas_pel,46,48,0
staphylococcus_capitis,GCF_015243435.1,pseudomonas_psl,27,28,0
staphylococcus_capitis,GCF_015243435.1,pseudomonas_las,35,37,0
staphylococcus_capitis,GCF_015243435.1,pseudomonas_rhl,5,6,0
staphylococcus_capitis,GCF_015243435.1,pseudomonas_pqs,16,17,0
staphylococcus_capitis,GCF_015243435.1,pseudomonas_pili,24,14,10
staphylococcus_capitis,GCF_015243435.1,pseudomonas_cup,0,0,0
staphylococcus_capitis,GCF_015243435.1,pg_fimbriae,5,5,0
staphylococcus_capitis,GCF_015243435.1,pg_gingipain,66,67,0
staphylococcus_capitis,GCF_015243435.1,pg_hagA,3,3,0
staphylococcus_capitis,GCF_015243435.1,fn_adhesin,3,4,0
staphylococcus_capitis,GCF_015243435.1,tf_bspA,0,0,0
staphylococcus_capitis,GCF_015243435.1,td_virulence,43,40,5
staphylococcus_capitis,GCF_020883475.1,biofilm_ica,39,6,33
staphylococcus_capitis,GCF_020883475.1,biofilm_accumulation,66,71,0
staphylococcus_capitis,GCF_020883475.1,biofilm_bap,0,0,0
staphylococcus_capitis,GCF_020883475.1,adhesion_autolysin,19,20,0
staphylococcus_capitis,GCF_020883475.1,adhesion_fibronectin,3,0,3
staphylococcus_capitis,GCF_020883475.1,adhesion_clumping,3,3,0
staphylococcus_capitis,GCF_020883475.1,adhesion_collagen,10,6,5
staphylococcus_capitis,GCF_020883475.1,adhesion_sdr,13,13,0
staphylococcus_capitis,GCF_020883475.1,biofilm_sasG,7,7,0
staphylococcus_capitis,GCF_020883475.1,quorum_agr,28,12,17
staphylococcus_capitis,GCF_020883475.1,regulation_sarA,18,3,15
staphylococcus_capitis,GCF_020883475.1,stress_sigB,5,0,5
staphylococcus_capitis,GCF_020883475.1,streptococcus_gtf,13,8,5
staphylococcus_capitis,GCF_020883475.1,streptococcus_gbp,0,0,0
staphylococcus_capitis,GCF_020883475.1,streptococcus_spaP,8,6,2
staphylococcus_capitis,GCF_020883475.1,biofilm_brpA,0,0,0
staphylococcus_capitis,GCF_020883475.1,competence_com,4,0,4
staphylococcus_capitis,GCF_020883475.1,quorum_luxS,0,0,0
staphylococcus_capitis,GCF_020883475.1,regulation_vicRK,4,4,0
staphylococcus_capitis,GCF_020883475.1,sortase,14,3,11
staphylococcus_capitis,GCF_020883475.1,adhesion_enolase,168,0,168
staphylococcus_capitis,GCF_020883475.1,adhesion_fbp,2,0,2
staphylococcus_capitis,GCF_020883475.1,enterococcus_esp,139,65,76
staphylococcus_capitis,GCF_020883475.1,enterococcus_asa,0,0,0
staphylococcus_capitis,GCF_020883475.1,enterococcus_ace,323,19,304
staphylococcus_capitis,GCF_020883475.1,enterococcus_efaA,1,1,0
staphylococcus_capitis,GCF_020883475.1,enterococcus_gelE,12,12,0
staphylococcus_capitis,GCF_020883475.1,enterococcus_fsr,5,5,0
staphylococcus_capitis,GCF_020883475.1,enterococcus_ebp,0,0,0
staphylococcus_capitis,GCF_020883475.1,pseudomonas_alg,23,25,0
staphylococcus_capitis,GCF_020883475.1,pseudomonas_pel,47,49,0
staphylococcus_capitis,GCF_020883475.1,pseudomonas_psl,28,29,0
staphylococcus_capitis,GCF_020883475.1,pseudomonas_las,37,40,0
staphylococcus_capitis,GCF_020883475.1,pseudomonas_rhl,5,6,0
staphylococcus_capitis,GCF_020883475.1,pseudomonas_pqs,17,18,0
staphylococcus_capitis,GCF_020883475.1,pseudomonas_pili,24,14,10
staphylococcus_capitis,GCF_020883475.1,pseudomonas_cup,0,0,0
staphylococcus_capitis,GCF_020883475.1,pg_fimbriae,4,4,0
staphylococcus_capitis,GCF_020883475.1,pg_gingipain,64,65,0
staphylococcus_capitis,GCF_020883475.1,pg_hagA,3,3,0
staphylococcus_capitis,GCF_020883475.1,fn_adhesin,4,5,0
staphylococcus_capitis,GCF_020883475.1,tf_bspA,0,0,0
staphylococcus_capitis,GCF_020883475.1,td_virulence,49,46,5
staphylococcus_epidermidis,GCF_000759555.1,biofilm_ica,22,5,17
staphylococcus_epidermidis,GCF_000759555.1,biofilm_accumulation,61,64,0
staphylococcus_epidermidis,GCF_000759555.1,biofilm_bap,0,0,0
staphylococcus_epidermidis,GCF_000759555.1,adhesion_autolysin,15,14,2
staphylococcus_epidermidis,GCF_000759555.1,adhesion_fibronectin,3,0,3
staphylococcus_epidermidis,GCF_000759555.1,adhesion_clumping,4,4,0
staphylococcus_epidermidis,GCF_000759555.1,adhesion_collagen,10,6,5
staphylococcus_epidermidis,GCF_000759555.1,adhesion_sdr,12,11,2
staphylococcus_epidermidis,GCF_000759555.1,biofilm_sasG,8,8,0
staphylococcus_epidermidis,GCF_000759555.1,quorum_agr,27,11,17
staphylococcus_epidermidis,GCF_000759555.1,regulation_sarA,20,5,15
staphylococcus_epidermidis,GCF_000759555.1,stress_sigB,5,0,5
staphylococcus_epidermidis,GCF_000759555.1,streptococcus_gtf,12,7,5
staphylococcus_epidermidis,GCF_000759555.1,streptococcus_gbp,0,0,0
staphylococcus_epidermidis,GCF_000759555.1,streptococcus_spaP,10,7,3
staphylococcus_epidermidis,GCF_000759555.1,biofilm_brpA,0,0,0
staphylococcus_epidermidis,GCF_000759555.1,competence_com,4,0,4
staphylococcus_epidermidis,GCF_000759555.1,quorum_luxS,0,0,0
staphylococcus_epidermidis,GCF_000759555.1,regulation_vicRK,3,3,0
staphylococcus_epidermidis,GCF_000759555.1,sortase,12,4,8
staphylococcus_epidermidis,GCF_000759555.1,adhesion_enolase,155,0,155
staphylococcus_epidermidis,GCF_000759555.1,adhesion_fbp,2,0,2
staphylococcus_epidermidis,GCF_000759555.1,enterococcus_esp,137,56,82
staphylococcus_epidermidis,GCF_000759555.1,enterococcus_asa,0,0,0
staphylococcus_epidermidis,GCF_000759555.1,enterococcus_ace,306,18,288
staphylococcus_epidermidis,GCF_000759555.1,enterococcus_efaA,1,1,0
staphylococcus_epidermidis,GCF_000759555.1,enterococcus_gelE,11,11,0
staphylococcus_epidermidis,GCF_000759555.1,enterococcus_fsr,3,3,0
staphylococcus_epidermidis,GCF_000759555.1,enterococcus_ebp,0,0,0
staphylococcus_epidermidis,GCF_000759555.1,pseudomonas_alg,18,19,0
staphylococcus_epidermidis,GCF_000759555.1,pseudomonas_pel,39,44,0
staphylococcus_epidermidis,GCF_000759555.1,pseudomonas_psl,25,26,0
staphylococcus_epidermidis,GCF_000759555.1,pseudomonas_las,28,30,0
staphylococcus_epidermidis,GCF_000759555.1,pseudomonas_rhl,7,7,0
staphylococcus_epidermidis,GCF_000759555.1,pseudomonas_pqs,10,10,0
staphylococcus_epidermidis,GCF_000759555.1,pseudomonas_pili,33,21,12
staphylococcus_epidermidis,GCF_000759555.1,pseudomonas_cup,0,0,0
staphylococcus_epidermidis,GCF_000759555.1,pg_fimbriae,1,1,0
staphylococcus_epidermidis,GCF_000759555.1,pg_gingipain,59,60,0
staphylococcus_epidermidis,GCF_000759555.1,pg_hagA,3,3,0
staphylococcus_epidermidis,GCF_000759555.1,fn_adhesin,3,3,0
staphylococcus_epidermidis,GCF_000759555.1,tf_bspA,0,0,0
staphylococcus_epidermidis,GCF_000759555.1,td_virulence,52,48,5
staphylococcus_epidermidis,GCF_001956655.1,biofilm_ica,22,5,17
staphylococcus_epidermidis,GCF_001956655.1,biofilm_accumulation,58,61,0
staphylococcus_epidermidis,GCF_001956655.1,biofilm_bap,0,0,0
staphylococcus_epidermidis,GCF_001956655.1,adhesion_autolysin,16,14,2
staphylococcus_epidermidis,GCF_001956655.1,adhesion_fibronectin,3,0,3
staphylococcus_epidermidis,GCF_001956655.1,adhesion_clumping,4,4,0
staphylococcus_epidermidis,GCF_001956655.1,adhesion_collagen,13,9,5
staphylococcus_epidermidis,GCF_001956655.1,adhesion_sdr,10,11,0
staphylococcus_epidermidis,GCF_001956655.1,biofilm_sasG,7,7,0
staphylococcus_epidermidis,GCF_001956655.1,quorum_agr,29,15,16
staphylococcus_epidermidis,GCF_001956655.1,regulation_sarA,19,4,15
staphylococcus_epidermidis,GCF_001956655.1,stress_sigB,5,0,5
staphylococcus_epidermidis,GCF_001956655.1,streptococcus_gtf,16,6,10
staphylococcus_epidermidis,GCF_001956655.1,streptococcus_gbp,0,0,0
staphylococcus_epidermidis,GCF_001956655.1,streptococcus_spaP,9,7,2
staphylococcus_epidermidis,GCF_001956655.1,biofilm_brpA,0,0,0
staphylococcus_epidermidis,GCF_001956655.1,competence_com,4,0,4
staphylococcus_epidermidis,GCF_001956655.1,quorum_luxS,0,0,0
staphylococcus_epidermidis,GCF_001956655.1,regulation_vicRK,3,3,0
staphylococcus_epidermidis,GCF_001956655.1,sortase,15,5,10
staphylococcus_epidermidis,GCF_001956655.1,adhesion_enolase,161,0,161
staphylococcus_epidermidis,GCF_001956655.1,adhesion_fbp,2,0,2
staphylococcus_epidermidis,GCF_001956655.1,enterococcus_esp,138,61,78
staphylococcus_epidermidis,GCF_001956655.1,enterococcus_asa,0,0,0
staphylococcus_epidermidis,GCF_001956655.1,enterococcus_ace,318,18,300
staphylococcus_epidermidis,GCF_001956655.1,enterococcus_efaA,2,2,0
staphylococcus_epidermidis,GCF_001956655.1,enterococcus_gelE,12,12,0
staphylococcus_epidermidis,GCF_001956655.1,enterococcus_fsr,2,2,0
staphylococcus_epidermidis,GCF_001956655.1,enterococcus_ebp,0,0,0
staphylococcus_epidermidis,GCF_001956655.1,pseudomonas_alg,15,16,0
staphylococcus_epidermidis,GCF_001956655.1,pseudomonas_pel,41,46,0
staphylococcus_epidermidis,GCF_001956655.1,pseudomonas_psl,24,25,0
staphylococcus_epidermidis,GCF_001956655.1,pseudomonas_las,28,30,0
staphylococcus_epidermidis,GCF_001956655.1,pseudomonas_rhl,7,8,0
staphylococcus_epidermidis,GCF_001956655.1,pseudomonas_pqs,10,10,0
staphylococcus_epidermidis,GCF_001956655.1,pseudomonas_pili,32,21,12
staphylococcus_epidermidis,GCF_001956655.1,pseudomonas_cup,0,0,0
staphylococcus_epidermidis,GCF_001956655.1,pg_fimbriae,1,1,0
staphylococcus_epidermidis,GCF_001956655.1,pg_gingipain,56,57,0
staphylococcus_epidermidis,GCF_001956655.1,pg_hagA,3,3,0
staphylococcus_epidermidis,GCF_001956655.1,fn_adhesin,3,3,0
staphylococcus_epidermidis,GCF_001956655.1,tf_bspA,0,0,0
staphylococcus_epidermidis,GCF_001956655.1,td_virulence,40,36,5
staphylococcus_epidermidis,GCF_002085695.1,biofilm_ica,46,6,40
staphylococcus_epidermidis,GCF_002085695.1,biofilm_accumulation,69,65,7
staphylococcus_epidermidis,GCF_002085695.1,biofilm_bap,0,0,0
staphylococcus_epidermidis,GCF_002085695.1,adhesion_autolysin,13,12,2
staphylococcus_epidermidis,GCF_002085695.1,adhesion_fibronectin,3,0,3
staphylococcus_epidermidis,GCF_002085695.1,adhesion_clumping,4,4,0
staphylococcus_epidermidis,GCF_002085695.1,adhesion_collagen,10,6,5
staphylococcus_epidermidis,GCF_002085695.1,adhesion_sdr,12,10,3
staphylococcus_epidermidis,GCF_002085695.1,biofilm_sasG,8,8,0
staphylococcus_epidermidis,GCF_002085695.1,quorum_agr,27,11,17
staphylococcus_epidermidis,GCF_002085695.1,regulation_sarA,20,5,15
staphylococcus_epidermidis,GCF_002085695.1,stress_sigB,5,0,5
staphylococcus_epidermidis,GCF_002085695.1,streptococcus_gtf,17,7,10
staphylococcus_epidermidis,GCF_002085695.1,streptococcus_gbp,0,0,0
staphylococcus_epidermidis,GCF_002085695.1,streptococcus_spaP,10,7,3
staphylococcus_epidermidis,GCF_002085695.1,biofilm_brpA,0,0,0
staphylococcus_epidermidis,GCF_002085695.1,competence_com,4,0,4
staphylococcus_epidermidis,GCF_002085695.1,quorum_luxS,0,0,0
staphylococcus_epidermidis,GCF_002085695.1,regulation_vicRK,3,3,0
staphylococcus_epidermidis,GCF_002085695.1,sortase,12,4,8
staphylococcus_epidermidis,GCF_002085695.1,adhesion_enolase,155,0,155
staphylococcus_epidermidis,GCF_002085695.1,adhesion_fbp,2,0,2
staphylococcus_epidermidis,GCF_002085695.1,enterococcus_esp,136,59,78
staphylococcus_epidermidis,GCF_002085695.1,enterococcus_asa,0,0,0
staphylococcus_epidermidis,GCF_002085695.1,enterococcus_ace,311,18,293
staphylococcus_epidermidis,GCF_002085695.1,enterococcus_efaA,2,2,0
staphylococcus_epidermidis,GCF_002085695.1,enterococcus_gelE,11,11,0
staphylococcus_epidermidis,GCF_002085695.1,enterococcus_fsr,4,4,0
staphylococcus_epidermidis,GCF_002085695.1,enterococcus_ebp,0,0,0
staphylococcus_epidermidis,GCF_002085695.1,pseudomonas_alg,18,19,0
staphylococcus_epidermidis,GCF_002085695.1,pseudomonas_pel,40,45,0
staphylococcus_epidermidis,GCF_002085695.1,pseudomonas_psl,24,25,0
staphylococcus_epidermidis,GCF_002085695.1,pseudomonas_las,26,28,0
staphylococcus_epidermidis,GCF_002085695.1,pseudomonas_rhl,7,7,0
staphylococcus_epidermidis,GCF_002085695.1,pseudomonas_pqs,17,17,0
staphylococcus_epidermidis,GCF_002085695.1,pseudomonas_pili,29,18,12
staphylococcus_epidermidis,GCF_002085695.1,pseudomonas_cup,0,0,0
staphylococcus_epidermidis,GCF_002085695.1,pg_fimbriae,1,1,0
staphylococcus_epidermidis,GCF_002085695.1,pg_gingipain,60,61,0
staphylococcus_epidermidis,GCF_002085695.1,pg_hagA,3,3,0
staphylococcus_epidermidis,GCF_002085695.1,fn_adhesin,6,6,0
staphylococcus_epidermidis,GCF_002085695.1,tf_bspA,0,0,0
staphylococcus_epidermidis,GCF_002085695.1,td_virulence,48,44,5
staphylococcus_epidermidis,GCF_002215535.1,biofilm_ica,22,5,17
staphylococcus_epidermidis,GCF_002215535.1,biofilm_accumulation,59,62,0
staphylococcus_epidermidis,GCF_002215535.1,biofilm_bap,0,0,0
staphylococcus_epidermidis,GCF_002215535.1,adhesion_autolysin,13,11,2
staphylococcus_epidermidis,GCF_002215535.1,adhesion_fibronectin,3,0,3
staphylococcus_epidermidis,GCF_002215535.1,adhesion_clumping,4,4,0
staphylococcus_epidermidis,GCF_002215535.1,adhesion_collagen,10,6,5
staphylococcus_epidermidis,GCF_002215535.1,adhesion_sdr,9,10,0
staphylococcus_epidermidis,GCF_002215535.1,biofilm_sasG,8,8,0
staphylococcus_epidermidis,GCF_002215535.1,quorum_agr,30,14,17
staphylococcus_epidermidis,GCF_002215535.1,regulation_sarA,19,4,15
staphylococcus_epidermidis,GCF_002215535.1,stress_sigB,5,0,5
staphylococcus_epidermidis,GCF_002215535.1,streptococcus_gtf,15,5,10
staphylococcus_epidermidis,GCF_002215535.1,streptococcus_gbp,0,0,0
staphylococcus_epidermidis,GCF_002215535.1,streptococcus_spaP,8,6,2
staphylococcus_epidermidis,GCF_002215535.1,biofilm_brpA,0,0,0
staphylococcus_epidermidis,GCF_002215535.1,competence_com,4,0,4
staphylococcus_epidermidis,GCF_002215535.1,quorum_luxS,0,0,0
staphylococcus_epidermidis,GCF_002215535.1,regulation_vicRK,3,3,0
staphylococcus_epidermidis,GCF_002215535.1,sortase,13,5,8
staphylococcus_epidermidis,GCF_002215535.1,adhesion_enolase,169,0,169
staphylococcus_epidermidis,GCF_002215535.1,adhesion_fbp,2,0,2
staphylococcus_epidermidis,GCF_002215535.1,enterococcus_esp,138,60,79
staphylococcus_epidermidis,GCF_002215535.1,enterococcus_asa,0,0,0
staphylococcus_epidermidis,GCF_002215535.1,enterococcus_ace,310,19,291
staphylococcus_epidermidis,GCF_002215535.1,enterococcus_efaA,1,1,0
staphylococcus_epidermidis,GCF_002215535.1,enterococcus_gelE,13,13,0
staphylococcus_epidermidis,GCF_002215535.1,enterococcus_fsr,4,4,0
staphylococcus_epidermidis,GCF_002215535.1,enterococcus_ebp,0,0,0
staphylococcus_epidermidis,GCF_002215535.1,pseudomonas_alg,17,18,0
staphylococcus_epidermidis,GCF_002215535.1,pseudomonas_pel,40,45,0
staphylococcus_epidermidis,GCF_002215535.1,pseudomonas_psl,25,26,0
staphylococcus_epidermidis,GCF_002215535.1,pseudomonas_las,30,32,0
staphylococcus_epidermidis,GCF_002215535.1,pseudomonas_rhl,7,8,0
staphylococcus_epidermidis,GCF_002215535.1,pseudomonas_pqs,10,10,0
staphylococcus_epidermidis,GCF_002215535.1,pseudomonas_pili,33,21,12
staphylococcus_epidermidis,GCF_002215535.1,pseudomonas_cup,0,0,0
staphylococcus_epidermidis,GCF_002215535.1,pg_fimbriae,1,1,0
staphylococcus_epidermidis,GCF_002215535.1,pg_gingipain,60,61,0
staphylococcus_epidermidis,GCF_002215535.1,pg_hagA,3,3,0
staphylococcus_epidermidis,GCF_002215535.1,fn_adhesin,4,4,0
staphylococcus_epidermidis,GCF_002215535.1,tf_bspA,0,0,0
staphylococcus_epidermidis,GCF_002215535.1,td_virulence,42,38,5
staphylococcus_epidermidis,GCF_006094375.1,biofilm_ica,22,5,17
staphylococcus_epidermidis,GCF_006094375.1,biofilm_accumulation,66,64,5
staphylococcus_epidermidis,GCF_006094375.1,biofilm_bap,0,0,0
staphylococcus_epidermidis,GCF_006094375.1,adhesion_autolysin,14,12,2
staphylococcus_epidermidis,GCF_006094375.1,adhesion_fibronectin,3,0,3
staphylococcus_epidermidis,GCF_006094375.1,adhesion_clumping,4,4,0
staphylococcus_epidermidis,GCF_006094375.1,adhesion_collagen,11,7,5
staphylococcus_epidermidis,GCF_006094375.1,adhesion_sdr,15,10,6
staphylococcus_epidermidis,GCF_006094375.1,biofilm_sasG,7,7,0
staphylococcus_epidermidis,GCF_006094375.1,quorum_agr,29,13,17
staphylococcus_epidermidis,GCF_006094375.1,regulation_sarA,20,5,15
staphylococcus_epidermidis,GCF_006094375.1,stress_sigB,5,0,5
staphylococcus_epidermidis,GCF_006094375.1,streptococcus_gtf,18,9,10
staphylococcus_epidermidis,GCF_006094375.1,streptococcus_gbp,0,0,0
staphylococcus_epidermidis,GCF_006094375.1,streptococcus_spaP,11,8,3
staphylococcus_epidermidis,GCF_006094375.1,biofilm_brpA,0,0,0
staphylococcus_epidermidis,GCF_006094375.1,competence_com,4,0,4
staphylococcus_epidermidis,GCF_006094375.1,quorum_luxS,0,0,0
staphylococcus_epidermidis,GCF_006094375.1,regulation_vicRK,3,3,0
staphylococcus_epidermidis,GCF_006094375.1,sortase,12,4,8
staphylococcus_epidermidis,GCF_006094375.1,adhesion_enolase,163,0,163
staphylococcus_epidermidis,GCF_006094375.1,adhesion_fbp,2,0,2
staphylococcus_epidermidis,GCF_006094375.1,enterococcus_esp,145,58,88
staphylococcus_epidermidis,GCF_006094375.1,enterococcus_asa,0,0,0
staphylococcus_epidermidis,GCF_006094375.1,enterococcus_ace,308,20,288
staphylococcus_epidermidis,GCF_006094375.1,enterococcus_efaA,2,2,0
staphylococcus_epidermidis,GCF_006094375.1,enterococcus_gelE,11,11,0
staphylococcus_epidermidis,GCF_006094375.1,enterococcus_fsr,4,4,0
staphylococcus_epidermidis,GCF_006094375.1,enterococcus_ebp,0,0,0
staphylococcus_epidermidis,GCF_006094375.1,pseudomonas_alg,19,20,0
staphylococcus_epidermidis,GCF_006094375.1,pseudomonas_pel,40,45,0
staphylococcus_epidermidis,GCF_006094375.1,pseudomonas_psl,24,25,0
staphylococcus_epidermidis,GCF_006094375.1,pseudomonas_las,27,29,0
staphylococcus_epidermidis,GCF_006094375.1,pseudomonas_rhl,7,7,0
staphylococcus_epidermidis,GCF_006094375.1,pseudomonas_pqs,9,9,0
staphylococcus_epidermidis,GCF_006094375.1,pseudomonas_pili,33,22,12
staphylococcus_epidermidis,GCF_006094375.1,pseudomonas_cup,0,0,0
staphylococcus_epidermidis,GCF_006094375.1,pg_fimbriae,1,1,0
staphylococcus_epidermidis,GCF_006094375.1,pg_gingipain,60,61,0
staphylococcus_epidermidis,GCF_006094375.1,pg_hagA,3,3,0
staphylococcus_epidermidis,GCF_006094375.1,fn_adhesin,4,4,0
staphylococcus_epidermidis,GCF_006094375.1,tf_bspA,0,0,0
staphylococcus_epidermidis,GCF_006094375.1,td_virulence,48,44,5
staphylococcus_haemolyticus,GCF_001611955.1,biofilm_ica,19,5,15
staphylococcus_haemolyticus,GCF_001611955.1,biofilm_accumulation,55,58,0
staphylococcus_haemolyticus,GCF_001611955.1,biofilm_bap,0,0,0
staphylococcus_haemolyticus,GCF_001611955.1,adhesion_autolysin,15,15,0
staphylococcus_haemolyticus,GCF_001611955.1,adhesion_fibronectin,3,0,3
staphylococcus_haemolyticus,GCF_001611955.1,adhesion_clumping,4,4,0
staphylococcus_haemolyticus,GCF_001611955.1,adhesion_collagen,14,10,5
staphylococcus_haemolyticus,GCF_001611955.1,adhesion_sdr,14,13,1
staphylococcus_haemolyticus,GCF_001611955.1,biofilm_sasG,6,7,0
staphylococcus_haemolyticus,GCF_001611955.1,quorum_agr,29,14,17
staphylococcus_haemolyticus,GCF_001611955.1,regulation_sarA,16,1,15
staphylococcus_haemolyticus,GCF_001611955.1,stress_sigB,5,0,5
staphylococcus_haemolyticus,GCF_001611955.1,streptococcus_gtf,10,5,5
staphylococcus_haemolyticus,GCF_001611955.1,streptococcus_gbp,0,0,0
staphylococcus_haemolyticus,GCF_001611955.1,streptococcus_spaP,10,8,2
staphylococcus_haemolyticus,GCF_001611955.1,biofilm_brpA,0,0,0
staphylococcus_haemolyticus,GCF_001611955.1,competence_com,4,0,4
staphylococcus_haemolyticus,GCF_001611955.1,quorum_luxS,0,0,0
staphylococcus_haemolyticus,GCF_001611955.1,regulation_vicRK,2,2,0
staphylococcus_haemolyticus,GCF_001611955.1,sortase,15,5,10
staphylococcus_haemolyticus,GCF_001611955.1,adhesion_enolase,166,0,166
staphylococcus_haemolyticus,GCF_001611955.1,adhesion_fbp,2,0,2
staphylococcus_haemolyticus,GCF_001611955.1,enterococcus_esp,149,70,82
staphylococcus_haemolyticus,GCF_001611955.1,enterococcus_asa,0,0,0
staphylococcus_haemolyticus,GCF_001611955.1,enterococcus_ace,331,21,310
staphylococcus_haemolyticus,GCF_001611955.1,enterococcus_efaA,2,2,0
staphylococcus_haemolyticus,GCF_001611955.1,enterococcus_gelE,15,15,0
staphylococcus_haemolyticus,GCF_001611955.1,enterococcus_fsr,3,3,0
staphylococcus_haemolyticus,GCF_001611955.1,enterococcus_ebp,0,0,0
staphylococcus_haemolyticus,GCF_001611955.1,pseudomonas_alg,15,17,0
staphylococcus_haemolyticus,GCF_001611955.1,pseudomonas_pel,51,52,0
staphylococcus_haemolyticus,GCF_001611955.1,pseudomonas_psl,24,24,0
staphylococcus_haemolyticus,GCF_001611955.1,pseudomonas_las,41,42,0
staphylococcus_haemolyticus,GCF_001611955.1,pseudomonas_rhl,4,5,0
staphylococcus_haemolyticus,GCF_001611955.1,pseudomonas_pqs,13,13,0
staphylococcus_haemolyticus,GCF_001611955.1,pseudomonas_pili,32,26,6
staphylococcus_haemolyticus,GCF_001611955.1,pseudomonas_cup,0,0,0
staphylococcus_haemolyticus,GCF_001611955.1,pg_fimbriae,5,6,0
staphylococcus_haemolyticus,GCF_001611955.1,pg_gingipain,67,69,0
staphylococcus_haemolyticus,GCF_001611955.1,pg_hagA,1,1,0
staphylococcus_haemolyticus,GCF_001611955.1,fn_adhesin,3,3,0
staphylococcus_haemolyticus,GCF_001611955.1,tf_bspA,0,0,0
staphylococcus_haemolyticus,GCF_001611955.1,td_virulence,40,37,5
staphylococcus_haemolyticus,GCF_002906595.1,biofilm_ica,19,5,15
staphylococcus_haemolyticus,GCF_002906595.1,biofilm_accumulation,53,56,0
staphylococcus_haemolyticus,GCF_002906595.1,biofilm_bap,0,0,0
staphylococcus_haemolyticus,GCF_002906595.1,adhesion_autolysin,15,15,0
staphylococcus_haemolyticus,GCF_002906595.1,adhesion_fibronectin,3,0,3
staphylococcus_haemolyticus,GCF_002906595.1,adhesion_clumping,3,3,0
staphylococcus_haemolyticus,GCF_002906595.1,adhesion_collagen,14,10,5
staphylococcus_haemolyticus,GCF_002906595.1,adhesion_sdr,15,13,2
staphylococcus_haemolyticus,GCF_002906595.1,biofilm_sasG,7,7,0
staphylococcus_haemolyticus,GCF_002906595.1,quorum_agr,32,17,17
staphylococcus_haemolyticus,GCF_002906595.1,regulation_sarA,16,1,15
staphylococcus_haemolyticus,GCF_002906595.1,stress_sigB,5,0,5
staphylococcus_haemolyticus,GCF_002906595.1,streptococcus_gtf,11,6,5
staphylococcus_haemolyticus,GCF_002906595.1,streptococcus_gbp,0,0,0
staphylococcus_haemolyticus,GCF_002906595.1,streptococcus_spaP,9,7,2
staphylococcus_haemolyticus,GCF_002906595.1,biofilm_brpA,0,0,0
staphylococcus_haemolyticus,GCF_002906595.1,competence_com,4,0,4
staphylococcus_haemolyticus,GCF_002906595.1,quorum_luxS,0,0,0
staphylococcus_haemolyticus,GCF_002906595.1,regulation_vicRK,2,2,0
staphylococcus_haemolyticus,GCF_002906595.1,sortase,15,6,9
staphylococcus_haemolyticus,GCF_002906595.1,adhesion_enolase,170,0,170
staphylococcus_haemolyticus,GCF_002906595.1,adhesion_fbp,2,0,2
staphylococcus_haemolyticus,GCF_002906595.1,enterococcus_esp,143,65,82
staphylococcus_haemolyticus,GCF_002906595.1,enterococcus_asa,0,0,0
staphylococcus_haemolyticus,GCF_002906595.1,enterococcus_ace,331,21,310
staphylococcus_haemolyticus,GCF_002906595.1,enterococcus_efaA,3,3,0
staphylococcus_haemolyticus,GCF_002906595.1,enterococcus_gelE,14,14,0
staphylococcus_haemolyticus,GCF_002906595.1,enterococcus_fsr,4,4,0
staphylococcus_haemolyticus,GCF_002906595.1,enterococcus_ebp,0,0,0
staphylococcus_haemolyticus,GCF_002906595.1,pseudomonas_alg,16,18,0
staphylococcus_haemolyticus,GCF_002906595.1,pseudomonas_pel,48,49,0
staphylococcus_haemolyticus,GCF_002906595.1,pseudomonas_psl,26,26,0
staphylococcus_haemolyticus,GCF_002906595.1,pseudomonas_las,42,43,0
staphylococcus_haemolyticus,GCF_002906595.1,pseudomonas_rhl,4,5,0
staphylococcus_haemolyticus,GCF_002906595.1,pseudomonas_pqs,14,14,0
staphylococcus_haemolyticus,GCF_002906595.1,pseudomonas_pili,31,23,8
staphylococcus_haemolyticus,GCF_002906595.1,pseudomonas_cup,0,0,0
staphylococcus_haemolyticus,GCF_002906595.1,pg_fimbriae,5,6,0
staphylococcus_haemolyticus,GCF_002906595.1,pg_gingipain,67,68,0
staphylococcus_haemolyticus,GCF_002906595.1,pg_hagA,1,1,0
staphylococcus_haemolyticus,GCF_002906595.1,fn_adhesin,4,4,0
staphylococcus_haemolyticus,GCF_002906595.1,tf_bspA,0,0,0
staphylococcus_haemolyticus,GCF_002906595.1,td_virulence,39,36,5
staphylococcus_haemolyticus,GCF_002906615.1,biofilm_ica,19,5,15
staphylococcus_haemolyticus,GCF_002906615.1,biofilm_accumulation,53,56,0
staphylococcus_haemolyticus,GCF_002906615.1,biofilm_bap,0,0,0
staphylococcus_haemolyticus,GCF_002906615.1,adhesion_autolysin,15,15,0
staphylococcus_haemolyticus,GCF_002906615.1,adhesion_fibronectin,3,0,3
staphylococcus_haemolyticus,GCF_002906615.1,adhesion_clumping,4,4,0
staphylococcus_haemolyticus,GCF_002906615.1,adhesion_collagen,14,10,5
staphylococcus_haemolyticus,GCF_002906615.1,adhesion_sdr,15,13,2
staphylococcus_haemolyticus,GCF_002906615.1,biofilm_sasG,7,7,0
staphylococcus_haemolyticus,GCF_002906615.1,quorum_agr,32,17,17
staphylococcus_haemolyticus,GCF_002906615.1,regulation_sarA,16,1,15
staphylococcus_haemolyticus,GCF_002906615.1,stress_sigB,5,0,5
staphylococcus_haemolyticus,GCF_002906615.1,streptococcus_gtf,11,6,5
staphylococcus_haemolyticus,GCF_002906615.1,streptococcus_gbp,0,0,0
staphylococcus_haemolyticus,GCF_002906615.1,streptococcus_spaP,9,7,2
staphylococcus_haemolyticus,GCF_002906615.1,biofilm_brpA,0,0,0
staphylococcus_haemolyticus,GCF_002906615.1,competence_com,4,0,4
staphylococcus_haemolyticus,GCF_002906615.1,quorum_luxS,0,0,0
staphylococcus_haemolyticus,GCF_002906615.1,regulation_vicRK,2,2,0
staphylococcus_haemolyticus,GCF_002906615.1,sortase,15,6,9
staphylococcus_haemolyticus,GCF_002906615.1,adhesion_enolase,172,0,172
staphylococcus_haemolyticus,GCF_002906615.1,adhesion_fbp,2,0,2
staphylococcus_haemolyticus,GCF_002906615.1,enterococcus_esp,143,65,82
staphylococcus_haemolyticus,GCF_002906615.1,enterococcus_asa,0,0,0
staphylococcus_haemolyticus,GCF_002906615.1,enterococcus_ace,330,21,309
staphylococcus_haemolyticus,GCF_002906615.1,enterococcus_efaA,3,3,0
staphylococcus_haemolyticus,GCF_002906615.1,enterococcus_gelE,14,14,0
staphylococcus_haemolyticus,GCF_002906615.1,enterococcus_fsr,4,4,0
staphylococcus_haemolyticus,GCF_002906615.1,enterococcus_ebp,0,0,0
staphylococcus_haemolyticus,GCF_002906615.1,pseudomonas_alg,16,18,0
staphylococcus_haemolyticus,GCF_002906615.1,pseudomonas_pel,48,49,0
staphylococcus_haemolyticus,GCF_002906615.1,pseudomonas_psl,26,26,0
staphylococcus_haemolyticus,GCF_002906615.1,pseudomonas_las,42,43,0
staphylococcus_haemolyticus,GCF_002906615.1,pseudomonas_rhl,4,5,0
staphylococcus_haemolyticus,GCF_002906615.1,pseudomonas_pqs,14,14,0
staphylococcus_haemolyticus,GCF_002906615.1,pseudomonas_pili,31,23,8
staphylococcus_haemolyticus,GCF_002906615.1,pseudomonas_cup,0,0,0
staphylococcus_haemolyticus,GCF_002906615.1,pg_fimbriae,5,6,0
staphylococcus_haemolyticus,GCF_002906615.1,pg_gingipain,67,68,0
staphylococcus_haemolyticus,GCF_002906615.1,pg_hagA,1,1,0
staphylococcus_haemolyticus,GCF_002906615.1,fn_adhesin,4,4,0
staphylococcus_haemolyticus,GCF_002906615.1,tf_bspA,0,0,0
staphylococcus_haemolyticus,GCF_002906615.1,td_virulence,39,36,5
staphylococcus_haemolyticus,GCF_002952715.2,biofilm_ica,19,5,15
staphylococcus_haemolyticus,GCF_002952715.2,biofilm_accumulation,55,58,0
staphylococcus_haemolyticus,GCF_002952715.2,biofilm_bap,0,0,0
staphylococcus_haemolyticus,GCF_002952715.2,adhesion_autolysin,14,15,0
staphylococcus_haemolyticus,GCF_002952715.2,adhesion_fibronectin,3,0,3
staphylococcus_haemolyticus,GCF_002952715.2,adhesion_clumping,3,3,0
staphylococcus_haemolyticus,GCF_002952715.2,adhesion_collagen,15,11,5
staphylococcus_haemolyticus,GCF_002952715.2,adhesion_sdr,15,13,2
staphylococcus_haemolyticus,GCF_002952715.2,biofilm_sasG,6,6,0
staphylococcus_haemolyticus,GCF_002952715.2,quorum_agr,30,15,17
staphylococcus_haemolyticus,GCF_002952715.2,regulation_sarA,16,1,15
staphylococcus_haemolyticus,GCF_002952715.2,stress_sigB,5,0,5
staphylococcus_haemolyticus,GCF_002952715.2,streptococcus_gtf,11,6,5
staphylococcus_haemolyticus,GCF_002952715.2,streptococcus_gbp,0,0,0
staphylococcus_haemolyticus,GCF_002952715.2,streptococcus_spaP,8,6,2
staphylococcus_haemolyticus,GCF_002952715.2,biofilm_brpA,0,0,0
staphylococcus_haemolyticus,GCF_002952715.2,competence_com,4,0,4
staphylococcus_haemolyticus,GCF_002952715.2,quorum_luxS,0,0,0
staphylococcus_haemolyticus,GCF_002952715.2,regulation_vicRK,2,2,0
staphylococcus_haemolyticus,GCF_002952715.2,sortase,15,5,10
staphylococcus_haemolyticus,GCF_002952715.2,adhesion_enolase,166,0,166
staphylococcus_haemolyticus,GCF_002952715.2,adhesion_fbp,2,0,2
staphylococcus_haemolyticus,GCF_002952715.2,enterococcus_esp,153,70,87
staphylococcus_haemolyticus,GCF_002952715.2,enterococcus_asa,0,0,0
staphylococcus_haemolyticus,GCF_002952715.2,enterococcus_ace,341,22,319
staphylococcus_haemolyticus,GCF_002952715.2,enterococcus_efaA,2,2,0
staphylococcus_haemolyticus,GCF_002952715.2,enterococcus_gelE,15,15,0
staphylococcus_haemolyticus,GCF_002952715.2,enterococcus_fsr,4,4,0
staphylococcus_haemolyticus,GCF_002952715.2,enterococcus_ebp,0,0,0
staphylococcus_haemolyticus,GCF_002952715.2,pseudomonas_alg,17,19,0
staphylococcus_haemolyticus,GCF_002952715.2,pseudomonas_pel,49,50,0
staphylococcus_haemolyticus,GCF_002952715.2,pseudomonas_psl,23,23,0
staphylococcus_haemolyticus,GCF_002952715.2,pseudomonas_las,41,42,0
staphylococcus_haemolyticus,GCF_002952715.2,pseudomonas_rhl,4,5,0
staphylococcus_haemolyticus,GCF_002952715.2,pseudomonas_pqs,14,14,0
staphylococcus_haemolyticus,GCF_002952715.2,pseudomonas_pili,30,22,8
staphylococcus_haemolyticus,GCF_002952715.2,pseudomonas_cup,0,0,0
staphylococcus_haemolyticus,GCF_002952715.2,pg_fimbriae,5,6,0
staphylococcus_haemolyticus,GCF_002952715.2,pg_gingipain,68,70,0
staphylococcus_haemolyticus,GCF_002952715.2,pg_hagA,1,1,0
staphylococcus_haemolyticus,GCF_002952715.2,fn_adhesin,3,3,0
staphylococcus_haemolyticus,GCF_002952715.2,tf_bspA,0,0,0
staphylococcus_haemolyticus,GCF_002952715.2,td_virulence,37,34,5
staphylococcus_haemolyticus,GCF_006094395.1,biofilm_ica,19,5,15
staphylococcus_haemolyticus,GCF_006094395.1,biofilm_accumulation,55,58,0
staphylococcus_haemolyticus,GCF_006094395.1,biofilm_bap,0,0,0
staphylococcus_haemolyticus,GCF_006094395.1,adhesion_autolysin,15,15,0
staphylococcus_haemolyticus,GCF_006094395.1,adhesion_fibronectin,3,0,3
staphylococcus_haemolyticus,GCF_006094395.1,adhesion_clumping,4,4,0
staphylococcus_haemolyticus,GCF_006094395.1,adhesion_collagen,14,10,5
staphylococcus_haemolyticus,GCF_006094395.1,adhesion_sdr,18,16,2
staphylococcus_haemolyticus,GCF_006094395.1,biofilm_sasG,9,10,0
staphylococcus_haemolyticus,GCF_006094395.1,quorum_agr,28,12,17
staphylococcus_haemolyticus,GCF_006094395.1,regulation_sarA,16,1,15
staphylococcus_haemolyticus,GCF_006094395.1,stress_sigB,5,0,5
staphylococcus_haemolyticus,GCF_006094395.1,streptococcus_gtf,12,7,5
staphylococcus_haemolyticus,GCF_006094395.1,streptococcus_gbp,0,0,0
staphylococcus_haemolyticus,GCF_006094395.1,streptococcus_spaP,9,7,2
staphylococcus_haemolyticus,GCF_006094395.1,biofilm_brpA,0,0,0
staphylococcus_haemolyticus,GCF_006094395.1,competence_com,4,0,4
staphylococcus_haemolyticus,GCF_006094395.1,quorum_luxS,0,0,0
staphylococcus_haemolyticus,GCF_006094395.1,regulation_vicRK,2,2,0
staphylococcus_haemolyticus,GCF_006094395.1,sortase,15,5,10
staphylococcus_haemolyticus,GCF_006094395.1,adhesion_enolase,165,0,165
staphylococcus_haemolyticus,GCF_006094395.1,adhesion_fbp,2,0,2
staphylococcus_haemolyticus,GCF_006094395.1,enterococcus_esp,147,70,81
staphylococcus_haemolyticus,GCF_006094395.1,enterococcus_asa,0,0,0
staphylococcus_haemolyticus,GCF_006094395.1,enterococcus_ace,336,20,316
staphylococcus_haemolyticus,GCF_006094395.1,enterococcus_efaA,3,3,0
staphylococcus_haemolyticus,GCF_006094395.1,enterococcus_gelE,16,16,0
staphylococcus_haemolyticus,GCF_006094395.1,enterococcus_fsr,3,3,0
staphylococcus_haemolyticus,GCF_006094395.1,enterococcus_ebp,0,0,0
staphylococcus_haemolyticus,GCF_006094395.1,pseudomonas_alg,16,18,0
staphylococcus_haemolyticus,GCF_006094395.1,pseudomonas_pel,57,58,0
staphylococcus_haemolyticus,GCF_006094395.1,pseudomonas_psl,25,25,0
staphylococcus_haemolyticus,GCF_006094395.1,pseudomonas_las,43,45,0
staphylococcus_haemolyticus,GCF_006094395.1,pseudomonas_rhl,4,5,0
staphylococcus_haemolyticus,GCF_006094395.1,pseudomonas_pqs,13,13,0
staphylococcus_haemolyticus,GCF_006094395.1,pseudomonas_pili,32,25,8
staphylococcus_haemolyticus,GCF_006094395.1,pseudomonas_cup,0,0,0
staphylococcus_haemolyticus,GCF_006094395.1,pg_fimbriae,5,6,0
staphylococcus_haemolyticus,GCF_006094395.1,pg_gingipain,69,71,0
staphylococcus_haemolyticus,GCF_006094395.1,pg_hagA,1,1,0
staphylococcus_haemolyticus,GCF_006094395.1,fn_adhesin,4,4,0
staphylococcus_haemolyticus,GCF_006094395.1,tf_bspA,0,0,0
staphylococcus_haemolyticus,GCF_006094395.1,td_virulence,38,35,5
streptococcus_anginosus,GCF_000831165.1,biofilm_ica,11,5,6
streptococcus_anginosus,GCF_000831165.1,biofilm_accumulation,91,93,0
streptococcus_anginosus,GCF_000831165.1,biofilm_bap,0,0,0
streptococcus_anginosus,GCF_000831165.1,adhesion_autolysin,17,17,0
streptococcus_anginosus,GCF_000831165.1,adhesion_fibronectin,2,0,2
streptococcus_anginosus,GCF_000831165.1,adhesion_clumping,3,3,0
streptococcus_anginosus,GCF_000831165.1,adhesion_collagen,22,11,11
streptococcus_anginosus,GCF_000831165.1,adhesion_sdr,7,8,0
streptococcus_anginosus,GCF_000831165.1,biofilm_sasG,8,8,0
streptococcus_anginosus,GCF_000831165.1,quorum_agr,12,12,0
streptococcus_anginosus,GCF_000831165.1,regulation_sarA,8,8,0
streptococcus_anginosus,GCF_000831165.1,stress_sigB,0,0,0
streptococcus_anginosus,GCF_000831165.1,streptococcus_gtf,15,12,3
streptococcus_anginosus,GCF_000831165.1,streptococcus_gbp,0,0,0
streptococcus_anginosus,GCF_000831165.1,streptococcus_spaP,16,14,3
streptococcus_anginosus,GCF_000831165.1,biofilm_brpA,1,0,1
streptococcus_anginosus,GCF_000831165.1,competence_com,7,0,7
streptococcus_anginosus,GCF_000831165.1,quorum_luxS,0,0,0
streptococcus_anginosus,GCF_000831165.1,regulation_vicRK,7,2,5
streptococcus_anginosus,GCF_000831165.1,sortase,12,4,8
streptococcus_anginosus,GCF_000831165.1,adhesion_enolase,134,0,134
streptococcus_anginosus,GCF_000831165.1,adhesion_fbp,7,0,7
streptococcus_anginosus,GCF_000831165.1,enterococcus_esp,112,57,57
streptococcus_anginosus,GCF_000831165.1,enterococcus_asa,0,0,0
streptococcus_anginosus,GCF_000831165.1,enterococcus_ace,250,14,236
streptococcus_anginosus,GCF_000831165.1,enterococcus_efaA,13,13,0
streptococcus_anginosus,GCF_000831165.1,enterococcus_gelE,10,11,0
streptococcus_anginosus,GCF_000831165.1,enterococcus_fsr,1,1,0
streptococcus_anginosus,GCF_000831165.1,enterococcus_ebp,0,0,0
streptococcus_anginosus,GCF_000831165.1,pseudomonas_alg,15,15,0
streptococcus_anginosus,GCF_000831165.1,pseudomonas_pel,59,49,10
streptococcus_anginosus,GCF_000831165.1,pseudomonas_psl,33,34,0
streptococcus_anginosus,GCF_000831165.1,pseudomonas_las,35,36,0
streptococcus_anginosus,GCF_000831165.1,pseudomonas_rhl,10,10,0
streptococcus_anginosus,GCF_000831165.1,pseudomonas_pqs,10,10,0
streptococcus_anginosus,GCF_000831165.1,pseudomonas_pili,37,24,14
streptococcus_anginosus,GCF_000831165.1,pseudomonas_cup,0,0,0
streptococcus_anginosus,GCF_000831165.1,pg_fimbriae,4,4,0
streptococcus_anginosus,GCF_000831165.1,pg_gingipain,37,39,0
streptococcus_anginosus,GCF_000831165.1,pg_hagA,1,1,0
streptococcus_anginosus,GCF_000831165.1,fn_adhesin,6,6,0
streptococcus_anginosus,GCF_000831165.1,tf_bspA,0,0,0
streptococcus_anginosus,GCF_000831165.1,td_virulence,25,25,0
streptococcus_anginosus,GCF_001412635.1,biofilm_ica,11,5,6
streptococcus_anginosus,GCF_001412635.1,biofilm_accumulation,83,83,0
streptococcus_anginosus,GCF_001412635.1,biofilm_bap,0,0,0
streptococcus_anginosus,GCF_001412635.1,adhesion_autolysin,16,16,0
streptococcus_anginosus,GCF_001412635.1,adhesion_fibronectin,2,0,2
streptococcus_anginosus,GCF_001412635.1,adhesion_clumping,4,4,0
streptococcus_anginosus,GCF_001412635.1,adhesion_collagen,16,9,7
streptococcus_anginosus,GCF_001412635.1,adhesion_sdr,7,8,0
streptococcus_anginosus,GCF_001412635.1,biofilm_sasG,6,6,0
streptococcus_anginosus,GCF_001412635.1,quorum_agr,13,13,0
streptococcus_anginosus,GCF_001412635.1,regulation_sarA,9,9,0
streptococcus_anginosus,GCF_001412635.1,stress_sigB,0,0,0
streptococcus_anginosus,GCF_001412635.1,streptococcus_gtf,7,6,1
streptococcus_anginosus,GCF_001412635.1,streptococcus_gbp,2,0,2
streptococcus_anginosus,GCF_001412635.1,streptococcus_spaP,12,12,0
streptococcus_anginosus,GCF_001412635.1,biofilm_brpA,1,0,1
streptococcus_anginosus,GCF_001412635.1,competence_com,9,0,9
streptococcus_anginosus,GCF_001412635.1,quorum_luxS,0,0,0
streptococcus_anginosus,GCF_001412635.1,regulation_vicRK,6,1,5
streptococcus_anginosus,GCF_001412635.1,sortase,7,5,2
streptococcus_anginosus,GCF_001412635.1,adhesion_enolase,126,0,126
streptococcus_anginosus,GCF_001412635.1,adhesion_fbp,7,0,7
streptococcus_anginosus,GCF_001412635.1,enterococcus_esp,115,59,59
streptococcus_anginosus,GCF_001412635.1,enterococcus_asa,0,0,0
streptococcus_anginosus,GCF_001412635.1,enterococcus_ace,249,14,235
streptococcus_anginosus,GCF_001412635.1,enterococcus_efaA,14,14,0
streptococcus_anginosus,GCF_001412635.1,enterococcus_gelE,14,14,0
streptococcus_anginosus,GCF_001412635.1,enterococcus_fsr,1,1,0
streptococcus_anginosus,GCF_001412635.1,enterococcus_ebp,0,0,0
streptococcus_anginosus,GCF_001412635.1,pseudomonas_alg,14,16,0
streptococcus_anginosus,GCF_001412635.1,pseudomonas_pel,50,50,0
streptococcus_anginosus,GCF_001412635.1,pseudomonas_psl,28,29,0
streptococcus_anginosus,GCF_001412635.1,pseudomonas_las,30,31,0
streptococcus_anginosus,GCF_001412635.1,pseudomonas_rhl,9,9,0
streptococcus_anginosus,GCF_001412635.1,pseudomonas_pqs,10,10,0
streptococcus_anginosus,GCF_001412635.1,pseudomonas_pili,35,22,14
streptococcus_anginosus,GCF_001412635.1,pseudomonas_cup,0,0,0
streptococcus_anginosus,GCF_001412635.1,pg_fimbriae,4,4,0
streptococcus_anginosus,GCF_001412635.1,pg_gingipain,38,40,0
streptococcus_anginosus,GCF_001412635.1,pg_hagA,2,2,0
streptococcus_anginosus,GCF_001412635.1,fn_adhesin,8,8,0
streptococcus_anginosus,GCF_001412635.1,tf_bspA,0,0,0
streptococcus_anginosus,GCF_001412635.1,td_virulence,23,25,0
streptococcus_anginosus,GCF_001697145.1,biofilm_ica,10,4,6
streptococcus_anginosus,GCF_001697145.1,biofilm_accumulation,87,89,0
streptococcus_anginosus,GCF_001697145.1,biofilm_bap,0,0,0
streptococcus_anginosus,GCF_001697145.1,adhesion_autolysin,18,18,0
streptococcus_anginosus,GCF_001697145.1,adhesion_fibronectin,2,0,2
streptococcus_anginosus,GCF_001697145.1,adhesion_clumping,3,3,0
streptococcus_anginosus,GCF_001697145.1,adhesion_collagen,23,10,13
streptococcus_anginosus,GCF_001697145.1,adhesion_sdr,9,10,0
streptococcus_anginosus,GCF_001697145.1,biofilm_sasG,8,8,0
streptococcus_anginosus,GCF_001697145.1,quorum_agr,13,14,0
streptococcus_anginosus,GCF_001697145.1,regulation_sarA,7,7,0
streptococcus_anginosus,GCF_001697145.1,stress_sigB,0,0,0
streptococcus_anginosus,GCF_001697145.1,streptococcus_gtf,14,11,3
streptococcus_anginosus,GCF_001697145.1,streptococcus_gbp,0,0,0
streptococcus_anginosus,GCF_001697145.1,streptococcus_spaP,20,17,4
streptococcus_anginosus,GCF_001697145.1,biofilm_brpA,1,0,1
streptococcus_anginosus,GCF_001697145.1,competence_com,7,0,7
streptococcus_anginosus,GCF_001697145.1,quorum_luxS,0,0,0
streptococcus_anginosus,GCF_001697145.1,regulation_vicRK,8,3,5
streptococcus_anginosus,GCF_001697145.1,sortase,13,3,10
streptococcus_anginosus,GCF_001697145.1,adhesion_enolase,130,0,130
streptococcus_anginosus,GCF_001697145.1,adhesion_fbp,7,0,7
streptococcus_anginosus,GCF_001697145.1,enterococcus_esp,104,53,53
streptococcus_anginosus,GCF_001697145.1,enterococcus_asa,0,0,0
streptococcus_anginosus,GCF_001697145.1,enterococcus_ace,250,15,235
streptococcus_anginosus,GCF_001697145.1,enterococcus_efaA,14,14,0
streptococcus_anginosus,GCF_001697145.1,enterococcus_gelE,9,10,0
streptococcus_anginosus,GCF_001697145.1,enterococcus_fsr,0,0,0
streptococcus_anginosus,GCF_001697145.1,enterococcus_ebp,4,0,4
streptococcus_anginosus,GCF_001697145.1,pseudomonas_alg,18,18,0
streptococcus_anginosus,GCF_001697145.1,pseudomonas_pel,57,47,10
streptococcus_anginosus,GCF_001697145.1,pseudomonas_psl,32,33,0
streptococcus_anginosus,GCF_001697145.1,pseudomonas_las,35,36,0
streptococcus_anginosus,GCF_001697145.1,pseudomonas_rhl,11,11,0
streptococcus_anginosus,GCF_001697145.1,pseudomonas_pqs,10,10,0
streptococcus_anginosus,GCF_001697145.1,pseudomonas_pili,38,25,14
streptococcus_anginosus,GCF_001697145.1,pseudomonas_cup,0,0,0
streptococcus_anginosus,GCF_001697145.1,pg_fimbriae,5,5,0
streptococcus_anginosus,GCF_001697145.1,pg_gingipain,37,39,0
streptococcus_anginosus,GCF_001697145.1,pg_hagA,1,1,0
streptococcus_anginosus,GCF_001697145.1,fn_adhesin,6,6,0
streptococcus_anginosus,GCF_001697145.1,tf_bspA,0,0,0
streptococcus_anginosus,GCF_001697145.1,td_virulence,25,25,0
streptococcus_anginosus,GCF_008726365.3,biofilm_ica,11,5,6
streptococcus_anginosus,GCF_008726365.3,biofilm_accumulation,84,84,0
streptococcus_anginosus,GCF_008726365.3,biofilm_bap,0,0,0
streptococcus_anginosus,GCF_008726365.3,adhesion_autolysin,16,16,0
streptococcus_anginosus,GCF_008726365.3,adhesion_fibronectin,2,0,2
streptococcus_anginosus,GCF_008726365.3,adhesion_clumping,1,1,0
streptococcus_anginosus,GCF_008726365.3,adhesion_collagen,16,10,6
streptococcus_anginosus,GCF_008726365.3,adhesion_sdr,5,6,0
streptococcus_anginosus,GCF_008726365.3,biofilm_sasG,6,6,0
streptococcus_anginosus,GCF_008726365.3,quorum_agr,12,12,0
streptococcus_anginosus,GCF_008726365.3,regulation_sarA,11,11,0
streptococcus_anginosus,GCF_008726365.3,stress_sigB,0,0,0
streptococcus_anginosus,GCF_008726365.3,streptococcus_gtf,14,13,1
streptococcus_anginosus,GCF_008726365.3,streptococcus_gbp,0,0,0
streptococcus_anginosus,GCF_008726365.3,streptococcus_spaP,11,9,2
streptococcus_anginosus,GCF_008726365.3,biofilm_brpA,1,0,1
streptococcus_anginosus,GCF_008726365.3,competence_com,9,0,9
streptococcus_anginosus,GCF_008726365.3,quorum_luxS,0,0,0
streptococcus_anginosus,GCF_008726365.3,regulation_vicRK,7,2,5
streptococcus_anginosus,GCF_008726365.3,sortase,7,5,2
streptococcus_anginosus,GCF_008726365.3,adhesion_enolase,143,0,143
streptococcus_anginosus,GCF_008726365.3,adhesion_fbp,7,0,7
streptococcus_anginosus,GCF_008726365.3,enterococcus_esp,100,51,51
streptococcus_anginosus,GCF_008726365.3,enterococcus_asa,0,0,0
streptococcus_anginosus,GCF_008726365.3,enterococcus_ace,244,16,228
streptococcus_anginosus,GCF_008726365.3,enterococcus_efaA,7,7,0
streptococcus_anginosus,GCF_008726365.3,enterococcus_gelE,11,11,0
streptococcus_anginosus,GCF_008726365.3,enterococcus_fsr,3,3,0
streptococcus_anginosus,GCF_008726365.3,enterococcus_ebp,0,0,0
streptococcus_anginosus,GCF_008726365.3,pseudomonas_alg,17,18,0
streptococcus_anginosus,GCF_008726365.3,pseudomonas_pel,46,46,0
streptococcus_anginosus,GCF_008726365.3,pseudomonas_psl,27,27,0
streptococcus_anginosus,GCF_008726365.3,pseudomonas_las,28,29,0
streptococcus_anginosus,GCF_008726365.3,pseudomonas_rhl,9,9,0
streptococcus_anginosus,GCF_008726365.3,pseudomonas_pqs,14,14,0
streptococcus_anginosus,GCF_008726365.3,pseudomonas_pili,36,23,14
streptococcus_anginosus,GCF_008726365.3,pseudomonas_cup,0,0,0
streptococcus_anginosus,GCF_008726365.3,pg_fimbriae,4,4,0
streptococcus_anginosus,GCF_008726365.3,pg_gingipain,37,39,0
streptococcus_anginosus,GCF_008726365.3,pg_hagA,1,1,0
streptococcus_anginosus,GCF_008726365.3,fn_adhesin,7,7,0
streptococcus_anginosus,GCF_008726365.3,tf_bspA,0,0,0
streptococcus_anginosus,GCF_008726365.3,td_virulence,28,29,0
streptococcus_anginosus,GCF_900636475.1,biofilm_ica,10,4,6
streptococcus_anginosus,GCF_900636475.1,biofilm_accumulation,83,83,0
streptococcus_anginosus,GCF_900636475.1,biofilm_bap,0,0,0
streptococcus_anginosus,GCF_900636475.1,adhesion_autolysin,21,22,0
streptococcus_anginosus,GCF_900636475.1,adhesion_fibronectin,2,0,2
streptococcus_anginosus,GCF_900636475.1,adhesion_clumping,2,2,0
streptococcus_anginosus,GCF_900636475.1,adhesion_collagen,20,9,11
streptococcus_anginosus,GCF_900636475.1,adhesion_sdr,8,9,0
streptococcus_anginosus,GCF_900636475.1,biofilm_sasG,5,5,0
streptococcus_anginosus,GCF_900636475.1,quorum_agr,13,13,0
streptococcus_anginosus,GCF_900636475.1,regulation_sarA,8,8,0
streptococcus_anginosus,GCF_900636475.1,stress_sigB,0,0,0
streptococcus_anginosus,GCF_900636475.1,streptococcus_gtf,11,10,1
streptococcus_anginosus,GCF_900636475.1,streptococcus_gbp,2,0,2
streptococcus_anginosus,GCF_900636475.1,streptococcus_spaP,8,9,0
streptococcus_anginosus,GCF_900636475.1,biofilm_brpA,1,0,1
streptococcus_anginosus,GCF_900636475.1,competence_com,7,0,7
streptococcus_anginosus,GCF_900636475.1,quorum_luxS,0,0,0
streptococcus_anginosus,GCF_900636475.1,regulation_vicRK,7,2,5
streptococcus_anginosus,GCF_900636475.1,sortase,10,5,5
streptococcus_anginosus,GCF_900636475.1,adhesion_enolase,119,0,119
streptococcus_anginosus,GCF_900636475.1,adhesion_fbp,7,0,7
streptococcus_anginosus,GCF_900636475.1,enterococcus_esp,106,56,52
streptococcus_anginosus,GCF_900636475.1,enterococcus_asa,0,0,0
streptococcus_anginosus,GCF_900636475.1,enterococcus_ace,257,12,245
streptococcus_anginosus,GCF_900636475.1,enterococcus_efaA,12,12,0
streptococcus_anginosus,GCF_900636475.1,enterococcus_gelE,9,9,0
streptococcus_anginosus,GCF_900636475.1,enterococcus_fsr,0,0,0
streptococcus_anginosus,GCF_900636475.1,enterococcus_ebp,0,0,0
streptococcus_anginosus,GCF_900636475.1,pseudomonas_alg,15,15,0
streptococcus_anginosus,GCF_900636475.1,pseudomonas_pel,46,46,0
streptococcus_anginosus,GCF_900636475.1,pseudomonas_psl,27,27,0
streptococcus_anginosus,GCF_900636475.1,pseudomonas_las,34,35,0
streptococcus_anginosus,GCF_900636475.1,pseudomonas_rhl,8,8,0
streptococcus_anginosus,GCF_900636475.1,pseudomonas_pqs,12,12,0
streptococcus_anginosus,GCF_900636475.1,pseudomonas_pili,37,24,14
streptococcus_anginosus,GCF_900636475.1,pseudomonas_cup,0,0,0
streptococcus_anginosus,GCF_900636475.1,pg_fimbriae,4,4,0
streptococcus_anginosus,GCF_900636475.1,pg_gingipain,36,38,0
streptococcus_anginosus,GCF_900636475.1,pg_hagA,2,2,0
streptococcus_anginosus,GCF_900636475.1,fn_adhesin,7,7,0
streptococcus_anginosus,GCF_900636475.1,tf_bspA,0,0,0
streptococcus_anginosus,GCF_900636475.1,td_virulence,24,25,0
streptococcus_mitis,GCF_000722765.2,biofilm_ica,7,1,6
streptococcus_mitis,GCF_000722765.2,biofilm_accumulation,86,87,0
streptococcus_mitis,GCF_000722765.2,biofilm_bap,0,0,0
streptococcus_mitis,GCF_000722765.2,adhesion_autolysin,12,12,0
streptococcus_mitis,GCF_000722765.2,adhesion_fibronectin,2,0,2
streptococcus_mitis,GCF_000722765.2,adhesion_clumping,1,1,0
streptococcus_mitis,GCF_000722765.2,adhesion_collagen,6,7,0
streptococcus_mitis,GCF_000722765.2,adhesion_sdr,9,9,0
streptococcus_mitis,GCF_000722765.2,biofilm_sasG,4,4,0
streptococcus_mitis,GCF_000722765.2,quorum_agr,17,17,0
streptococcus_mitis,GCF_000722765.2,regulation_sarA,6,6,0
streptococcus_mitis,GCF_000722765.2,stress_sigB,0,0,0
streptococcus_mitis,GCF_000722765.2,streptococcus_gtf,16,10,6
streptococcus_mitis,GCF_000722765.2,streptococcus_gbp,0,0,0
streptococcus_mitis,GCF_000722765.2,streptococcus_spaP,12,13,0
streptococcus_mitis,GCF_000722765.2,biofilm_brpA,1,0,1
streptococcus_mitis,GCF_000722765.2,competence_com,17,0,17
streptococcus_mitis,GCF_000722765.2,quorum_luxS,0,0,0
streptococcus_mitis,GCF_000722765.2,regulation_vicRK,8,3,5
streptococcus_mitis,GCF_000722765.2,sortase,14,5,9
streptococcus_mitis,GCF_000722765.2,adhesion_enolase,104,0,104
streptococcus_mitis,GCF_000722765.2,adhesion_fbp,2,0,2
streptococcus_mitis,GCF_000722765.2,enterococcus_esp,120,56,65
streptococcus_mitis,GCF_000722765.2,enterococcus_asa,0,0,0
streptococcus_mitis,GCF_000722765.2,enterococcus_ace,273,10,263
streptococcus_mitis,GCF_000722765.2,enterococcus_efaA,7,7,0
streptococcus_mitis,GCF_000722765.2,enterococcus_gelE,9,9,0
streptococcus_mitis,GCF_000722765.2,enterococcus_fsr,4,4,0
streptococcus_mitis,GCF_000722765.2,enterococcus_ebp,0,0,0
streptococcus_mitis,GCF_000722765.2,pseudomonas_alg,17,17,0
streptococcus_mitis,GCF_000722765.2,pseudomonas_pel,57,62,0
streptococcus_mitis,GCF_000722765.2,pseudomonas_psl,30,32,0
streptococcus_mitis,GCF_000722765.2,pseudomonas_las,40,41,0
streptococcus_mitis,GCF_000722765.2,pseudomonas_rhl,9,9,0
streptococcus_mitis,GCF_000722765.2,pseudomonas_pqs,10,12,0
streptococcus_mitis,GCF_000722765.2,pseudomonas_pili,42,30,14
streptococcus_mitis,GCF_000722765.2,pseudomonas_cup,0,0,0
streptococcus_mitis,GCF_000722765.2,pg_fimbriae,2,2,0
streptococcus_mitis,GCF_000722765.2,pg_gingipain,37,39,0
streptococcus_mitis,GCF_000722765.2,pg_hagA,3,3,0
streptococcus_mitis,GCF_000722765.2,fn_adhesin,3,4,0
streptococcus_mitis,GCF_000722765.2,tf_bspA,0,0,0
streptococcus_mitis,GCF_000722765.2,td_virulence,26,26,0
streptococcus_mitis,GCF_001281025.1,biofilm_ica,5,1,4
streptococcus_mitis,GCF_001281025.1,biofilm_accumulation,71,72,0
streptococcus_mitis,GCF_001281025.1,biofilm_bap,0,0,0
streptococcus_mitis,GCF_001281025.1,adhesion_autolysin,16,16,0
streptococcus_mitis,GCF_001281025.1,adhesion_fibronectin,2,0,2
streptococcus_mitis,GCF_001281025.1,adhesion_clumping,2,2,0
streptococcus_mitis,GCF_001281025.1,adhesion_collagen,9,10,0
streptococcus_mitis,GCF_001281025.1,adhesion_sdr,10,10,0
streptococcus_mitis,GCF_001281025.1,biofilm_sasG,5,5,0
streptococcus_mitis,GCF_001281025.1,quorum_agr,17,17,0
streptococcus_mitis,GCF_001281025.1,regulation_sarA,7,7,0
streptococcus_mitis,GCF_001281025.1,stress_sigB,0,0,0
streptococcus_mitis,GCF_001281025.1,streptococcus_gtf,8,7,1
streptococcus_mitis,GCF_001281025.1,streptococcus_gbp,0,0,0
streptococcus_mitis,GCF_001281025.1,streptococcus_spaP,10,12,0
streptococcus_mitis,GCF_001281025.1,biofilm_brpA,1,0,1
streptococcus_mitis,GCF_001281025.1,competence_com,17,0,17
streptococcus_mitis,GCF_001281025.1,quorum_luxS,0,0,0
streptococcus_mitis,GCF_001281025.1,regulation_vicRK,9,4,5
streptococcus_mitis,GCF_001281025.1,sortase,10,7,3
streptococcus_mitis,GCF_001281025.1,adhesion_enolase,105,0,105
streptococcus_mitis,GCF_001281025.1,adhesion_fbp,2,0,2
streptococcus_mitis,GCF_001281025.1,enterococcus_esp,139,64,77
streptococcus_mitis,GCF_001281025.1,enterococcus_asa,0,0,0
streptococcus_mitis,GCF_001281025.1,enterococcus_ace,293,12,281
streptococcus_mitis,GCF_001281025.1,enterococcus_efaA,7,7,0
streptococcus_mitis,GCF_001281025.1,enterococcus_gelE,9,9,0
streptococcus_mitis,GCF_001281025.1,enterococcus_fsr,1,1,0
streptococcus_mitis,GCF_001281025.1,enterococcus_ebp,0,0,0
streptococcus_mitis,GCF_001281025.1,pseudomonas_alg,19,19,0
streptococcus_mitis,GCF_001281025.1,pseudomonas_pel,63,67,0
streptococcus_mitis,GCF_001281025.1,pseudomonas_psl,28,32,0
streptococcus_mitis,GCF_001281025.1,pseudomonas_las,43,45,0
streptococcus_mitis,GCF_001281025.1,pseudomonas_rhl,9,9,0
streptococcus_mitis,GCF_001281025.1,pseudomonas_pqs,11,12,0
streptococcus_mitis,GCF_001281025.1,pseudomonas_pili,41,28,14
streptococcus_mitis,GCF_001281025.1,pseudomonas_cup,0,0,0
streptococcus_mitis,GCF_001281025.1,pg_fimbriae,1,1,0
streptococcus_mitis,GCF_001281025.1,pg_gingipain,36,38,0
streptococcus_mitis,GCF_001281025.1,pg_hagA,3,3,0
streptococcus_mitis,GCF_001281025.1,fn_adhesin,7,8,0
streptococcus_mitis,GCF_001281025.1,tf_bspA,0,0,0
streptococcus_mitis,GCF_001281025.1,td_virulence,23,23,0
streptococcus_mitis,GCF_009730515.1,biofilm_ica,5,1,4
streptococcus_mitis,GCF_009730515.1,biofilm_accumulation,80,80,0
streptococcus_mitis,GCF_009730515.1,biofilm_bap,0,0,0
streptococcus_mitis,GCF_009730515.1,adhesion_autolysin,15,15,0
streptococcus_mitis,GCF_009730515.1,adhesion_fibronectin,2,0,2
streptococcus_mitis,GCF_009730515.1,adhesion_clumping,1,1,0
streptococcus_mitis,GCF_009730515.1,adhesion_collagen,9,10,0
streptococcus_mitis,GCF_009730515.1,adhesion_sdr,5,5,0
streptococcus_mitis,GCF_009730515.1,biofilm_sasG,4,5,0
streptococcus_mitis,GCF_009730515.1,quorum_agr,13,13,0
streptococcus_mitis,GCF_009730515.1,regulation_sarA,6,6,0
streptococcus_mitis,GCF_009730515.1,stress_sigB,0,0,0
streptococcus_mitis,GCF_009730515.1,streptococcus_gtf,10,9,1
streptococcus_mitis,GCF_009730515.1,streptococcus_gbp,0,0,0
streptococcus_mitis,GCF_009730515.1,streptococcus_spaP,13,15,0
streptococcus_mitis,GCF_009730515.1,biofilm_brpA,1,0,1
streptococcus_mitis,GCF_009730515.1,competence_com,17,0,17
streptococcus_mitis,GCF_009730515.1,quorum_luxS,0,0,0
streptococcus_mitis,GCF_009730515.1,regulation_vicRK,7,2,5
streptococcus_mitis,GCF_009730515.1,sortase,10,5,5
streptococcus_mitis,GCF_009730515.1,adhesion_enolase,113,0,113
streptococcus_mitis,GCF_009730515.1,adhesion_fbp,2,0,2
streptococcus_mitis,GCF_009730515.1,enterococcus_esp,142,67,76
streptococcus_mitis,GCF_009730515.1,enterococcus_asa,0,0,0
streptococcus_mitis,GCF_009730515.1,enterococcus_ace,258,10,248
streptococcus_mitis,GCF_009730515.1,enterococcus_efaA,7,7,0
streptococcus_mitis,GCF_009730515.1,enterococcus_gelE,10,10,0
streptococcus_mitis,GCF_009730515.1,enterococcus_fsr,2,2,0
streptococcus_mitis,GCF_009730515.1,enterococcus_ebp,0,0,0
streptococcus_mitis,GCF_009730515.1,pseudomonas_alg,16,16,0
streptococcus_mitis,GCF_009730515.1,pseudomonas_pel,57,62,0
streptococcus_mitis,GCF_009730515.1,pseudomonas_psl,31,33,0
streptococcus_mitis,GCF_009730515.1,pseudomonas_las,39,41,0
streptococcus_mitis,GCF_009730515.1,pseudomonas_rhl,9,10,0
streptococcus_mitis,GCF_009730515.1,pseudomonas_pqs,9,10,0
streptococcus_mitis,GCF_009730515.1,pseudomonas_pili,39,28,12
streptococcus_mitis,GCF_009730515.1,pseudomonas_cup,0,0,0
streptococcus_mitis,GCF_009730515.1,pg_fimbriae,1,1,0
streptococcus_mitis,GCF_009730515.1,pg_gingipain,33,35,0
streptococcus_mitis,GCF_009730515.1,pg_hagA,4,4,0
streptococcus_mitis,GCF_009730515.1,fn_adhesin,3,5,0
streptococcus_mitis,GCF_009730515.1,tf_bspA,0,0,0
streptococcus_mitis,GCF_009730515.1,td_virulence,23,23,0
streptococcus_mitis,GCF_013305725.1,biofilm_ica,5,1,4
streptococcus_mitis,GCF_013305725.1,biofilm_accumulation,78,78,0
streptococcus_mitis,GCF_013305725.1,biofilm_bap,0,0,0
streptococcus_mitis,GCF_013305725.1,adhesion_autolysin,16,16,0
streptococcus_mitis,GCF_013305725.1,adhesion_fibronectin,2,0,2
streptococcus_mitis,GCF_013305725.1,adhesion_clumping,1,1,0
streptococcus_mitis,GCF_013305725.1,adhesion_collagen,7,8,0
streptococcus_mitis,GCF_013305725.1,adhesion_sdr,14,15,0
streptococcus_mitis,GCF_013305725.1,biofilm_sasG,6,6,0
streptococcus_mitis,GCF_013305725.1,quorum_agr,26,26,0
streptococcus_mitis,GCF_013305725.1,regulation_sarA,9,9,0
streptococcus_mitis,GCF_013305725.1,stress_sigB,0,0,0
streptococcus_mitis,GCF_013305725.1,streptococcus_gtf,14,9,6
streptococcus_mitis,GCF_013305725.1,streptococcus_gbp,0,0,0
streptococcus_mitis,GCF_013305725.1,streptococcus_spaP,14,14,0
streptococcus_mitis,GCF_013305725.1,biofilm_brpA,5,0,5
streptococcus_mitis,GCF_013305725.1,competence_com,17,0,17
streptococcus_mitis,GCF_013305725.1,quorum_luxS,0,0,0
streptococcus_mitis,GCF_013305725.1,regulation_vicRK,9,4,5
streptococcus_mitis,GCF_013305725.1,sortase,11,7,4
streptococcus_mitis,GCF_013305725.1,adhesion_enolase,99,0,99
streptococcus_mitis,GCF_013305725.1,adhesion_fbp,2,0,2
streptococcus_mitis,GCF_013305725.1,enterococcus_esp,128,67,62
streptococcus_mitis,GCF_013305725.1,enterococcus_asa,0,0,0
streptococcus_mitis,GCF_013305725.1,enterococcus_ace,260,12,248
streptococcus_mitis,GCF_013305725.1,enterococcus_efaA,7,7,0
streptococcus_mitis,GCF_013305725.1,enterococcus_gelE,11,11,0
streptococcus_mitis,GCF_013305725.1,enterococcus_fsr,3,3,0
streptococcus_mitis,GCF_013305725.1,enterococcus_ebp,0,0,0
streptococcus_mitis,GCF_013305725.1,pseudomonas_alg,18,18,0
streptococcus_mitis,GCF_013305725.1,pseudomonas_pel,54,61,0
streptococcus_mitis,GCF_013305725.1,pseudomonas_psl,41,45,0
streptococcus_mitis,GCF_013305725.1,pseudomonas_las,40,42,0
streptococcus_mitis,GCF_013305725.1,pseudomonas_rhl,11,11,0
streptococcus_mitis,GCF_013305725.1,pseudomonas_pqs,5,6,0
streptococcus_mitis,GCF_013305725.1,pseudomonas_pili,44,33,12
streptococcus_mitis,GCF_013305725.1,pseudomonas_cup,0,0,0
streptococcus_mitis,GCF_013305725.1,pg_fimbriae,1,1,0
streptococcus_mitis,GCF_013305725.1,pg_gingipain,47,49,0
streptococcus_mitis,GCF_013305725.1,pg_hagA,3,3,0
streptococcus_mitis,GCF_013305725.1,fn_adhesin,4,6,0
streptococcus_mitis,GCF_013305725.1,tf_bspA,0,0,0
streptococcus_mitis,GCF_013305725.1,td_virulence,22,22,0
streptococcus_mitis,GCF_018603625.2,biofilm_ica,5,1,4
streptococcus_mitis,GCF_018603625.2,biofilm_accumulation,78,78,0
streptococcus_mitis,GCF_018603625.2,biofilm_bap,0,0,0
streptococcus_mitis,GCF_018603625.2,adhesion_autolysin,12,12,0
streptococcus_mitis,GCF_018603625.2,adhesion_fibronectin,2,0,2
streptococcus_mitis,GCF_018603625.2,adhesion_clumping,1,1,0
streptococcus_mitis,GCF_018603625.2,adhesion_collagen,6,7,0
streptococcus_mitis,GCF_018603625.2,adhesion_sdr,11,11,0
streptococcus_mitis,GCF_018603625.2,biofilm_sasG,5,5,0
streptococcus_mitis,GCF_018603625.2,quorum_agr,28,28,0
streptococcus_mitis,GCF_018603625.2,regulation_sarA,8,8,0
streptococcus_mitis,GCF_018603625.2,stress_sigB,0,0,0
streptococcus_mitis,GCF_018603625.2,streptococcus_gtf,14,8,6
streptococcus_mitis,GCF_018603625.2,streptococcus_gbp,0,0,0
streptococcus_mitis,GCF_018603625.2,streptococcus_spaP,13,13,0
streptococcus_mitis,GCF_018603625.2,biofilm_brpA,5,0,5
streptococcus_mitis,GCF_018603625.2,competence_com,17,0,17
streptococcus_mitis,GCF_018603625.2,quorum_luxS,0,0,0
streptococcus_mitis,GCF_018603625.2,regulation_vicRK,8,3,5
streptococcus_mitis,GCF_018603625.2,sortase,6,3,3
streptococcus_mitis,GCF_018603625.2,adhesion_enolase,101,0,101
streptococcus_mitis,GCF_018603625.2,adhesion_fbp,2,0,2
streptococcus_mitis,GCF_018603625.2,enterococcus_esp,128,67,62
streptococcus_mitis,GCF_018603625.2,enterococcus_asa,0,0,0
streptococcus_mitis,GCF_018603625.2,enterococcus_ace,241,10,231
streptococcus_mitis,GCF_018603625.2,enterococcus_efaA,6,6,0
streptococcus_mitis,GCF_018603625.2,enterococcus_gelE,10,10,0
streptococcus_mitis,GCF_018603625.2,enterococcus_fsr,3,3,0
streptococcus_mitis,GCF_018603625.2,enterococcus_ebp,0,0,0
streptococcus_mitis,GCF_018603625.2,pseudomonas_alg,14,14,0
streptococcus_mitis,GCF_018603625.2,pseudomonas_pel,64,68,0
streptococcus_mitis,GCF_018603625.2,pseudomonas_psl,34,36,0
streptococcus_mitis,GCF_018603625.2,pseudomonas_las,42,43,0
streptococcus_mitis,GCF_018603625.2,pseudomonas_rhl,8,8,0
streptococcus_mitis,GCF_018603625.2,pseudomonas_pqs,10,11,0
streptococcus_mitis,GCF_018603625.2,pseudomonas_pili,42,31,12
streptococcus_mitis,GCF_018603625.2,pseudomonas_cup,0,0,0
streptococcus_mitis,GCF_018603625.2,pg_fimbriae,1,1,0
streptococcus_mitis,GCF_018603625.2,pg_gingipain,50,52,0
streptococcus_mitis,GCF_018603625.2,pg_hagA,3,4,0
streptococcus_mitis,GCF_018603625.2,fn_adhesin,4,6,0
streptococcus_mitis,GCF_018603625.2,tf_bspA,0,0,0
streptococcus_mitis,GCF_018603625.2,td_virulence,25,25,0
streptococcus_oralis,GCF_001983955.1,biofilm_ica,5,1,4
streptococcus_oralis,GCF_001983955.1,biofilm_accumulation,89,89,0
streptococcus_oralis,GCF_001983955.1,biofilm_bap,0,0,0
streptococcus_oralis,GCF_001983955.1,adhesion_autolysin,14,14,0
streptococcus_oralis,GCF_001983955.1,adhesion_fibronectin,2,0,2
streptococcus_oralis,GCF_001983955.1,adhesion_clumping,2,2,0
streptococcus_oralis,GCF_001983955.1,adhesion_collagen,12,9,4
streptococcus_oralis,GCF_001983955.1,adhesion_sdr,15,15,0
streptococcus_oralis,GCF_001983955.1,biofilm_sasG,4,4,0
streptococcus_oralis,GCF_001983955.1,quorum_agr,16,16,0
streptococcus_oralis,GCF_001983955.1,regulation_sarA,13,13,0
streptococcus_oralis,GCF_001983955.1,stress_sigB,0,0,0
streptococcus_oralis,GCF_001983955.1,streptococcus_gtf,8,7,1
streptococcus_oralis,GCF_001983955.1,streptococcus_gbp,0,0,0
streptococcus_oralis,GCF_001983955.1,streptococcus_spaP,9,10,0
streptococcus_oralis,GCF_001983955.1,biofilm_brpA,1,0,1
streptococcus_oralis,GCF_001983955.1,competence_com,17,0,17
streptococcus_oralis,GCF_001983955.1,quorum_luxS,0,0,0
streptococcus_oralis,GCF_001983955.1,regulation_vicRK,7,2,5
streptococcus_oralis,GCF_001983955.1,sortase,12,6,7
streptococcus_oralis,GCF_001983955.1,adhesion_enolase,104,0,104
streptococcus_oralis,GCF_001983955.1,adhesion_fbp,2,0,2
streptococcus_oralis,GCF_001983955.1,enterococcus_esp,131,69,63
streptococcus_oralis,GCF_001983955.1,enterococcus_asa,0,0,0
streptococcus_oralis,GCF_001983955.1,enterococcus_ace,280,14,266
streptococcus_oralis,GCF_001983955.1,enterococcus_efaA,8,8,0
streptococcus_oralis,GCF_001983955.1,enterococcus_gelE,15,15,0
streptococcus_oralis,GCF_001983955.1,enterococcus_fsr,2,2,0
streptococcus_oralis,GCF_001983955.1,enterococcus_ebp,0,0,0
streptococcus_oralis,GCF_001983955.1,pseudomonas_alg,16,17,0
streptococcus_oralis,GCF_001983955.1,pseudomonas_pel,66,69,0
streptococcus_oralis,GCF_001983955.1,pseudomonas_psl,35,39,0
streptococcus_oralis,GCF_001983955.1,pseudomonas_las,36,39,0
streptococcus_oralis,GCF_001983955.1,pseudomonas_rhl,8,8,0
streptococcus_oralis,GCF_001983955.1,pseudomonas_pqs,10,12,0
streptococcus_oralis,GCF_001983955.1,pseudomonas_pili,37,24,14
streptococcus_oralis,GCF_001983955.1,pseudomonas_cup,0,0,0
streptococcus_oralis,GCF_001983955.1,pg_fimbriae,1,1,0
streptococcus_oralis,GCF_001983955.1,pg_gingipain,42,44,0
streptococcus_oralis,GCF_001983955.1,pg_hagA,4,4,0
streptococcus_oralis,GCF_001983955.1,fn_adhesin,7,8,0
streptococcus_oralis,GCF_001983955.1,tf_bspA,0,0,0
streptococcus_oralis,GCF_001983955.1,td_virulence,23,23,0
streptococcus_oralis,GCF_002386345.1,biofilm_ica,5,1,4
streptococcus_oralis,GCF_002386345.1,biofilm_accumulation,82,83,0
streptococcus_oralis,GCF_002386345.1,biofilm_bap,0,0,0
streptococcus_oralis,GCF_002386345.1,adhesion_autolysin,13,13,0
streptococcus_oralis,GCF_002386345.1,adhesion_fibronectin,2,0,2
streptococcus_oralis,GCF_002386345.1,adhesion_clumping,1,1,0
streptococcus_oralis,GCF_002386345.1,adhesion_collagen,9,8,2
streptococcus_oralis,GCF_002386345.1,adhesion_sdr,20,20,0
streptococcus_oralis,GCF_002386345.1,biofilm_sasG,4,4,0
streptococcus_oralis,GCF_002386345.1,quorum_agr,16,16,0
streptococcus_oralis,GCF_002386345.1,regulation_sarA,8,8,0
streptococcus_oralis,GCF_002386345.1,stress_sigB,0,0,0
streptococcus_oralis,GCF_002386345.1,streptococcus_gtf,9,8,2
streptococcus_oralis,GCF_002386345.1,streptococcus_gbp,0,0,0
streptococcus_oralis,GCF_002386345.1,streptococcus_spaP,12,11,2
streptococcus_oralis,GCF_002386345.1,biofilm_brpA,1,0,1
streptococcus_oralis,GCF_002386345.1,competence_com,17,0,17
streptococcus_oralis,GCF_002386345.1,quorum_luxS,0,0,0
streptococcus_oralis,GCF_002386345.1,regulation_vicRK,7,2,5
streptococcus_oralis,GCF_002386345.1,sortase,16,8,8
streptococcus_oralis,GCF_002386345.1,adhesion_enolase,105,0,105
streptococcus_oralis,GCF_002386345.1,adhesion_fbp,2,0,2
streptococcus_oralis,GCF_002386345.1,enterococcus_esp,124,71,54
streptococcus_oralis,GCF_002386345.1,enterococcus_asa,0,0,0
streptococcus_oralis,GCF_002386345.1,enterococcus_ace,261,12,249
streptococcus_oralis,GCF_002386345.1,enterococcus_efaA,8,8,0
streptococcus_oralis,GCF_002386345.1,enterococcus_gelE,13,13,0
streptococcus_oralis,GCF_002386345.1,enterococcus_fsr,2,2,0
streptococcus_oralis,GCF_002386345.1,enterococcus_ebp,0,0,0
streptococcus_oralis,GCF_002386345.1,pseudomonas_alg,19,19,0
streptococcus_oralis,GCF_002386345.1,pseudomonas_pel,70,75,0
streptococcus_oralis,GCF_002386345.1,pseudomonas_psl,35,39,0
streptococcus_oralis,GCF_002386345.1,pseudomonas_las,35,36,0
streptococcus_oralis,GCF_002386345.1,pseudomonas_rhl,9,9,0
streptococcus_oralis,GCF_002386345.1,pseudomonas_pqs,10,13,0
streptococcus_oralis,GCF_002386345.1,pseudomonas_pili,40,27,14
streptococcus_oralis,GCF_002386345.1,pseudomonas_cup,0,0,0
streptococcus_oralis,GCF_002386345.1,pg_fimbriae,1,1,0
streptococcus_oralis,GCF_002386345.1,pg_gingipain,36,38,0
streptococcus_oralis,GCF_002386345.1,pg_hagA,6,6,0
streptococcus_oralis,GCF_002386345.1,fn_adhesin,9,10,0
streptococcus_oralis,GCF_002386345.1,tf_bspA,0,0,0
streptococcus_oralis,GCF_002386345.1,td_virulence,26,26,0
streptococcus_oralis,GCF_007475365.1,biofilm_ica,5,1,4
streptococcus_oralis,GCF_007475365.1,biofilm_accumulation,66,66,0
streptococcus_oralis,GCF_007475365.1,biofilm_bap,0,0,0
streptococcus_oralis,GCF_007475365.1,adhesion_autolysin,14,14,0
streptococcus_oralis,GCF_007475365.1,adhesion_fibronectin,2,0,2
streptococcus_oralis,GCF_007475365.1,adhesion_clumping,1,1,0
streptococcus_oralis,GCF_007475365.1,adhesion_collagen,9,10,0
streptococcus_oralis,GCF_007475365.1,adhesion_sdr,14,14,0
streptococcus_oralis,GCF_007475365.1,biofilm_sasG,8,8,0
streptococcus_oralis,GCF_007475365.1,quorum_agr,15,15,0
streptococcus_oralis,GCF_007475365.1,regulation_sarA,11,11,0
streptococcus_oralis,GCF_007475365.1,stress_sigB,0,0,0
streptococcus_oralis,GCF_007475365.1,streptococcus_gtf,13,8,6
streptococcus_oralis,GCF_007475365.1,streptococcus_gbp,0,0,0
streptococcus_oralis,GCF_007475365.1,streptococcus_spaP,18,15,4
streptococcus_oralis,GCF_007475365.1,biofilm_brpA,1,0,1
streptococcus_oralis,GCF_007475365.1,competence_com,17,0,17
streptococcus_oralis,GCF_007475365.1,quorum_luxS,0,0,0
streptococcus_oralis,GCF_007475365.1,regulation_vicRK,7,2,5
streptococcus_oralis,GCF_007475365.1,sortase,12,8,4
streptococcus_oralis,GCF_007475365.1,adhesion_enolase,104,0,104
streptococcus_oralis,GCF_007475365.1,adhesion_fbp,2,0,2
streptococcus_oralis,GCF_007475365.1,enterococcus_esp,124,70,55
streptococcus_oralis,GCF_007475365.1,enterococcus_asa,0,0,0
streptococcus_oralis,GCF_007475365.1,enterococcus_ace,261,15,246
streptococcus_oralis,GCF_007475365.1,enterococcus_efaA,7,7,0
streptococcus_oralis,GCF_007475365.1,enterococcus_gelE,13,13,0
streptococcus_oralis,GCF_007475365.1,enterococcus_fsr,1,1,0
streptococcus_oralis,GCF_007475365.1,enterococcus_ebp,0,0,0
streptococcus_oralis,GCF_007475365.1,pseudomonas_alg,20,21,0
streptococcus_oralis,GCF_007475365.1,pseudomonas_pel,56,59,0
streptococcus_oralis,GCF_007475365.1,pseudomonas_psl,31,35,0
streptococcus_oralis,GCF_007475365.1,pseudomonas_las,28,31,0
streptococcus_oralis,GCF_007475365.1,pseudomonas_rhl,7,7,0
streptococcus_oralis,GCF_007475365.1,pseudomonas_pqs,11,13,0
streptococcus_oralis,GCF_007475365.1,pseudomonas_pili,40,27,14
streptococcus_oralis,GCF_007475365.1,pseudomonas_cup,0,0,0
streptococcus_oralis,GCF_007475365.1,pg_fimbriae,1,1,0
streptococcus_oralis,GCF_007475365.1,pg_gingipain,40,43,0
streptococcus_oralis,GCF_007475365.1,pg_hagA,3,3,0
streptococcus_oralis,GCF_007475365.1,fn_adhesin,10,11,0
streptococcus_oralis,GCF_007475365.1,tf_bspA,0,0,0
streptococcus_oralis,GCF_007475365.1,td_virulence,26,26,0
streptococcus_oralis,GCF_016028175.1,biofilm_ica,5,1,4
streptococcus_oralis,GCF_016028175.1,biofilm_accumulation,79,80,0
streptococcus_oralis,GCF_016028175.1,biofilm_bap,0,0,0
streptococcus_oralis,GCF_016028175.1,adhesion_autolysin,13,13,0
streptococcus_oralis,GCF_016028175.1,adhesion_fibronectin,2,0,2
streptococcus_oralis,GCF_016028175.1,adhesion_clumping,1,1,0
streptococcus_oralis,GCF_016028175.1,adhesion_collagen,6,7,0
streptococcus_oralis,GCF_016028175.1,adhesion_sdr,11,11,0
streptococcus_oralis,GCF_016028175.1,biofilm_sasG,7,7,0
streptococcus_oralis,GCF_016028175.1,quorum_agr,15,15,0
streptococcus_oralis,GCF_016028175.1,regulation_sarA,12,12,0
streptococcus_oralis,GCF_016028175.1,stress_sigB,0,0,0
streptococcus_oralis,GCF_016028175.1,streptococcus_gtf,14,8,6
streptococcus_oralis,GCF_016028175.1,streptococcus_gbp,0,0,0
streptococcus_oralis,GCF_016028175.1,streptococcus_spaP,7,8,0
streptococcus_oralis,GCF_016028175.1,biofilm_brpA,1,0,1
streptococcus_oralis,GCF_016028175.1,competence_com,17,0,17
streptococcus_oralis,GCF_016028175.1,quorum_luxS,0,0,0
streptococcus_oralis,GCF_016028175.1,regulation_vicRK,6,1,5
streptococcus_oralis,GCF_016028175.1,sortase,9,6,3
streptococcus_oralis,GCF_016028175.1,adhesion_enolase,106,0,106
streptococcus_oralis,GCF_016028175.1,adhesion_fbp,2,0,2
streptococcus_oralis,GCF_016028175.1,enterococcus_esp,133,78,56
streptococcus_oralis,GCF_016028175.1,enterococcus_asa,0,0,0
streptococcus_oralis,GCF_016028175.1,enterococcus_ace,256,11,245
streptococcus_oralis,GCF_016028175.1,enterococcus_efaA,6,6,0
streptococcus_oralis,GCF_016028175.1,enterococcus_gelE,16,16,0
streptococcus_oralis,GCF_016028175.1,enterococcus_fsr,2,2,0
streptococcus_oralis,GCF_016028175.1,enterococcus_ebp,0,0,0
streptococcus_oralis,GCF_016028175.1,pseudomonas_alg,19,20,0
streptococcus_oralis,GCF_016028175.1,pseudomonas_pel,58,59,0
streptococcus_oralis,GCF_016028175.1,pseudomonas_psl,39,42,0
streptococcus_oralis,GCF_016028175.1,pseudomonas_las,35,37,0
streptococcus_oralis,GCF_016028175.1,pseudomonas_rhl,7,7,0
streptococcus_oralis,GCF_016028175.1,pseudomonas_pqs,9,10,0
streptococcus_oralis,GCF_016028175.1,pseudomonas_pili,41,28,14
streptococcus_oralis,GCF_016028175.1,pseudomonas_cup,0,0,0
streptococcus_oralis,GCF_016028175.1,pg_fimbriae,1,1,0
streptococcus_oralis,GCF_016028175.1,pg_gingipain,40,42,0
streptococcus_oralis,GCF_016028175.1,pg_hagA,4,4,0
streptococcus_oralis,GCF_016028175.1,fn_adhesin,7,8,0
streptococcus_oralis,GCF_016028175.1,tf_bspA,0,0,0
streptococcus_oralis,GCF_016028175.1,td_virulence,22,22,0
streptococcus_oralis,GCF_016028255.1,biofilm_ica,7,3,4
streptococcus_oralis,GCF_016028255.1,biofilm_accumulation,77,78,0
streptococcus_oralis,GCF_016028255.1,biofilm_bap,0,0,0
streptococcus_oralis,GCF_016028255.1,adhesion_autolysin,12,12,0
streptococcus_oralis,GCF_016028255.1,adhesion_fibronectin,2,0,2
streptococcus_oralis,GCF_016028255.1,adhesion_clumping,1,1,0
streptococcus_oralis,GCF_016028255.1,adhesion_collagen,8,9,0
streptococcus_oralis,GCF_016028255.1,adhesion_sdr,14,14,0
streptococcus_oralis,GCF_016028255.1,biofilm_sasG,8,8,0
streptococcus_oralis,GCF_016028255.1,quorum_agr,18,18,0
streptococcus_oralis,GCF_016028255.1,regulation_sarA,12,12,0
streptococcus_oralis,GCF_016028255.1,stress_sigB,0,0,0
streptococcus_oralis,GCF_016028255.1,streptococcus_gtf,16,10,6
streptococcus_oralis,GCF_016028255.1,streptococcus_gbp,0,0,0
streptococcus_oralis,GCF_016028255.1,streptococcus_spaP,6,6,0
streptococcus_oralis,GCF_016028255.1,biofilm_brpA,5,0,5
streptococcus_oralis,GCF_016028255.1,competence_com,17,0,17
streptococcus_oralis,GCF_016028255.1,quorum_luxS,0,0,0
streptococcus_oralis,GCF_016028255.1,regulation_vicRK,8,3,5
streptococcus_oralis,GCF_016028255.1,sortase,12,7,5
streptococcus_oralis,GCF_016028255.1,adhesion_enolase,103,0,103
streptococcus_oralis,GCF_016028255.1,adhesion_fbp,2,0,2
streptococcus_oralis,GCF_016028255.1,enterococcus_esp,142,82,62
streptococcus_oralis,GCF_016028255.1,enterococcus_asa,0,0,0
streptococcus_oralis,GCF_016028255.1,enterococcus_ace,257,16,241
streptococcus_oralis,GCF_016028255.1,enterococcus_efaA,7,7,0
streptococcus_oralis,GCF_016028255.1,enterococcus_gelE,17,17,0
streptococcus_oralis,GCF_016028255.1,enterococcus_fsr,5,5,0
streptococcus_oralis,GCF_016028255.1,enterococcus_ebp,0,0,0
streptococcus_oralis,GCF_016028255.1,pseudomonas_alg,21,23,0
streptococcus_oralis,GCF_016028255.1,pseudomonas_pel,63,66,0
streptococcus_oralis,GCF_016028255.1,pseudomonas_psl,39,42,0
streptococcus_oralis,GCF_016028255.1,pseudomonas_las,38,40,0
streptococcus_oralis,GCF_016028255.1,pseudomonas_rhl,9,9,0
streptococcus_oralis,GCF_016028255.1,pseudomonas_pqs,9,10,0
streptococcus_oralis,GCF_016028255.1,pseudomonas_pili,40,28,13
streptococcus_oralis,GCF_016028255.1,pseudomonas_cup,0,0,0
streptococcus_oralis,GCF_016028255.1,pg_fimbriae,1,1,0
streptococcus_oralis,GCF_016028255.1,pg_gingipain,43,45,0
streptococcus_oralis,GCF_016028255.1,pg_hagA,4,4,0
streptococcus_oralis,GCF_016028255.1,fn_adhesin,8,9,0
streptococcus_oralis,GCF_016028255.1,tf_bspA,0,0,0
streptococcus_oralis,GCF_016028255.1,td_virulence,24,24,0
streptococcus_sanguinis,GCF_013343115.1,biofilm_ica,10,2,8
streptococcus_sanguinis,GCF_013343115.1,biofilm_accumulation,153,154,0
streptococcus_sanguinis,GCF_013343115.1,biofilm_bap,0,0,0
streptococcus_sanguinis,GCF_013343115.1,adhesion_autolysin,14,14,0
streptococcus_sanguinis,GCF_013343115.1,adhesion_fibronectin,2,0,2
streptococcus_sanguinis,GCF_013343115.1,adhesion_clumping,2,2,0
streptococcus_sanguinis,GCF_013343115.1,adhesion_collagen,19,9,11
streptococcus_sanguinis,GCF_013343115.1,adhesion_sdr,13,14,0
streptococcus_sanguinis,GCF_013343115.1,biofilm_sasG,17,17,0
streptococcus_sanguinis,GCF_013343115.1,quorum_agr,15,15,0
streptococcus_sanguinis,GCF_013343115.1,regulation_sarA,10,10,0
streptococcus_sanguinis,GCF_013343115.1,stress_sigB,0,0,0
streptococcus_sanguinis,GCF_013343115.1,streptococcus_gtf,16,7,9
streptococcus_sanguinis,GCF_013343115.1,streptococcus_gbp,0,0,0
streptococcus_sanguinis,GCF_013343115.1,streptococcus_spaP,20,17,3
streptococcus_sanguinis,GCF_013343115.1,biofilm_brpA,1,0,1
streptococcus_sanguinis,GCF_013343115.1,competence_com,12,0,12
streptococcus_sanguinis,GCF_013343115.1,quorum_luxS,0,0,0
streptococcus_sanguinis,GCF_013343115.1,regulation_vicRK,6,1,5
streptococcus_sanguinis,GCF_013343115.1,sortase,7,1,6
streptococcus_sanguinis,GCF_013343115.1,adhesion_enolase,142,0,142
streptococcus_sanguinis,GCF_013343115.1,adhesion_fbp,7,0,7
streptococcus_sanguinis,GCF_013343115.1,enterococcus_esp,141,79,64
streptococcus_sanguinis,GCF_013343115.1,enterococcus_asa,0,0,0
streptococcus_sanguinis,GCF_013343115.1,enterococcus_ace,329,19,311
streptococcus_sanguinis,GCF_013343115.1,enterococcus_efaA,13,13,0
streptococcus_sanguinis,GCF_013343115.1,enterococcus_gelE,9,10,0
streptococcus_sanguinis,GCF_013343115.1,enterococcus_fsr,4,5,0
streptococcus_sanguinis,GCF_013343115.1,enterococcus_ebp,0,0,0
streptococcus_sanguinis,GCF_013343115.1,pseudomonas_alg,25,25,0
streptococcus_sanguinis,GCF_013343115.1,pseudomonas_pel,72,75,0
streptococcus_sanguinis,GCF_013343115.1,pseudomonas_psl,38,39,0
streptococcus_sanguinis,GCF_013343115.1,pseudomonas_las,37,41,0
streptococcus_sanguinis,GCF_013343115.1,pseudomonas_rhl,11,11,0
streptococcus_sanguinis,GCF_013343115.1,pseudomonas_pqs,14,14,0
streptococcus_sanguinis,GCF_013343115.1,pseudomonas_pili,48,29,21
streptococcus_sanguinis,GCF_013343115.1,pseudomonas_cup,0,0,0
streptococcus_sanguinis,GCF_013343115.1,pg_fimbriae,3,3,0
streptococcus_sanguinis,GCF_013343115.1,pg_gingipain,45,47,0
streptococcus_sanguinis,GCF_013343115.1,pg_hagA,2,2,0
streptococcus_sanguinis,GCF_013343115.1,fn_adhesin,4,4,0
streptococcus_sanguinis,GCF_013343115.1,tf_bspA,0,0,0
streptococcus_sanguinis,GCF_013343115.1,td_virulence,26,27,0
streptococcus_sanguinis,GCF_013378355.1,biofilm_ica,11,3,8
streptococcus_sanguinis,GCF_013378355.1,biofilm_accumulation,125,126,0
streptococcus_sanguinis,GCF_013378355.1,biofilm_bap,0,0,0
streptococcus_sanguinis,GCF_013378355.1,adhesion_autolysin,13,13,0
streptococcus_sanguinis,GCF_013378355.1,adhesion_fibronectin,4,0,4
streptococcus_sanguinis,GCF_013378355.1,adhesion_clumping,1,1,0
streptococcus_sanguinis,GCF_013378355.1,adhesion_collagen,17,10,8
streptococcus_sanguinis,GCF_013378355.1,adhesion_sdr,12,13,0
streptococcus_sanguinis,GCF_013378355.1,biofilm_sasG,14,14,0
streptococcus_sanguinis,GCF_013378355.1,quorum_agr,14,14,0
streptococcus_sanguinis,GCF_013378355.1,regulation_sarA,8,8,0
streptococcus_sanguinis,GCF_013378355.1,stress_sigB,0,0,0
streptococcus_sanguinis,GCF_013378355.1,streptococcus_gtf,16,9,8
streptococcus_sanguinis,GCF_013378355.1,streptococcus_gbp,0,0,0
streptococcus_sanguinis,GCF_013378355.1,streptococcus_spaP,19,17,2
streptococcus_sanguinis,GCF_013378355.1,biofilm_brpA,1,0,1
streptococcus_sanguinis,GCF_013378355.1,competence_com,16,0,16
streptococcus_sanguinis,GCF_013378355.1,quorum_luxS,0,0,0
streptococcus_sanguinis,GCF_013378355.1,regulation_vicRK,6,1,5
streptococcus_sanguinis,GCF_013378355.1,sortase,8,4,4
streptococcus_sanguinis,GCF_013378355.1,adhesion_enolase,121,0,121
streptococcus_sanguinis,GCF_013378355.1,adhesion_fbp,9,0,9
streptococcus_sanguinis,GCF_013378355.1,enterococcus_esp,143,80,64
streptococcus_sanguinis,GCF_013378355.1,enterococcus_asa,0,0,0
streptococcus_sanguinis,GCF_013378355.1,enterococcus_ace,334,26,309
streptococcus_sanguinis,GCF_013378355.1,enterococcus_efaA,10,10,0
streptococcus_sanguinis,GCF_013378355.1,enterococcus_gelE,13,14,0
streptococcus_sanguinis,GCF_013378355.1,enterococcus_fsr,2,3,0
streptococcus_sanguinis,GCF_013378355.1,enterococcus_ebp,0,0,0
streptococcus_sanguinis,GCF_013378355.1,pseudomonas_alg,33,33,0
streptococcus_sanguinis,GCF_013378355.1,pseudomonas_pel,64,67,0
streptococcus_sanguinis,GCF_013378355.1,pseudomonas_psl,34,35,0
streptococcus_sanguinis,GCF_013378355.1,pseudomonas_las,36,38,0
streptococcus_sanguinis,GCF_013378355.1,pseudomonas_rhl,5,5,0
streptococcus_sanguinis,GCF_013378355.1,pseudomonas_pqs,13,13,0
streptococcus_sanguinis,GCF_013378355.1,pseudomonas_pili,50,29,23
streptococcus_sanguinis,GCF_013378355.1,pseudomonas_cup,0,0,0
streptococcus_sanguinis,GCF_013378355.1,pg_fimbriae,3,3,0
streptococcus_sanguinis,GCF_013378355.1,pg_gingipain,43,45,0
streptococcus_sanguinis,GCF_013378355.1,pg_hagA,2,2,0
streptococcus_sanguinis,GCF_013378355.1,fn_adhesin,10,10,0
streptococcus_sanguinis,GCF_013378355.1,tf_bspA,0,0,0
streptococcus_sanguinis,GCF_013378355.1,td_virulence,26,27,0
streptococcus_sanguinis,GCF_050220005.1,biofilm_ica,9,3,6
streptococcus_sanguinis,GCF_050220005.1,biofilm_accumulation,145,146,0
streptococcus_sanguinis,GCF_050220005.1,biofilm_bap,0,0,0
streptococcus_sanguinis,GCF_050220005.1,adhesion_autolysin,17,17,0
streptococcus_sanguinis,GCF_050220005.1,adhesion_fibronectin,2,0,2
streptococcus_sanguinis,GCF_050220005.1,adhesion_clumping,2,2,0
streptococcus_sanguinis,GCF_050220005.1,adhesion_collagen,19,11,9
streptococcus_sanguinis,GCF_050220005.1,adhesion_sdr,15,16,0
streptococcus_sanguinis,GCF_050220005.1,biofilm_sasG,14,14,0
streptococcus_sanguinis,GCF_050220005.1,quorum_agr,18,18,0
streptococcus_sanguinis,GCF_050220005.1,regulation_sarA,10,10,0
streptococcus_sanguinis,GCF_050220005.1,stress_sigB,0,0,0
streptococcus_sanguinis,GCF_050220005.1,streptococcus_gtf,16,7,9
streptococcus_sanguinis,GCF_050220005.1,streptococcus_gbp,2,0,2
streptococcus_sanguinis,GCF_050220005.1,streptococcus_spaP,21,18,3
streptococcus_sanguinis,GCF_050220005.1,biofilm_brpA,5,0,5
streptococcus_sanguinis,GCF_050220005.1,competence_com,12,0,12
streptococcus_sanguinis,GCF_050220005.1,quorum_luxS,0,0,0
streptococcus_sanguinis,GCF_050220005.1,regulation_vicRK,5,0,5
streptococcus_sanguinis,GCF_050220005.1,sortase,9,3,6
streptococcus_sanguinis,GCF_050220005.1,adhesion_enolase,140,0,140
streptococcus_sanguinis,GCF_050220005.1,adhesion_fbp,7,0,7
streptococcus_sanguinis,GCF_050220005.1,enterococcus_esp,140,80,62
streptococcus_sanguinis,GCF_050220005.1,enterococcus_asa,0,0,0
streptococcus_sanguinis,GCF_050220005.1,enterococcus_ace,334,20,315
streptococcus_sanguinis,GCF_050220005.1,enterococcus_efaA,12,12,0
streptococcus_sanguinis,GCF_050220005.1,enterococcus_gelE,11,11,0
streptococcus_sanguinis,GCF_050220005.1,enterococcus_fsr,2,2,0
streptococcus_sanguinis,GCF_050220005.1,enterococcus_ebp,0,0,0
streptococcus_sanguinis,GCF_050220005.1,pseudomonas_alg,25,25,0
streptococcus_sanguinis,GCF_050220005.1,pseudomonas_pel,72,76,0
streptococcus_sanguinis,GCF_050220005.1,pseudomonas_psl,37,38,0
streptococcus_sanguinis,GCF_050220005.1,pseudomonas_las,39,43,0
streptococcus_sanguinis,GCF_050220005.1,pseudomonas_rhl,8,8,0
streptococcus_sanguinis,GCF_050220005.1,pseudomonas_pqs,13,13,0
streptococcus_sanguinis,GCF_050220005.1,pseudomonas_pili,48,29,21
streptococcus_sanguinis,GCF_050220005.1,pseudomonas_cup,0,0,0
streptococcus_sanguinis,GCF_050220005.1,pg_fimbriae,4,4,0
streptococcus_sanguinis,GCF_050220005.1,pg_gingipain,43,45,0
streptococcus_sanguinis,GCF_050220005.1,pg_hagA,3,3,0
streptococcus_sanguinis,GCF_050220005.1,fn_adhesin,4,4,0
streptococcus_sanguinis,GCF_050220005.1,tf_bspA,0,0,0
streptococcus_sanguinis,GCF_050220005.1,td_virulence,25,27,0
streptococcus_sanguinis,GCF_050220455.1,biofilm_ica,7,1,6
streptococcus_sanguinis,GCF_050220455.1,biofilm_accumulation,141,142,0
streptococcus_sanguinis,GCF_050220455.1,biofilm_bap,0,0,0
streptococcus_sanguinis,GCF_050220455.1,adhesion_autolysin,15,15,0
streptococcus_sanguinis,GCF_050220455.1,adhesion_fibronectin,2,0,2
streptococcus_sanguinis,GCF_050220455.1,adhesion_clumping,2,2,0
streptococcus_sanguinis,GCF_050220455.1,adhesion_collagen,20,12,9
streptococcus_sanguinis,GCF_050220455.1,adhesion_sdr,11,12,0
streptococcus_sanguinis,GCF_050220455.1,biofilm_sasG,13,13,0
streptococcus_sanguinis,GCF_050220455.1,quorum_agr,16,16,0
streptococcus_sanguinis,GCF_050220455.1,regulation_sarA,8,8,0
streptococcus_sanguinis,GCF_050220455.1,stress_sigB,0,0,0
streptococcus_sanguinis,GCF_050220455.1,streptococcus_gtf,14,5,9
streptococcus_sanguinis,GCF_050220455.1,streptococcus_gbp,2,0,2
streptococcus_sanguinis,GCF_050220455.1,streptococcus_spaP,19,16,3
streptococcus_sanguinis,GCF_050220455.1,biofilm_brpA,5,0,5
streptococcus_sanguinis,GCF_050220455.1,competence_com,12,0,12
streptococcus_sanguinis,GCF_050220455.1,quorum_luxS,0,0,0
streptococcus_sanguinis,GCF_050220455.1,regulation_vicRK,6,1,5
streptococcus_sanguinis,GCF_050220455.1,sortase,6,2,4
streptococcus_sanguinis,GCF_050220455.1,adhesion_enolase,130,0,130
streptococcus_sanguinis,GCF_050220455.1,adhesion_fbp,7,0,7
streptococcus_sanguinis,GCF_050220455.1,enterococcus_esp,139,79,62
streptococcus_sanguinis,GCF_050220455.1,enterococcus_asa,0,0,0
streptococcus_sanguinis,GCF_050220455.1,enterococcus_ace,330,20,311
streptococcus_sanguinis,GCF_050220455.1,enterococcus_efaA,12,12,0
streptococcus_sanguinis,GCF_050220455.1,enterococcus_gelE,14,15,0
streptococcus_sanguinis,GCF_050220455.1,enterococcus_fsr,3,4,0
streptococcus_sanguinis,GCF_050220455.1,enterococcus_ebp,0,0,0
streptococcus_sanguinis,GCF_050220455.1,pseudomonas_alg,26,26,0
streptococcus_sanguinis,GCF_050220455.1,pseudomonas_pel,77,81,0
streptococcus_sanguinis,GCF_050220455.1,pseudomonas_psl,40,41,0
streptococcus_sanguinis,GCF_050220455.1,pseudomonas_las,44,47,0
streptococcus_sanguinis,GCF_050220455.1,pseudomonas_rhl,11,11,0
streptococcus_sanguinis,GCF_050220455.1,pseudomonas_pqs,16,16,0
streptococcus_sanguinis,GCF_050220455.1,pseudomonas_pili,46,24,23
streptococcus_sanguinis,GCF_050220455.1,pseudomonas_cup,0,0,0
streptococcus_sanguinis,GCF_050220455.1,pg_fimbriae,3,3,0
streptococcus_sanguinis,GCF_050220455.1,pg_gingipain,39,41,0
streptococcus_sanguinis,GCF_050220455.1,pg_hagA,3,3,0
streptococcus_sanguinis,GCF_050220455.1,fn_adhesin,6,6,0
streptococcus_sanguinis,GCF_050220455.1,tf_bspA,0,0,0
streptococcus_sanguinis,GCF_050220455.1,td_virulence,24,25,0
streptococcus_sanguinis,GCF_900475505.1,biofilm_ica,10,2,8
streptococcus_sanguinis,GCF_900475505.1,biofilm_accumulation,140,141,0
streptococcus_sanguinis,GCF_900475505.1,biofilm_bap,0,0,0
streptococcus_sanguinis,GCF_900475505.1,adhesion_autolysin,13,13,0
streptococcus_sanguinis,GCF_900475505.1,adhesion_fibronectin,2,0,2
streptococcus_sanguinis,GCF_900475505.1,adhesion_clumping,2,2,0
streptococcus_sanguinis,GCF_900475505.1,adhesion_collagen,22,14,9
streptococcus_sanguinis,GCF_900475505.1,adhesion_sdr,12,13,0
streptococcus_sanguinis,GCF_900475505.1,biofilm_sasG,13,13,0
streptococcus_sanguinis,GCF_900475505.1,quorum_agr,15,15,0
streptococcus_sanguinis,GCF_900475505.1,regulation_sarA,8,8,0
streptococcus_sanguinis,GCF_900475505.1,stress_sigB,0,0,0
streptococcus_sanguinis,GCF_900475505.1,streptococcus_gtf,15,6,9
streptococcus_sanguinis,GCF_900475505.1,streptococcus_gbp,0,0,0
streptococcus_sanguinis,GCF_900475505.1,streptococcus_spaP,20,18,3
streptococcus_sanguinis,GCF_900475505.1,biofilm_brpA,1,0,1
streptococcus_sanguinis,GCF_900475505.1,competence_com,12,0,12
streptococcus_sanguinis,GCF_900475505.1,quorum_luxS,0,0,0
streptococcus_sanguinis,GCF_900475505.1,regulation_vicRK,6,1,5
streptococcus_sanguinis,GCF_900475505.1,sortase,6,2,4
streptococcus_sanguinis,GCF_900475505.1,adhesion_enolase,136,0,136
streptococcus_sanguinis,GCF_900475505.1,adhesion_fbp,7,0,7
streptococcus_sanguinis,GCF_900475505.1,enterococcus_esp,150,83,69
streptococcus_sanguinis,GCF_900475505.1,enterococcus_asa,0,0,0
streptococcus_sanguinis,GCF_900475505.1,enterococcus_ace,308,17,292
streptococcus_sanguinis,GCF_900475505.1,enterococcus_efaA,13,13,0
streptococcus_sanguinis,GCF_900475505.1,enterococcus_gelE,12,12,0
streptococcus_sanguinis,GCF_900475505.1,enterococcus_fsr,2,2,0
streptococcus_sanguinis,GCF_900475505.1,enterococcus_ebp,0,0,0
streptococcus_sanguinis,GCF_900475505.1,pseudomonas_alg,22,22,0
streptococcus_sanguinis,GCF_900475505.1,pseudomonas_pel,71,75,0
streptococcus_sanguinis,GCF_900475505.1,pseudomonas_psl,38,39,0
streptococcus_sanguinis,GCF_900475505.1,pseudomonas_las,36,41,0
streptococcus_sanguinis,GCF_900475505.1,pseudomonas_rhl,9,9,0
streptococcus_sanguinis,GCF_900475505.1,pseudomonas_pqs,12,12,0
streptococcus_sanguinis,GCF_900475505.1,pseudomonas_pili,48,29,21
streptococcus_sanguinis,GCF_900475505.1,pseudomonas_cup,0,0,0
streptococcus_sanguinis,GCF_900475505.1,pg_fimbriae,3,3,0
streptococcus_sanguinis,GCF_900475505.1,pg_gingipain,41,43,0
streptococcus_sanguinis,GCF_900475505.1,pg_hagA,2,2,0
streptococcus_sanguinis,GCF_900475505.1,fn_adhesin,5,5,0
streptococcus_sanguinis,GCF_900475505.1,tf_bspA,0,0,0
streptococcus_sanguinis,GCF_900475505.1,td_virulence,26,27,0
tannerella_forsythia,GCF_000238215.1,biofilm_ica,15,9,6
tannerella_forsythia,GCF_000238215.1,biofilm_accumulation,134,135,0
tannerella_forsythia,GCF_000238215.1,biofilm_bap,0,0,0
tannerella_forsythia,GCF_000238215.1,adhesion_autolysin,25,26,0
tannerella_forsythia,GCF_000238215.1,adhesion_fibronectin,4,0,4
tannerella_forsythia,GCF_000238215.1,adhesion_clumping,7,7,0
tannerella_forsythia,GCF_000238215.1,adhesion_collagen,41,39,2
tannerella_forsythia,GCF_000238215.1,adhesion_sdr,24,24,0
tannerella_forsythia,GCF_000238215.1,biofilm_sasG,17,19,0
tannerella_forsythia,GCF_000238215.1,quorum_agr,41,41,0
tannerella_forsythia,GCF_000238215.1,regulation_sarA,10,10,0
tannerella_forsythia,GCF_000238215.1,stress_sigB,0,0,0
tannerella_forsythia,GCF_000238215.1,streptococcus_gtf,23,22,1
tannerella_forsythia,GCF_000238215.1,streptococcus_gbp,0,0,0
tannerella_forsythia,GCF_000238215.1,streptococcus_spaP,42,40,4
tannerella_forsythia,GCF_000238215.1,biofilm_brpA,0,0,0
tannerella_forsythia,GCF_000238215.1,competence_com,2,0,2
tannerella_forsythia,GCF_000238215.1,quorum_luxS,0,0,0
tannerella_forsythia,GCF_000238215.1,regulation_vicRK,6,6,0
tannerella_forsythia,GCF_000238215.1,sortase,7,5,2
tannerella_forsythia,GCF_000238215.1,adhesion_enolase,150,0,150
tannerella_forsythia,GCF_000238215.1,adhesion_fbp,0,0,0
tannerella_forsythia,GCF_000238215.1,enterococcus_esp,175,113,66
tannerella_forsythia,GCF_000238215.1,enterococcus_asa,0,0,0
tannerella_forsythia,GCF_000238215.1,enterococcus_ace,247,63,186
tannerella_forsythia,GCF_000238215.1,enterococcus_efaA,8,9,0
tannerella_forsythia,GCF_000238215.1,enterococcus_gelE,21,21,0
tannerella_forsythia,GCF_000238215.1,enterococcus_fsr,13,13,0
tannerella_forsythia,GCF_000238215.1,enterococcus_ebp,0,0,0
tannerella_forsythia,GCF_000238215.1,pseudomonas_alg,36,32,4
tannerella_forsythia,GCF_000238215.1,pseudomonas_pel,79,80,0
tannerella_forsythia,GCF_000238215.1,pseudomonas_psl,36,36,0
tannerella_forsythia,GCF_000238215.1,pseudomonas_las,29,31,0
tannerella_forsythia,GCF_000238215.1,pseudomonas_rhl,13,13,0
tannerella_forsythia,GCF_000238215.1,pseudomonas_pqs,30,31,0
tannerella_forsythia,GCF_000238215.1,pseudomonas_pili,19,20,0
tannerella_forsythia,GCF_000238215.1,pseudomonas_cup,0,0,0
tannerella_forsythia,GCF_000238215.1,pg_fimbriae,2,2,0
tannerella_forsythia,GCF_000238215.1,pg_gingipain,49,49,0
tannerella_forsythia,GCF_000238215.1,pg_hagA,3,4,0
tannerella_forsythia,GCF_000238215.1,fn_adhesin,28,29,0
tannerella_forsythia,GCF_000238215.1,tf_bspA,5,0,5
tannerella_forsythia,GCF_000238215.1,td_virulence,74,78,0
tannerella_forsythia,GCF_001547855.1,biofilm_ica,15,9,6
tannerella_forsythia,GCF_001547855.1,biofilm_accumulation,138,139,0
tannerella_forsythia,GCF_001547855.1,biofilm_bap,0,0,0
tannerella_forsythia,GCF_001547855.1,adhesion_autolysin,21,23,0
tannerella_forsythia,GCF_001547855.1,adhesion_fibronectin,2,0,2
tannerella_forsythia,GCF_001547855.1,adhesion_clumping,5,5,0
tannerella_forsythia,GCF_001547855.1,adhesion_collagen,37,35,2
tannerella_forsythia,GCF_001547855.1,adhesion_sdr,24,24,0
tannerella_forsythia,GCF_001547855.1,biofilm_sasG,19,21,0
tannerella_forsythia,GCF_001547855.1,quorum_agr,37,37,0
tannerella_forsythia,GCF_001547855.1,regulation_sarA,12,12,0
tannerella_forsythia,GCF_001547855.1,stress_sigB,0,0,0
tannerella_forsythia,GCF_001547855.1,streptococcus_gtf,25,24,1
tannerella_forsythia,GCF_001547855.1,streptococcus_gbp,0,0,0
tannerella_forsythia,GCF_001547855.1,streptococcus_spaP,38,34,6
tannerella_forsythia,GCF_001547855.1,biofilm_brpA,0,0,0
tannerella_forsythia,GCF_001547855.1,competence_com,2,0,2
tannerella_forsythia,GCF_001547855.1,quorum_luxS,0,0,0
tannerella_forsythia,GCF_001547855.1,regulation_vicRK,6,6,0
tannerella_forsythia,GCF_001547855.1,sortase,11,10,2
tannerella_forsythia,GCF_001547855.1,adhesion_enolase,152,0,152
tannerella_forsythia,GCF_001547855.1,adhesion_fbp,0,0,0
tannerella_forsythia,GCF_001547855.1,enterococcus_esp,165,110,59
tannerella_forsythia,GCF_001547855.1,enterococcus_asa,0,0,0
tannerella_forsythia,GCF_001547855.1,enterococcus_ace,251,66,185
tannerella_forsythia,GCF_001547855.1,enterococcus_efaA,7,8,0
tannerella_forsythia,GCF_001547855.1,enterococcus_gelE,21,21,0
tannerella_forsythia,GCF_001547855.1,enterococcus_fsr,12,12,0
tannerella_forsythia,GCF_001547855.1,enterococcus_ebp,0,0,0
tannerella_forsythia,GCF_001547855.1,pseudomonas_alg,35,31,4
tannerella_forsythia,GCF_001547855.1,pseudomonas_pel,77,78,0
tannerella_forsythia,GCF_001547855.1,pseudomonas_psl,38,38,0
tannerella_forsythia,GCF_001547855.1,pseudomonas_las,30,31,0
tannerella_forsythia,GCF_001547855.1,pseudomonas_rhl,16,16,0
tannerella_forsythia,GCF_001547855.1,pseudomonas_pqs,28,29,0
tannerella_forsythia,GCF_001547855.1,pseudomonas_pili,18,19,0
tannerella_forsythia,GCF_001547855.1,pseudomonas_cup,0,0,0
tannerella_forsythia,GCF_001547855.1,pg_fimbriae,3,3,0
tannerella_forsythia,GCF_001547855.1,pg_gingipain,50,51,0
tannerella_forsythia,GCF_001547855.1,pg_hagA,3,4,0
tannerella_forsythia,GCF_001547855.1,fn_adhesin,28,29,0
tannerella_forsythia,GCF_001547855.1,tf_bspA,0,0,0
tannerella_forsythia,GCF_001547855.1,td_virulence,69,70,0
tannerella_forsythia,GCF_001547875.1,biofilm_ica,13,7,6
tannerella_forsythia,GCF_001547875.1,biofilm_accumulation,133,133,0
tannerella_forsythia,GCF_001547875.1,biofilm_bap,0,0,0
tannerella_forsythia,GCF_001547875.1,adhesion_autolysin,22,24,0
tannerella_forsythia,GCF_001547875.1,adhesion_fibronectin,6,0,6
tannerella_forsythia,GCF_001547875.1,adhesion_clumping,6,6,0
tannerella_forsythia,GCF_001547875.1,adhesion_collagen,39,37,2
tannerella_forsythia,GCF_001547875.1,adhesion_sdr,22,22,0
tannerella_forsythia,GCF_001547875.1,biofilm_sasG,14,16,0
tannerella_forsythia,GCF_001547875.1,quorum_agr,35,35,0
tannerella_forsythia,GCF_001547875.1,regulation_sarA,11,11,0
tannerella_forsythia,GCF_001547875.1,stress_sigB,0,0,0
tannerella_forsythia,GCF_001547875.1,streptococcus_gtf,25,24,1
tannerella_forsythia,GCF_001547875.1,streptococcus_gbp,0,0,0
tannerella_forsythia,GCF_001547875.1,streptococcus_spaP,40,37,5
tannerella_forsythia,GCF_001547875.1,biofilm_brpA,0,0,0
tannerella_forsythia,GCF_001547875.1,competence_com,4,0,4
tannerella_forsythia,GCF_001547875.1,quorum_luxS,0,0,0
tannerella_forsythia,GCF_001547875.1,regulation_vicRK,6,6,0
tannerella_forsythia,GCF_001547875.1,sortase,7,6,2
tannerella_forsythia,GCF_001547875.1,adhesion_enolase,150,0,150
tannerella_forsythia,GCF_001547875.1,adhesion_fbp,0,0,0
tannerella_forsythia,GCF_001547875.1,enterococcus_esp,156,102,57
tannerella_forsythia,GCF_001547875.1,enterococcus_asa,0,0,0
tannerella_forsythia,GCF_001547875.1,enterococcus_ace,257,66,193
tannerella_forsythia,GCF_001547875.1,enterococcus_efaA,8,9,0
tannerella_forsythia,GCF_001547875.1,enterococcus_gelE,22,22,0
tannerella_forsythia,GCF_001547875.1,enterococcus_fsr,11,11,0
tannerella_forsythia,GCF_001547875.1,enterococcus_ebp,0,0,0
tannerella_forsythia,GCF_001547875.1,pseudomonas_alg,34,30,4
tannerella_forsythia,GCF_001547875.1,pseudomonas_pel,78,79,0
tannerella_forsythia,GCF_001547875.1,pseudomonas_psl,38,38,0
tannerella_forsythia,GCF_001547875.1,pseudomonas_las,33,35,0
tannerella_forsythia,GCF_001547875.1,pseudomonas_rhl,15,15,0
tannerella_forsythia,GCF_001547875.1,pseudomonas_pqs,25,26,0
tannerella_forsythia,GCF_001547875.1,pseudomonas_pili,17,18,0
tannerella_forsythia,GCF_001547875.1,pseudomonas_cup,0,0,0
tannerella_forsythia,GCF_001547875.1,pg_fimbriae,1,1,0
tannerella_forsythia,GCF_001547875.1,pg_gingipain,50,51,0
tannerella_forsythia,GCF_001547875.1,pg_hagA,3,4,0
tannerella_forsythia,GCF_001547875.1,fn_adhesin,29,30,0
tannerella_forsythia,GCF_001547875.1,tf_bspA,0,0,0
tannerella_forsythia,GCF_001547875.1,td_virulence,75,77,0
treponema_denticola,GCF_024181405.1,biofilm_ica,21,12,9
treponema_denticola,GCF_024181405.1,biofilm_accumulation,118,121,0
treponema_denticola,GCF_024181405.1,biofilm_bap,0,0,0
treponema_denticola,GCF_024181405.1,adhesion_autolysin,10,10,0
treponema_denticola,GCF_024181405.1,adhesion_fibronectin,8,0,8
treponema_denticola,GCF_024181405.1,adhesion_clumping,3,3,0
treponema_denticola,GCF_024181405.1,adhesion_collagen,27,28,0
treponema_denticola,GCF_024181405.1,adhesion_sdr,14,15,0
treponema_denticola,GCF_024181405.1,biofilm_sasG,17,17,0
treponema_denticola,GCF_024181405.1,quorum_agr,20,20,0
treponema_denticola,GCF_024181405.1,regulation_sarA,15,15,0
treponema_denticola,GCF_024181405.1,stress_sigB,0,0,0
treponema_denticola,GCF_024181405.1,streptococcus_gtf,12,12,1
treponema_denticola,GCF_024181405.1,streptococcus_gbp,0,0,0
treponema_denticola,GCF_024181405.1,streptococcus_spaP,38,36,3
treponema_denticola,GCF_024181405.1,biofilm_brpA,0,0,0
treponema_denticola,GCF_024181405.1,competence_com,2,0,2
treponema_denticola,GCF_024181405.1,quorum_luxS,0,0,0
treponema_denticola,GCF_024181405.1,regulation_vicRK,7,7,0
treponema_denticola,GCF_024181405.1,sortase,11,11,0
treponema_denticola,GCF_024181405.1,adhesion_enolase,136,0,136
treponema_denticola,GCF_024181405.1,adhesion_fbp,0,0,0
treponema_denticola,GCF_024181405.1,enterococcus_esp,136,102,38
treponema_denticola,GCF_024181405.1,enterococcus_asa,0,0,0
treponema_denticola,GCF_024181405.1,enterococcus_ace,193,39,154
treponema_denticola,GCF_024181405.1,enterococcus_efaA,14,14,0
treponema_denticola,GCF_024181405.1,enterococcus_gelE,13,13,0
treponema_denticola,GCF_024181405.1,enterococcus_fsr,7,7,0
treponema_denticola,GCF_024181405.1,enterococcus_ebp,0,0,0
treponema_denticola,GCF_024181405.1,pseudomonas_alg,29,29,0
treponema_denticola,GCF_024181405.1,pseudomonas_pel,52,52,0
treponema_denticola,GCF_024181405.1,pseudomonas_psl,29,30,0
treponema_denticola,GCF_024181405.1,pseudomonas_las,48,48,0
treponema_denticola,GCF_024181405.1,pseudomonas_rhl,7,7,0
treponema_denticola,GCF_024181405.1,pseudomonas_pqs,17,18,0
treponema_denticola,GCF_024181405.1,pseudomonas_pili,26,27,0
treponema_denticola,GCF_024181405.1,pseudomonas_cup,0,0,0
treponema_denticola,GCF_024181405.1,pg_fimbriae,3,3,0
treponema_denticola,GCF_024181405.1,pg_gingipain,71,73,0
treponema_denticola,GCF_024181405.1,pg_hagA,5,5,0
treponema_denticola,GCF_024181405.1,fn_adhesin,19,19,0
treponema_denticola,GCF_024181405.1,tf_bspA,0,0,0
treponema_denticola,GCF_024181405.1,td_virulence,55,55,2
treponema_denticola,GCF_024181425.1,biofilm_ica,21,14,7
treponema_denticola,GCF_024181425.1,biofilm_accumulation,121,126,0
treponema_denticola,GCF_024181425.1,biofilm_bap,0,0,0
treponema_denticola,GCF_024181425.1,adhesion_autolysin,9,9,0
treponema_denticola,GCF_024181425.1,adhesion_fibronectin,6,0,6
treponema_denticola,GCF_024181425.1,adhesion_clumping,5,5,0
treponema_denticola,GCF_024181425.1,adhesion_collagen,35,36,0
treponema_denticola,GCF_024181425.1,adhesion_sdr,10,10,0
treponema_denticola,GCF_024181425.1,biofilm_sasG,23,23,0
treponema_denticola,GCF_024181425.1,quorum_agr,14,14,0
treponema_denticola,GCF_024181425.1,regulation_sarA,14,14,0
treponema_denticola,GCF_024181425.1,stress_sigB,0,0,0
treponema_denticola,GCF_024181425.1,streptococcus_gtf,7,7,1
treponema_denticola,GCF_024181425.1,streptococcus_gbp,0,0,0
treponema_denticola,GCF_024181425.1,streptococcus_spaP,32,30,2
treponema_denticola,GCF_024181425.1,biofilm_brpA,0,0,0
treponema_denticola,GCF_024181425.1,competence_com,2,0,2
treponema_denticola,GCF_024181425.1,quorum_luxS,0,0,0
treponema_denticola,GCF_024181425.1,regulation_vicRK,8,8,0
treponema_denticola,GCF_024181425.1,sortase,14,14,0
treponema_denticola,GCF_024181425.1,adhesion_enolase,138,0,138
treponema_denticola,GCF_024181425.1,adhesion_fbp,0,0,0
treponema_denticola,GCF_024181425.1,enterococcus_esp,127,93,37
treponema_denticola,GCF_024181425.1,enterococcus_asa,0,0,0
treponema_denticola,GCF_024181425.1,enterococcus_ace,205,42,163
treponema_denticola,GCF_024181425.1,enterococcus_efaA,15,15,0
treponema_denticola,GCF_024181425.1,enterococcus_gelE,11,11,0
treponema_denticola,GCF_024181425.1,enterococcus_fsr,4,4,0
treponema_denticola,GCF_024181425.1,enterococcus_ebp,0,0,0
treponema_denticola,GCF_024181425.1,pseudomonas_alg,28,28,0
treponema_denticola,GCF_024181425.1,pseudomonas_pel,44,44,0
treponema_denticola,GCF_024181425.1,pseudomonas_psl,32,33,0
treponema_denticola,GCF_024181425.1,pseudomonas_las,43,44,0
treponema_denticola,GCF_024181425.1,pseudomonas_rhl,3,3,0
treponema_denticola,GCF_024181425.1,pseudomonas_pqs,11,12,0
treponema_denticola,GCF_024181425.1,pseudomonas_pili,32,32,0
treponema_denticola,GCF_024181425.1,pseudomonas_cup,0,0,0
treponema_denticola,GCF_024181425.1,pg_fimbriae,3,3,0
treponema_denticola,GCF_024181425.1,pg_gingipain,70,71,0
treponema_denticola,GCF_024181425.1,pg_hagA,5,5,0
treponema_denticola,GCF_024181425.1,fn_adhesin,18,18,0
treponema_denticola,GCF_024181425.1,tf_bspA,0,0,0
treponema_denticola,GCF_024181425.1,td_virulence,65,54,13
treponema_denticola,GCF_024181445.1,biofilm_ica,25,18,7
treponema_denticola,GCF_024181445.1,biofilm_accumulation,129,132,0
treponema_denticola,GCF_024181445.1,biofilm_bap,0,0,0
treponema_denticola,GCF_024181445.1,adhesion_autolysin,10,10,0
treponema_denticola,GCF_024181445.1,adhesion_fibronectin,6,0,6
treponema_denticola,GCF_024181445.1,adhesion_clumping,3,3,0
treponema_denticola,GCF_024181445.1,adhesion_collagen,38,39,0
treponema_denticola,GCF_024181445.1,adhesion_sdr,10,10,0
treponema_denticola,GCF_024181445.1,biofilm_sasG,21,21,0
treponema_denticola,GCF_024181445.1,quorum_agr,16,16,0
treponema_denticola,GCF_024181445.1,regulation_sarA,12,12,0
treponema_denticola,GCF_024181445.1,stress_sigB,0,0,0
treponema_denticola,GCF_024181445.1,streptococcus_gtf,8,8,1
treponema_denticola,GCF_024181445.1,streptococcus_gbp,0,0,0
treponema_denticola,GCF_024181445.1,streptococcus_spaP,36,32,4
treponema_denticola,GCF_024181445.1,biofilm_brpA,0,0,0
treponema_denticola,GCF_024181445.1,competence_com,2,0,2
treponema_denticola,GCF_024181445.1,quorum_luxS,0,0,0
treponema_denticola,GCF_024181445.1,regulation_vicRK,6,6,0
treponema_denticola,GCF_024181445.1,sortase,14,14,0
treponema_denticola,GCF_024181445.1,adhesion_enolase,139,0,139
treponema_denticola,GCF_024181445.1,adhesion_fbp,0,0,0
treponema_denticola,GCF_024181445.1,enterococcus_esp,132,99,37
treponema_denticola,GCF_024181445.1,enterococcus_asa,0,0,0
treponema_denticola,GCF_024181445.1,enterococcus_ace,208,51,157
treponema_denticola,GCF_024181445.1,enterococcus_efaA,15,15,0
treponema_denticola,GCF_024181445.1,enterococcus_gelE,13,13,0
treponema_denticola,GCF_024181445.1,enterococcus_fsr,5,6,0
treponema_denticola,GCF_024181445.1,enterococcus_ebp,0,0,0
treponema_denticola,GCF_024181445.1,pseudomonas_alg,31,31,0
treponema_denticola,GCF_024181445.1,pseudomonas_pel,48,49,0
treponema_denticola,GCF_024181445.1,pseudomonas_psl,27,28,0
treponema_denticola,GCF_024181445.1,pseudomonas_las,43,44,0
treponema_denticola,GCF_024181445.1,pseudomonas_rhl,3,3,0
treponema_denticola,GCF_024181445.1,pseudomonas_pqs,15,15,0
treponema_denticola,GCF_024181445.1,pseudomonas_pili,30,30,0
treponema_denticola,GCF_024181445.1,pseudomonas_cup,0,0,0
treponema_denticola,GCF_024181445.1,pg_fimbriae,3,3,0
treponema_denticola,GCF_024181445.1,pg_gingipain,64,65,0
treponema_denticola,GCF_024181445.1,pg_hagA,5,5,0
treponema_denticola,GCF_024181445.1,fn_adhesin,17,18,0
treponema_denticola,GCF_024181445.1,tf_bspA,0,0,0
treponema_denticola,GCF_024181445.1,td_virulence,72,61,13
treponema_denticola,GCF_024181465.1,biofilm_ica,19,14,5
treponema_denticola,GCF_024181465.1,biofilm_accumulation,112,113,0
treponema_denticola,GCF_024181465.1,biofilm_bap,5,0,5
treponema_denticola,GCF_024181465.1,adhesion_autolysin,9,9,0
treponema_denticola,GCF_024181465.1,adhesion_fibronectin,6,0,6
treponema_denticola,GCF_024181465.1,adhesion_clumping,6,6,0
treponema_denticola,GCF_024181465.1,adhesion_collagen,34,35,0
treponema_denticola,GCF_024181465.1,adhesion_sdr,11,11,0
treponema_denticola,GCF_024181465.1,biofilm_sasG,24,24,0
treponema_denticola,GCF_024181465.1,quorum_agr,16,16,0
treponema_denticola,GCF_024181465.1,regulation_sarA,12,12,0
treponema_denticola,GCF_024181465.1,stress_sigB,0,0,0
treponema_denticola,GCF_024181465.1,streptococcus_gtf,7,8,1
treponema_denticola,GCF_024181465.1,streptococcus_gbp,0,0,0
treponema_denticola,GCF_024181465.1,streptococcus_spaP,31,29,2
treponema_denticola,GCF_024181465.1,biofilm_brpA,0,0,0
treponema_denticola,GCF_024181465.1,competence_com,2,0,2
treponema_denticola,GCF_024181465.1,quorum_luxS,0,0,0
treponema_denticola,GCF_024181465.1,regulation_vicRK,7,7,0
treponema_denticola,GCF_024181465.1,sortase,13,13,0
treponema_denticola,GCF_024181465.1,adhesion_enolase,137,0,137
treponema_denticola,GCF_024181465.1,adhesion_fbp,0,0,0
treponema_denticola,GCF_024181465.1,enterococcus_esp,122,87,39
treponema_denticola,GCF_024181465.1,enterococcus_asa,0,0,0
treponema_denticola,GCF_024181465.1,enterococcus_ace,191,42,149
treponema_denticola,GCF_024181465.1,enterococcus_efaA,15,15,0
treponema_denticola,GCF_024181465.1,enterococcus_gelE,12,12,0
treponema_denticola,GCF_024181465.1,enterococcus_fsr,8,8,0
treponema_denticola,GCF_024181465.1,enterococcus_ebp,0,0,0
treponema_denticola,GCF_024181465.1,pseudomonas_alg,25,25,0
treponema_denticola,GCF_024181465.1,pseudomonas_pel,46,47,0
treponema_denticola,GCF_024181465.1,pseudomonas_psl,29,30,0
treponema_denticola,GCF_024181465.1,pseudomonas_las,45,46,0
treponema_denticola,GCF_024181465.1,pseudomonas_rhl,7,7,0
treponema_denticola,GCF_024181465.1,pseudomonas_pqs,14,14,0
treponema_denticola,GCF_024181465.1,pseudomonas_pili,29,29,0
treponema_denticola,GCF_024181465.1,pseudomonas_cup,0,0,0
treponema_denticola,GCF_024181465.1,pg_fimbriae,2,2,0
treponema_denticola,GCF_024181465.1,pg_gingipain,65,67,0
treponema_denticola,GCF_024181465.1,pg_hagA,6,6,0
treponema_denticola,GCF_024181465.1,fn_adhesin,17,18,0
treponema_denticola,GCF_024181465.1,tf_bspA,0,0,0
treponema_denticola,GCF_024181465.1,td_virulence,62,48,16
treponema_denticola,GCF_024181485.1,biofilm_ica,26,19,7
treponema_denticola,GCF_024181485.1,biofilm_accumulation,134,138,0
treponema_denticola,GCF_024181485.1,biofilm_bap,0,0,0
treponema_denticola,GCF_024181485.1,adhesion_autolysin,8,8,0
treponema_denticola,GCF_024181485.1,adhesion_fibronectin,4,0,4
treponema_denticola,GCF_024181485.1,adhesion_clumping,3,3,0
treponema_denticola,GCF_024181485.1,adhesion_collagen,42,43,0
treponema_denticola,GCF_024181485.1,adhesion_sdr,12,12,0
treponema_denticola,GCF_024181485.1,biofilm_sasG,27,27,0
treponema_denticola,GCF_024181485.1,quorum_agr,13,13,0
treponema_denticola,GCF_024181485.1,regulation_sarA,14,14,0
treponema_denticola,GCF_024181485.1,stress_sigB,0,0,0
treponema_denticola,GCF_024181485.1,streptococcus_gtf,9,9,1
treponema_denticola,GCF_024181485.1,streptococcus_gbp,0,0,0
treponema_denticola,GCF_024181485.1,streptococcus_spaP,35,33,2
treponema_denticola,GCF_024181485.1,biofilm_brpA,0,0,0
treponema_denticola,GCF_024181485.1,competence_com,2,0,2
treponema_denticola,GCF_024181485.1,quorum_luxS,0,0,0
treponema_denticola,GCF_024181485.1,regulation_vicRK,8,8,0
treponema_denticola,GCF_024181485.1,sortase,13,13,0
treponema_denticola,GCF_024181485.1,adhesion_enolase,140,0,140
treponema_denticola,GCF_024181485.1,adhesion_fbp,0,0,0
treponema_denticola,GCF_024181485.1,enterococcus_esp,141,105,40
treponema_denticola,GCF_024181485.1,enterococcus_asa,0,0,0
treponema_denticola,GCF_024181485.1,enterococcus_ace,202,48,155
treponema_denticola,GCF_024181485.1,enterococcus_efaA,14,14,0
treponema_denticola,GCF_024181485.1,enterococcus_gelE,13,13,0
treponema_denticola,GCF_024181485.1,enterococcus_fsr,4,5,0
treponema_denticola,GCF_024181485.1,enterococcus_ebp,0,0,0
treponema_denticola,GCF_024181485.1,pseudomonas_alg,34,34,0
treponema_denticola,GCF_024181485.1,pseudomonas_pel,52,53,0
treponema_denticola,GCF_024181485.1,pseudomonas_psl,33,34,0
treponema_denticola,GCF_024181485.1,pseudomonas_las,48,49,0
treponema_denticola,GCF_024181485.1,pseudomonas_rhl,4,4,0
treponema_denticola,GCF_024181485.1,pseudomonas_pqs,17,18,0
treponema_denticola,GCF_024181485.1,pseudomonas_pili,27,28,0
treponema_denticola,GCF_024181485.1,pseudomonas_cup,0,0,0
treponema_denticola,GCF_024181485.1,pg_fimbriae,3,3,0
treponema_denticola,GCF_024181485.1,pg_gingipain,70,71,0
treponema_denticola,GCF_024181485.1,pg_hagA,5,5,0
treponema_denticola,GCF_024181485.1,fn_adhesin,14,14,0
treponema_denticola,GCF_024181485.1,tf_bspA,0,0,0
treponema_denticola,GCF_024181485.1,td_virulence,64,54,13
veillonella_parvula,GCF_002005185.1,biofilm_ica,29,9,20
veillonella_parvula,GCF_002005185.1,biofilm_accumulation,111,114,0
veillonella_parvula,GCF_002005185.1,biofilm_bap,5,0,5
veillonella_parvula,GCF_002005185.1,adhesion_autolysin,21,21,0
veillonella_parvula,GCF_002005185.1,adhesion_fibronectin,3,0,3
veillonella_parvula,GCF_002005185.1,adhesion_clumping,0,0,0
veillonella_parvula,GCF_002005185.1,adhesion_collagen,24,25,0
veillonella_parvula,GCF_002005185.1,adhesion_sdr,12,12,0
veillonella_parvula,GCF_002005185.1,biofilm_sasG,11,11,0
veillonella_parvula,GCF_002005185.1,quorum_agr,16,16,0
veillonella_parvula,GCF_002005185.1,regulation_sarA,9,9,0
veillonella_parvula,GCF_002005185.1,stress_sigB,0,0,0
veillonella_parvula,GCF_002005185.1,streptococcus_gtf,10,10,0
veillonella_parvula,GCF_002005185.1,streptococcus_gbp,0,0,0
veillonella_parvula,GCF_002005185.1,streptococcus_spaP,18,15,3
veillonella_parvula,GCF_002005185.1,biofilm_brpA,0,0,0
veillonella_parvula,GCF_002005185.1,competence_com,6,0,6
veillonella_parvula,GCF_002005185.1,quorum_luxS,0,0,0
veillonella_parvula,GCF_002005185.1,regulation_vicRK,4,4,0
veillonella_parvula,GCF_002005185.1,sortase,7,5,2
veillonella_parvula,GCF_002005185.1,adhesion_enolase,149,0,149
veillonella_parvula,GCF_002005185.1,adhesion_fbp,2,0,2
veillonella_parvula,GCF_002005185.1,enterococcus_esp,97,53,45
veillonella_parvula,GCF_002005185.1,enterococcus_asa,0,0,0
veillonella_parvula,GCF_002005185.1,enterococcus_ace,205,32,173
veillonella_parvula,GCF_002005185.1,enterococcus_efaA,4,4,0
veillonella_parvula,GCF_002005185.1,enterococcus_gelE,13,14,0
veillonella_parvula,GCF_002005185.1,enterococcus_fsr,4,4,0
veillonella_parvula,GCF_002005185.1,enterococcus_ebp,0,0,0
veillonella_parvula,GCF_002005185.1,pseudomonas_alg,31,34,0
veillonella_parvula,GCF_002005185.1,pseudomonas_pel,58,59,0
veillonella_parvula,GCF_002005185.1,pseudomonas_psl,24,25,0
veillonella_parvula,GCF_002005185.1,pseudomonas_las,36,38,0
veillonella_parvula,GCF_002005185.1,pseudomonas_rhl,7,8,0
veillonella_parvula,GCF_002005185.1,pseudomonas_pqs,10,10,0
veillonella_parvula,GCF_002005185.1,pseudomonas_pili,32,25,7
veillonella_parvula,GCF_002005185.1,pseudomonas_cup,0,0,0
veillonella_parvula,GCF_002005185.1,pg_fimbriae,3,3,0
veillonella_parvula,GCF_002005185.1,pg_gingipain,65,66,0
veillonella_parvula,GCF_002005185.1,pg_hagA,4,4,0
veillonella_parvula,GCF_002005185.1,fn_adhesin,9,9,0
veillonella_parvula,GCF_002005185.1,tf_bspA,0,0,0
veillonella_parvula,GCF_002005185.1,td_virulence,37,38,0
veillonella_parvula,GCF_016127175.1,biofilm_ica,26,8,18
veillonella_parvula,GCF_016127175.1,biofilm_accumulation,111,114,0
veillonella_parvula,GCF_016127175.1,biofilm_bap,5,0,5
veillonella_parvula,GCF_016127175.1,adhesion_autolysin,23,23,0
veillonella_parvula,GCF_016127175.1,adhesion_fibronectin,3,0,3
veillonella_parvula,GCF_016127175.1,adhesion_clumping,1,1,0
veillonella_parvula,GCF_016127175.1,adhesion_collagen,22,22,0
veillonella_parvula,GCF_016127175.1,adhesion_sdr,8,8,0
veillonella_parvula,GCF_016127175.1,biofilm_sasG,11,12,0
veillonella_parvula,GCF_016127175.1,quorum_agr,18,18,0
veillonella_parvula,GCF_016127175.1,regulation_sarA,8,8,0
veillonella_parvula,GCF_016127175.1,stress_sigB,0,0,0
veillonella_parvula,GCF_016127175.1,streptococcus_gtf,10,10,0
veillonella_parvula,GCF_016127175.1,streptococcus_gbp,0,0,0
veillonella_parvula,GCF_016127175.1,streptococcus_spaP,21,18,3
veillonella_parvula,GCF_016127175.1,biofilm_brpA,0,0,0
veillonella_parvula,GCF_016127175.1,competence_com,6,0,6
veillonella_parvula,GCF_016127175.1,quorum_luxS,0,0,0
veillonella_parvula,GCF_016127175.1,regulation_vicRK,3,3,0
veillonella_parvula,GCF_016127175.1,sortase,8,6,2
veillonella_parvula,GCF_016127175.1,adhesion_enolase,149,0,149
veillonella_parvula,GCF_016127175.1,adhesion_fbp,2,0,2
veillonella_parvula,GCF_016127175.1,enterococcus_esp,99,57,43
veillonella_parvula,GCF_016127175.1,enterococcus_asa,0,0,0
veillonella_parvula,GCF_016127175.1,enterococcus_ace,197,31,166
veillonella_parvula,GCF_016127175.1,enterococcus_efaA,2,2,0
veillonella_parvula,GCF_016127175.1,enterococcus_gelE,11,12,0
veillonella_parvula,GCF_016127175.1,enterococcus_fsr,3,3,0
veillonella_parvula,GCF_016127175.1,enterococcus_ebp,0,0,0
veillonella_parvula,GCF_016127175.1,pseudomonas_alg,30,33,0
veillonella_parvula,GCF_016127175.1,pseudomonas_pel,56,57,0
veillonella_parvula,GCF_016127175.1,pseudomonas_psl,25,26,0
veillonella_parvula,GCF_016127175.1,pseudomonas_las,41,43,0
veillonella_parvula,GCF_016127175.1,pseudomonas_rhl,4,4,0
veillonella_parvula,GCF_016127175.1,pseudomonas_pqs,8,8,0
veillonella_parvula,GCF_016127175.1,pseudomonas_pili,34,27,7
veillonella_parvula,GCF_016127175.1,pseudomonas_cup,0,0,0
veillonella_parvula,GCF_016127175.1,pg_fimbriae,4,4,0
veillonella_parvula,GCF_016127175.1,pg_gingipain,56,58,0
veillonella_parvula,GCF_016127175.1,pg_hagA,4,4,0
veillonella_parvula,GCF_016127175.1,fn_adhesin,10,10,0
veillonella_parvula,GCF_016127175.1,tf_bspA,0,0,0
veillonella_parvula,GCF_016127175.1,td_virulence,42,43,0
veillonella_parvula,GCF_031190775.1,biofilm_ica,25,7,18
veillonella_parvula,GCF_031190775.1,biofilm_accumulation,105,108,0
veillonella_parvula,GCF_031190775.1,biofilm_bap,5,0,5
veillonella_parvula,GCF_031190775.1,adhesion_autolysin,21,21,0
veillonella_parvula,GCF_031190775.1,adhesion_fibronectin,5,0,5
veillonella_parvula,GCF_031190775.1,adhesion_clumping,0,0,0
veillonella_parvula,GCF_031190775.1,adhesion_collagen,21,21,0
veillonella_parvula,GCF_031190775.1,adhesion_sdr,11,11,0
veillonella_parvula,GCF_031190775.1,biofilm_sasG,12,12,0
veillonella_parvula,GCF_031190775.1,quorum_agr,16,16,0
veillonella_parvula,GCF_031190775.1,regulation_sarA,8,8,0
veillonella_parvula,GCF_031190775.1,stress_sigB,0,0,0
veillonella_parvula,GCF_031190775.1,streptococcus_gtf,13,13,0
veillonella_parvula,GCF_031190775.1,streptococcus_gbp,0,0,0
veillonella_parvula,GCF_031190775.1,streptococcus_spaP,18,15,3
veillonella_parvula,GCF_031190775.1,biofilm_brpA,0,0,0
veillonella_parvula,GCF_031190775.1,competence_com,4,0,4
veillonella_parvula,GCF_031190775.1,quorum_luxS,0,0,0
veillonella_parvula,GCF_031190775.1,regulation_vicRK,3,3,0
veillonella_parvula,GCF_031190775.1,sortase,5,5,0
veillonella_parvula,GCF_031190775.1,adhesion_enolase,154,0,154
veillonella_parvula,GCF_031190775.1,adhesion_fbp,2,0,2
veillonella_parvula,GCF_031190775.1,enterococcus_esp,96,56,42
veillonella_parvula,GCF_031190775.1,enterococcus_asa,0,0,0
veillonella_parvula,GCF_031190775.1,enterococcus_ace,203,32,171
veillonella_parvula,GCF_031190775.1,enterococcus_efaA,3,3,0
veillonella_parvula,GCF_031190775.1,enterococcus_gelE,13,14,0
veillonella_parvula,GCF_031190775.1,enterococcus_fsr,4,4,0
veillonella_parvula,GCF_031190775.1,enterococcus_ebp,0,0,0
veillonella_parvula,GCF_031190775.1,pseudomonas_alg,38,41,0
veillonella_parvula,GCF_031190775.1,pseudomonas_pel,56,57,0
veillonella_parvula,GCF_031190775.1,pseudomonas_psl,24,25,0
veillonella_parvula,GCF_031190775.1,pseudomonas_las,42,44,0
veillonella_parvula,GCF_031190775.1,pseudomonas_rhl,8,8,0
veillonella_parvula,GCF_031190775.1,pseudomonas_pqs,9,9,0
veillonella_parvula,GCF_031190775.1,pseudomonas_pili,34,27,7
veillonella_parvula,GCF_031190775.1,pseudomonas_cup,0,0,0
veillonella_parvula,GCF_031190775.1,pg_fimbriae,4,4,0
veillonella_parvula,GCF_031190775.1,pg_gingipain,59,60,0
veillonella_parvula,GCF_031190775.1,pg_hagA,3,3,0
veillonella_parvula,GCF_031190775.1,fn_adhesin,11,11,0
veillonella_parvula,GCF_031190775.1,tf_bspA,0,0,0
veillonella_parvula,GCF_031190775.1,td_virulence,41,42,0
veillonella_parvula,GCF_036456085.1,biofilm_ica,28,8,20
veillonella_parvula,GCF_036456085.1,biofilm_accumulation,103,106,0
veillonella_parvula,GCF_036456085.1,biofilm_bap,5,0,5
veillonella_parvula,GCF_036456085.1,adhesion_autolysin,22,22,0
veillonella_parvula,GCF_036456085.1,adhesion_fibronectin,5,0,5
veillonella_parvula,GCF_036456085.1,adhesion_clumping,0,0,0
veillonella_parvula,GCF_036456085.1,adhesion_collagen,22,23,0
veillonella_parvula,GCF_036456085.1,adhesion_sdr,10,10,0
veillonella_parvula,GCF_036456085.1,biofilm_sasG,11,11,0
veillonella_parvula,GCF_036456085.1,quorum_agr,18,18,0
veillonella_parvula,GCF_036456085.1,regulation_sarA,9,9,0
veillonella_parvula,GCF_036456085.1,stress_sigB,0,0,0
veillonella_parvula,GCF_036456085.1,streptococcus_gtf,11,11,0
veillonella_parvula,GCF_036456085.1,streptococcus_gbp,0,0,0
veillonella_parvula,GCF_036456085.1,streptococcus_spaP,16,13,3
veillonella_parvula,GCF_036456085.1,biofilm_brpA,0,0,0
veillonella_parvula,GCF_036456085.1,competence_com,4,0,4
veillonella_parvula,GCF_036456085.1,quorum_luxS,0,0,0
veillonella_parvula,GCF_036456085.1,regulation_vicRK,4,4,0
veillonella_parvula,GCF_036456085.1,sortase,6,4,2
veillonella_parvula,GCF_036456085.1,adhesion_enolase,151,0,151
veillonella_parvula,GCF_036456085.1,adhesion_fbp,2,0,2
veillonella_parvula,GCF_036456085.1,enterococcus_esp,97,52,46
veillonella_parvula,GCF_036456085.1,enterococcus_asa,0,0,0
veillonella_parvula,GCF_036456085.1,enterococcus_ace,214,36,178
veillonella_parvula,GCF_036456085.1,enterococcus_efaA,4,4,0
veillonella_parvula,GCF_036456085.1,enterococcus_gelE,14,15,0
veillonella_parvula,GCF_036456085.1,enterococcus_fsr,3,3,0
veillonella_parvula,GCF_036456085.1,enterococcus_ebp,0,0,0
veillonella_parvula,GCF_036456085.1,pseudomonas_alg,37,40,0
veillonella_parvula,GCF_036456085.1,pseudomonas_pel,58,59,0
veillonella_parvula,GCF_036456085.1,pseudomonas_psl,23,24,0
veillonella_parvula,GCF_036456085.1,pseudomonas_las,43,44,0
veillonella_parvula,GCF_036456085.1,pseudomonas_rhl,7,7,0
veillonella_parvula,GCF_036456085.1,pseudomonas_pqs,9,9,0
veillonella_parvula,GCF_036456085.1,pseudomonas_pili,33,26,7
veillonella_parvula,GCF_036456085.1,pseudomonas_cup,0,0,0
veillonella_parvula,GCF_036456085.1,pg_fimbriae,4,4,0
veillonella_parvula,GCF_036456085.1,pg_gingipain,60,61,0
veillonella_parvula,GCF_036456085.1,pg_hagA,4,4,0
veillonella_parvula,GCF_036456085.1,fn_adhesin,13,13,0
veillonella_parvula,GCF_036456085.1,tf_bspA,0,0,0
veillonella_parvula,GCF_036456085.1,td_virulence,43,44,0
veillonella_parvula,GCF_900186885.1,biofilm_ica,26,8,18
veillonella_parvula,GCF_900186885.1,biofilm_accumulation,111,114,0
veillonella_parvula,GCF_900186885.1,biofilm_bap,5,0,5
veillonella_parvula,GCF_900186885.1,adhesion_autolysin,23,23,0
veillonella_parvula,GCF_900186885.1,adhesion_fibronectin,3,0,3
veillonella_parvula,GCF_900186885.1,adhesion_clumping,1,1,0
veillonella_parvula,GCF_900186885.1,adhesion_collagen,22,22,0
veillonella_parvula,GCF_900186885.1,adhesion_sdr,8,8,0
veillonella_parvula,GCF_900186885.1,biofilm_sasG,11,12,0
veillonella_parvula,GCF_900186885.1,quorum_agr,18,18,0
veillonella_parvula,GCF_900186885.1,regulation_sarA,8,8,0
veillonella_parvula,GCF_900186885.1,stress_sigB,0,0,0
veillonella_parvula,GCF_900186885.1,streptococcus_gtf,10,10,0
veillonella_parvula,GCF_900186885.1,streptococcus_gbp,0,0,0
veillonella_parvula,GCF_900186885.1,streptococcus_spaP,21,18,3
veillonella_parvula,GCF_900186885.1,biofilm_brpA,0,0,0
veillonella_parvula,GCF_900186885.1,competence_com,4,0,4
veillonella_parvula,GCF_900186885.1,quorum_luxS,0,0,0
veillonella_parvula,GCF_900186885.1,regulation_vicRK,3,3,0
veillonella_parvula,GCF_900186885.1,sortase,8,6,2
veillonella_parvula,GCF_900186885.1,adhesion_enolase,150,0,150
veillonella_parvula,GCF_900186885.1,adhesion_fbp,2,0,2
veillonella_parvula,GCF_900186885.1,enterococcus_esp,97,57,41
veillonella_parvula,GCF_900186885.1,enterococcus_asa,0,0,0
veillonella_parvula,GCF_900186885.1,enterococcus_ace,197,31,166
veillonella_parvula,GCF_900186885.1,enterococcus_efaA,2,2,0
veillonella_parvula,GCF_900186885.1,enterococcus_gelE,11,12,0
veillonella_parvula,GCF_900186885.1,enterococcus_fsr,3,3,0
veillonella_parvula,GCF_900186885.1,enterococcus_ebp,0,0,0
veillonella_parvula,GCF_900186885.1,pseudomonas_alg,29,32,0
veillonella_parvula,GCF_900186885.1,pseudomonas_pel,56,57,0
veillonella_parvula,GCF_900186885.1,pseudomonas_psl,25,26,0
veillonella_parvula,GCF_900186885.1,pseudomonas_las,41,43,0
veillonella_parvula,GCF_900186885.1,pseudomonas_rhl,4,4,0
veillonella_parvula,GCF_900186885.1,pseudomonas_pqs,8,8,0
veillonella_parvula,GCF_900186885.1,pseudomonas_pili,34,27,7
veillonella_parvula,GCF_900186885.1,pseudomonas_cup,0,0,0
veillonella_parvula,GCF_900186885.1,pg_fimbriae,4,4,0
veillonella_parvula,GCF_900186885.1,pg_gingipain,56,58,0
veillonella_parvula,GCF_900186885.1,pg_hagA,4,4,0
veillonella_parvula,GCF_900186885.1,fn_adhesin,10,10,0
veillonella_parvula,GCF_900186885.1,tf_bspA,0,0,0
veillonella_parvula,GCF_900186885.1,td_virulence,42,43,0
