#FILE	SEQUENCE	START	END	STRAND	GENE	COVERAGE	COVERAGE_MAP	GAPS	%COVERAGE	%IDENTITY	DATABASE	ACCESSION	PRODUCT	RESISTANCE	species_folder	accession
data/unzipped_genomes/enterococcus_faecalis/ncbi_dataset/data/GCF_001598635.1/GCF_001598635.1_ASM159863v1_genomic.fna	NZ_CP014949.1	57176	58021	+	gi|29374661:1064099-1064953	1-846/855	===============	0/0	98.95	99.41	victors	gi|29374661:1064099-1064953	Enterococcus faecalis V583 chromosome complete genome		enterococcus_faecalis	GCF_001598635.1
data/unzipped_genomes/enterococcus_faecalis/ncbi_dataset/data/GCF_001598635.1/GCF_001598635.1_ASM159863v1_genomic.fna	NZ_CP014949.1	258710	259597	+	gi|29374661:1266225-1267112	1-888/888	===============	0/0	100.0	99.89	victors	gi|29374661:1266225-1267112	Enterococcus faecalis V583 chromosome complete genome		enterococcus_faecalis	GCF_001598635.1
data/unzipped_genomes/enterococcus_faecalis/ncbi_dataset/data/GCF_001598635.1/GCF_001598635.1_ASM159863v1_genomic.fna	NZ_CP014949.1	449702	451108	+	gi|29374661:1496349-1497755	1-1407/1407	===============	0/0	100.0	98.58	victors	gi|29374661:1496349-1497755	Enterococcus faecalis V583 chromosome complete genome		enterococcus_faecalis	GCF_001598635.1
data/unzipped_genomes/enterococcus_faecalis/ncbi_dataset/data/GCF_001598635.1/GCF_001598635.1_ASM159863v1_genomic.fna	NZ_CP014949.1	452420	453862	+	gi|29374661:1499067-1500509	1-1443/1443	===============	0/0	100.0	98.75	victors	gi|29374661:1499067-1500509	Enterococcus faecalis V583 chromosome complete genome		enterococcus_faecalis	GCF_001598635.1
data/unzipped_genomes/enterococcus_faecalis/ncbi_dataset/data/GCF_001598635.1/GCF_001598635.1_ASM159863v1_genomic.fna	NZ_CP014949.1	474910	476082	+	gi|29374661:1521557-1522729	1-1173/1173	===============	0/0	100.0	99.66	victors	gi|29374661:1521557-1522729	Enterococcus faecalis V583 chromosome complete genome		enterococcus_faecalis	GCF_001598635.1
data/unzipped_genomes/enterococcus_faecalis/ncbi_dataset/data/GCF_001598635.1/GCF_001598635.1_ASM159863v1_genomic.fna	NZ_CP014949.1	482400	483347	+	gi|29374661:1529047-1529994	1-948/948	===============	0/0	100.0	99.26	victors	gi|29374661:1529047-1529994	Enterococcus faecalis V583 chromosome complete genome		enterococcus_faecalis	GCF_001598635.1
data/unzipped_genomes/enterococcus_faecalis/ncbi_dataset/data/GCF_001598635.1/GCF_001598635.1_ASM159863v1_genomic.fna	NZ_CP014949.1	495336	495863	+	gi|29374661:1541984-1542511	1-528/528	===============	0/0	100.0	99.43	victors	gi|29374661:1541984-1542511	Enterococcus faecalis V583 chromosome complete genome		enterococcus_faecalis	GCF_001598635.1
data/unzipped_genomes/enterococcus_faecalis/ncbi_dataset/data/GCF_001598635.1/GCF_001598635.1_ASM159863v1_genomic.fna	NZ_CP014949.1	504007	505440	+	gi|29374661:1550656-1552089	1-1434/1434	===============	0/0	100.0	99.51	victors	gi|29374661:1550656-1552089	Enterococcus faecalis V583 chromosome complete genome		enterococcus_faecalis	GCF_001598635.1
data/unzipped_genomes/enterococcus_faecalis/ncbi_dataset/data/GCF_001598635.1/GCF_001598635.1_ASM159863v1_genomic.fna	NZ_CP014949.1	510589	512049	+	gi|29374661:1557237-1558697	1-1461/1461	===============	0/0	100.0	99.38	victors	gi|29374661:1557237-1558697	Enterococcus faecalis V583 chromosome complete genome		enterococcus_faecalis	GCF_001598635.1
data/unzipped_genomes/enterococcus_faecalis/ncbi_dataset/data/GCF_001598635.1/GCF_001598635.1_ASM159863v1_genomic.fna	NZ_CP014949.1	512068	513048	+	gi|29374661:1558716-1559696	1-981/981	===============	0/0	100.0	99.29	victors	gi|29374661:1558716-1559696	Enterococcus faecalis V583 chromosome complete genome		enterococcus_faecalis	GCF_001598635.1
data/unzipped_genomes/enterococcus_faecalis/ncbi_dataset/data/GCF_001598635.1/GCF_001598635.1_ASM159863v1_genomic.fna	NZ_CP014949.1	538669	538959	+	gi|29374661:1580186-1580476	1-291/291	===============	0/0	100.0	99.31	victors	gi|29374661:1580186-1580476	Enterococcus faecalis V583 chromosome complete genome		enterococcus_faecalis	GCF_001598635.1
data/unzipped_genomes/enterococcus_faecalis/ncbi_dataset/data/GCF_001598635.1/GCF_001598635.1_ASM159863v1_genomic.fna	NZ_CP014949.1	686643	688862	+	gi|29374661:1726260-1728479	1-2220/2220	===============	0/0	100.0	98.65	victors	gi|29374661:1726260-1728479	Enterococcus faecalis V583 chromosome complete genome		enterococcus_faecalis	GCF_001598635.1
data/unzipped_genomes/enterococcus_faecalis/ncbi_dataset/data/GCF_001598635.1/GCF_001598635.1_ASM159863v1_genomic.fna	NZ_CP014949.1	696135	696377	+	gi|29374661:1735751-1735993	1-243/243	===============	0/0	100.0	98.77	victors	gi|29374661:1735751-1735993	Enterococcus faecalis V583 chromosome complete genome		enterococcus_faecalis	GCF_001598635.1
data/unzipped_genomes/enterococcus_faecalis/ncbi_dataset/data/GCF_001598635.1/GCF_001598635.1_ASM159863v1_genomic.fna	NZ_CP014949.1	978360	979124	+	gi|29374661:2114409-2115173	1-765/765	===============	0/0	100.0	98.69	victors	gi|29374661:2114409-2115173	Enterococcus faecalis V583 chromosome complete genome		enterococcus_faecalis	GCF_001598635.1
data/unzipped_genomes/enterococcus_faecalis/ncbi_dataset/data/GCF_001598635.1/GCF_001598635.1_ASM159863v1_genomic.fna	NZ_CP014949.1	1234118	1234945	+	gi|29374661:2508692-2509519	1-828/828	===============	0/0	100.0	98.91	victors	gi|29374661:2508692-2509519	Enterococcus faecalis V583 chromosome complete genome		enterococcus_faecalis	GCF_001598635.1
data/unzipped_genomes/enterococcus_faecalis/ncbi_dataset/data/GCF_001598635.1/GCF_001598635.1_ASM159863v1_genomic.fna	NZ_CP014949.1	1241938	1243818	+	gi|29374661:2516383-2518263	1-1881/1881	===============	0/0	100.0	99.2	victors	gi|29374661:2516383-2518263	Enterococcus faecalis V583 chromosome complete genome		enterococcus_faecalis	GCF_001598635.1
data/unzipped_genomes/enterococcus_faecalis/ncbi_dataset/data/GCF_001598635.1/GCF_001598635.1_ASM159863v1_genomic.fna	NZ_CP014949.1	1311207	1312385	+	gi|29374661:2587263-2588441	1-1179/1179	===============	0/0	100.0	98.81	victors	gi|29374661:2587263-2588441	Enterococcus faecalis V583 chromosome complete genome		enterococcus_faecalis	GCF_001598635.1
data/unzipped_genomes/enterococcus_faecalis/ncbi_dataset/data/GCF_001598635.1/GCF_001598635.1_ASM159863v1_genomic.fna	NZ_CP014949.1	1521270	1521851	+	gi|29374661:2830516-2831097	1-582/582	===============	0/0	100.0	99.48	victors	gi|29374661:2830516-2831097	Enterococcus faecalis V583 chromosome complete genome		enterococcus_faecalis	GCF_001598635.1
data/unzipped_genomes/enterococcus_faecalis/ncbi_dataset/data/GCF_001598635.1/GCF_001598635.1_ASM159863v1_genomic.fna	NZ_CP014949.1	1628319	1629053	+	gi|29374661:2929628-2930362	1-735/735	===============	0/0	100.0	99.73	victors	gi|29374661:2929628-2930362	Enterococcus faecalis V583 chromosome complete genome		enterococcus_faecalis	GCF_001598635.1
data/unzipped_genomes/enterococcus_faecalis/ncbi_dataset/data/GCF_001598635.1/GCF_001598635.1_ASM159863v1_genomic.fna	NZ_CP014949.1	1872887	1876748	+	gi|29374661:3195823-3201057	1-3862/5235	============...	0/0	73.77	98.24	victors	gi|29374661:3195823-3201057	Enterococcus faecalis V583 chromosome complete genome		enterococcus_faecalis	GCF_001598635.1
data/unzipped_genomes/enterococcus_faecalis/ncbi_dataset/data/GCF_001598635.1/GCF_001598635.1_ASM159863v1_genomic.fna	NZ_CP014949.1	1977257	1977910	-	gi|72528353|gb|DQ111988.1|	1-654/654	===============	0/0	100.0	99.85	victors	gi|29374661:3195823-3201057	Enterococcus faecalis transcriptional regulator (ers) gene complete cds		enterococcus_faecalis	GCF_001598635.1
data/unzipped_genomes/enterococcus_faecalis/ncbi_dataset/data/GCF_001598635.1/GCF_001598635.1_ASM159863v1_genomic.fna	NZ_CP014949.1	2082527	2083882	+	gi|29374661:219347-220702	1-1356/1356	===============	0/0	100.0	99.78	victors	gi|29374661:219347-220702	Enterococcus faecalis V583 chromosome complete genome		enterococcus_faecalis	GCF_001598635.1
data/unzipped_genomes/enterococcus_faecalis/ncbi_dataset/data/GCF_001598635.1/GCF_001598635.1_ASM159863v1_genomic.fna	NZ_CP014949.1	2170716	2171759	+	gi|29374661:344853-345896	1-1044/1044	===============	0/0	100.0	99.81	victors	gi|29374661:344853-345896	Enterococcus faecalis V583 chromosome complete genome		enterococcus_faecalis	GCF_001598635.1
data/unzipped_genomes/enterococcus_faecalis/ncbi_dataset/data/GCF_001598635.1/GCF_001598635.1_ASM159863v1_genomic.fna	NZ_CP014949.1	2175652	2177244	+	gi|29374661:349789-351381	1-1593/1593	===============	0/0	100.0	99.69	victors	gi|29374661:349789-351381	Enterococcus faecalis V583 chromosome complete genome		enterococcus_faecalis	GCF_001598635.1
data/unzipped_genomes/enterococcus_faecalis/ncbi_dataset/data/GCF_001598635.1/GCF_001598635.1_ASM159863v1_genomic.fna	NZ_CP014949.1	2501732	2503318	+	gi|29374661:694215-695801	1-1587/1587	===============	0/0	100.0	98.8	victors	gi|29374661:694215-695801	Enterococcus faecalis V583 chromosome complete genome		enterococcus_faecalis	GCF_001598635.1
data/unzipped_genomes/enterococcus_faecalis/ncbi_dataset/data/GCF_001598635.1/GCF_001598635.1_ASM159863v1_genomic.fna	NZ_CP014949.1	2615116	2615580	+	gi|29374661:821792-822256	1-465/465	===============	0/0	100.0	99.14	victors	gi|29374661:821792-822256	Enterococcus faecalis V583 chromosome complete genome		enterococcus_faecalis	GCF_001598635.1
data/unzipped_genomes/enterococcus_faecalis/ncbi_dataset/data/GCF_001598635.1/GCF_001598635.1_ASM159863v1_genomic.fna	NZ_CP014949.1	2709051	2710061	+	gi|29374661:915923-916933	1-1011/1011	===============	0/0	100.0	99.21	victors	gi|29374661:915923-916933	Enterococcus faecalis V583 chromosome complete genome		enterococcus_faecalis	GCF_001598635.1
data/unzipped_genomes/enterococcus_faecalis/ncbi_dataset/data/GCF_001689055.2/GCF_001689055.2_ASM168905v2_genomic.fna	NZ_CP015410.2	20312	20893	+	gi|29374661:2830516-2831097	1-582/582	===============	0/0	100.0	99.66	victors	gi|29374661:2830516-2831097	Enterococcus faecalis V583 chromosome complete genome		enterococcus_faecalis	GCF_001689055.2
data/unzipped_genomes/enterococcus_faecalis/ncbi_dataset/data/GCF_001689055.2/GCF_001689055.2_ASM168905v2_genomic.fna	NZ_CP015410.2	124396	125130	+	gi|29374661:2929628-2930362	1-735/735	===============	0/0	100.0	99.18	victors	gi|29374661:2929628-2930362	Enterococcus faecalis V583 chromosome complete genome		enterococcus_faecalis	GCF_001689055.2
data/unzipped_genomes/enterococcus_faecalis/ncbi_dataset/data/GCF_001689055.2/GCF_001689055.2_ASM168905v2_genomic.fna	NZ_CP015410.2	383225	387086	+	gi|29374661:3195823-3201057	1-3862/5235	============...	0/0	73.77	98.16	victors	gi|29374661:3195823-3201057	Enterococcus faecalis V583 chromosome complete genome		enterococcus_faecalis	GCF_001689055.2
data/unzipped_genomes/enterococcus_faecalis/ncbi_dataset/data/GCF_001689055.2/GCF_001689055.2_ASM168905v2_genomic.fna	NZ_CP015410.2	494173	494826	-	gi|72528353|gb|DQ111988.1|	1-654/654	===============	0/0	100.0	99.85	victors	gi|29374661:3195823-3201057	Enterococcus faecalis transcriptional regulator (ers) gene complete cds		enterococcus_faecalis	GCF_001689055.2
data/unzipped_genomes/enterococcus_faecalis/ncbi_dataset/data/GCF_001689055.2/GCF_001689055.2_ASM168905v2_genomic.fna	NZ_CP015410.2	667596	671512	-	gi|113706804:12882-16799	2-3918/3918	===============	0/0	99.97	95.1	victors	gi|113706804:12882-16799	Enterococcus faecalis plasmid pCF10 complete sequence		enterococcus_faecalis	GCF_001689055.2
data/unzipped_genomes/enterococcus_faecalis/ncbi_dataset/data/GCF_001689055.2/GCF_001689055.2_ASM168905v2_genomic.fna	NZ_CP015410.2	730154	731509	+	gi|29374661:219347-220702	1-1356/1356	===============	0/0	100.0	99.7	victors	gi|29374661:219347-220702	Enterococcus faecalis V583 chromosome complete genome		enterococcus_faecalis	GCF_001689055.2
data/unzipped_genomes/enterococcus_faecalis/ncbi_dataset/data/GCF_001689055.2/GCF_001689055.2_ASM168905v2_genomic.fna	NZ_CP015410.2	976561	977604	+	gi|29374661:344853-345896	1-1044/1044	===============	0/0	100.0	99.23	victors	gi|29374661:344853-345896	Enterococcus faecalis V583 chromosome complete genome		enterococcus_faecalis	GCF_001689055.2
data/unzipped_genomes/enterococcus_faecalis/ncbi_dataset/data/GCF_001689055.2/GCF_001689055.2_ASM168905v2_genomic.fna	NZ_CP015410.2	981498	983090	+	gi|29374661:349789-351381	1-1593/1593	===============	0/0	100.0	99.12	victors	gi|29374661:349789-351381	Enterococcus faecalis V583 chromosome complete genome		enterococcus_faecalis	GCF_001689055.2
data/unzipped_genomes/enterococcus_faecalis/ncbi_dataset/data/GCF_001689055.2/GCF_001689055.2_ASM168905v2_genomic.fna	NZ_CP015410.2	1189997	1191583	+	gi|29374661:694215-695801	1-1587/1587	===============	0/0	100.0	99.31	victors	gi|29374661:694215-695801	Enterococcus faecalis V583 chromosome complete genome		enterococcus_faecalis	GCF_001689055.2
data/unzipped_genomes/enterococcus_faecalis/ncbi_dataset/data/GCF_001689055.2/GCF_001689055.2_ASM168905v2_genomic.fna	NZ_CP015410.2	1308823	1309287	+	gi|29374661:821792-822256	1-465/465	===============	0/0	100.0	98.71	victors	gi|29374661:821792-822256	Enterococcus faecalis V583 chromosome complete genome		enterococcus_faecalis	GCF_001689055.2
data/unzipped_genomes/enterococcus_faecalis/ncbi_dataset/data/GCF_001689055.2/GCF_001689055.2_ASM168905v2_genomic.fna	NZ_CP015410.2	1402804	1403814	+	gi|29374661:915923-916933	1-1011/1011	===============	0/0	100.0	99.21	victors	gi|29374661:915923-916933	Enterococcus faecalis V583 chromosome complete genome		enterococcus_faecalis	GCF_001689055.2
data/unzipped_genomes/enterococcus_faecalis/ncbi_dataset/data/GCF_001689055.2/GCF_001689055.2_ASM168905v2_genomic.fna	NZ_CP015410.2	1616441	1617286	+	gi|29374661:1064099-1064953	1-846/855	===============	0/0	98.95	99.29	victors	gi|29374661:1064099-1064953	Enterococcus faecalis V583 chromosome complete genome		enterococcus_faecalis	GCF_001689055.2
data/unzipped_genomes/enterococcus_faecalis/ncbi_dataset/data/GCF_001689055.2/GCF_001689055.2_ASM168905v2_genomic.fna	NZ_CP015410.2	1622918	1624686	+	gi|10863204|gb|AF260872.1|	1-1769/2245	============...	0/0	78.8	95.93	victors	gi|58272424:1047582-1048360	Enterococcus faecalis strain OG1RF collagen adhesin precursor (ace) gene complete cds		enterococcus_faecalis	GCF_001689055.2
data/unzipped_genomes/enterococcus_faecalis/ncbi_dataset/data/GCF_001689055.2/GCF_001689055.2_ASM168905v2_genomic.fna	NZ_CP015410.2	1820824	1821720	+	gi|29374661:1266225-1267112	1-888/888	========/======	1/9	100.0	98.22	victors	gi|29374661:1266225-1267112	Enterococcus faecalis V583 chromosome complete genome		enterococcus_faecalis	GCF_001689055.2
data/unzipped_genomes/enterococcus_faecalis/ncbi_dataset/data/GCF_001689055.2/GCF_001689055.2_ASM168905v2_genomic.fna	NZ_CP015410.2	1968265	1969917	+	gi|29374661:1467715-1469367	1-1653/1653	===============	0/0	100.0	98.91	victors	gi|29374661:1467715-1469367	Enterococcus faecalis V583 chromosome complete genome		enterococcus_faecalis	GCF_001689055.2
data/unzipped_genomes/enterococcus_faecalis/ncbi_dataset/data/GCF_001689055.2/GCF_001689055.2_ASM168905v2_genomic.fna	NZ_CP015410.2	2001940	2003346	+	gi|29374661:1496349-1497755	1-1407/1407	===============	0/0	100.0	98.72	victors	gi|29374661:1496349-1497755	Enterococcus faecalis V583 chromosome complete genome		enterococcus_faecalis	GCF_001689055.2
data/unzipped_genomes/enterococcus_faecalis/ncbi_dataset/data/GCF_001689055.2/GCF_001689055.2_ASM168905v2_genomic.fna	NZ_CP015410.2	2004658	2006100	+	gi|29374661:1499067-1500509	1-1443/1443	===============	0/0	100.0	98.75	victors	gi|29374661:1499067-1500509	Enterococcus faecalis V583 chromosome complete genome		enterococcus_faecalis	GCF_001689055.2
data/unzipped_genomes/enterococcus_faecalis/ncbi_dataset/data/GCF_001689055.2/GCF_001689055.2_ASM168905v2_genomic.fna	NZ_CP015410.2	2027143	2028315	+	gi|29374661:1521557-1522729	1-1173/1173	===============	0/0	100.0	99.57	victors	gi|29374661:1521557-1522729	Enterococcus faecalis V583 chromosome complete genome		enterococcus_faecalis	GCF_001689055.2
data/unzipped_genomes/enterococcus_faecalis/ncbi_dataset/data/GCF_001689055.2/GCF_001689055.2_ASM168905v2_genomic.fna	NZ_CP015410.2	2034633	2035580	+	gi|29374661:1529047-1529994	1-948/948	===============	0/0	100.0	99.16	victors	gi|29374661:1529047-1529994	Enterococcus faecalis V583 chromosome complete genome		enterococcus_faecalis	GCF_001689055.2
data/unzipped_genomes/enterococcus_faecalis/ncbi_dataset/data/GCF_001689055.2/GCF_001689055.2_ASM168905v2_genomic.fna	NZ_CP015410.2	2047229	2047756	+	gi|29374661:1541984-1542511	1-528/528	===============	0/0	100.0	99.81	victors	gi|29374661:1541984-1542511	Enterococcus faecalis V583 chromosome complete genome		enterococcus_faecalis	GCF_001689055.2
data/unzipped_genomes/enterococcus_faecalis/ncbi_dataset/data/GCF_001689055.2/GCF_001689055.2_ASM168905v2_genomic.fna	NZ_CP015410.2	2058815	2060248	+	gi|29374661:1550656-1552089	1-1434/1434	===============	0/0	100.0	98.61	victors	gi|29374661:1550656-1552089	Enterococcus faecalis V583 chromosome complete genome		enterococcus_faecalis	GCF_001689055.2
data/unzipped_genomes/enterococcus_faecalis/ncbi_dataset/data/GCF_001689055.2/GCF_001689055.2_ASM168905v2_genomic.fna	NZ_CP015410.2	2065396	2066856	+	gi|29374661:1557237-1558697	1-1461/1461	===============	0/0	100.0	99.59	victors	gi|29374661:1557237-1558697	Enterococcus faecalis V583 chromosome complete genome		enterococcus_faecalis	GCF_001689055.2
data/unzipped_genomes/enterococcus_faecalis/ncbi_dataset/data/GCF_001689055.2/GCF_001689055.2_ASM168905v2_genomic.fna	NZ_CP015410.2	2066875	2067855	+	gi|29374661:1558716-1559696	1-981/981	===============	0/0	100.0	99.39	victors	gi|29374661:1558716-1559696	Enterococcus faecalis V583 chromosome complete genome		enterococcus_faecalis	GCF_001689055.2
data/unzipped_genomes/enterococcus_faecalis/ncbi_dataset/data/GCF_001689055.2/GCF_001689055.2_ASM168905v2_genomic.fna	NZ_CP015410.2	2088350	2088640	+	gi|29374661:1580186-1580476	1-291/291	===============	0/0	100.0	99.31	victors	gi|29374661:1580186-1580476	Enterococcus faecalis V583 chromosome complete genome		enterococcus_faecalis	GCF_001689055.2
data/unzipped_genomes/enterococcus_faecalis/ncbi_dataset/data/GCF_001689055.2/GCF_001689055.2_ASM168905v2_genomic.fna	NZ_CP015410.2	2237519	2239738	+	gi|29374661:1726260-1728479	1-2220/2220	===============	0/0	100.0	99.32	victors	gi|29374661:1726260-1728479	Enterococcus faecalis V583 chromosome complete genome		enterococcus_faecalis	GCF_001689055.2
data/unzipped_genomes/enterococcus_faecalis/ncbi_dataset/data/GCF_001689055.2/GCF_001689055.2_ASM168905v2_genomic.fna	NZ_CP015410.2	2247010	2247252	+	gi|29374661:1735751-1735993	1-243/243	===============	0/0	100.0	99.18	victors	gi|29374661:1735751-1735993	Enterococcus faecalis V583 chromosome complete genome		enterococcus_faecalis	GCF_001689055.2
data/unzipped_genomes/enterococcus_faecalis/ncbi_dataset/data/GCF_001689055.2/GCF_001689055.2_ASM168905v2_genomic.fna	NZ_CP015410.2	2273848	2279936	-	gi|226938234|gb|FJ858146.1|	1-6088/6088	========/======	1/1	100.0	98.95	victors	gi|29374661:1064099-1064953	Enterococcus faecium strain QSE32 fsr operon complete sequence; and GelE (gelE) and SprE (sprE) genes complete cds		enterococcus_faecalis	GCF_001689055.2
data/unzipped_genomes/enterococcus_faecalis/ncbi_dataset/data/GCF_001689055.2/GCF_001689055.2_ASM168905v2_genomic.fna	NZ_CP015410.2	2472262	2473026	+	gi|29374661:2114409-2115173	1-765/765	===============	0/0	100.0	99.35	victors	gi|29374661:2114409-2115173	Enterococcus faecalis V583 chromosome complete genome		enterococcus_faecalis	GCF_001689055.2
data/unzipped_genomes/enterococcus_faecalis/ncbi_dataset/data/GCF_001689055.2/GCF_001689055.2_ASM168905v2_genomic.fna	NZ_CP015410.2	2770100	2771278	-	gi|29374661:2587263-2588441	1-1179/1179	===============	0/0	100.0	99.41	victors	gi|29374661:2587263-2588441	Enterococcus faecalis V583 chromosome complete genome		enterococcus_faecalis	GCF_001689055.2
data/unzipped_genomes/enterococcus_faecalis/ncbi_dataset/data/GCF_001689055.2/GCF_001689055.2_ASM168905v2_genomic.fna	NZ_CP015410.2	2844987	2846867	-	gi|29374661:2516383-2518263	1-1881/1881	===============	0/0	100.0	99.15	victors	gi|29374661:2516383-2518263	Enterococcus faecalis V583 chromosome complete genome		enterococcus_faecalis	GCF_001689055.2
data/unzipped_genomes/enterococcus_faecalis/ncbi_dataset/data/GCF_001689055.2/GCF_001689055.2_ASM168905v2_genomic.fna	NZ_CP015410.2	2853731	2854558	-	gi|29374661:2508692-2509519	1-828/828	===============	0/0	100.0	99.76	victors	gi|29374661:2508692-2509519	Enterococcus faecalis V583 chromosome complete genome		enterococcus_faecalis	GCF_001689055.2
data/unzipped_genomes/enterococcus_faecalis/ncbi_dataset/data/GCF_001689055.2/GCF_001689055.2_ASM168905v2_genomic.fna	NZ_CP015410.2	2922307	2923446	-	gi|29374661:2408459-2409598	1-1140/1140	===============	0/0	100.0	99.65	victors	gi|29374661:2408459-2409598	Enterococcus faecalis V583 chromosome complete genome		enterococcus_faecalis	GCF_001689055.2
data/unzipped_genomes/enterococcus_faecalis/ncbi_dataset/data/GCF_001989555.1/GCF_001989555.1_ASM198955v1_genomic.fna	NZ_CP019512.1	74840	75493	-	gi|72528353|gb|DQ111988.1|	1-654/654	===============	0/0	100.0	99.85	victors	gi|29374661:3195823-3201057	Enterococcus faecalis transcriptional regulator (ers) gene complete cds		enterococcus_faecalis	GCF_001989555.1
data/unzipped_genomes/enterococcus_faecalis/ncbi_dataset/data/GCF_001989555.1/GCF_001989555.1_ASM198955v1_genomic.fna	NZ_CP019512.1	190934	192289	+	gi|29374661:219347-220702	1-1356/1356	===============	0/0	100.0	99.85	victors	gi|29374661:219347-220702	Enterococcus faecalis V583 chromosome complete genome		enterococcus_faecalis	GCF_001989555.1
data/unzipped_genomes/enterococcus_faecalis/ncbi_dataset/data/GCF_001989555.1/GCF_001989555.1_ASM198955v1_genomic.fna	NZ_CP019512.1	285408	286451	+	gi|29374661:344853-345896	1-1044/1044	===============	0/0	100.0	99.81	victors	gi|29374661:344853-345896	Enterococcus faecalis V583 chromosome complete genome		enterococcus_faecalis	GCF_001989555.1
data/unzipped_genomes/enterococcus_faecalis/ncbi_dataset/data/GCF_001989555.1/GCF_001989555.1_ASM198955v1_genomic.fna	NZ_CP019512.1	290344	291936	+	gi|29374661:349789-351381	1-1593/1593	===============	0/0	100.0	99.87	victors	gi|29374661:349789-351381	Enterococcus faecalis V583 chromosome complete genome		enterococcus_faecalis	GCF_001989555.1
data/unzipped_genomes/enterococcus_faecalis/ncbi_dataset/data/GCF_001989555.1/GCF_001989555.1_ASM198955v1_genomic.fna	NZ_CP019512.1	392948	396865	+	gi|113706804:12882-16799	3-3918/3918	========/======	5/10	99.85	93.93	victors	gi|113706804:12882-16799	Enterococcus faecalis plasmid pCF10 complete sequence		enterococcus_faecalis	GCF_001989555.1
data/unzipped_genomes/enterococcus_faecalis/ncbi_dataset/data/GCF_001989555.1/GCF_001989555.1_ASM198955v1_genomic.fna	NZ_CP019512.1	429194	430193	-	gi|18139788|gb|AF394225.1|	1-1000/1000	===============	0/0	100.0	99.7	victors	gi|29374661:1726260-1728479	Enterococcus faecalis plasmid pAD1 CylR1 (cylR1) and CylR2 (cylR2) genes complete cds		enterococcus_faecalis	GCF_001989555.1
data/unzipped_genomes/enterococcus_faecalis/ncbi_dataset/data/GCF_001989555.1/GCF_001989555.1_ASM198955v1_genomic.fna	NZ_CP019512.1	669352	670938	+	gi|29374661:694215-695801	1-1587/1587	===============	0/0	100.0	99.24	victors	gi|29374661:694215-695801	Enterococcus faecalis V583 chromosome complete genome		enterococcus_faecalis	GCF_001989555.1
data/unzipped_genomes/enterococcus_faecalis/ncbi_dataset/data/GCF_001989555.1/GCF_001989555.1_ASM198955v1_genomic.fna	NZ_CP019512.1	797126	797590	+	gi|29374661:821792-822256	1-465/465	===============	0/0	100.0	98.92	victors	gi|29374661:821792-822256	Enterococcus faecalis V583 chromosome complete genome		enterococcus_faecalis	GCF_001989555.1
data/unzipped_genomes/enterococcus_faecalis/ncbi_dataset/data/GCF_001989555.1/GCF_001989555.1_ASM198955v1_genomic.fna	NZ_CP019512.1	890970	891980	+	gi|29374661:915923-916933	1-1011/1011	===============	0/0	100.0	99.01	victors	gi|29374661:915923-916933	Enterococcus faecalis V583 chromosome complete genome		enterococcus_faecalis	GCF_001989555.1
data/unzipped_genomes/enterococcus_faecalis/ncbi_dataset/data/GCF_001989555.1/GCF_001989555.1_ASM198955v1_genomic.fna	NZ_CP019512.1	1078208	1079052	+	gi|29374661:1064099-1064953	1-845/855	===============	0/0	98.83	99.41	victors	gi|29374661:1064099-1064953	Enterococcus faecalis V583 chromosome complete genome		enterococcus_faecalis	GCF_001989555.1
data/unzipped_genomes/enterococcus_faecalis/ncbi_dataset/data/GCF_001989555.1/GCF_001989555.1_ASM198955v1_genomic.fna	NZ_CP019512.1	1085291	1087059	+	gi|10863204|gb|AF260872.1|	1-1769/2245	============...	0/0	78.8	96.83	victors	gi|58272424:1047582-1048360	Enterococcus faecalis strain OG1RF collagen adhesin precursor (ace) gene complete cds		enterococcus_faecalis	GCF_001989555.1
data/unzipped_genomes/enterococcus_faecalis/ncbi_dataset/data/GCF_001989555.1/GCF_001989555.1_ASM198955v1_genomic.fna	NZ_CP019512.1	1283145	1284032	+	gi|29374661:1266225-1267112	1-888/888	===============	0/0	100.0	99.66	victors	gi|29374661:1266225-1267112	Enterococcus faecalis V583 chromosome complete genome		enterococcus_faecalis	GCF_001989555.1
data/unzipped_genomes/enterococcus_faecalis/ncbi_dataset/data/GCF_001989555.1/GCF_001989555.1_ASM198955v1_genomic.fna	NZ_CP019512.1	1430349	1432001	+	gi|29374661:1467715-1469367	1-1653/1653	===============	0/0	100.0	99.46	victors	gi|29374661:1467715-1469367	Enterococcus faecalis V583 chromosome complete genome		enterococcus_faecalis	GCF_001989555.1
data/unzipped_genomes/enterococcus_faecalis/ncbi_dataset/data/GCF_001989555.1/GCF_001989555.1_ASM198955v1_genomic.fna	NZ_CP019512.1	1464483	1465889	+	gi|29374661:1496349-1497755	1-1407/1407	===============	0/0	100.0	98.93	victors	gi|29374661:1496349-1497755	Enterococcus faecalis V583 chromosome complete genome		enterococcus_faecalis	GCF_001989555.1
data/unzipped_genomes/enterococcus_faecalis/ncbi_dataset/data/GCF_001989555.1/GCF_001989555.1_ASM198955v1_genomic.fna	NZ_CP019512.1	1467201	1468643	+	gi|29374661:1499067-1500509	1-1443/1443	===============	0/0	100.0	98.82	victors	gi|29374661:1499067-1500509	Enterococcus faecalis V583 chromosome complete genome		enterococcus_faecalis	GCF_001989555.1
data/unzipped_genomes/enterococcus_faecalis/ncbi_dataset/data/GCF_001989555.1/GCF_001989555.1_ASM198955v1_genomic.fna	NZ_CP019512.1	1489691	1490863	+	gi|29374661:1521557-1522729	1-1173/1173	===============	0/0	100.0	100.0	victors	gi|29374661:1521557-1522729	Enterococcus faecalis V583 chromosome complete genome		enterococcus_faecalis	GCF_001989555.1
data/unzipped_genomes/enterococcus_faecalis/ncbi_dataset/data/GCF_001989555.1/GCF_001989555.1_ASM198955v1_genomic.fna	NZ_CP019512.1	1497181	1498128	+	gi|29374661:1529047-1529994	1-948/948	===============	0/0	100.0	99.47	victors	gi|29374661:1529047-1529994	Enterococcus faecalis V583 chromosome complete genome		enterococcus_faecalis	GCF_001989555.1
data/unzipped_genomes/enterococcus_faecalis/ncbi_dataset/data/GCF_001989555.1/GCF_001989555.1_ASM198955v1_genomic.fna	NZ_CP019512.1	1509780	1510307	+	gi|29374661:1541984-1542511	1-528/528	===============	0/0	100.0	99.24	victors	gi|29374661:1541984-1542511	Enterococcus faecalis V583 chromosome complete genome		enterococcus_faecalis	GCF_001989555.1
data/unzipped_genomes/enterococcus_faecalis/ncbi_dataset/data/GCF_001989555.1/GCF_001989555.1_ASM198955v1_genomic.fna	NZ_CP019512.1	1518452	1519885	+	gi|29374661:1550656-1552089	1-1434/1434	===============	0/0	100.0	98.67	victors	gi|29374661:1550656-1552089	Enterococcus faecalis V583 chromosome complete genome		enterococcus_faecalis	GCF_001989555.1
data/unzipped_genomes/enterococcus_faecalis/ncbi_dataset/data/GCF_001989555.1/GCF_001989555.1_ASM198955v1_genomic.fna	NZ_CP019512.1	1525034	1526494	+	gi|29374661:1557237-1558697	1-1461/1461	===============	0/0	100.0	99.18	victors	gi|29374661:1557237-1558697	Enterococcus faecalis V583 chromosome complete genome		enterococcus_faecalis	GCF_001989555.1
data/unzipped_genomes/enterococcus_faecalis/ncbi_dataset/data/GCF_001989555.1/GCF_001989555.1_ASM198955v1_genomic.fna	NZ_CP019512.1	1526513	1527493	+	gi|29374661:1558716-1559696	1-981/981	===============	0/0	100.0	99.19	victors	gi|29374661:1558716-1559696	Enterococcus faecalis V583 chromosome complete genome		enterococcus_faecalis	GCF_001989555.1
data/unzipped_genomes/enterococcus_faecalis/ncbi_dataset/data/GCF_001989555.1/GCF_001989555.1_ASM198955v1_genomic.fna	NZ_CP019512.1	1553105	1553395	+	gi|29374661:1580186-1580476	1-291/291	===============	0/0	100.0	99.31	victors	gi|29374661:1580186-1580476	Enterococcus faecalis V583 chromosome complete genome		enterococcus_faecalis	GCF_001989555.1
data/unzipped_genomes/enterococcus_faecalis/ncbi_dataset/data/GCF_001989555.1/GCF_001989555.1_ASM198955v1_genomic.fna	NZ_CP019512.1	1697835	1700054	+	gi|29374661:1726260-1728479	1-2220/2220	===============	0/0	100.0	99.01	victors	gi|29374661:1726260-1728479	Enterococcus faecalis V583 chromosome complete genome		enterococcus_faecalis	GCF_001989555.1
data/unzipped_genomes/enterococcus_faecalis/ncbi_dataset/data/GCF_001989555.1/GCF_001989555.1_ASM198955v1_genomic.fna	NZ_CP019512.1	1707328	1707570	+	gi|29374661:1735751-1735993	1-243/243	===============	0/0	100.0	98.77	victors	gi|29374661:1735751-1735993	Enterococcus faecalis V583 chromosome complete genome		enterococcus_faecalis	GCF_001989555.1
data/unzipped_genomes/enterococcus_faecalis/ncbi_dataset/data/GCF_001989555.1/GCF_001989555.1_ASM198955v1_genomic.fna	NZ_CP019512.1	2018119	2018883	+	gi|29374661:2114409-2115173	1-765/765	===============	0/0	100.0	99.08	victors	gi|29374661:2114409-2115173	Enterococcus faecalis V583 chromosome complete genome		enterococcus_faecalis	GCF_001989555.1
data/unzipped_genomes/enterococcus_faecalis/ncbi_dataset/data/GCF_001989555.1/GCF_001989555.1_ASM198955v1_genomic.fna	NZ_CP019512.1	2261451	2262590	+	gi|29374661:2408459-2409598	1-1140/1140	===============	0/0	100.0	99.56	victors	gi|29374661:2408459-2409598	Enterococcus faecalis V583 chromosome complete genome		enterococcus_faecalis	GCF_001989555.1
data/unzipped_genomes/enterococcus_faecalis/ncbi_dataset/data/GCF_001989555.1/GCF_001989555.1_ASM198955v1_genomic.fna	NZ_CP019512.1	2362294	2363121	+	gi|29374661:2508692-2509519	1-828/828	===============	0/0	100.0	99.52	victors	gi|29374661:2508692-2509519	Enterococcus faecalis V583 chromosome complete genome		enterococcus_faecalis	GCF_001989555.1
data/unzipped_genomes/enterococcus_faecalis/ncbi_dataset/data/GCF_001989555.1/GCF_001989555.1_ASM198955v1_genomic.fna	NZ_CP019512.1	2369985	2371865	+	gi|29374661:2516383-2518263	1-1881/1881	===============	0/0	100.0	99.68	victors	gi|29374661:2516383-2518263	Enterococcus faecalis V583 chromosome complete genome		enterococcus_faecalis	GCF_001989555.1
data/unzipped_genomes/enterococcus_faecalis/ncbi_dataset/data/GCF_001989555.1/GCF_001989555.1_ASM198955v1_genomic.fna	NZ_CP019512.1	2441493	2442677	+	gi|29374661:2587263-2588441	1-1179/1179	========/======	1/6	100.0	98.9	victors	gi|29374661:2587263-2588441	Enterococcus faecalis V583 chromosome complete genome		enterococcus_faecalis	GCF_001989555.1
data/unzipped_genomes/enterococcus_faecalis/ncbi_dataset/data/GCF_001989555.1/GCF_001989555.1_ASM198955v1_genomic.fna	NZ_CP019512.1	2718651	2719232	+	gi|29374661:2830516-2831097	1-582/582	===============	0/0	100.0	99.83	victors	gi|29374661:2830516-2831097	Enterococcus faecalis V583 chromosome complete genome		enterococcus_faecalis	GCF_001989555.1
data/unzipped_genomes/enterococcus_faecalis/ncbi_dataset/data/GCF_001989555.1/GCF_001989555.1_ASM198955v1_genomic.fna	NZ_CP019512.1	2817646	2818380	+	gi|29374661:2929628-2930362	1-735/735	===============	0/0	100.0	99.73	victors	gi|29374661:2929628-2930362	Enterococcus faecalis V583 chromosome complete genome		enterococcus_faecalis	GCF_001989555.1
data/unzipped_genomes/enterococcus_faecalis/ncbi_dataset/data/GCF_001989555.1/GCF_001989555.1_ASM198955v1_genomic.fna	NZ_CP019512.1	3070883	3074744	+	gi|29374661:3195823-3201057	1-3862/5235	============...	0/0	73.77	97.98	victors	gi|29374661:3195823-3201057	Enterococcus faecalis V583 chromosome complete genome		enterococcus_faecalis	GCF_001989555.1
data/unzipped_genomes/enterococcus_faecalis/ncbi_dataset/data/GCF_001989555.1/GCF_001989555.1_ASM198955v1_genomic.fna	NZ_CP019513.1	7333	11223	+	gi|29377803:35116-39006	1-3891/3891	===============	0/0	100.0	100.0	victors	gi|29377803:35116-39006	Enterococcus faecalis V583 plasmid pTEF1 complete sequence		enterococcus_faecalis	GCF_001989555.1
data/unzipped_genomes/enterococcus_faecalis/ncbi_dataset/data/GCF_002163735.1/GCF_002163735.1_ASM216373v1_genomic.fna	NZ_CP015883.1	76122	76775	-	gi|72528353|gb|DQ111988.1|	1-654/654	===============	0/0	100.0	99.69	victors	gi|29374661:3195823-3201057	Enterococcus faecalis transcriptional regulator (ers) gene complete cds		enterococcus_faecalis	GCF_002163735.1
data/unzipped_genomes/enterococcus_faecalis/ncbi_dataset/data/GCF_002163735.1/GCF_002163735.1_ASM216373v1_genomic.fna	NZ_CP015883.1	213589	214610	+	gi|18139788|gb|AF394225.1|	1-1000/1000	========/======	1/22	100.0	95.6	victors	gi|29374661:1726260-1728479	Enterococcus faecalis plasmid pAD1 CylR1 (cylR1) and CylR2 (cylR2) genes complete cds		enterococcus_faecalis	GCF_002163735.1
data/unzipped_genomes/enterococcus_faecalis/ncbi_dataset/data/GCF_002163735.1/GCF_002163735.1_ASM216373v1_genomic.fna	NZ_CP015883.1	246744	250657	-	gi|113706804:12882-16799	2-3918/3918	========/======	1/3	99.9	95.15	victors	gi|113706804:12882-16799	Enterococcus faecalis plasmid pCF10 complete sequence		enterococcus_faecalis	GCF_002163735.1
data/unzipped_genomes/enterococcus_faecalis/ncbi_dataset/data/GCF_002163735.1/GCF_002163735.1_ASM216373v1_genomic.fna	NZ_CP015883.1	335105	336460	+	gi|29374661:219347-220702	1-1356/1356	===============	0/0	100.0	100.0	victors	gi|29374661:219347-220702	Enterococcus faecalis V583 chromosome complete genome		enterococcus_faecalis	GCF_002163735.1
data/unzipped_genomes/enterococcus_faecalis/ncbi_dataset/data/GCF_002163735.1/GCF_002163735.1_ASM216373v1_genomic.fna	NZ_CP015883.1	420884	421927	+	gi|29374661:344853-345896	1-1044/1044	===============	0/0	100.0	100.0	victors	gi|29374661:344853-345896	Enterococcus faecalis V583 chromosome complete genome		enterococcus_faecalis	GCF_002163735.1
data/unzipped_genomes/enterococcus_faecalis/ncbi_dataset/data/GCF_002163735.1/GCF_002163735.1_ASM216373v1_genomic.fna	NZ_CP015883.1	425820	427412	+	gi|29374661:349789-351381	1-1593/1593	===============	0/0	100.0	100.0	victors	gi|29374661:349789-351381	Enterococcus faecalis V583 chromosome complete genome		enterococcus_faecalis	GCF_002163735.1
data/unzipped_genomes/enterococcus_faecalis/ncbi_dataset/data/GCF_002163735.1/GCF_002163735.1_ASM216373v1_genomic.fna	NZ_CP015883.1	655396	656982	+	gi|29374661:694215-695801	1-1587/1587	===============	0/0	100.0	99.94	victors	gi|29374661:694215-695801	Enterococcus faecalis V583 chromosome complete genome		enterococcus_faecalis	GCF_002163735.1
data/unzipped_genomes/enterococcus_faecalis/ncbi_dataset/data/GCF_002163735.1/GCF_002163735.1_ASM216373v1_genomic.fna	NZ_CP015883.1	782298	782762	+	gi|29374661:821792-822256	1-465/465	===============	0/0	100.0	100.0	victors	gi|29374661:821792-822256	Enterococcus faecalis V583 chromosome complete genome		enterococcus_faecalis	GCF_002163735.1
data/unzipped_genomes/enterococcus_faecalis/ncbi_dataset/data/GCF_002163735.1/GCF_002163735.1_ASM216373v1_genomic.fna	NZ_CP015883.1	876428	877438	+	gi|29374661:915923-916933	1-1011/1011	===============	0/0	100.0	99.9	victors	gi|29374661:915923-916933	Enterococcus faecalis V583 chromosome complete genome		enterococcus_faecalis	GCF_002163735.1
data/unzipped_genomes/enterococcus_faecalis/ncbi_dataset/data/GCF_002163735.1/GCF_002163735.1_ASM216373v1_genomic.fna	NZ_CP015883.1	1024743	1025597	+	gi|29374661:1064099-1064953	1-855/855	===============	0/0	100.0	100.0	victors	gi|29374661:1064099-1064953	Enterococcus faecalis V583 chromosome complete genome		enterococcus_faecalis	GCF_002163735.1
data/unzipped_genomes/enterococcus_faecalis/ncbi_dataset/data/GCF_002163735.1/GCF_002163735.1_ASM216373v1_genomic.fna	NZ_CP015883.1	1028633	1030401	+	gi|10863204|gb|AF260872.1|	1-1769/2245	============...	0/0	78.8	96.33	victors	gi|58272424:1047582-1048360	Enterococcus faecalis strain OG1RF collagen adhesin precursor (ace) gene complete cds		enterococcus_faecalis	GCF_002163735.1
data/unzipped_genomes/enterococcus_faecalis/ncbi_dataset/data/GCF_002163735.1/GCF_002163735.1_ASM216373v1_genomic.fna	NZ_CP015883.1	1226865	1227752	+	gi|29374661:1266225-1267112	1-888/888	===============	0/0	100.0	100.0	victors	gi|29374661:1266225-1267112	Enterococcus faecalis V583 chromosome complete genome		enterococcus_faecalis	GCF_002163735.1
data/unzipped_genomes/enterococcus_faecalis/ncbi_dataset/data/GCF_002163735.1/GCF_002163735.1_ASM216373v1_genomic.fna	NZ_CP015883.1	1380173	1381825	+	gi|29374661:1467715-1469367	1-1653/1653	===============	0/0	100.0	100.0	victors	gi|29374661:1467715-1469367	Enterococcus faecalis V583 chromosome complete genome		enterococcus_faecalis	GCF_002163735.1
data/unzipped_genomes/enterococcus_faecalis/ncbi_dataset/data/GCF_002163735.1/GCF_002163735.1_ASM216373v1_genomic.fna	NZ_CP015883.1	1408807	1410213	+	gi|29374661:1496349-1497755	1-1407/1407	===============	0/0	100.0	99.93	victors	gi|29374661:1496349-1497755	Enterococcus faecalis V583 chromosome complete genome		enterococcus_faecalis	GCF_002163735.1
data/unzipped_genomes/enterococcus_faecalis/ncbi_dataset/data/GCF_002163735.1/GCF_002163735.1_ASM216373v1_genomic.fna	NZ_CP015883.1	1411525	1412967	+	gi|29374661:1499067-1500509	1-1443/1443	===============	0/0	100.0	100.0	victors	gi|29374661:1499067-1500509	Enterococcus faecalis V583 chromosome complete genome		enterococcus_faecalis	GCF_002163735.1
data/unzipped_genomes/enterococcus_faecalis/ncbi_dataset/data/GCF_002163735.1/GCF_002163735.1_ASM216373v1_genomic.fna	NZ_CP015883.1	1434284	1435456	+	gi|29374661:1521557-1522729	1-1173/1173	===============	0/0	100.0	99.15	victors	gi|29374661:1521557-1522729	Enterococcus faecalis V583 chromosome complete genome		enterococcus_faecalis	GCF_002163735.1
data/unzipped_genomes/enterococcus_faecalis/ncbi_dataset/data/GCF_002163735.1/GCF_002163735.1_ASM216373v1_genomic.fna	NZ_CP015883.1	1441774	1442721	+	gi|29374661:1529047-1529994	1-948/948	===============	0/0	100.0	99.79	victors	gi|29374661:1529047-1529994	Enterococcus faecalis V583 chromosome complete genome		enterococcus_faecalis	GCF_002163735.1
data/unzipped_genomes/enterococcus_faecalis/ncbi_dataset/data/GCF_002163735.1/GCF_002163735.1_ASM216373v1_genomic.fna	NZ_CP015883.1	1454710	1455237	+	gi|29374661:1541984-1542511	1-528/528	===============	0/0	100.0	100.0	victors	gi|29374661:1541984-1542511	Enterococcus faecalis V583 chromosome complete genome		enterococcus_faecalis	GCF_002163735.1
data/unzipped_genomes/enterococcus_faecalis/ncbi_dataset/data/GCF_002163735.1/GCF_002163735.1_ASM216373v1_genomic.fna	NZ_CP015883.1	1463382	1464815	+	gi|29374661:1550656-1552089	1-1434/1434	===============	0/0	100.0	99.02	victors	gi|29374661:1550656-1552089	Enterococcus faecalis V583 chromosome complete genome		enterococcus_faecalis	GCF_002163735.1
data/unzipped_genomes/enterococcus_faecalis/ncbi_dataset/data/GCF_002163735.1/GCF_002163735.1_ASM216373v1_genomic.fna	NZ_CP015883.1	1469963	1471423	+	gi|29374661:1557237-1558697	1-1461/1461	===============	0/0	100.0	99.8	victors	gi|29374661:1557237-1558697	Enterococcus faecalis V583 chromosome complete genome		enterococcus_faecalis	GCF_002163735.1
data/unzipped_genomes/enterococcus_faecalis/ncbi_dataset/data/GCF_002163735.1/GCF_002163735.1_ASM216373v1_genomic.fna	NZ_CP015883.1	1471442	1472422	+	gi|29374661:1558716-1559696	1-981/981	===============	0/0	100.0	100.0	victors	gi|29374661:1558716-1559696	Enterococcus faecalis V583 chromosome complete genome		enterococcus_faecalis	GCF_002163735.1
data/unzipped_genomes/enterococcus_faecalis/ncbi_dataset/data/GCF_002163735.1/GCF_002163735.1_ASM216373v1_genomic.fna	NZ_CP015883.1	1492906	1493196	+	gi|29374661:1580186-1580476	1-291/291	===============	0/0	100.0	100.0	victors	gi|29374661:1580186-1580476	Enterococcus faecalis V583 chromosome complete genome		enterococcus_faecalis	GCF_002163735.1
data/unzipped_genomes/enterococcus_faecalis/ncbi_dataset/data/GCF_002163735.1/GCF_002163735.1_ASM216373v1_genomic.fna	NZ_CP015883.1	1644978	1647197	+	gi|29374661:1726260-1728479	1-2220/2220	===============	0/0	100.0	99.69	victors	gi|29374661:1726260-1728479	Enterococcus faecalis V583 chromosome complete genome		enterococcus_faecalis	GCF_002163735.1
data/unzipped_genomes/enterococcus_faecalis/ncbi_dataset/data/GCF_002163735.1/GCF_002163735.1_ASM216373v1_genomic.fna	NZ_CP015883.1	1654469	1654711	+	gi|29374661:1735751-1735993	1-243/243	===============	0/0	100.0	100.0	victors	gi|29374661:1735751-1735993	Enterococcus faecalis V583 chromosome complete genome		enterococcus_faecalis	GCF_002163735.1
data/unzipped_genomes/enterococcus_faecalis/ncbi_dataset/data/GCF_002163735.1/GCF_002163735.1_ASM216373v1_genomic.fna	NZ_CP015883.1	1680487	1686575	-	gi|226938234|gb|FJ858146.1|	1-6088/6088	========/======	1/1	100.0	99.11	victors	gi|29374661:1064099-1064953	Enterococcus faecium strain QSE32 fsr operon complete sequence; and GelE (gelE) and SprE (sprE) genes complete cds		enterococcus_faecalis	GCF_002163735.1
data/unzipped_genomes/enterococcus_faecalis/ncbi_dataset/data/GCF_002163735.1/GCF_002163735.1_ASM216373v1_genomic.fna	NZ_CP015883.1	1959895	1960659	+	gi|29374661:2114409-2115173	1-765/765	===============	0/0	100.0	98.95	victors	gi|29374661:2114409-2115173	Enterococcus faecalis V583 chromosome complete genome		enterococcus_faecalis	GCF_002163735.1
data/unzipped_genomes/enterococcus_faecalis/ncbi_dataset/data/GCF_002163735.1/GCF_002163735.1_ASM216373v1_genomic.fna	NZ_CP015883.1	2156359	2157498	+	gi|29374661:2408459-2409598	1-1140/1140	===============	0/0	100.0	100.0	victors	gi|29374661:2408459-2409598	Enterococcus faecalis V583 chromosome complete genome		enterococcus_faecalis	GCF_002163735.1
data/unzipped_genomes/enterococcus_faecalis/ncbi_dataset/data/GCF_002163735.1/GCF_002163735.1_ASM216373v1_genomic.fna	NZ_CP015883.1	2231206	2232033	+	gi|29374661:2508692-2509519	1-828/828	===============	0/0	100.0	100.0	victors	gi|29374661:2508692-2509519	Enterococcus faecalis V583 chromosome complete genome		enterococcus_faecalis	GCF_002163735.1
data/unzipped_genomes/enterococcus_faecalis/ncbi_dataset/data/GCF_002163735.1/GCF_002163735.1_ASM216373v1_genomic.fna	NZ_CP015883.1	2238898	2240778	+	gi|29374661:2516383-2518263	1-1881/1881	===============	0/0	100.0	100.0	victors	gi|29374661:2516383-2518263	Enterococcus faecalis V583 chromosome complete genome		enterococcus_faecalis	GCF_002163735.1
data/unzipped_genomes/enterococcus_faecalis/ncbi_dataset/data/GCF_002163735.1/GCF_002163735.1_ASM216373v1_genomic.fna	NZ_CP015883.1	2308692	2309870	+	gi|29374661:2587263-2588441	1-1179/1179	===============	0/0	100.0	97.96	victors	gi|29374661:2587263-2588441	Enterococcus faecalis V583 chromosome complete genome		enterococcus_faecalis	GCF_002163735.1
data/unzipped_genomes/enterococcus_faecalis/ncbi_dataset/data/GCF_002163735.1/GCF_002163735.1_ASM216373v1_genomic.fna	NZ_CP015883.1	2502702	2503283	+	gi|29374661:2830516-2831097	1-582/582	===============	0/0	100.0	100.0	victors	gi|29374661:2830516-2831097	Enterococcus faecalis V583 chromosome complete genome		enterococcus_faecalis	GCF_002163735.1
data/unzipped_genomes/enterococcus_faecalis/ncbi_dataset/data/GCF_002163735.1/GCF_002163735.1_ASM216373v1_genomic.fna	NZ_CP015883.1	2600869	2601603	+	gi|29374661:2929628-2930362	1-735/735	===============	0/0	100.0	99.73	victors	gi|29374661:2929628-2930362	Enterococcus faecalis V583 chromosome complete genome		enterococcus_faecalis	GCF_002163735.1
data/unzipped_genomes/enterococcus_faecalis/ncbi_dataset/data/GCF_002163735.1/GCF_002163735.1_ASM216373v1_genomic.fna	NZ_CP015883.1	2850886	2856120	+	gi|29374661:3195823-3201057	1-5235/5235	===============	0/0	100.0	99.98	victors	gi|29374661:3195823-3201057	Enterococcus faecalis V583 chromosome complete genome		enterococcus_faecalis	GCF_002163735.1
data/unzipped_genomes/enterococcus_faecalis/ncbi_dataset/data/GCF_002163735.1/GCF_002163735.1_ASM216373v1_genomic.fna	NZ_CP015885.1	9865	13782	+	gi|113706804:12882-16799	1-3918/3918	========/======	2/2	99.97	95.59	victors	gi|113706804:12882-16799	Enterococcus faecalis plasmid pCF10 complete sequence		enterococcus_faecalis	GCF_002163735.1
data/unzipped_genomes/enterococcus_faecalis/ncbi_dataset/data/GCF_002208945.1/GCF_002208945.1_ASM220894v2_genomic.fna	NZ_CP022059.1	295708	297300	-	gi|29374661:349789-351381	1-1593/1593	===============	0/0	100.0	99.12	victors	gi|29374661:349789-351381	Enterococcus faecalis V583 chromosome complete genome		enterococcus_faecalis	GCF_002208945.1
data/unzipped_genomes/enterococcus_faecalis/ncbi_dataset/data/GCF_002208945.1/GCF_002208945.1_ASM220894v2_genomic.fna	NZ_CP022059.1	301193	302236	-	gi|29374661:344853-345896	1-1044/1044	===============	0/0	100.0	99.81	victors	gi|29374661:344853-345896	Enterococcus faecalis V583 chromosome complete genome		enterococcus_faecalis	GCF_002208945.1
data/unzipped_genomes/enterococcus_faecalis/ncbi_dataset/data/GCF_002208945.1/GCF_002208945.1_ASM220894v2_genomic.fna	NZ_CP022059.1	390225	391580	-	gi|29374661:219347-220702	1-1356/1356	===============	0/0	100.0	99.26	victors	gi|29374661:219347-220702	Enterococcus faecalis V583 chromosome complete genome		enterococcus_faecalis	GCF_002208945.1
data/unzipped_genomes/enterococcus_faecalis/ncbi_dataset/data/GCF_002208945.1/GCF_002208945.1_ASM220894v2_genomic.fna	NZ_CP022059.1	511704	512357	+	gi|72528353|gb|DQ111988.1|	1-654/654	===============	0/0	100.0	99.85	victors	gi|29374661:3195823-3201057	Enterococcus faecalis transcriptional regulator (ers) gene complete cds		enterococcus_faecalis	GCF_002208945.1
data/unzipped_genomes/enterococcus_faecalis/ncbi_dataset/data/GCF_002208945.1/GCF_002208945.1_ASM220894v2_genomic.fna	NZ_CP022059.1	606531	610341	-	gi|29374661:3195823-3201057	1-3862/5235	========/===...	1/51	72.8	97.28	victors	gi|29374661:3195823-3201057	Enterococcus faecalis V583 chromosome complete genome		enterococcus_faecalis	GCF_002208945.1
data/unzipped_genomes/enterococcus_faecalis/ncbi_dataset/data/GCF_002208945.1/GCF_002208945.1_ASM220894v2_genomic.fna	NZ_CP022059.1	882351	883085	-	gi|29374661:2929628-2930362	1-735/735	===============	0/0	100.0	99.32	victors	gi|29374661:2929628-2930362	Enterococcus faecalis V583 chromosome complete genome		enterococcus_faecalis	GCF_002208945.1
data/unzipped_genomes/enterococcus_faecalis/ncbi_dataset/data/GCF_002208945.1/GCF_002208945.1_ASM220894v2_genomic.fna	NZ_CP022059.1	966812	967393	-	gi|29374661:2830516-2831097	1-582/582	===============	0/0	100.0	99.48	victors	gi|29374661:2830516-2831097	Enterococcus faecalis V583 chromosome complete genome		enterococcus_faecalis	GCF_002208945.1
data/unzipped_genomes/enterococcus_faecalis/ncbi_dataset/data/GCF_002208945.1/GCF_002208945.1_ASM220894v2_genomic.fna	NZ_CP022059.1	1155276	1155740	+	gi|29374661:821792-822256	1-465/465	===============	0/0	100.0	99.14	victors	gi|29374661:821792-822256	Enterococcus faecalis V583 chromosome complete genome		enterococcus_faecalis	GCF_002208945.1
data/unzipped_genomes/enterococcus_faecalis/ncbi_dataset/data/GCF_002208945.1/GCF_002208945.1_ASM220894v2_genomic.fna	NZ_CP022059.1	1250133	1251143	+	gi|29374661:915923-916933	1-1011/1011	===============	0/0	100.0	99.11	victors	gi|29374661:915923-916933	Enterococcus faecalis V583 chromosome complete genome		enterococcus_faecalis	GCF_002208945.1
data/unzipped_genomes/enterococcus_faecalis/ncbi_dataset/data/GCF_002208945.1/GCF_002208945.1_ASM220894v2_genomic.fna	NZ_CP022059.1	1401253	1402107	+	gi|29374661:1064099-1064953	1-855/855	===============	0/0	100.0	99.3	victors	gi|29374661:1064099-1064953	Enterococcus faecalis V583 chromosome complete genome		enterococcus_faecalis	GCF_002208945.1
data/unzipped_genomes/enterococcus_faecalis/ncbi_dataset/data/GCF_002208945.1/GCF_002208945.1_ASM220894v2_genomic.fna	NZ_CP022059.1	1405142	1406769	+	gi|10863204|gb|AF260872.1|	1-1628/2245	===========....	0/0	72.52	96.99	victors	gi|58272424:1047582-1048360	Enterococcus faecalis strain OG1RF collagen adhesin precursor (ace) gene complete cds		enterococcus_faecalis	GCF_002208945.1
data/unzipped_genomes/enterococcus_faecalis/ncbi_dataset/data/GCF_002208945.1/GCF_002208945.1_ASM220894v2_genomic.fna	NZ_CP022059.1	1601344	1602231	+	gi|29374661:1266225-1267112	1-888/888	===============	0/0	100.0	99.21	victors	gi|29374661:1266225-1267112	Enterococcus faecalis V583 chromosome complete genome		enterococcus_faecalis	GCF_002208945.1
data/unzipped_genomes/enterococcus_faecalis/ncbi_dataset/data/GCF_002208945.1/GCF_002208945.1_ASM220894v2_genomic.fna	NZ_CP022059.1	1767141	1768793	+	gi|29374661:1467715-1469367	1-1653/1653	===============	0/0	100.0	99.09	victors	gi|29374661:1467715-1469367	Enterococcus faecalis V583 chromosome complete genome		enterococcus_faecalis	GCF_002208945.1
data/unzipped_genomes/enterococcus_faecalis/ncbi_dataset/data/GCF_002208945.1/GCF_002208945.1_ASM220894v2_genomic.fna	NZ_CP022059.1	1800824	1802230	+	gi|29374661:1496349-1497755	1-1407/1407	===============	0/0	100.0	99.0	victors	gi|29374661:1496349-1497755	Enterococcus faecalis V583 chromosome complete genome		enterococcus_faecalis	GCF_002208945.1
data/unzipped_genomes/enterococcus_faecalis/ncbi_dataset/data/GCF_002208945.1/GCF_002208945.1_ASM220894v2_genomic.fna	NZ_CP022059.1	1803542	1804984	+	gi|29374661:1499067-1500509	1-1443/1443	===============	0/0	100.0	98.75	victors	gi|29374661:1499067-1500509	Enterococcus faecalis V583 chromosome complete genome		enterococcus_faecalis	GCF_002208945.1
data/unzipped_genomes/enterococcus_faecalis/ncbi_dataset/data/GCF_002208945.1/GCF_002208945.1_ASM220894v2_genomic.fna	NZ_CP022059.1	1826024	1827196	+	gi|29374661:1521557-1522729	1-1173/1173	===============	0/0	100.0	99.66	victors	gi|29374661:1521557-1522729	Enterococcus faecalis V583 chromosome complete genome		enterococcus_faecalis	GCF_002208945.1
data/unzipped_genomes/enterococcus_faecalis/ncbi_dataset/data/GCF_002208945.1/GCF_002208945.1_ASM220894v2_genomic.fna	NZ_CP022059.1	1833633	1834580	+	gi|29374661:1529047-1529994	1-948/948	===============	0/0	100.0	99.16	victors	gi|29374661:1529047-1529994	Enterococcus faecalis V583 chromosome complete genome		enterococcus_faecalis	GCF_002208945.1
data/unzipped_genomes/enterococcus_faecalis/ncbi_dataset/data/GCF_002208945.1/GCF_002208945.1_ASM220894v2_genomic.fna	NZ_CP022059.1	1846569	1847096	+	gi|29374661:1541984-1542511	1-528/528	===============	0/0	100.0	99.81	victors	gi|29374661:1541984-1542511	Enterococcus faecalis V583 chromosome complete genome		enterococcus_faecalis	GCF_002208945.1
data/unzipped_genomes/enterococcus_faecalis/ncbi_dataset/data/GCF_002208945.1/GCF_002208945.1_ASM220894v2_genomic.fna	NZ_CP022059.1	1858160	1859593	+	gi|29374661:1550656-1552089	1-1434/1434	===============	0/0	100.0	99.23	victors	gi|29374661:1550656-1552089	Enterococcus faecalis V583 chromosome complete genome		enterococcus_faecalis	GCF_002208945.1
data/unzipped_genomes/enterococcus_faecalis/ncbi_dataset/data/GCF_002208945.1/GCF_002208945.1_ASM220894v2_genomic.fna	NZ_CP022059.1	1890861	1891151	+	gi|29374661:1580186-1580476	1-291/291	===============	0/0	100.0	98.28	victors	gi|29374661:1580186-1580476	Enterococcus faecalis V583 chromosome complete genome		enterococcus_faecalis	GCF_002208945.1
data/unzipped_genomes/enterococcus_faecalis/ncbi_dataset/data/GCF_002208945.1/GCF_002208945.1_ASM220894v2_genomic.fna	NZ_CP022059.1	2036335	2038554	+	gi|29374661:1726260-1728479	1-2220/2220	===============	0/0	100.0	98.29	victors	gi|29374661:1726260-1728479	Enterococcus faecalis V583 chromosome complete genome		enterococcus_faecalis	GCF_002208945.1
data/unzipped_genomes/enterococcus_faecalis/ncbi_dataset/data/GCF_002208945.1/GCF_002208945.1_ASM220894v2_genomic.fna	NZ_CP022059.1	2045826	2046068	+	gi|29374661:1735751-1735993	1-243/243	===============	0/0	100.0	99.18	victors	gi|29374661:1735751-1735993	Enterococcus faecalis V583 chromosome complete genome		enterococcus_faecalis	GCF_002208945.1
data/unzipped_genomes/enterococcus_faecalis/ncbi_dataset/data/GCF_002208945.1/GCF_002208945.1_ASM220894v2_genomic.fna	NZ_CP022059.1	2085476	2090894	-	gi|226938234|gb|FJ858146.1|	671-6088/6088	.=======/======	1/1	88.99	98.8	victors	gi|29374661:1064099-1064953	Enterococcus faecium strain QSE32 fsr operon complete sequence; and GelE (gelE) and SprE (sprE) genes complete cds		enterococcus_faecalis	GCF_002208945.1
data/unzipped_genomes/enterococcus_faecalis/ncbi_dataset/data/GCF_002208945.1/GCF_002208945.1_ASM220894v2_genomic.fna	NZ_CP022059.1	2314534	2315298	+	gi|29374661:2114409-2115173	1-765/765	===============	0/0	100.0	98.17	victors	gi|29374661:2114409-2115173	Enterococcus faecalis V583 chromosome complete genome		enterococcus_faecalis	GCF_002208945.1
data/unzipped_genomes/enterococcus_faecalis/ncbi_dataset/data/GCF_002208945.1/GCF_002208945.1_ASM220894v2_genomic.fna	NZ_CP022059.1	2582345	2583172	+	gi|29374661:2508692-2509519	1-828/828	===============	0/0	100.0	99.4	victors	gi|29374661:2508692-2509519	Enterococcus faecalis V583 chromosome complete genome		enterococcus_faecalis	GCF_002208945.1
data/unzipped_genomes/enterococcus_faecalis/ncbi_dataset/data/GCF_002208945.1/GCF_002208945.1_ASM220894v2_genomic.fna	NZ_CP022059.1	2590035	2591915	+	gi|29374661:2516383-2518263	1-1881/1881	===============	0/0	100.0	99.58	victors	gi|29374661:2516383-2518263	Enterococcus faecalis V583 chromosome complete genome		enterococcus_faecalis	GCF_002208945.1
data/unzipped_genomes/enterococcus_faecalis/ncbi_dataset/data/GCF_002208945.1/GCF_002208945.1_ASM220894v2_genomic.fna	NZ_CP022059.1	2663185	2664363	+	gi|29374661:2587263-2588441	1-1179/1179	===============	0/0	100.0	97.88	victors	gi|29374661:2587263-2588441	Enterococcus faecalis V583 chromosome complete genome		enterococcus_faecalis	GCF_002208945.1
data/unzipped_genomes/enterococcus_faecalis/ncbi_dataset/data/GCF_002208945.1/GCF_002208945.1_ASM220894v2_genomic.fna	NZ_CP022059.1	2793924	2795510	-	gi|29374661:694215-695801	1-1587/1587	===============	0/0	100.0	99.24	victors	gi|29374661:694215-695801	Enterococcus faecalis V583 chromosome complete genome		enterococcus_faecalis	GCF_002208945.1
data/unzipped_genomes/staphylococcus_capitis/ncbi_dataset/data/GCF_002356175.1/GCF_002356175.1_ASM235617v1_genomic.fna	NZ_AP014956.1	1146090	1147352	-	gi|29165615:1706140-1707402	1-1263/1263	===============	0/0	100.0	84.64	victors	gi|29165615:1706140-1707402	Staphylococcus aureus subsp. aureus N315 complete genome		staphylococcus_capitis	GCF_002356175.1
data/unzipped_genomes/staphylococcus_capitis/ncbi_dataset/data/GCF_002356175.1/GCF_002356175.1_ASM235617v1_genomic.fna	NZ_AP014956.1	1194511	1194932	-	gi|29165615:1657619-1658041	2-423/423	===============	0/0	99.76	82.7	victors	gi|29165615:1657619-1658041	Staphylococcus aureus subsp. aureus N315 complete genome		staphylococcus_capitis	GCF_002356175.1
data/unzipped_genomes/staphylococcus_capitis/ncbi_dataset/data/GCF_002356175.1/GCF_002356175.1_ASM235617v1_genomic.fna	NZ_AP014956.1	1454988	1456240	-	gi|29165615:1380484-1381743	2-1260/1260	========/======	6/10	99.29	80.09	victors	gi|29165615:1380484-1381743	Staphylococcus aureus subsp. aureus N315 complete genome		staphylococcus_capitis	GCF_002356175.1
data/unzipped_genomes/staphylococcus_capitis/ncbi_dataset/data/GCF_002356175.1/GCF_002356175.1_ASM235617v1_genomic.fna	NZ_AP014956.1	1484322	1487027	-	gi|29165615:1349288-1351993	1-2706/2706	===============	0/0	100.0	83.44	victors	gi|29165615:1349288-1351993	Staphylococcus aureus subsp. aureus N315 complete genome		staphylococcus_capitis	GCF_002356175.1
data/unzipped_genomes/staphylococcus_capitis/ncbi_dataset/data/GCF_002356175.1/GCF_002356175.1_ASM235617v1_genomic.fna	NZ_AP014956.1	1555689	1556741	-	gi|29165615:1280569-1281612	1-1044/1044	========/======	1/9	100.0	84.42	victors	gi|29165615:1280569-1281612	Staphylococcus aureus subsp. aureus N315 complete genome		staphylococcus_capitis	GCF_002356175.1
data/unzipped_genomes/staphylococcus_capitis/ncbi_dataset/data/GCF_002356175.1/GCF_002356175.1_ASM235617v1_genomic.fna	NZ_AP014956.1	2118783	2119224	-	gi|156978331:761110-761553	3-444/444	===============	0/0	99.55	88.01	victors	gi|156978331:761110-761553	Staphylococcus aureus subsp. aureus Mu3 complete genome		staphylococcus_capitis	GCF_002356175.1
data/unzipped_genomes/staphylococcus_capitis/ncbi_dataset/data/GCF_002591175.1/GCF_002591175.1_ASM259117v1_genomic.fna	NZ_CP023966.1	1043259	1044521	-	gi|29165615:1706140-1707402	1-1263/1263	===============	0/0	100.0	84.72	victors	gi|29165615:1706140-1707402	Staphylococcus aureus subsp. aureus N315 complete genome		staphylococcus_capitis	GCF_002591175.1
data/unzipped_genomes/staphylococcus_capitis/ncbi_dataset/data/GCF_002591175.1/GCF_002591175.1_ASM259117v1_genomic.fna	NZ_CP023966.1	1084934	1085355	-	gi|29165615:1657619-1658041	2-423/423	===============	0/0	99.76	82.7	victors	gi|29165615:1657619-1658041	Staphylococcus aureus subsp. aureus N315 complete genome		staphylococcus_capitis	GCF_002591175.1
data/unzipped_genomes/staphylococcus_capitis/ncbi_dataset/data/GCF_002591175.1/GCF_002591175.1_ASM259117v1_genomic.fna	NZ_CP023966.1	1342337	1343589	-	gi|29165615:1380484-1381743	2-1260/1260	========/======	6/10	99.29	80.17	victors	gi|29165615:1380484-1381743	Staphylococcus aureus subsp. aureus N315 complete genome		staphylococcus_capitis	GCF_002591175.1
data/unzipped_genomes/staphylococcus_capitis/ncbi_dataset/data/GCF_002591175.1/GCF_002591175.1_ASM259117v1_genomic.fna	NZ_CP023966.1	1371669	1374374	-	gi|29165615:1349288-1351993	1-2706/2706	===============	0/0	100.0	83.44	victors	gi|29165615:1349288-1351993	Staphylococcus aureus subsp. aureus N315 complete genome		staphylococcus_capitis	GCF_002591175.1
data/unzipped_genomes/staphylococcus_capitis/ncbi_dataset/data/GCF_002591175.1/GCF_002591175.1_ASM259117v1_genomic.fna	NZ_CP023966.1	1439756	1440808	-	gi|29165615:1280569-1281612	1-1044/1044	========/======	1/9	100.0	84.52	victors	gi|29165615:1280569-1281612	Staphylococcus aureus subsp. aureus N315 complete genome		staphylococcus_capitis	GCF_002591175.1
data/unzipped_genomes/staphylococcus_capitis/ncbi_dataset/data/GCF_002591175.1/GCF_002591175.1_ASM259117v1_genomic.fna	NZ_CP023966.1	1940991	1941432	-	gi|156978331:761110-761553	3-444/444	===============	0/0	99.55	88.01	victors	gi|156978331:761110-761553	Staphylococcus aureus subsp. aureus Mu3 complete genome		staphylococcus_capitis	GCF_002591175.1
data/unzipped_genomes/staphylococcus_capitis/ncbi_dataset/data/GCF_013267675.1/GCF_013267675.1_ASM1326767v1_genomic.fna	NZ_CP053957.1	1211084	1212346	-	gi|29165615:1706140-1707402	1-1263/1263	===============	0/0	100.0	84.72	victors	gi|29165615:1706140-1707402	Staphylococcus aureus subsp. aureus N315 complete genome		staphylococcus_capitis	GCF_013267675.1
data/unzipped_genomes/staphylococcus_capitis/ncbi_dataset/data/GCF_013267675.1/GCF_013267675.1_ASM1326767v1_genomic.fna	NZ_CP053957.1	1252809	1253230	-	gi|29165615:1657619-1658041	2-423/423	===============	0/0	99.76	82.7	victors	gi|29165615:1657619-1658041	Staphylococcus aureus subsp. aureus N315 complete genome		staphylococcus_capitis	GCF_013267675.1
data/unzipped_genomes/staphylococcus_capitis/ncbi_dataset/data/GCF_013267675.1/GCF_013267675.1_ASM1326767v1_genomic.fna	NZ_CP053957.1	1513694	1516399	-	gi|29165615:1349288-1351993	1-2706/2706	===============	0/0	100.0	83.81	victors	gi|29165615:1349288-1351993	Staphylococcus aureus subsp. aureus N315 complete genome		staphylococcus_capitis	GCF_013267675.1
data/unzipped_genomes/staphylococcus_capitis/ncbi_dataset/data/GCF_013267675.1/GCF_013267675.1_ASM1326767v1_genomic.fna	NZ_CP053957.1	1580218	1581270	-	gi|29165615:1280569-1281612	1-1044/1044	========/======	1/9	100.0	84.33	victors	gi|29165615:1280569-1281612	Staphylococcus aureus subsp. aureus N315 complete genome		staphylococcus_capitis	GCF_013267675.1
data/unzipped_genomes/staphylococcus_capitis/ncbi_dataset/data/GCF_013267675.1/GCF_013267675.1_ASM1326767v1_genomic.fna	NZ_CP053957.1	2087272	2087713	-	gi|156978331:761110-761553	3-444/444	===============	0/0	99.55	88.91	victors	gi|156978331:761110-761553	Staphylococcus aureus subsp. aureus Mu3 complete genome		staphylococcus_capitis	GCF_013267675.1
data/unzipped_genomes/staphylococcus_capitis/ncbi_dataset/data/GCF_015243435.1/GCF_015243435.1_ASM1524343v1_genomic.fna	NZ_CP042341.1	1191563	1192825	-	gi|29165615:1706140-1707402	1-1263/1263	===============	0/0	100.0	84.64	victors	gi|29165615:1706140-1707402	Staphylococcus aureus subsp. aureus N315 complete genome		staphylococcus_capitis	GCF_015243435.1
data/unzipped_genomes/staphylococcus_capitis/ncbi_dataset/data/GCF_015243435.1/GCF_015243435.1_ASM1524343v1_genomic.fna	NZ_CP042341.1	1233357	1233778	-	gi|29165615:1657619-1658041	2-423/423	===============	0/0	99.76	82.7	victors	gi|29165615:1657619-1658041	Staphylococcus aureus subsp. aureus N315 complete genome		staphylococcus_capitis	GCF_015243435.1
data/unzipped_genomes/staphylococcus_capitis/ncbi_dataset/data/GCF_015243435.1/GCF_015243435.1_ASM1524343v1_genomic.fna	NZ_CP042341.1	1493439	1494691	-	gi|29165615:1380484-1381743	2-1260/1260	========/======	6/10	99.29	80.09	victors	gi|29165615:1380484-1381743	Staphylococcus aureus subsp. aureus N315 complete genome		staphylococcus_capitis	GCF_015243435.1
data/unzipped_genomes/staphylococcus_capitis/ncbi_dataset/data/GCF_015243435.1/GCF_015243435.1_ASM1524343v1_genomic.fna	NZ_CP042341.1	1522772	1525477	-	gi|29165615:1349288-1351993	1-2706/2706	===============	0/0	100.0	83.37	victors	gi|29165615:1349288-1351993	Staphylococcus aureus subsp. aureus N315 complete genome		staphylococcus_capitis	GCF_015243435.1
data/unzipped_genomes/staphylococcus_capitis/ncbi_dataset/data/GCF_015243435.1/GCF_015243435.1_ASM1524343v1_genomic.fna	NZ_CP042341.1	1592360	1593412	-	gi|29165615:1280569-1281612	1-1044/1044	========/======	1/9	100.0	84.42	victors	gi|29165615:1280569-1281612	Staphylococcus aureus subsp. aureus N315 complete genome		staphylococcus_capitis	GCF_015243435.1
data/unzipped_genomes/staphylococcus_capitis/ncbi_dataset/data/GCF_015243435.1/GCF_015243435.1_ASM1524343v1_genomic.fna	NZ_CP042341.1	2105718	2106159	-	gi|156978331:761110-761553	3-444/444	===============	0/0	99.55	88.01	victors	gi|156978331:761110-761553	Staphylococcus aureus subsp. aureus Mu3 complete genome		staphylococcus_capitis	GCF_015243435.1
data/unzipped_genomes/staphylococcus_capitis/ncbi_dataset/data/GCF_020883475.1/GCF_020883475.1_ASM2088347v1_genomic.fna	NZ_CP086659.1	1309972	1311234	-	gi|29165615:1706140-1707402	1-1263/1263	===============	0/0	100.0	84.72	victors	gi|29165615:1706140-1707402	Staphylococcus aureus subsp. aureus N315 complete genome		staphylococcus_capitis	GCF_020883475.1
data/unzipped_genomes/staphylococcus_capitis/ncbi_dataset/data/GCF_020883475.1/GCF_020883475.1_ASM2088347v1_genomic.fna	NZ_CP086659.1	1358452	1358873	-	gi|29165615:1657619-1658041	2-423/423	===============	0/0	99.76	82.7	victors	gi|29165615:1657619-1658041	Staphylococcus aureus subsp. aureus N315 complete genome		staphylococcus_capitis	GCF_020883475.1
data/unzipped_genomes/staphylococcus_capitis/ncbi_dataset/data/GCF_020883475.1/GCF_020883475.1_ASM2088347v1_genomic.fna	NZ_CP086659.1	1615940	1617192	-	gi|29165615:1380484-1381743	2-1260/1260	========/======	6/10	99.29	80.17	victors	gi|29165615:1380484-1381743	Staphylococcus aureus subsp. aureus N315 complete genome		staphylococcus_capitis	GCF_020883475.1
data/unzipped_genomes/staphylococcus_capitis/ncbi_dataset/data/GCF_020883475.1/GCF_020883475.1_ASM2088347v1_genomic.fna	NZ_CP086659.1	1645270	1647975	-	gi|29165615:1349288-1351993	1-2706/2706	===============	0/0	100.0	83.44	victors	gi|29165615:1349288-1351993	Staphylococcus aureus subsp. aureus N315 complete genome		staphylococcus_capitis	GCF_020883475.1
data/unzipped_genomes/staphylococcus_capitis/ncbi_dataset/data/GCF_020883475.1/GCF_020883475.1_ASM2088347v1_genomic.fna	NZ_CP086659.1	1717843	1718895	-	gi|29165615:1280569-1281612	1-1044/1044	========/======	1/9	100.0	84.42	victors	gi|29165615:1280569-1281612	Staphylococcus aureus subsp. aureus N315 complete genome		staphylococcus_capitis	GCF_020883475.1
data/unzipped_genomes/staphylococcus_capitis/ncbi_dataset/data/GCF_020883475.1/GCF_020883475.1_ASM2088347v1_genomic.fna	NZ_CP086659.1	2219785	2220226	-	gi|156978331:761110-761553	3-444/444	===============	0/0	99.55	88.01	victors	gi|156978331:761110-761553	Staphylococcus aureus subsp. aureus Mu3 complete genome		staphylococcus_capitis	GCF_020883475.1
data/unzipped_genomes/staphylococcus_epidermidis/ncbi_dataset/data/GCF_000759555.1/GCF_000759555.1_ASM75955v1_genomic.fna	NZ_CP009046.1	10955	12207	+	gi|29165615:1380484-1381743	2-1260/1260	========/======	5/10	99.29	80.02	victors	gi|29165615:1380484-1381743	Staphylococcus aureus subsp. aureus N315 complete genome		staphylococcus_epidermidis	GCF_000759555.1
data/unzipped_genomes/staphylococcus_epidermidis/ncbi_dataset/data/GCF_000759555.1/GCF_000759555.1_ASM75955v1_genomic.fna	NZ_CP009046.1	291538	291959	+	gi|29165615:1657619-1658041	2-423/423	===============	0/0	99.76	82.94	victors	gi|29165615:1657619-1658041	Staphylococcus aureus subsp. aureus N315 complete genome		staphylococcus_epidermidis	GCF_000759555.1
data/unzipped_genomes/staphylococcus_epidermidis/ncbi_dataset/data/GCF_000759555.1/GCF_000759555.1_ASM75955v1_genomic.fna	NZ_CP009046.1	333519	334780	+	gi|29165615:1706140-1707402	2-1263/1263	===============	0/0	99.92	84.31	victors	gi|29165615:1706140-1707402	Staphylococcus aureus subsp. aureus N315 complete genome		staphylococcus_epidermidis	GCF_000759555.1
data/unzipped_genomes/staphylococcus_epidermidis/ncbi_dataset/data/GCF_000759555.1/GCF_000759555.1_ASM75955v1_genomic.fna	NZ_CP009046.1	1854981	1855424	+	gi|156978331:761110-761553	1-444/444	===============	0/0	100.0	88.51	victors	gi|156978331:761110-761553	Staphylococcus aureus subsp. aureus Mu3 complete genome		staphylococcus_epidermidis	GCF_000759555.1
data/unzipped_genomes/staphylococcus_epidermidis/ncbi_dataset/data/GCF_000759555.1/GCF_000759555.1_ASM75955v1_genomic.fna	NZ_CP009046.1	2198123	2200311	+	gi|29165615:1044833-1047022	2-2190/2190	========/======	2/2	99.91	80.05	victors	gi|29165615:1044833-1047022	Staphylococcus aureus subsp. aureus N315 complete genome		staphylococcus_epidermidis	GCF_000759555.1
data/unzipped_genomes/staphylococcus_epidermidis/ncbi_dataset/data/GCF_000759555.1/GCF_000759555.1_ASM75955v1_genomic.fna	NZ_CP009046.1	2412809	2413856	+	gi|29165615:1280569-1281612	1-1039/1044	========/======	1/9	99.52	83.11	victors	gi|29165615:1280569-1281612	Staphylococcus aureus subsp. aureus N315 complete genome		staphylococcus_epidermidis	GCF_000759555.1
data/unzipped_genomes/staphylococcus_epidermidis/ncbi_dataset/data/GCF_000759555.1/GCF_000759555.1_ASM75955v1_genomic.fna	NZ_CP009046.1	2481097	2483802	+	gi|29165615:1349288-1351993	1-2706/2706	===============	0/0	100.0	81.97	victors	gi|29165615:1349288-1351993	Staphylococcus aureus subsp. aureus N315 complete genome		staphylococcus_epidermidis	GCF_000759555.1
data/unzipped_genomes/staphylococcus_epidermidis/ncbi_dataset/data/GCF_001956655.1/GCF_001956655.1_ASM195665v2_genomic.fna	NZ_CP018842.1	822864	824125	-	gi|29165615:1706140-1707402	2-1263/1263	===============	0/0	99.92	84.31	victors	gi|29165615:1706140-1707402	Staphylococcus aureus subsp. aureus N315 complete genome		staphylococcus_epidermidis	GCF_001956655.1
data/unzipped_genomes/staphylococcus_epidermidis/ncbi_dataset/data/GCF_001956655.1/GCF_001956655.1_ASM195665v2_genomic.fna	NZ_CP018842.1	865020	865441	-	gi|29165615:1657619-1658041	2-423/423	===============	0/0	99.76	81.75	victors	gi|29165615:1657619-1658041	Staphylococcus aureus subsp. aureus N315 complete genome		staphylococcus_epidermidis	GCF_001956655.1
data/unzipped_genomes/staphylococcus_epidermidis/ncbi_dataset/data/GCF_001956655.1/GCF_001956655.1_ASM195665v2_genomic.fna	NZ_CP018842.1	1162314	1165019	-	gi|29165615:1349288-1351993	1-2706/2706	===============	0/0	100.0	82.11	victors	gi|29165615:1349288-1351993	Staphylococcus aureus subsp. aureus N315 complete genome		staphylococcus_epidermidis	GCF_001956655.1
data/unzipped_genomes/staphylococcus_epidermidis/ncbi_dataset/data/GCF_001956655.1/GCF_001956655.1_ASM195665v2_genomic.fna	NZ_CP018842.1	1265527	1266574	-	gi|29165615:1280569-1281612	1-1039/1044	========/======	1/9	99.52	82.92	victors	gi|29165615:1280569-1281612	Staphylococcus aureus subsp. aureus N315 complete genome		staphylococcus_epidermidis	GCF_001956655.1
data/unzipped_genomes/staphylococcus_epidermidis/ncbi_dataset/data/GCF_001956655.1/GCF_001956655.1_ASM195665v2_genomic.fna	NZ_CP018842.1	1823885	1824328	-	gi|156978331:761110-761553	1-444/444	===============	0/0	100.0	88.29	victors	gi|156978331:761110-761553	Staphylococcus aureus subsp. aureus Mu3 complete genome		staphylococcus_epidermidis	GCF_001956655.1
data/unzipped_genomes/staphylococcus_epidermidis/ncbi_dataset/data/GCF_002085695.1/GCF_002085695.1_ASM208569v1_genomic.fna	NZ_CP020463.1	1139796	1141057	-	gi|29165615:1706140-1707402	2-1263/1263	===============	0/0	99.92	84.31	victors	gi|29165615:1706140-1707402	Staphylococcus aureus subsp. aureus N315 complete genome		staphylococcus_epidermidis	GCF_002085695.1
data/unzipped_genomes/staphylococcus_epidermidis/ncbi_dataset/data/GCF_002085695.1/GCF_002085695.1_ASM208569v1_genomic.fna	NZ_CP020463.1	1182597	1183018	-	gi|29165615:1657619-1658041	2-423/423	===============	0/0	99.76	82.7	victors	gi|29165615:1657619-1658041	Staphylococcus aureus subsp. aureus N315 complete genome		staphylococcus_epidermidis	GCF_002085695.1
data/unzipped_genomes/staphylococcus_epidermidis/ncbi_dataset/data/GCF_002085695.1/GCF_002085695.1_ASM208569v1_genomic.fna	NZ_CP020463.1	1473618	1476323	-	gi|29165615:1349288-1351993	1-2706/2706	===============	0/0	100.0	81.97	victors	gi|29165615:1349288-1351993	Staphylococcus aureus subsp. aureus N315 complete genome		staphylococcus_epidermidis	GCF_002085695.1
data/unzipped_genomes/staphylococcus_epidermidis/ncbi_dataset/data/GCF_002085695.1/GCF_002085695.1_ASM208569v1_genomic.fna	NZ_CP020463.1	1544261	1545308	-	gi|29165615:1280569-1281612	1-1039/1044	========/======	1/9	99.52	83.02	victors	gi|29165615:1280569-1281612	Staphylococcus aureus subsp. aureus N315 complete genome		staphylococcus_epidermidis	GCF_002085695.1
data/unzipped_genomes/staphylococcus_epidermidis/ncbi_dataset/data/GCF_002085695.1/GCF_002085695.1_ASM208569v1_genomic.fna	NZ_CP020463.1	1757391	1759579	-	gi|29165615:1044833-1047022	2-2190/2190	========/======	2/2	99.91	80.05	victors	gi|29165615:1044833-1047022	Staphylococcus aureus subsp. aureus N315 complete genome		staphylococcus_epidermidis	GCF_002085695.1
data/unzipped_genomes/staphylococcus_epidermidis/ncbi_dataset/data/GCF_002085695.1/GCF_002085695.1_ASM208569v1_genomic.fna	NZ_CP020463.1	2100251	2100694	-	gi|156978331:761110-761553	1-444/444	===============	0/0	100.0	88.51	victors	gi|156978331:761110-761553	Staphylococcus aureus subsp. aureus Mu3 complete genome		staphylococcus_epidermidis	GCF_002085695.1
data/unzipped_genomes/staphylococcus_epidermidis/ncbi_dataset/data/GCF_002215535.1/GCF_002215535.1_ASM221553v1_genomic.fna	NZ_CP022247.1	556796	558057	-	gi|29165615:1706140-1707402	2-1263/1263	===============	0/0	99.92	84.31	victors	gi|29165615:1706140-1707402	Staphylococcus aureus subsp. aureus N315 complete genome		staphylococcus_epidermidis	GCF_002215535.1
data/unzipped_genomes/staphylococcus_epidermidis/ncbi_dataset/data/GCF_002215535.1/GCF_002215535.1_ASM221553v1_genomic.fna	NZ_CP022247.1	599130	599551	-	gi|29165615:1657619-1658041	2-423/423	===============	0/0	99.76	81.75	victors	gi|29165615:1657619-1658041	Staphylococcus aureus subsp. aureus N315 complete genome		staphylococcus_epidermidis	GCF_002215535.1
data/unzipped_genomes/staphylococcus_epidermidis/ncbi_dataset/data/GCF_002215535.1/GCF_002215535.1_ASM221553v1_genomic.fna	NZ_CP022247.1	888466	891171	-	gi|29165615:1349288-1351993	1-2706/2706	===============	0/0	100.0	82.11	victors	gi|29165615:1349288-1351993	Staphylococcus aureus subsp. aureus N315 complete genome		staphylococcus_epidermidis	GCF_002215535.1
data/unzipped_genomes/staphylococcus_epidermidis/ncbi_dataset/data/GCF_002215535.1/GCF_002215535.1_ASM221553v1_genomic.fna	NZ_CP022247.1	990775	991822	-	gi|29165615:1280569-1281612	1-1039/1044	========/======	1/9	99.52	83.02	victors	gi|29165615:1280569-1281612	Staphylococcus aureus subsp. aureus N315 complete genome		staphylococcus_epidermidis	GCF_002215535.1
data/unzipped_genomes/staphylococcus_epidermidis/ncbi_dataset/data/GCF_002215535.1/GCF_002215535.1_ASM221553v1_genomic.fna	NZ_CP022247.1	1551077	1551520	-	gi|156978331:761110-761553	1-444/444	===============	0/0	100.0	88.29	victors	gi|156978331:761110-761553	Staphylococcus aureus subsp. aureus Mu3 complete genome		staphylococcus_epidermidis	GCF_002215535.1
data/unzipped_genomes/staphylococcus_epidermidis/ncbi_dataset/data/GCF_006094375.1/GCF_006094375.1_ASM609437v1_genomic.fna	NZ_CP035288.1	1200266	1201527	-	gi|29165615:1706140-1707402	2-1263/1263	===============	0/0	99.92	84.31	victors	gi|29165615:1706140-1707402	Staphylococcus aureus subsp. aureus N315 complete genome		staphylococcus_epidermidis	GCF_006094375.1
data/unzipped_genomes/staphylococcus_epidermidis/ncbi_dataset/data/GCF_006094375.1/GCF_006094375.1_ASM609437v1_genomic.fna	NZ_CP035288.1	1242971	1243392	-	gi|29165615:1657619-1658041	2-423/423	===============	0/0	99.76	82.7	victors	gi|29165615:1657619-1658041	Staphylococcus aureus subsp. aureus N315 complete genome		staphylococcus_epidermidis	GCF_006094375.1
data/unzipped_genomes/staphylococcus_epidermidis/ncbi_dataset/data/GCF_006094375.1/GCF_006094375.1_ASM609437v1_genomic.fna	NZ_CP035288.1	1510109	1511361	-	gi|29165615:1380484-1381743	2-1260/1260	========/======	5/10	99.29	80.02	victors	gi|29165615:1380484-1381743	Staphylococcus aureus subsp. aureus N315 complete genome		staphylococcus_epidermidis	GCF_006094375.1
data/unzipped_genomes/staphylococcus_epidermidis/ncbi_dataset/data/GCF_006094375.1/GCF_006094375.1_ASM609437v1_genomic.fna	NZ_CP035288.1	1539100	1541805	-	gi|29165615:1349288-1351993	1-2706/2706	===============	0/0	100.0	81.89	victors	gi|29165615:1349288-1351993	Staphylococcus aureus subsp. aureus N315 complete genome		staphylococcus_epidermidis	GCF_006094375.1
data/unzipped_genomes/staphylococcus_epidermidis/ncbi_dataset/data/GCF_006094375.1/GCF_006094375.1_ASM609437v1_genomic.fna	NZ_CP035288.1	1608024	1609071	-	gi|29165615:1280569-1281612	1-1039/1044	========/======	1/9	99.52	83.11	victors	gi|29165615:1280569-1281612	Staphylococcus aureus subsp. aureus N315 complete genome		staphylococcus_epidermidis	GCF_006094375.1
data/unzipped_genomes/staphylococcus_epidermidis/ncbi_dataset/data/GCF_006094375.1/GCF_006094375.1_ASM609437v1_genomic.fna	NZ_CP035288.1	1822618	1824806	-	gi|29165615:1044833-1047022	2-2190/2190	========/======	2/2	99.91	80.05	victors	gi|29165615:1044833-1047022	Staphylococcus aureus subsp. aureus N315 complete genome		staphylococcus_epidermidis	GCF_006094375.1
data/unzipped_genomes/staphylococcus_epidermidis/ncbi_dataset/data/GCF_006094375.1/GCF_006094375.1_ASM609437v1_genomic.fna	NZ_CP035288.1	2119141	2119584	-	gi|156978331:761110-761553	1-444/444	===============	0/0	100.0	88.51	victors	gi|156978331:761110-761553	Staphylococcus aureus subsp. aureus Mu3 complete genome		staphylococcus_epidermidis	GCF_006094375.1
data/unzipped_genomes/staphylococcus_haemolyticus/ncbi_dataset/data/GCF_001611955.1/GCF_001611955.1_ASM161195v1_genomic.fna	NZ_CP013911.1	415731	416169	+	gi|156978331:761110-761553	6-444/444	===============	0/0	98.87	81.78	victors	gi|156978331:761110-761553	Staphylococcus aureus subsp. aureus Mu3 complete genome		staphylococcus_haemolyticus	GCF_001611955.1
data/unzipped_genomes/staphylococcus_haemolyticus/ncbi_dataset/data/GCF_001611955.1/GCF_001611955.1_ASM161195v1_genomic.fna	NZ_CP013911.1	659762	660846	+	gi|29165615:960027-961109	1-1082/1083	========/======	5/13	99.45	80.64	victors	gi|29165615:960027-961109	Staphylococcus aureus subsp. aureus N315 complete genome		staphylococcus_haemolyticus	GCF_001611955.1
data/unzipped_genomes/staphylococcus_haemolyticus/ncbi_dataset/data/GCF_001611955.1/GCF_001611955.1_ASM161195v1_genomic.fna	NZ_CP013911.1	946770	947816	+	gi|29165615:1280569-1281612	1-1044/1044	========/======	1/3	100.0	84.62	victors	gi|29165615:1280569-1281612	Staphylococcus aureus subsp. aureus N315 complete genome		staphylococcus_haemolyticus	GCF_001611955.1
data/unzipped_genomes/staphylococcus_haemolyticus/ncbi_dataset/data/GCF_001611955.1/GCF_001611955.1_ASM161195v1_genomic.fna	NZ_CP013911.1	1013020	1015725	+	gi|29165615:1349288-1351993	1-2706/2706	========/======	4/4	99.93	82.87	victors	gi|29165615:1349288-1351993	Staphylococcus aureus subsp. aureus N315 complete genome		staphylococcus_haemolyticus	GCF_001611955.1
data/unzipped_genomes/staphylococcus_haemolyticus/ncbi_dataset/data/GCF_001611955.1/GCF_001611955.1_ASM161195v1_genomic.fna	NZ_CP013911.1	1060739	1061722	+	gi|29165615:1401011-1402000	1-984/990	===============	0/0	99.39	81.0	victors	gi|29165615:1401011-1402000	Staphylococcus aureus subsp. aureus N315 complete genome		staphylococcus_haemolyticus	GCF_001611955.1
data/unzipped_genomes/staphylococcus_haemolyticus/ncbi_dataset/data/GCF_001611955.1/GCF_001611955.1_ASM161195v1_genomic.fna	NZ_CP013911.1	1296979	1297401	+	gi|29165615:1657619-1658041	1-423/423	========/======	2/2	99.76	81.37	victors	gi|29165615:1657619-1658041	Staphylococcus aureus subsp. aureus N315 complete genome		staphylococcus_haemolyticus	GCF_001611955.1
data/unzipped_genomes/staphylococcus_haemolyticus/ncbi_dataset/data/GCF_001611955.1/GCF_001611955.1_ASM161195v1_genomic.fna	NZ_CP013911.1	1337714	1338976	+	gi|29165615:1706140-1707402	1-1263/1263	===============	0/0	100.0	84.09	victors	gi|29165615:1706140-1707402	Staphylococcus aureus subsp. aureus N315 complete genome		staphylococcus_haemolyticus	GCF_001611955.1
data/unzipped_genomes/staphylococcus_haemolyticus/ncbi_dataset/data/GCF_002906595.1/GCF_002906595.1_ASM290659v1_genomic.fna	NZ_CP024809.1	1253744	1255006	-	gi|29165615:1706140-1707402	1-1263/1263	===============	0/0	100.0	84.17	victors	gi|29165615:1706140-1707402	Staphylococcus aureus subsp. aureus N315 complete genome		staphylococcus_haemolyticus	GCF_002906595.1
data/unzipped_genomes/staphylococcus_haemolyticus/ncbi_dataset/data/GCF_002906595.1/GCF_002906595.1_ASM290659v1_genomic.fna	NZ_CP024809.1	1296817	1297239	-	gi|29165615:1657619-1658041	1-423/423	========/======	2/2	99.76	81.6	victors	gi|29165615:1657619-1658041	Staphylococcus aureus subsp. aureus N315 complete genome		staphylococcus_haemolyticus	GCF_002906595.1
data/unzipped_genomes/staphylococcus_haemolyticus/ncbi_dataset/data/GCF_002906595.1/GCF_002906595.1_ASM290659v1_genomic.fna	NZ_CP024809.1	1524418	1525401	-	gi|29165615:1401011-1402000	1-984/990	===============	0/0	99.39	81.0	victors	gi|29165615:1401011-1402000	Staphylococcus aureus subsp. aureus N315 complete genome		staphylococcus_haemolyticus	GCF_002906595.1
data/unzipped_genomes/staphylococcus_haemolyticus/ncbi_dataset/data/GCF_002906595.1/GCF_002906595.1_ASM290659v1_genomic.fna	NZ_CP024809.1	1569077	1571782	-	gi|29165615:1349288-1351993	1-2706/2706	========/======	4/4	99.93	82.9	victors	gi|29165615:1349288-1351993	Staphylococcus aureus subsp. aureus N315 complete genome		staphylococcus_haemolyticus	GCF_002906595.1
data/unzipped_genomes/staphylococcus_haemolyticus/ncbi_dataset/data/GCF_002906595.1/GCF_002906595.1_ASM290659v1_genomic.fna	NZ_CP024809.1	1681382	1682428	-	gi|29165615:1280569-1281612	1-1044/1044	========/======	1/3	100.0	84.62	victors	gi|29165615:1280569-1281612	Staphylococcus aureus subsp. aureus N315 complete genome		staphylococcus_haemolyticus	GCF_002906595.1
data/unzipped_genomes/staphylococcus_haemolyticus/ncbi_dataset/data/GCF_002906595.1/GCF_002906595.1_ASM290659v1_genomic.fna	NZ_CP024809.1	1970718	1971802	-	gi|29165615:960027-961109	1-1082/1083	========/======	5/13	99.45	80.55	victors	gi|29165615:960027-961109	Staphylococcus aureus subsp. aureus N315 complete genome		staphylococcus_haemolyticus	GCF_002906595.1
data/unzipped_genomes/staphylococcus_haemolyticus/ncbi_dataset/data/GCF_002906595.1/GCF_002906595.1_ASM290659v1_genomic.fna	NZ_CP024809.1	2174973	2175411	-	gi|156978331:761110-761553	6-444/444	===============	0/0	98.87	81.55	victors	gi|156978331:761110-761553	Staphylococcus aureus subsp. aureus Mu3 complete genome		staphylococcus_haemolyticus	GCF_002906595.1
data/unzipped_genomes/staphylococcus_haemolyticus/ncbi_dataset/data/GCF_002906615.1/GCF_002906615.1_ASM290661v1_genomic.fna	NZ_CP025396.1	1252747	1254009	-	gi|29165615:1706140-1707402	1-1263/1263	===============	0/0	100.0	84.17	victors	gi|29165615:1706140-1707402	Staphylococcus aureus subsp. aureus N315 complete genome		staphylococcus_haemolyticus	GCF_002906615.1
data/unzipped_genomes/staphylococcus_haemolyticus/ncbi_dataset/data/GCF_002906615.1/GCF_002906615.1_ASM290661v1_genomic.fna	NZ_CP025396.1	1295820	1296242	-	gi|29165615:1657619-1658041	1-423/423	========/======	2/2	99.76	81.6	victors	gi|29165615:1657619-1658041	Staphylococcus aureus subsp. aureus N315 complete genome		staphylococcus_haemolyticus	GCF_002906615.1
data/unzipped_genomes/staphylococcus_haemolyticus/ncbi_dataset/data/GCF_002906615.1/GCF_002906615.1_ASM290661v1_genomic.fna	NZ_CP025396.1	1523421	1524404	-	gi|29165615:1401011-1402000	1-984/990	===============	0/0	99.39	81.0	victors	gi|29165615:1401011-1402000	Staphylococcus aureus subsp. aureus N315 complete genome		staphylococcus_haemolyticus	GCF_002906615.1
data/unzipped_genomes/staphylococcus_haemolyticus/ncbi_dataset/data/GCF_002906615.1/GCF_002906615.1_ASM290661v1_genomic.fna	NZ_CP025396.1	1568080	1570785	-	gi|29165615:1349288-1351993	1-2706/2706	========/======	4/4	99.93	82.9	victors	gi|29165615:1349288-1351993	Staphylococcus aureus subsp. aureus N315 complete genome		staphylococcus_haemolyticus	GCF_002906615.1
data/unzipped_genomes/staphylococcus_haemolyticus/ncbi_dataset/data/GCF_002906615.1/GCF_002906615.1_ASM290661v1_genomic.fna	NZ_CP025396.1	1680385	1681431	-	gi|29165615:1280569-1281612	1-1044/1044	========/======	1/3	100.0	84.62	victors	gi|29165615:1280569-1281612	Staphylococcus aureus subsp. aureus N315 complete genome		staphylococcus_haemolyticus	GCF_002906615.1
data/unzipped_genomes/staphylococcus_haemolyticus/ncbi_dataset/data/GCF_002906615.1/GCF_002906615.1_ASM290661v1_genomic.fna	NZ_CP025396.1	1969721	1970805	-	gi|29165615:960027-961109	1-1082/1083	========/======	5/13	99.45	80.55	victors	gi|29165615:960027-961109	Staphylococcus aureus subsp. aureus N315 complete genome		staphylococcus_haemolyticus	GCF_002906615.1
data/unzipped_genomes/staphylococcus_haemolyticus/ncbi_dataset/data/GCF_002906615.1/GCF_002906615.1_ASM290661v1_genomic.fna	NZ_CP025396.1	2173976	2174414	-	gi|156978331:761110-761553	6-444/444	===============	0/0	98.87	81.55	victors	gi|156978331:761110-761553	Staphylococcus aureus subsp. aureus Mu3 complete genome		staphylococcus_haemolyticus	GCF_002906615.1
data/unzipped_genomes/staphylococcus_haemolyticus/ncbi_dataset/data/GCF_002952715.2/GCF_002952715.2_ASM295271v2_genomic.fna	NZ_CP025031.1	1322006	1322444	+	gi|156978331:761110-761553	6-444/444	===============	0/0	98.87	81.78	victors	gi|156978331:761110-761553	Staphylococcus aureus subsp. aureus Mu3 complete genome		staphylococcus_haemolyticus	GCF_002952715.2
data/unzipped_genomes/staphylococcus_haemolyticus/ncbi_dataset/data/GCF_002952715.2/GCF_002952715.2_ASM295271v2_genomic.fna	NZ_CP025031.1	1530396	1531480	+	gi|29165615:960027-961109	1-1082/1083	========/======	3/5	99.82	80.57	victors	gi|29165615:960027-961109	Staphylococcus aureus subsp. aureus N315 complete genome		staphylococcus_haemolyticus	GCF_002952715.2
data/unzipped_genomes/staphylococcus_haemolyticus/ncbi_dataset/data/GCF_002952715.2/GCF_002952715.2_ASM295271v2_genomic.fna	NZ_CP025031.1	1820795	1821841	+	gi|29165615:1280569-1281612	1-1044/1044	========/======	1/3	100.0	84.62	victors	gi|29165615:1280569-1281612	Staphylococcus aureus subsp. aureus N315 complete genome		staphylococcus_haemolyticus	GCF_002952715.2
data/unzipped_genomes/staphylococcus_haemolyticus/ncbi_dataset/data/GCF_002952715.2/GCF_002952715.2_ASM295271v2_genomic.fna	NZ_CP025031.1	1977364	1980069	+	gi|29165615:1349288-1351993	1-2706/2706	========/======	4/4	99.93	82.9	victors	gi|29165615:1349288-1351993	Staphylococcus aureus subsp. aureus N315 complete genome		staphylococcus_haemolyticus	GCF_002952715.2
data/unzipped_genomes/staphylococcus_haemolyticus/ncbi_dataset/data/GCF_002952715.2/GCF_002952715.2_ASM295271v2_genomic.fna	NZ_CP025031.1	2023746	2024729	+	gi|29165615:1401011-1402000	1-984/990	===============	0/0	99.39	80.79	victors	gi|29165615:1401011-1402000	Staphylococcus aureus subsp. aureus N315 complete genome		staphylococcus_haemolyticus	GCF_002952715.2
data/unzipped_genomes/staphylococcus_haemolyticus/ncbi_dataset/data/GCF_002952715.2/GCF_002952715.2_ASM295271v2_genomic.fna	NZ_CP025031.1	2246722	2247144	+	gi|29165615:1657619-1658041	1-423/423	===============	0/0	100.0	81.32	victors	gi|29165615:1657619-1658041	Staphylococcus aureus subsp. aureus N315 complete genome		staphylococcus_haemolyticus	GCF_002952715.2
data/unzipped_genomes/staphylococcus_haemolyticus/ncbi_dataset/data/GCF_002952715.2/GCF_002952715.2_ASM295271v2_genomic.fna	NZ_CP025031.1	2288954	2290216	+	gi|29165615:1706140-1707402	1-1263/1263	===============	0/0	100.0	84.24	victors	gi|29165615:1706140-1707402	Staphylococcus aureus subsp. aureus N315 complete genome		staphylococcus_haemolyticus	GCF_002952715.2
data/unzipped_genomes/staphylococcus_haemolyticus/ncbi_dataset/data/GCF_006094395.1/GCF_006094395.1_ASM609439v1_genomic.fna	NZ_CP035291.1	1209440	1210702	-	gi|29165615:1706140-1707402	1-1263/1263	===============	0/0	100.0	84.09	victors	gi|29165615:1706140-1707402	Staphylococcus aureus subsp. aureus N315 complete genome		staphylococcus_haemolyticus	GCF_006094395.1
data/unzipped_genomes/staphylococcus_haemolyticus/ncbi_dataset/data/GCF_006094395.1/GCF_006094395.1_ASM609439v1_genomic.fna	NZ_CP035291.1	1251016	1251438	-	gi|29165615:1657619-1658041	1-423/423	===============	0/0	100.0	81.32	victors	gi|29165615:1657619-1658041	Staphylococcus aureus subsp. aureus N315 complete genome		staphylococcus_haemolyticus	GCF_006094395.1
data/unzipped_genomes/staphylococcus_haemolyticus/ncbi_dataset/data/GCF_006094395.1/GCF_006094395.1_ASM609439v1_genomic.fna	NZ_CP035291.1	1468321	1469304	-	gi|29165615:1401011-1402000	1-984/990	===============	0/0	99.39	81.1	victors	gi|29165615:1401011-1402000	Staphylococcus aureus subsp. aureus N315 complete genome		staphylococcus_haemolyticus	GCF_006094395.1
data/unzipped_genomes/staphylococcus_haemolyticus/ncbi_dataset/data/GCF_006094395.1/GCF_006094395.1_ASM609439v1_genomic.fna	NZ_CP035291.1	1512982	1515687	-	gi|29165615:1349288-1351993	1-2706/2706	========/======	4/4	99.93	82.9	victors	gi|29165615:1349288-1351993	Staphylococcus aureus subsp. aureus N315 complete genome		staphylococcus_haemolyticus	GCF_006094395.1
data/unzipped_genomes/staphylococcus_haemolyticus/ncbi_dataset/data/GCF_006094395.1/GCF_006094395.1_ASM609439v1_genomic.fna	NZ_CP035291.1	1580891	1581937	-	gi|29165615:1280569-1281612	1-1044/1044	========/======	1/3	100.0	84.62	victors	gi|29165615:1280569-1281612	Staphylococcus aureus subsp. aureus N315 complete genome		staphylococcus_haemolyticus	GCF_006094395.1
data/unzipped_genomes/staphylococcus_haemolyticus/ncbi_dataset/data/GCF_006094395.1/GCF_006094395.1_ASM609439v1_genomic.fna	NZ_CP035291.1	1915984	1917068	-	gi|29165615:960027-961109	1-1082/1083	========/======	5/13	99.45	80.55	victors	gi|29165615:960027-961109	Staphylococcus aureus subsp. aureus N315 complete genome		staphylococcus_haemolyticus	GCF_006094395.1
data/unzipped_genomes/staphylococcus_haemolyticus/ncbi_dataset/data/GCF_006094395.1/GCF_006094395.1_ASM609439v1_genomic.fna	NZ_CP035291.1	2119944	2120382	-	gi|156978331:761110-761553	6-444/444	===============	0/0	98.87	81.78	victors	gi|156978331:761110-761553	Staphylococcus aureus subsp. aureus Mu3 complete genome		staphylococcus_haemolyticus	GCF_006094395.1
data/unzipped_genomes/streptococcus_anginosus/ncbi_dataset/data/GCF_000831165.1/GCF_000831165.1_ASM83116v1_genomic.fna	NZ_CP007573.1	388150	389279	-	gi|194172857:1485134-1486264	2-1131/1131	========/======	4/6	99.65	83.32	victors	gi|194172857:1485134-1486264	Streptococcus pneumoniae TIGR4 chromosome complete genome		streptococcus_anginosus	GCF_000831165.1
data/unzipped_genomes/streptococcus_anginosus/ncbi_dataset/data/GCF_000831165.1/GCF_000831165.1_ASM83116v1_genomic.fna	NZ_CP007573.1	427053	428654	+	gi|194172857:470730-472337	1-1602/1608	===============	0/0	99.63	80.34	victors	gi|194172857:470730-472337	Streptococcus pneumoniae TIGR4 chromosome complete genome		streptococcus_anginosus	GCF_000831165.1
data/unzipped_genomes/streptococcus_anginosus/ncbi_dataset/data/GCF_000831165.1/GCF_000831165.1_ASM83116v1_genomic.fna	NZ_CP007573.1	986779	987935	+	gi|21909536:429670-430827	2-1158/1158	===============	0/0	99.91	85.74	victors	gi|21909536:429670-430827	Streptococcus pyogenes MGAS315 chromosome complete genome		streptococcus_anginosus	GCF_000831165.1
data/unzipped_genomes/streptococcus_anginosus/ncbi_dataset/data/GCF_000831165.1/GCF_000831165.1_ASM83116v1_genomic.fna	NZ_CP007573.1	1513862	1514466	-	gi|182682970:712398-713003	2-606/606	========/======	4/6	99.34	81.09	victors	gi|182682970:712398-713003	Streptococcus pneumoniae CGSP14 complete genome		streptococcus_anginosus	GCF_000831165.1
data/unzipped_genomes/streptococcus_anginosus/ncbi_dataset/data/GCF_000831165.1/GCF_000831165.1_ASM83116v1_genomic.fna	NZ_CP007573.1	1586492	1587082	-	gi|225853611:661780-662370	1-591/591	===============	0/0	100.0	81.56	victors	gi|225853611:661780-662370	Streptococcus pneumoniae JJA complete genome		streptococcus_anginosus	GCF_000831165.1
data/unzipped_genomes/streptococcus_anginosus/ncbi_dataset/data/GCF_000831165.1/GCF_000831165.1_ASM83116v1_genomic.fna	NZ_CP007573.1	1713761	1714627	+	gi|15674250:1567023-1567904	16-882/882	========/======	2/2	98.19	84.45	victors	gi|15674250:1567023-1567904	Streptococcus pyogenes M1 GAS chromosome complete genome		streptococcus_anginosus	GCF_000831165.1
data/unzipped_genomes/streptococcus_anginosus/ncbi_dataset/data/GCF_000831165.1/GCF_000831165.1_ASM83116v1_genomic.fna	NZ_CP007573.1	1790824	1791658	+	gi|15902044:1470685-1471614	94-927/930	.=======/======	1/1	89.68	80.0	victors	gi|15902044:1470685-1471614	Streptococcus pneumoniae R6 complete genome		streptococcus_anginosus	GCF_000831165.1
data/unzipped_genomes/streptococcus_anginosus/ncbi_dataset/data/GCF_000831165.1/GCF_000831165.1_ASM83116v1_genomic.fna	NZ_CP007573.1	1849280	1850611	-	gi|225855735:474717-476063	2-1333/1347	===============	0/0	98.89	82.21	victors	gi|225855735:474717-476063	Streptococcus pneumoniae P1031 complete genome		streptococcus_anginosus	GCF_000831165.1
data/unzipped_genomes/streptococcus_anginosus/ncbi_dataset/data/GCF_000831165.1/GCF_000831165.1_ASM83116v1_genomic.fna	NZ_CP007573.1	1997113	1998387	-	gi|116515308:59174-60472	1-1275/1299	===============	0/0	98.15	81.1	victors	gi|116515308:59174-60472	Streptococcus pneumoniae D39 complete genome		streptococcus_anginosus	GCF_000831165.1
data/unzipped_genomes/streptococcus_anginosus/ncbi_dataset/data/GCF_000831165.1/GCF_000831165.1_ASM83116v1_genomic.fna	NZ_CP007573.1	2014294	2015840	-	gi|194172857:53070-54617	1-1547/1548	===============	0/0	99.94	80.22	victors	gi|194172857:53070-54617	Streptococcus pneumoniae TIGR4 chromosome complete genome		streptococcus_anginosus	GCF_000831165.1
data/unzipped_genomes/streptococcus_anginosus/ncbi_dataset/data/GCF_001412635.1/GCF_001412635.1_ASM141263v1_genomic.fna	NZ_CP012805.1	38212	39758	+	gi|194172857:53070-54617	1-1547/1548	===============	0/0	99.94	81.0	victors	gi|194172857:53070-54617	Streptococcus pneumoniae TIGR4 chromosome complete genome		streptococcus_anginosus	GCF_001412635.1
data/unzipped_genomes/streptococcus_anginosus/ncbi_dataset/data/GCF_001412635.1/GCF_001412635.1_ASM141263v1_genomic.fna	NZ_CP012805.1	48907	50180	+	gi|116515308:59174-60472	2-1275/1299	===============	0/0	98.08	90.74	victors	gi|116515308:59174-60472	Streptococcus pneumoniae D39 complete genome		streptococcus_anginosus	GCF_001412635.1
data/unzipped_genomes/streptococcus_anginosus/ncbi_dataset/data/GCF_001412635.1/GCF_001412635.1_ASM141263v1_genomic.fna	NZ_CP012805.1	223646	224977	+	gi|225855735:474717-476063	2-1333/1347	===============	0/0	98.89	82.66	victors	gi|225855735:474717-476063	Streptococcus pneumoniae P1031 complete genome		streptococcus_anginosus	GCF_001412635.1
data/unzipped_genomes/streptococcus_anginosus/ncbi_dataset/data/GCF_001412635.1/GCF_001412635.1_ASM141263v1_genomic.fna	NZ_CP012805.1	367178	368044	-	gi|15674250:1567023-1567904	16-882/882	========/======	2/2	98.19	84.1	victors	gi|15674250:1567023-1567904	Streptococcus pyogenes M1 GAS chromosome complete genome		streptococcus_anginosus	GCF_001412635.1
data/unzipped_genomes/streptococcus_anginosus/ncbi_dataset/data/GCF_001412635.1/GCF_001412635.1_ASM141263v1_genomic.fna	NZ_CP012805.1	497577	498167	+	gi|194172857:706881-707471	1-591/591	===============	0/0	100.0	82.06	victors	gi|194172857:706881-707471	Streptococcus pneumoniae TIGR4 chromosome complete genome		streptococcus_anginosus	GCF_001412635.1
data/unzipped_genomes/streptococcus_anginosus/ncbi_dataset/data/GCF_001412635.1/GCF_001412635.1_ASM141263v1_genomic.fna	NZ_CP012805.1	559491	560095	+	gi|182682970:712398-713003	2-606/606	========/======	4/6	99.34	80.76	victors	gi|182682970:712398-713003	Streptococcus pneumoniae CGSP14 complete genome		streptococcus_anginosus	GCF_001412635.1
data/unzipped_genomes/streptococcus_anginosus/ncbi_dataset/data/GCF_001412635.1/GCF_001412635.1_ASM141263v1_genomic.fna	NZ_CP012805.1	1036723	1037389	-	gi|116515308:714756-715496	68-734/741	.=======/======	2/6	89.61	80.15	victors	gi|116515308:714756-715496	Streptococcus pneumoniae D39 complete genome		streptococcus_anginosus	GCF_001412635.1
data/unzipped_genomes/streptococcus_anginosus/ncbi_dataset/data/GCF_001412635.1/GCF_001412635.1_ASM141263v1_genomic.fna	NZ_CP012805.1	1358834	1359198	-	gi|194172857:1071284-1071649	2-366/366	===============	0/0	99.73	83.84	victors	gi|194172857:1071284-1071649	Streptococcus pneumoniae TIGR4 chromosome complete genome		streptococcus_anginosus	GCF_001412635.1
data/unzipped_genomes/streptococcus_anginosus/ncbi_dataset/data/GCF_001412635.1/GCF_001412635.1_ASM141263v1_genomic.fna	NZ_CP012805.1	1562594	1564195	-	gi|194172857:470730-472337	1-1602/1608	===============	0/0	99.63	80.84	victors	gi|194172857:470730-472337	Streptococcus pneumoniae TIGR4 chromosome complete genome		streptococcus_anginosus	GCF_001412635.1
data/unzipped_genomes/streptococcus_anginosus/ncbi_dataset/data/GCF_001412635.1/GCF_001412635.1_ASM141263v1_genomic.fna	NZ_CP012805.1	1601443	1602572	+	gi|194172857:1485134-1486264	2-1131/1131	========/======	4/6	99.65	82.35	victors	gi|194172857:1485134-1486264	Streptococcus pneumoniae TIGR4 chromosome complete genome		streptococcus_anginosus	GCF_001412635.1
data/unzipped_genomes/streptococcus_anginosus/ncbi_dataset/data/GCF_001697145.1/GCF_001697145.1_ASM169714v1_genomic.fna	NZ_CP012719.1	39336	40882	+	gi|194172857:53070-54617	1-1547/1548	===============	0/0	99.94	80.22	victors	gi|194172857:53070-54617	Streptococcus pneumoniae TIGR4 chromosome complete genome		streptococcus_anginosus	GCF_001697145.1
data/unzipped_genomes/streptococcus_anginosus/ncbi_dataset/data/GCF_001697145.1/GCF_001697145.1_ASM169714v1_genomic.fna	NZ_CP012719.1	56790	58064	+	gi|116515308:59174-60472	1-1275/1299	===============	0/0	98.15	83.14	victors	gi|116515308:59174-60472	Streptococcus pneumoniae D39 complete genome		streptococcus_anginosus	GCF_001697145.1
data/unzipped_genomes/streptococcus_anginosus/ncbi_dataset/data/GCF_001697145.1/GCF_001697145.1_ASM169714v1_genomic.fna	NZ_CP012719.1	206672	208003	+	gi|225855735:474717-476063	2-1333/1347	===============	0/0	98.89	82.21	victors	gi|225855735:474717-476063	Streptococcus pneumoniae P1031 complete genome		streptococcus_anginosus	GCF_001697145.1
data/unzipped_genomes/streptococcus_anginosus/ncbi_dataset/data/GCF_001697145.1/GCF_001697145.1_ASM169714v1_genomic.fna	NZ_CP012719.1	265625	266459	-	gi|15902044:1470685-1471614	94-927/930	.=======/======	1/1	89.68	80.0	victors	gi|15902044:1470685-1471614	Streptococcus pneumoniae R6 complete genome		streptococcus_anginosus	GCF_001697145.1
data/unzipped_genomes/streptococcus_anginosus/ncbi_dataset/data/GCF_001697145.1/GCF_001697145.1_ASM169714v1_genomic.fna	NZ_CP012719.1	342654	343520	-	gi|15674250:1567023-1567904	16-882/882	========/======	2/2	98.19	84.45	victors	gi|15674250:1567023-1567904	Streptococcus pyogenes M1 GAS chromosome complete genome		streptococcus_anginosus	GCF_001697145.1
data/unzipped_genomes/streptococcus_anginosus/ncbi_dataset/data/GCF_001697145.1/GCF_001697145.1_ASM169714v1_genomic.fna	NZ_CP012719.1	482006	482596	+	gi|225853611:661780-662370	1-591/591	===============	0/0	100.0	81.56	victors	gi|225853611:661780-662370	Streptococcus pneumoniae JJA complete genome		streptococcus_anginosus	GCF_001697145.1
data/unzipped_genomes/streptococcus_anginosus/ncbi_dataset/data/GCF_001697145.1/GCF_001697145.1_ASM169714v1_genomic.fna	NZ_CP012719.1	554622	555226	+	gi|182682970:712398-713003	2-606/606	========/======	4/6	99.34	81.09	victors	gi|182682970:712398-713003	Streptococcus pneumoniae CGSP14 complete genome		streptococcus_anginosus	GCF_001697145.1
data/unzipped_genomes/streptococcus_anginosus/ncbi_dataset/data/GCF_001697145.1/GCF_001697145.1_ASM169714v1_genomic.fna	NZ_CP012719.1	1589128	1590729	-	gi|194172857:470730-472337	1-1602/1608	===============	0/0	99.63	80.34	victors	gi|194172857:470730-472337	Streptococcus pneumoniae TIGR4 chromosome complete genome		streptococcus_anginosus	GCF_001697145.1
data/unzipped_genomes/streptococcus_anginosus/ncbi_dataset/data/GCF_001697145.1/GCF_001697145.1_ASM169714v1_genomic.fna	NZ_CP012719.1	1628502	1629631	+	gi|194172857:1485134-1486264	2-1131/1131	========/======	4/6	99.65	83.41	victors	gi|194172857:1485134-1486264	Streptococcus pneumoniae TIGR4 chromosome complete genome		streptococcus_anginosus	GCF_001697145.1
data/unzipped_genomes/streptococcus_anginosus/ncbi_dataset/data/GCF_008726365.3/GCF_008726365.3_ASM872636v3_genomic.fna	NZ_CP136160.1	38949	40495	+	gi|194172857:53070-54617	1-1547/1548	===============	0/0	99.94	80.54	victors	gi|194172857:53070-54617	Streptococcus pneumoniae TIGR4 chromosome complete genome		streptococcus_anginosus	GCF_008726365.3
data/unzipped_genomes/streptococcus_anginosus/ncbi_dataset/data/GCF_008726365.3/GCF_008726365.3_ASM872636v3_genomic.fna	NZ_CP136160.1	46837	48110	+	gi|116515308:59174-60472	2-1275/1299	===============	0/0	98.08	80.53	victors	gi|116515308:59174-60472	Streptococcus pneumoniae D39 complete genome		streptococcus_anginosus	GCF_008726365.3
data/unzipped_genomes/streptococcus_anginosus/ncbi_dataset/data/GCF_008726365.3/GCF_008726365.3_ASM872636v3_genomic.fna	NZ_CP136160.1	227372	228703	+	gi|225855735:474717-476063	2-1333/1347	===============	0/0	98.89	82.28	victors	gi|225855735:474717-476063	Streptococcus pneumoniae P1031 complete genome		streptococcus_anginosus	GCF_008726365.3
data/unzipped_genomes/streptococcus_anginosus/ncbi_dataset/data/GCF_008726365.3/GCF_008726365.3_ASM872636v3_genomic.fna	NZ_CP136160.1	277340	277749	+	gi|194172857:376059-376496	2-411/438	===============	0/0	93.61	81.71	victors	gi|194172857:376059-376496	Streptococcus pneumoniae TIGR4 chromosome complete genome		streptococcus_anginosus	GCF_008726365.3
data/unzipped_genomes/streptococcus_anginosus/ncbi_dataset/data/GCF_008726365.3/GCF_008726365.3_ASM872636v3_genomic.fna	NZ_CP136160.1	339982	340806	-	gi|15902044:1470685-1471614	94-918/930	.==============	0/0	88.71	80.12	victors	gi|15902044:1470685-1471614	Streptococcus pneumoniae R6 complete genome		streptococcus_anginosus	GCF_008726365.3
data/unzipped_genomes/streptococcus_anginosus/ncbi_dataset/data/GCF_008726365.3/GCF_008726365.3_ASM872636v3_genomic.fna	NZ_CP136160.1	411307	412173	-	gi|15674250:1567023-1567904	16-882/882	========/======	2/2	98.19	83.99	victors	gi|15674250:1567023-1567904	Streptococcus pyogenes M1 GAS chromosome complete genome		streptococcus_anginosus	GCF_008726365.3
data/unzipped_genomes/streptococcus_anginosus/ncbi_dataset/data/GCF_008726365.3/GCF_008726365.3_ASM872636v3_genomic.fna	NZ_CP136160.1	539766	540356	+	gi|116515308:668966-669556	1-591/591	===============	0/0	100.0	83.42	victors	gi|116515308:668966-669556	Streptococcus pneumoniae D39 complete genome		streptococcus_anginosus	GCF_008726365.3
data/unzipped_genomes/streptococcus_anginosus/ncbi_dataset/data/GCF_008726365.3/GCF_008726365.3_ASM872636v3_genomic.fna	NZ_CP136160.1	607635	608239	+	gi|182682970:712398-713003	2-606/606	========/======	4/6	99.34	81.41	victors	gi|182682970:712398-713003	Streptococcus pneumoniae CGSP14 complete genome		streptococcus_anginosus	GCF_008726365.3
data/unzipped_genomes/streptococcus_anginosus/ncbi_dataset/data/GCF_008726365.3/GCF_008726365.3_ASM872636v3_genomic.fna	NZ_CP136160.1	930634	931650	+	gi|194172857:803302-804324	1-1017/1023	========/======	2/2	99.32	80.06	victors	gi|194172857:803302-804324	Streptococcus pneumoniae TIGR4 chromosome complete genome		streptococcus_anginosus	GCF_008726365.3
data/unzipped_genomes/streptococcus_anginosus/ncbi_dataset/data/GCF_008726365.3/GCF_008726365.3_ASM872636v3_genomic.fna	NZ_CP136160.1	1278693	1279197	-	gi|194172857:890450-890968	15-519/519	========/======	2/2	97.11	83.4	victors	gi|194172857:890450-890968	Streptococcus pneumoniae TIGR4 chromosome complete genome		streptococcus_anginosus	GCF_008726365.3
data/unzipped_genomes/streptococcus_anginosus/ncbi_dataset/data/GCF_008726365.3/GCF_008726365.3_ASM872636v3_genomic.fna	NZ_CP136160.1	1674407	1676008	-	gi|194172857:470730-472337	1-1602/1608	========/======	2/6	99.44	80.44	victors	gi|194172857:470730-472337	Streptococcus pneumoniae TIGR4 chromosome complete genome		streptococcus_anginosus	GCF_008726365.3
data/unzipped_genomes/streptococcus_anginosus/ncbi_dataset/data/GCF_008726365.3/GCF_008726365.3_ASM872636v3_genomic.fna	NZ_CP136160.1	1705689	1706818	+	gi|194172857:1485134-1486264	2-1131/1131	========/======	4/6	99.65	82.35	victors	gi|194172857:1485134-1486264	Streptococcus pneumoniae TIGR4 chromosome complete genome		streptococcus_anginosus	GCF_008726365.3
data/unzipped_genomes/streptococcus_anginosus/ncbi_dataset/data/GCF_900636475.1/GCF_900636475.1_42197_F01_genomic.fna	NZ_LR134283.1	343729	345384	+	gi|194172857:979222-980901	1-1656/1680	===============	0/0	98.57	87.74	victors	gi|194172857:979222-980901	Streptococcus pneumoniae TIGR4 chromosome complete genome		streptococcus_anginosus	GCF_900636475.1
data/unzipped_genomes/streptococcus_anginosus/ncbi_dataset/data/GCF_900636475.1/GCF_900636475.1_42197_F01_genomic.fna	NZ_LR134283.1	692731	693397	-	gi|116515308:714756-715496	68-734/741	.=======/======	2/6	89.61	80.0	victors	gi|116515308:714756-715496	Streptococcus pneumoniae D39 complete genome		streptococcus_anginosus	GCF_900636475.1
data/unzipped_genomes/streptococcus_anginosus/ncbi_dataset/data/GCF_900636475.1/GCF_900636475.1_42197_F01_genomic.fna	NZ_LR134283.1	980223	980827	-	gi|182682970:712398-713003	2-606/606	========/======	4/6	99.34	80.76	victors	gi|182682970:712398-713003	Streptococcus pneumoniae CGSP14 complete genome		streptococcus_anginosus	GCF_900636475.1
data/unzipped_genomes/streptococcus_anginosus/ncbi_dataset/data/GCF_900636475.1/GCF_900636475.1_42197_F01_genomic.fna	NZ_LR134283.1	1042483	1043073	-	gi|225853611:661780-662370	1-591/591	===============	0/0	100.0	81.73	victors	gi|225853611:661780-662370	Streptococcus pneumoniae JJA complete genome		streptococcus_anginosus	GCF_900636475.1
data/unzipped_genomes/streptococcus_anginosus/ncbi_dataset/data/GCF_900636475.1/GCF_900636475.1_42197_F01_genomic.fna	NZ_LR134283.1	1175152	1176018	+	gi|15674250:1567023-1567904	16-882/882	========/======	2/2	98.19	84.1	victors	gi|15674250:1567023-1567904	Streptococcus pyogenes M1 GAS chromosome complete genome		streptococcus_anginosus	GCF_900636475.1
data/unzipped_genomes/streptococcus_anginosus/ncbi_dataset/data/GCF_900636475.1/GCF_900636475.1_42197_F01_genomic.fna	NZ_LR134283.1	1447017	1448291	-	gi|116515308:59174-60472	1-1275/1299	===============	0/0	98.15	81.18	victors	gi|116515308:59174-60472	Streptococcus pneumoniae D39 complete genome		streptococcus_anginosus	GCF_900636475.1
data/unzipped_genomes/streptococcus_anginosus/ncbi_dataset/data/GCF_900636475.1/GCF_900636475.1_42197_F01_genomic.fna	NZ_LR134283.1	1458073	1459619	-	gi|194172857:53070-54617	1-1547/1548	===============	0/0	99.94	81.12	victors	gi|194172857:53070-54617	Streptococcus pneumoniae TIGR4 chromosome complete genome		streptococcus_anginosus	GCF_900636475.1
data/unzipped_genomes/streptococcus_anginosus/ncbi_dataset/data/GCF_900636475.1/GCF_900636475.1_42197_F01_genomic.fna	NZ_LR134283.1	1764822	1766153	+	gi|225855735:474717-476063	2-1333/1347	========/======	2/4	98.74	82.38	victors	gi|225855735:474717-476063	Streptococcus pneumoniae P1031 complete genome		streptococcus_anginosus	GCF_900636475.1
data/unzipped_genomes/streptococcus_anginosus/ncbi_dataset/data/GCF_900636475.1/GCF_900636475.1_42197_F01_genomic.fna	NZ_LR134283.1	1824159	1824993	-	gi|15902044:1470685-1471614	94-927/930	.=======/======	1/1	89.68	80.0	victors	gi|15902044:1470685-1471614	Streptococcus pneumoniae R6 complete genome		streptococcus_anginosus	GCF_900636475.1
data/unzipped_genomes/streptococcus_anginosus/ncbi_dataset/data/GCF_900636475.1/GCF_900636475.1_42197_F01_genomic.fna	NZ_LR134283.1	1862663	1863792	-	gi|194172857:1485134-1486264	2-1131/1131	========/======	4/6	99.65	81.11	victors	gi|194172857:1485134-1486264	Streptococcus pneumoniae TIGR4 chromosome complete genome		streptococcus_anginosus	GCF_900636475.1
data/unzipped_genomes/streptococcus_anginosus/ncbi_dataset/data/GCF_900636475.1/GCF_900636475.1_42197_F01_genomic.fna	NZ_LR134283.1	1894101	1895702	+	gi|194172857:470730-472337	1-1602/1608	===============	0/0	99.63	80.71	victors	gi|194172857:470730-472337	Streptococcus pneumoniae TIGR4 chromosome complete genome		streptococcus_anginosus	GCF_900636475.1
data/unzipped_genomes/streptococcus_mitis/ncbi_dataset/data/GCF_000722765.2/GCF_000722765.2_ASM72276v2_genomic.fna	NZ_CP028415.1	25169	26560	+	gi|194172857:25916-27307	1-1392/1392	===============	0/0	100.0	93.53	victors	gi|194172857:25916-27307	Streptococcus pneumoniae TIGR4 chromosome complete genome		streptococcus_mitis	GCF_000722765.2
data/unzipped_genomes/streptococcus_mitis/ncbi_dataset/data/GCF_000722765.2/GCF_000722765.2_ASM72276v2_genomic.fna	NZ_CP028415.1	61962	65687	+	gi|194396645:44071-47796	1-3726/3726	===============	0/0	100.0	91.92	victors	gi|194396645:44071-47796	Streptococcus pneumoniae G54 chromosome complete genome		streptococcus_mitis	GCF_000722765.2
data/unzipped_genomes/streptococcus_mitis/ncbi_dataset/data/GCF_000722765.2/GCF_000722765.2_ASM72276v2_genomic.fna	NZ_CP028415.1	68566	69087	+	gi|116515308:52811-53356	1-522/546	===============	0/0	95.6	91.19	victors	gi|116515308:52811-53356	Streptococcus pneumoniae D39 complete genome		streptococcus_mitis	GCF_000722765.2
data/unzipped_genomes/streptococcus_mitis/ncbi_dataset/data/GCF_000722765.2/GCF_000722765.2_ASM72276v2_genomic.fna	NZ_CP028415.1	69783	71328	+	gi|194172857:53070-54617	2-1548/1548	========/======	1/1	99.87	89.59	victors	gi|194172857:53070-54617	Streptococcus pneumoniae TIGR4 chromosome complete genome		streptococcus_mitis	GCF_000722765.2
data/unzipped_genomes/streptococcus_mitis/ncbi_dataset/data/GCF_000722765.2/GCF_000722765.2_ASM72276v2_genomic.fna	NZ_CP028415.1	74995	76287	+	gi|116515308:59174-60472	1-1293/1299	===============	0/0	99.54	91.26	victors	gi|116515308:59174-60472	Streptococcus pneumoniae D39 complete genome		streptococcus_mitis	GCF_000722765.2
data/unzipped_genomes/streptococcus_mitis/ncbi_dataset/data/GCF_000722765.2/GCF_000722765.2_ASM72276v2_genomic.fna	NZ_CP028415.1	80869	81682	+	gi|194172857:68134-68949	1-814/816	===============	0/0	99.75	96.44	victors	gi|194172857:68134-68949	Streptococcus pneumoniae TIGR4 chromosome complete genome		streptococcus_mitis	GCF_000722765.2
data/unzipped_genomes/streptococcus_mitis/ncbi_dataset/data/GCF_000722765.2/GCF_000722765.2_ASM72276v2_genomic.fna	NZ_CP028415.1	151549	152820	-	gi|194172857:2020749-2022020	1-1272/1272	========/======	2/2	99.92	91.44	victors	gi|194172857:2020749-2022020	Streptococcus pneumoniae TIGR4 chromosome complete genome		streptococcus_mitis	GCF_000722765.2
data/unzipped_genomes/streptococcus_mitis/ncbi_dataset/data/GCF_000722765.2/GCF_000722765.2_ASM72276v2_genomic.fna	NZ_CP028415.1	159066	161118	-	gi|194172857:2010641-2012704	12-2064/2064	===============	0/0	99.47	94.98	victors	gi|194172857:2010641-2012704	Streptococcus pneumoniae TIGR4 chromosome complete genome		streptococcus_mitis	GCF_000722765.2
data/unzipped_genomes/streptococcus_mitis/ncbi_dataset/data/GCF_000722765.2/GCF_000722765.2_ASM72276v2_genomic.fna	NZ_CP028415.1	165119	166030	-	gi|194172857:2005724-2006635	1-912/912	===============	0/0	100.0	93.31	victors	gi|194172857:2005724-2006635	Streptococcus pneumoniae TIGR4 chromosome complete genome		streptococcus_mitis	GCF_000722765.2
data/unzipped_genomes/streptococcus_mitis/ncbi_dataset/data/GCF_000722765.2/GCF_000722765.2_ASM72276v2_genomic.fna	NZ_CP028415.1	168167	168705	-	gi|194172857:2003047-2003586	2-540/540	===============	0/0	99.81	91.65	victors	gi|194172857:2003047-2003586	Streptococcus pneumoniae TIGR4 chromosome complete genome		streptococcus_mitis	GCF_000722765.2
data/unzipped_genomes/streptococcus_mitis/ncbi_dataset/data/GCF_000722765.2/GCF_000722765.2_ASM72276v2_genomic.fna	NZ_CP028415.1	174765	177299	-	gi|194172857:1984956-1987489	1-2534/2534	========/======	1/1	100.0	93.69	victors	gi|194172857:1984956-1987489	Streptococcus pneumoniae TIGR4 chromosome complete genome		streptococcus_mitis	GCF_000722765.2
data/unzipped_genomes/streptococcus_mitis/ncbi_dataset/data/GCF_000722765.2/GCF_000722765.2_ASM72276v2_genomic.fna	NZ_CP028415.1	199304	199948	-	gi|194172857:1961764-1962408	1-645/645	===============	0/0	100.0	92.56	victors	gi|194172857:1961764-1962408	Streptococcus pneumoniae TIGR4 chromosome complete genome		streptococcus_mitis	GCF_000722765.2
data/unzipped_genomes/streptococcus_mitis/ncbi_dataset/data/GCF_000722765.2/GCF_000722765.2_ASM72276v2_genomic.fna	NZ_CP028415.1	208165	209037	-	gi|194172857:1952670-1953542	1-873/873	===============	0/0	100.0	92.21	victors	gi|194172857:1952670-1953542	Streptococcus pneumoniae TIGR4 chromosome complete genome		streptococcus_mitis	GCF_000722765.2
data/unzipped_genomes/streptococcus_mitis/ncbi_dataset/data/GCF_000722765.2/GCF_000722765.2_ASM72276v2_genomic.fna	NZ_CP028415.1	216194	216817	-	gi|194172857:1944881-1945504	1-624/624	===============	0/0	100.0	86.38	victors	gi|194172857:1944881-1945504	Streptococcus pneumoniae TIGR4 chromosome complete genome		streptococcus_mitis	GCF_000722765.2
data/unzipped_genomes/streptococcus_mitis/ncbi_dataset/data/GCF_000722765.2/GCF_000722765.2_ASM72276v2_genomic.fna	NZ_CP028415.1	250344	251081	-	gi|194172857:1905445-1906182	1-738/738	===============	0/0	100.0	89.16	victors	gi|194172857:1905445-1906182	Streptococcus pneumoniae TIGR4 chromosome complete genome		streptococcus_mitis	GCF_000722765.2
data/unzipped_genomes/streptococcus_mitis/ncbi_dataset/data/GCF_000722765.2/GCF_000722765.2_ASM72276v2_genomic.fna	NZ_CP028415.1	256574	260965	+	gi|194172857:250617-255008	1-4392/4392	===============	0/0	100.0	92.9	victors	gi|194172857:250617-255008	Streptococcus pneumoniae TIGR4 chromosome complete genome		streptococcus_mitis	GCF_000722765.2
data/unzipped_genomes/streptococcus_mitis/ncbi_dataset/data/GCF_000722765.2/GCF_000722765.2_ASM72276v2_genomic.fna	NZ_CP028415.1	264378	265712	+	gi|116515308:259029-260363	1-1335/1335	===============	0/0	100.0	92.36	victors	gi|116515308:259029-260363	Streptococcus pneumoniae D39 complete genome		streptococcus_mitis	GCF_000722765.2
data/unzipped_genomes/streptococcus_mitis/ncbi_dataset/data/GCF_000722765.2/GCF_000722765.2_ASM72276v2_genomic.fna	NZ_CP028415.1	281769	282793	-	gi|15902044:1783326-1784366	1-1025/1041	===============	0/0	98.46	88.19	victors	gi|15902044:1783326-1784366	Streptococcus pneumoniae R6 complete genome		streptococcus_mitis	GCF_000722765.2
data/unzipped_genomes/streptococcus_mitis/ncbi_dataset/data/GCF_000722765.2/GCF_000722765.2_ASM72276v2_genomic.fna	NZ_CP028415.1	282847	283809	-	gi|194172857:1900695-1901657	1-963/963	===============	0/0	100.0	94.19	victors	gi|194172857:1900695-1901657	Streptococcus pneumoniae TIGR4 chromosome complete genome		streptococcus_mitis	GCF_000722765.2
data/unzipped_genomes/streptococcus_mitis/ncbi_dataset/data/GCF_000722765.2/GCF_000722765.2_ASM72276v2_genomic.fna	NZ_CP028415.1	301654	302446	-	gi|194172857:1880925-1881719	3-795/795	===============	0/0	99.75	93.57	victors	gi|194172857:1880925-1881719	Streptococcus pneumoniae TIGR4 chromosome complete genome		streptococcus_mitis	GCF_000722765.2
data/unzipped_genomes/streptococcus_mitis/ncbi_dataset/data/GCF_000722765.2/GCF_000722765.2_ASM72276v2_genomic.fna	NZ_CP028415.1	305581	306573	-	gi|194172857:1876951-1877943	1-993/993	===============	0/0	100.0	91.84	victors	gi|194172857:1876951-1877943	Streptococcus pneumoniae TIGR4 chromosome complete genome		streptococcus_mitis	GCF_000722765.2
data/unzipped_genomes/streptococcus_mitis/ncbi_dataset/data/GCF_000722765.2/GCF_000722765.2_ASM72276v2_genomic.fna	NZ_CP028415.1	310495	311314	-	gi|194172857:1872209-1873033	1-820/825	===============	0/0	99.39	92.68	victors	gi|194172857:1872209-1873033	Streptococcus pneumoniae TIGR4 chromosome complete genome		streptococcus_mitis	GCF_000722765.2
data/unzipped_genomes/streptococcus_mitis/ncbi_dataset/data/GCF_000722765.2/GCF_000722765.2_ASM72276v2_genomic.fna	NZ_CP028415.1	315386	316882	-	gi|194172857:1794038-1795534	1-1497/1497	===============	0/0	100.0	90.72	victors	gi|194172857:1794038-1795534	Streptococcus pneumoniae TIGR4 chromosome complete genome		streptococcus_mitis	GCF_000722765.2
data/unzipped_genomes/streptococcus_mitis/ncbi_dataset/data/GCF_000722765.2/GCF_000722765.2_ASM72276v2_genomic.fna	NZ_CP028415.1	316882	317808	-	gi|194172857:1793112-1794038	1-927/927	===============	0/0	100.0	96.12	victors	gi|194172857:1793112-1794038	Streptococcus pneumoniae TIGR4 chromosome complete genome		streptococcus_mitis	GCF_000722765.2
data/unzipped_genomes/streptococcus_mitis/ncbi_dataset/data/GCF_000722765.2/GCF_000722765.2_ASM72276v2_genomic.fna	NZ_CP028415.1	329890	330411	-	gi|194172857:1781907-1782428	1-522/522	===============	0/0	100.0	94.64	victors	gi|194172857:1781907-1782428	Streptococcus pneumoniae TIGR4 chromosome complete genome		streptococcus_mitis	GCF_000722765.2
data/unzipped_genomes/streptococcus_mitis/ncbi_dataset/data/GCF_000722765.2/GCF_000722765.2_ASM72276v2_genomic.fna	NZ_CP028415.1	338963	343470	+	gi|194172857:476528-481507	1-4508/4980	==============.	0/0	90.52	92.21	victors	gi|194172857:476528-481507	Streptococcus pneumoniae TIGR4 chromosome complete genome		streptococcus_mitis	GCF_000722765.2
data/unzipped_genomes/streptococcus_mitis/ncbi_dataset/data/GCF_000722765.2/GCF_000722765.2_ASM72276v2_genomic.fna	NZ_CP028415.1	346659	348004	+	gi|169832377:563224-564570	2-1347/1347	===============	0/0	99.93	95.39	victors	gi|169832377:563224-564570	Streptococcus pneumoniae Hungary19A-6 complete genome		streptococcus_mitis	GCF_000722765.2
data/unzipped_genomes/streptococcus_mitis/ncbi_dataset/data/GCF_000722765.2/GCF_000722765.2_ASM72276v2_genomic.fna	NZ_CP028415.1	379678	381285	+	gi|194172857:470730-472337	1-1608/1608	===============	0/0	100.0	95.15	victors	gi|194172857:470730-472337	Streptococcus pneumoniae TIGR4 chromosome complete genome		streptococcus_mitis	GCF_000722765.2
data/unzipped_genomes/streptococcus_mitis/ncbi_dataset/data/GCF_000722765.2/GCF_000722765.2_ASM72276v2_genomic.fna	NZ_CP028415.1	414271	414999	-	gi|194172857:1768968-1769696	1-729/729	===============	0/0	100.0	91.36	victors	gi|194172857:1768968-1769696	Streptococcus pneumoniae TIGR4 chromosome complete genome		streptococcus_mitis	GCF_000722765.2
data/unzipped_genomes/streptococcus_mitis/ncbi_dataset/data/GCF_000722765.2/GCF_000722765.2_ASM72276v2_genomic.fna	NZ_CP028415.1	418364	419356	-	gi|194172857:1761890-1762897	1-993/1008	===============	0/0	98.51	93.15	victors	gi|194172857:1761890-1762897	Streptococcus pneumoniae TIGR4 chromosome complete genome		streptococcus_mitis	GCF_000722765.2
data/unzipped_genomes/streptococcus_mitis/ncbi_dataset/data/GCF_000722765.2/GCF_000722765.2_ASM72276v2_genomic.fna	NZ_CP028415.1	423974	424555	-	gi|194172857:1755276-1755857	1-582/582	===============	0/0	100.0	94.67	victors	gi|194172857:1755276-1755857	Streptococcus pneumoniae TIGR4 chromosome complete genome		streptococcus_mitis	GCF_000722765.2
data/unzipped_genomes/streptococcus_mitis/ncbi_dataset/data/GCF_000722765.2/GCF_000722765.2_ASM72276v2_genomic.fna	NZ_CP028415.1	436058	437419	-	gi|194172857:1729329-1730690	1-1362/1362	===============	0/0	100.0	92.29	victors	gi|194172857:1729329-1730690	Streptococcus pneumoniae TIGR4 chromosome complete genome		streptococcus_mitis	GCF_000722765.2
data/unzipped_genomes/streptococcus_mitis/ncbi_dataset/data/GCF_000722765.2/GCF_000722765.2_ASM72276v2_genomic.fna	NZ_CP028415.1	437416	437982	-	gi|194172857:1728766-1729332	1-567/567	===============	0/0	100.0	94.71	victors	gi|194172857:1728766-1729332	Streptococcus pneumoniae TIGR4 chromosome complete genome		streptococcus_mitis	GCF_000722765.2
data/unzipped_genomes/streptococcus_mitis/ncbi_dataset/data/GCF_000722765.2/GCF_000722765.2_ASM72276v2_genomic.fna	NZ_CP028415.1	437993	438997	-	gi|194172857:1727751-1728755	1-1005/1005	===============	0/0	100.0	93.43	victors	gi|194172857:1727751-1728755	Streptococcus pneumoniae TIGR4 chromosome complete genome		streptococcus_mitis	GCF_000722765.2
data/unzipped_genomes/streptococcus_mitis/ncbi_dataset/data/GCF_000722765.2/GCF_000722765.2_ASM72276v2_genomic.fna	NZ_CP028415.1	446205	447686	-	gi|194172857:1716677-1718158	1-1482/1482	===============	0/0	100.0	83.0	victors	gi|194172857:1716677-1718158	Streptococcus pneumoniae TIGR4 chromosome complete genome		streptococcus_mitis	GCF_000722765.2
data/unzipped_genomes/streptococcus_mitis/ncbi_dataset/data/GCF_000722765.2/GCF_000722765.2_ASM72276v2_genomic.fna	NZ_CP028415.1	456364	458160	-	gi|194172857:1697767-1699563	1-1797/1797	===============	0/0	100.0	92.54	victors	gi|194172857:1697767-1699563	Streptococcus pneumoniae TIGR4 chromosome complete genome		streptococcus_mitis	GCF_000722765.2
data/unzipped_genomes/streptococcus_mitis/ncbi_dataset/data/GCF_000722765.2/GCF_000722765.2_ASM72276v2_genomic.fna	NZ_CP028415.1	458740	459198	-	gi|194172857:1696967-1697527	1-459/561	=============..	0/0	81.82	96.08	victors	gi|194172857:1696967-1697527	Streptococcus pneumoniae TIGR4 chromosome complete genome		streptococcus_mitis	GCF_000722765.2
data/unzipped_genomes/streptococcus_mitis/ncbi_dataset/data/GCF_000722765.2/GCF_000722765.2_ASM72276v2_genomic.fna	NZ_CP028415.1	467877	469348	-	gi|194172857:1617834-1619312	1-1475/1479	========/======	7/9	99.32	87.55	victors	gi|194172857:1617834-1619312	Streptococcus pneumoniae TIGR4 chromosome complete genome		streptococcus_mitis	GCF_000722765.2
data/unzipped_genomes/streptococcus_mitis/ncbi_dataset/data/GCF_000722765.2/GCF_000722765.2_ASM72276v2_genomic.fna	NZ_CP028415.1	514222	516995	-	gi|194172857:1551104-1553878	2-2775/2775	===============	0/0	99.96	93.08	victors	gi|194172857:1551104-1553878	Streptococcus pneumoniae TIGR4 chromosome complete genome		streptococcus_mitis	GCF_000722765.2
data/unzipped_genomes/streptococcus_mitis/ncbi_dataset/data/GCF_000722765.2/GCF_000722765.2_ASM72276v2_genomic.fna	NZ_CP028415.1	517818	518747	-	gi|15902044:1470685-1471614	1-930/930	===============	0/0	100.0	95.16	victors	gi|15902044:1470685-1471614	Streptococcus pneumoniae R6 complete genome		streptococcus_mitis	GCF_000722765.2
data/unzipped_genomes/streptococcus_mitis/ncbi_dataset/data/GCF_000722765.2/GCF_000722765.2_ASM72276v2_genomic.fna	NZ_CP028415.1	518779	519627	-	gi|116515308:1477336-1478184	1-849/849	===============	0/0	100.0	95.05	victors	gi|116515308:1477336-1478184	Streptococcus pneumoniae D39 complete genome		streptococcus_mitis	GCF_000722765.2
data/unzipped_genomes/streptococcus_mitis/ncbi_dataset/data/GCF_000722765.2/GCF_000722765.2_ASM72276v2_genomic.fna	NZ_CP028415.1	519624	520346	-	gi|116515308:1476617-1477339	1-723/723	===============	0/0	100.0	95.16	victors	gi|116515308:1476617-1477339	Streptococcus pneumoniae D39 complete genome		streptococcus_mitis	GCF_000722765.2
data/unzipped_genomes/streptococcus_mitis/ncbi_dataset/data/GCF_000722765.2/GCF_000722765.2_ASM72276v2_genomic.fna	NZ_CP028415.1	522548	523177	-	gi|194172857:1544931-1545560	1-630/630	===============	0/0	100.0	90.79	victors	gi|194172857:1544931-1545560	Streptococcus pneumoniae TIGR4 chromosome complete genome		streptococcus_mitis	GCF_000722765.2
data/unzipped_genomes/streptococcus_mitis/ncbi_dataset/data/GCF_000722765.2/GCF_000722765.2_ASM72276v2_genomic.fna	NZ_CP028415.1	528009	530229	-	gi|194172857:1541750-1543972	3-2223/2223	===============	0/0	99.91	92.39	victors	gi|194172857:1541750-1543972	Streptococcus pneumoniae TIGR4 chromosome complete genome		streptococcus_mitis	GCF_000722765.2
data/unzipped_genomes/streptococcus_mitis/ncbi_dataset/data/GCF_000722765.2/GCF_000722765.2_ASM72276v2_genomic.fna	NZ_CP028415.1	534218	534655	-	gi|194172857:1535881-1536318	1-438/438	===============	0/0	100.0	93.61	victors	gi|194172857:1535881-1536318	Streptococcus pneumoniae TIGR4 chromosome complete genome		streptococcus_mitis	GCF_000722765.2
data/unzipped_genomes/streptococcus_mitis/ncbi_dataset/data/GCF_000722765.2/GCF_000722765.2_ASM72276v2_genomic.fna	NZ_CP028415.1	537166	537843	-	gi|194172857:1533514-1534191	1-678/678	===============	0/0	100.0	95.58	victors	gi|194172857:1533514-1534191	Streptococcus pneumoniae TIGR4 chromosome complete genome		streptococcus_mitis	GCF_000722765.2
data/unzipped_genomes/streptococcus_mitis/ncbi_dataset/data/GCF_000722765.2/GCF_000722765.2_ASM72276v2_genomic.fna	NZ_CP028415.1	564213	565295	-	gi|194172857:1496623-1497705	1-1083/1083	===============	0/0	100.0	94.83	victors	gi|194172857:1496623-1497705	Streptococcus pneumoniae TIGR4 chromosome complete genome		streptococcus_mitis	GCF_000722765.2
data/unzipped_genomes/streptococcus_mitis/ncbi_dataset/data/GCF_000722765.2/GCF_000722765.2_ASM72276v2_genomic.fna	NZ_CP028415.1	571119	571907	-	gi|116515308:1430266-1431054	1-789/789	===============	0/0	100.0	90.62	victors	gi|116515308:1430266-1431054	Streptococcus pneumoniae D39 complete genome		streptococcus_mitis	GCF_000722765.2
data/unzipped_genomes/streptococcus_mitis/ncbi_dataset/data/GCF_000722765.2/GCF_000722765.2_ASM72276v2_genomic.fna	NZ_CP028415.1	577253	577900	+	gi|194172857:567091-567738	1-648/648	===============	0/0	100.0	95.22	victors	gi|194172857:567091-567738	Streptococcus pneumoniae TIGR4 chromosome complete genome		streptococcus_mitis	GCF_000722765.2
data/unzipped_genomes/streptococcus_mitis/ncbi_dataset/data/GCF_000722765.2/GCF_000722765.2_ASM72276v2_genomic.fna	NZ_CP028415.1	581602	582468	-	gi|15674250:1567023-1567904	16-882/882	========/======	4/8	97.85	87.14	victors	gi|15674250:1567023-1567904	Streptococcus pyogenes M1 GAS chromosome complete genome		streptococcus_mitis	GCF_000722765.2
data/unzipped_genomes/streptococcus_mitis/ncbi_dataset/data/GCF_000722765.2/GCF_000722765.2_ASM72276v2_genomic.fna	NZ_CP028415.1	590776	592830	+	gi|194172857:625663-627717	1-2055/2055	========/======	2/2	99.95	90.52	victors	gi|194172857:625663-627717	Streptococcus pneumoniae TIGR4 chromosome complete genome		streptococcus_mitis	GCF_000722765.2
data/unzipped_genomes/streptococcus_mitis/ncbi_dataset/data/GCF_000722765.2/GCF_000722765.2_ASM72276v2_genomic.fna	NZ_CP028415.1	613659	614576	-	gi|194172857:1322142-1323059	1-918/918	===============	0/0	100.0	86.17	victors	gi|194172857:1322142-1323059	Streptococcus pneumoniae TIGR4 chromosome complete genome		streptococcus_mitis	GCF_000722765.2
data/unzipped_genomes/streptococcus_mitis/ncbi_dataset/data/GCF_000722765.2/GCF_000722765.2_ASM72276v2_genomic.fna	NZ_CP028415.1	614566	615450	-	gi|194172857:1321268-1322152	1-885/885	===============	0/0	100.0	88.93	victors	gi|194172857:1321268-1322152	Streptococcus pneumoniae TIGR4 chromosome complete genome		streptococcus_mitis	GCF_000722765.2
data/unzipped_genomes/streptococcus_mitis/ncbi_dataset/data/GCF_000722765.2/GCF_000722765.2_ASM72276v2_genomic.fna	NZ_CP028415.1	616277	617035	-	gi|194172857:1319683-1320441	1-759/759	===============	0/0	100.0	89.46	victors	gi|194172857:1319683-1320441	Streptococcus pneumoniae TIGR4 chromosome complete genome		streptococcus_mitis	GCF_000722765.2
data/unzipped_genomes/streptococcus_mitis/ncbi_dataset/data/GCF_000722765.2/GCF_000722765.2_ASM72276v2_genomic.fna	NZ_CP028415.1	626164	627233	-	gi|221230948:1324319-1325389	2-1071/1071	===============	0/0	99.91	91.96	victors	gi|221230948:1324319-1325389	Streptococcus pneumoniae ATCC 700669 complete genome		streptococcus_mitis	GCF_000722765.2
data/unzipped_genomes/streptococcus_mitis/ncbi_dataset/data/GCF_000722765.2/GCF_000722765.2_ASM72276v2_genomic.fna	NZ_CP028415.1	631231	632684	-	gi|194172857:1304782-1306236	2-1455/1455	===============	0/0	99.93	92.92	victors	gi|194172857:1304782-1306236	Streptococcus pneumoniae TIGR4 chromosome complete genome		streptococcus_mitis	GCF_000722765.2
data/unzipped_genomes/streptococcus_mitis/ncbi_dataset/data/GCF_000722765.2/GCF_000722765.2_ASM72276v2_genomic.fna	NZ_CP028415.1	638303	639468	-	gi|194172857:1300389-1301561	1-1166/1173	===============	0/0	99.4	92.45	victors	gi|194172857:1300389-1301561	Streptococcus pneumoniae TIGR4 chromosome complete genome		streptococcus_mitis	GCF_000722765.2
data/unzipped_genomes/streptococcus_mitis/ncbi_dataset/data/GCF_000722765.2/GCF_000722765.2_ASM72276v2_genomic.fna	NZ_CP028415.1	639465	640142	-	gi|194172857:1299715-1300392	1-678/678	===============	0/0	100.0	95.43	victors	gi|194172857:1299715-1300392	Streptococcus pneumoniae TIGR4 chromosome complete genome		streptococcus_mitis	GCF_000722765.2
data/unzipped_genomes/streptococcus_mitis/ncbi_dataset/data/GCF_000722765.2/GCF_000722765.2_ASM72276v2_genomic.fna	NZ_CP028415.1	671117	671722	+	gi|182682970:712398-713003	1-606/606	===============	0/0	100.0	97.03	victors	gi|182682970:712398-713003	Streptococcus pneumoniae CGSP14 complete genome		streptococcus_mitis	GCF_000722765.2
data/unzipped_genomes/streptococcus_mitis/ncbi_dataset/data/GCF_000722765.2/GCF_000722765.2_ASM72276v2_genomic.fna	NZ_CP028415.1	671879	672409	+	gi|194172857:726140-726652	1-513/513	========/======	1/18	100.0	92.84	victors	gi|194172857:726140-726652	Streptococcus pneumoniae TIGR4 chromosome complete genome		streptococcus_mitis	GCF_000722765.2
data/unzipped_genomes/streptococcus_mitis/ncbi_dataset/data/GCF_000722765.2/GCF_000722765.2_ASM72276v2_genomic.fna	NZ_CP028415.1	685529	686737	+	gi|194172857:738515-739714	1-1200/1200	========/======	1/9	100.0	84.12	victors	gi|194172857:738515-739714	Streptococcus pneumoniae TIGR4 chromosome complete genome		streptococcus_mitis	GCF_000722765.2
data/unzipped_genomes/streptococcus_mitis/ncbi_dataset/data/GCF_000722765.2/GCF_000722765.2_ASM72276v2_genomic.fna	NZ_CP028415.1	694804	697350	+	gi|194172857:749306-751852	1-2547/2547	========/======	4/4	99.92	89.21	victors	gi|194172857:749306-751852	Streptococcus pneumoniae TIGR4 chromosome complete genome		streptococcus_mitis	GCF_000722765.2
data/unzipped_genomes/streptococcus_mitis/ncbi_dataset/data/GCF_000722765.2/GCF_000722765.2_ASM72276v2_genomic.fna	NZ_CP028415.1	697393	698133	+	gi|116515308:714756-715496	1-741/741	===============	0/0	100.0	94.33	victors	gi|116515308:714756-715496	Streptococcus pneumoniae D39 complete genome		streptococcus_mitis	GCF_000722765.2
data/unzipped_genomes/streptococcus_mitis/ncbi_dataset/data/GCF_000722765.2/GCF_000722765.2_ASM72276v2_genomic.fna	NZ_CP028415.1	714396	715085	+	gi|15902044:726846-727535	1-690/690	===============	0/0	100.0	92.32	victors	gi|15902044:726846-727535	Streptococcus pneumoniae R6 complete genome		streptococcus_mitis	GCF_000722765.2
data/unzipped_genomes/streptococcus_mitis/ncbi_dataset/data/GCF_000722765.2/GCF_000722765.2_ASM72276v2_genomic.fna	NZ_CP028415.1	719829	721039	+	gi|194172857:778425-779636	2-1212/1212	===============	0/0	99.92	92.98	victors	gi|194172857:778425-779636	Streptococcus pneumoniae TIGR4 chromosome complete genome		streptococcus_mitis	GCF_000722765.2
data/unzipped_genomes/streptococcus_mitis/ncbi_dataset/data/GCF_000722765.2/GCF_000722765.2_ASM72276v2_genomic.fna	NZ_CP028415.1	730246	731523	+	gi|194172857:788996-790273	1-1278/1278	===============	0/0	100.0	91.86	victors	gi|194172857:788996-790273	Streptococcus pneumoniae TIGR4 chromosome complete genome		streptococcus_mitis	GCF_000722765.2
data/unzipped_genomes/streptococcus_mitis/ncbi_dataset/data/GCF_000722765.2/GCF_000722765.2_ASM72276v2_genomic.fna	NZ_CP028415.1	747083	748105	+	gi|194172857:803302-804324	1-1023/1023	===============	0/0	100.0	93.94	victors	gi|194172857:803302-804324	Streptococcus pneumoniae TIGR4 chromosome complete genome		streptococcus_mitis	GCF_000722765.2
data/unzipped_genomes/streptococcus_mitis/ncbi_dataset/data/GCF_000722765.2/GCF_000722765.2_ASM72276v2_genomic.fna	NZ_CP028415.1	764001	765082	-	gi|194172857:1395292-1396374	1-1083/1083	========/======	1/1	99.91	91.41	victors	gi|194172857:1395292-1396374	Streptococcus pneumoniae TIGR4 chromosome complete genome		streptococcus_mitis	GCF_000722765.2
data/unzipped_genomes/streptococcus_mitis/ncbi_dataset/data/GCF_000722765.2/GCF_000722765.2_ASM72276v2_genomic.fna	NZ_CP028415.1	768298	769206	+	gi|194172857:879941-880849	1-909/909	===============	0/0	100.0	95.27	victors	gi|194172857:879941-880849	Streptococcus pneumoniae TIGR4 chromosome complete genome		streptococcus_mitis	GCF_000722765.2
data/unzipped_genomes/streptococcus_mitis/ncbi_dataset/data/GCF_000722765.2/GCF_000722765.2_ASM72276v2_genomic.fna	NZ_CP028415.1	770544	772427	+	gi|116515308:838510-840393	1-1884/1884	========/======	2/2	99.95	91.25	victors	gi|116515308:838510-840393	Streptococcus pneumoniae D39 complete genome		streptococcus_mitis	GCF_000722765.2
data/unzipped_genomes/streptococcus_mitis/ncbi_dataset/data/GCF_000722765.2/GCF_000722765.2_ASM72276v2_genomic.fna	NZ_CP028415.1	778803	780156	+	gi|194172857:892923-894293	18-1371/1371	===============	0/0	98.76	93.58	victors	gi|194172857:892923-894293	Streptococcus pneumoniae TIGR4 chromosome complete genome		streptococcus_mitis	GCF_000722765.2
data/unzipped_genomes/streptococcus_mitis/ncbi_dataset/data/GCF_000722765.2/GCF_000722765.2_ASM72276v2_genomic.fna	NZ_CP028415.1	795451	797106	+	gi|194172857:913088-914743	1-1656/1656	========/======	2/2	99.94	93.36	victors	gi|194172857:913088-914743	Streptococcus pneumoniae TIGR4 chromosome complete genome		streptococcus_mitis	GCF_000722765.2
data/unzipped_genomes/streptococcus_mitis/ncbi_dataset/data/GCF_000722765.2/GCF_000722765.2_ASM72276v2_genomic.fna	NZ_CP028415.1	806743	807696	+	gi|194172857:923558-924511	1-954/954	===============	0/0	100.0	91.3	victors	gi|194172857:923558-924511	Streptococcus pneumoniae TIGR4 chromosome complete genome		streptococcus_mitis	GCF_000722765.2
data/unzipped_genomes/streptococcus_mitis/ncbi_dataset/data/GCF_000722765.2/GCF_000722765.2_ASM72276v2_genomic.fna	NZ_CP028415.1	807715	809517	+	gi|194172857:924530-926332	1-1803/1803	===============	0/0	100.0	95.12	victors	gi|194172857:924530-926332	Streptococcus pneumoniae TIGR4 chromosome complete genome		streptococcus_mitis	GCF_000722765.2
data/unzipped_genomes/streptococcus_mitis/ncbi_dataset/data/GCF_000722765.2/GCF_000722765.2_ASM72276v2_genomic.fna	NZ_CP028415.1	852139	852881	-	gi|116515308:1102250-1102993	2-744/744	===============	0/0	99.87	80.89	victors	gi|116515308:1102250-1102993	Streptococcus pneumoniae D39 complete genome		streptococcus_mitis	GCF_000722765.2
data/unzipped_genomes/streptococcus_mitis/ncbi_dataset/data/GCF_000722765.2/GCF_000722765.2_ASM72276v2_genomic.fna	NZ_CP028415.1	864111	865778	-	gi|194172857:1135215-1136882	1-1668/1668	===============	0/0	100.0	93.34	victors	gi|194172857:1135215-1136882	Streptococcus pneumoniae TIGR4 chromosome complete genome		streptococcus_mitis	GCF_000722765.2
data/unzipped_genomes/streptococcus_mitis/ncbi_dataset/data/GCF_000722765.2/GCF_000722765.2_ASM72276v2_genomic.fna	NZ_CP028415.1	868616	869113	+	gi|194172857:612683-613180	1-498/498	===============	0/0	100.0	92.17	victors	gi|194172857:612683-613180	Streptococcus pneumoniae TIGR4 chromosome complete genome		streptococcus_mitis	GCF_000722765.2
data/unzipped_genomes/streptococcus_mitis/ncbi_dataset/data/GCF_000722765.2/GCF_000722765.2_ASM72276v2_genomic.fna	NZ_CP028415.1	872265	872690	-	gi|194172857:1129404-1129829	1-426/426	===============	0/0	100.0	95.54	victors	gi|194172857:1129404-1129829	Streptococcus pneumoniae TIGR4 chromosome complete genome		streptococcus_mitis	GCF_000722765.2
data/unzipped_genomes/streptococcus_mitis/ncbi_dataset/data/GCF_000722765.2/GCF_000722765.2_ASM72276v2_genomic.fna	NZ_CP028415.1	895973	896437	+	gi|182682970:1099619-1100083	1-465/465	===============	0/0	100.0	95.48	victors	gi|182682970:1099619-1100083	Streptococcus pneumoniae CGSP14 complete genome		streptococcus_mitis	GCF_000722765.2
data/unzipped_genomes/streptococcus_mitis/ncbi_dataset/data/GCF_000722765.2/GCF_000722765.2_ASM72276v2_genomic.fna	NZ_CP028415.1	902528	903306	-	gi|194172857:1091179-1091958	1-780/780	========/======	1/1	99.87	91.28	victors	gi|194172857:1091179-1091958	Streptococcus pneumoniae TIGR4 chromosome complete genome		streptococcus_mitis	GCF_000722765.2
data/unzipped_genomes/streptococcus_mitis/ncbi_dataset/data/GCF_000722765.2/GCF_000722765.2_ASM72276v2_genomic.fna	NZ_CP028415.1	912308	913486	-	gi|194172857:1082493-1083671	1-1179/1179	===============	0/0	100.0	91.69	victors	gi|194172857:1082493-1083671	Streptococcus pneumoniae TIGR4 chromosome complete genome		streptococcus_mitis	GCF_000722765.2
data/unzipped_genomes/streptococcus_mitis/ncbi_dataset/data/GCF_000722765.2/GCF_000722765.2_ASM72276v2_genomic.fna	NZ_CP028415.1	931086	932545	-	gi|194172857:869868-871343	2-1461/1476	===============	0/0	98.92	91.51	victors	gi|194172857:869868-871343	Streptococcus pneumoniae TIGR4 chromosome complete genome		streptococcus_mitis	GCF_000722765.2
data/unzipped_genomes/streptococcus_mitis/ncbi_dataset/data/GCF_000722765.2/GCF_000722765.2_ASM72276v2_genomic.fna	NZ_CP028415.1	967661	968540	-	gi|194172857:984089-984973	1-880/885	===============	0/0	99.44	93.18	victors	gi|194172857:984089-984973	Streptococcus pneumoniae TIGR4 chromosome complete genome		streptococcus_mitis	GCF_000722765.2
data/unzipped_genomes/streptococcus_mitis/ncbi_dataset/data/GCF_000722765.2/GCF_000722765.2_ASM72276v2_genomic.fna	NZ_CP028415.1	980208	981536	-	gi|194172857:970424-972055	1-1329/1632	=============..	0/0	81.43	88.71	victors	gi|194172857:970424-972055	Streptococcus pneumoniae TIGR4 chromosome complete genome		streptococcus_mitis	GCF_000722765.2
data/unzipped_genomes/streptococcus_mitis/ncbi_dataset/data/GCF_000722765.2/GCF_000722765.2_ASM72276v2_genomic.fna	NZ_CP028415.1	985560	985991	-	gi|194172857:965957-966388	1-432/432	===============	0/0	100.0	90.28	victors	gi|194172857:965957-966388	Streptococcus pneumoniae TIGR4 chromosome complete genome		streptococcus_mitis	GCF_000722765.2
data/unzipped_genomes/streptococcus_mitis/ncbi_dataset/data/GCF_000722765.2/GCF_000722765.2_ASM72276v2_genomic.fna	NZ_CP028415.1	988973	989572	-	gi|194172857:962373-962972	1-600/600	===============	0/0	100.0	94.67	victors	gi|194172857:962373-962972	Streptococcus pneumoniae TIGR4 chromosome complete genome		streptococcus_mitis	GCF_000722765.2
data/unzipped_genomes/streptococcus_mitis/ncbi_dataset/data/GCF_000722765.2/GCF_000722765.2_ASM72276v2_genomic.fna	NZ_CP028415.1	1006277	1007668	-	gi|194172857:941804-943195	1-1392/1392	===============	0/0	100.0	92.53	victors	gi|194172857:941804-943195	Streptococcus pneumoniae TIGR4 chromosome complete genome		streptococcus_mitis	GCF_000722765.2
data/unzipped_genomes/streptococcus_mitis/ncbi_dataset/data/GCF_000722765.2/GCF_000722765.2_ASM72276v2_genomic.fna	NZ_CP028415.1	1009675	1010514	-	gi|194172857:1041153-1041992	1-840/840	===============	0/0	100.0	93.57	victors	gi|194172857:1041153-1041992	Streptococcus pneumoniae TIGR4 chromosome complete genome		streptococcus_mitis	GCF_000722765.2
data/unzipped_genomes/streptococcus_mitis/ncbi_dataset/data/GCF_000722765.2/GCF_000722765.2_ASM72276v2_genomic.fna	NZ_CP028415.1	1010655	1011503	-	gi|194172857:1040163-1041011	1-849/849	===============	0/0	100.0	90.69	victors	gi|194172857:1040163-1041011	Streptococcus pneumoniae TIGR4 chromosome complete genome		streptococcus_mitis	GCF_000722765.2
data/unzipped_genomes/streptococcus_mitis/ncbi_dataset/data/GCF_000722765.2/GCF_000722765.2_ASM72276v2_genomic.fna	NZ_CP028415.1	1018602	1019048	-	gi|194172857:1061162-1061608	1-447/447	===============	0/0	100.0	94.18	victors	gi|194172857:1061162-1061608	Streptococcus pneumoniae TIGR4 chromosome complete genome		streptococcus_mitis	GCF_000722765.2
data/unzipped_genomes/streptococcus_mitis/ncbi_dataset/data/GCF_000722765.2/GCF_000722765.2_ASM72276v2_genomic.fna	NZ_CP028415.1	1024564	1026492	-	gi|194172857:1053718-1055646	1-1929/1929	===============	0/0	100.0	87.51	victors	gi|194172857:1053718-1055646	Streptococcus pneumoniae TIGR4 chromosome complete genome		streptococcus_mitis	GCF_000722765.2
data/unzipped_genomes/streptococcus_mitis/ncbi_dataset/data/GCF_000722765.2/GCF_000722765.2_ASM72276v2_genomic.fna	NZ_CP028415.1	1026866	1029085	-	gi|194172857:1048987-1051266	1-2220/2280	===============	0/0	97.37	91.22	victors	gi|194172857:1048987-1051266	Streptococcus pneumoniae TIGR4 chromosome complete genome		streptococcus_mitis	GCF_000722765.2
data/unzipped_genomes/streptococcus_mitis/ncbi_dataset/data/GCF_000722765.2/GCF_000722765.2_ASM72276v2_genomic.fna	NZ_CP028415.1	1032466	1033324	-	gi|194172857:1044703-1045566	1-859/864	===============	0/0	99.42	91.62	victors	gi|194172857:1044703-1045566	Streptococcus pneumoniae TIGR4 chromosome complete genome		streptococcus_mitis	GCF_000722765.2
data/unzipped_genomes/streptococcus_mitis/ncbi_dataset/data/GCF_000722765.2/GCF_000722765.2_ASM72276v2_genomic.fna	NZ_CP028415.1	1050386	1051075	-	gi|194172857:1025575-1026264	1-690/690	===============	0/0	100.0	94.49	victors	gi|194172857:1025575-1026264	Streptococcus pneumoniae TIGR4 chromosome complete genome		streptococcus_mitis	GCF_000722765.2
data/unzipped_genomes/streptococcus_mitis/ncbi_dataset/data/GCF_000722765.2/GCF_000722765.2_ASM72276v2_genomic.fna	NZ_CP028415.1	1064191	1066356	+	gi|15902044:1119657-1121822	1-2166/2166	===============	0/0	100.0	94.41	victors	gi|15902044:1119657-1121822	Streptococcus pneumoniae R6 complete genome		streptococcus_mitis	GCF_000722765.2
data/unzipped_genomes/streptococcus_mitis/ncbi_dataset/data/GCF_000722765.2/GCF_000722765.2_ASM72276v2_genomic.fna	NZ_CP028415.1	1104880	1105401	+	gi|194172857:1213698-1214219	1-522/522	===============	0/0	100.0	96.36	victors	gi|194172857:1213698-1214219	Streptococcus pneumoniae TIGR4 chromosome complete genome		streptococcus_mitis	GCF_000722765.2
data/unzipped_genomes/streptococcus_mitis/ncbi_dataset/data/GCF_000722765.2/GCF_000722765.2_ASM72276v2_genomic.fna	NZ_CP028415.1	1106904	1107280	+	gi|194172857:1215723-1216088	1-366/366	========/======	2/13	99.73	86.51	victors	gi|194172857:1215723-1216088	Streptococcus pneumoniae TIGR4 chromosome complete genome		streptococcus_mitis	GCF_000722765.2
data/unzipped_genomes/streptococcus_mitis/ncbi_dataset/data/GCF_000722765.2/GCF_000722765.2_ASM72276v2_genomic.fna	NZ_CP028415.1	1110877	1111590	+	gi|194172857:1219485-1220198	1-714/714	===============	0/0	100.0	92.16	victors	gi|194172857:1219485-1220198	Streptococcus pneumoniae TIGR4 chromosome complete genome		streptococcus_mitis	GCF_000722765.2
data/unzipped_genomes/streptococcus_mitis/ncbi_dataset/data/GCF_000722765.2/GCF_000722765.2_ASM72276v2_genomic.fna	NZ_CP028415.1	1111856	1113175	+	gi|194172857:1220465-1221784	1-1320/1320	===============	0/0	100.0	94.39	victors	gi|194172857:1220465-1221784	Streptococcus pneumoniae TIGR4 chromosome complete genome		streptococcus_mitis	GCF_000722765.2
data/unzipped_genomes/streptococcus_mitis/ncbi_dataset/data/GCF_000722765.2/GCF_000722765.2_ASM72276v2_genomic.fna	NZ_CP028415.1	1160307	1161005	+	gi|15902044:1337590-1338288	1-699/699	===============	0/0	100.0	89.27	victors	gi|15902044:1337590-1338288	Streptococcus pneumoniae R6 complete genome		streptococcus_mitis	GCF_000722765.2
data/unzipped_genomes/streptococcus_mitis/ncbi_dataset/data/GCF_000722765.2/GCF_000722765.2_ASM72276v2_genomic.fna	NZ_CP028415.1	1184158	1185037	-	gi|194172857:355946-356968	1-874/1023	========/====..	5/12	85.14	85.73	victors	gi|194172857:355946-356968	Streptococcus pneumoniae TIGR4 chromosome complete genome		streptococcus_mitis	GCF_000722765.2
data/unzipped_genomes/streptococcus_mitis/ncbi_dataset/data/GCF_000722765.2/GCF_000722765.2_ASM72276v2_genomic.fna	NZ_CP028415.1	1194861	1196813	-	gi|194172857:824351-826303	1-1953/1953	===============	0/0	100.0	94.93	victors	gi|194172857:824351-826303	Streptococcus pneumoniae TIGR4 chromosome complete genome		streptococcus_mitis	GCF_000722765.2
data/unzipped_genomes/streptococcus_mitis/ncbi_dataset/data/GCF_000722765.2/GCF_000722765.2_ASM72276v2_genomic.fna	NZ_CP028415.1	1218402	1219779	+	gi|116515308:1316925-1318304	1-1380/1380	========/======	1/2	99.86	94.35	victors	gi|116515308:1316925-1318304	Streptococcus pneumoniae D39 complete genome		streptococcus_mitis	GCF_000722765.2
data/unzipped_genomes/streptococcus_mitis/ncbi_dataset/data/GCF_000722765.2/GCF_000722765.2_ASM72276v2_genomic.fna	NZ_CP028415.1	1245334	1245924	-	gi|194172857:706881-707471	1-591/591	===============	0/0	100.0	95.09	victors	gi|194172857:706881-707471	Streptococcus pneumoniae TIGR4 chromosome complete genome		streptococcus_mitis	GCF_000722765.2
data/unzipped_genomes/streptococcus_mitis/ncbi_dataset/data/GCF_000722765.2/GCF_000722765.2_ASM72276v2_genomic.fna	NZ_CP028415.1	1258256	1260031	-	gi|194396645:649534-651309	1-1776/1776	===============	0/0	100.0	96.85	victors	gi|194396645:649534-651309	Streptococcus pneumoniae G54 chromosome complete genome		streptococcus_mitis	GCF_000722765.2
data/unzipped_genomes/streptococcus_mitis/ncbi_dataset/data/GCF_000722765.2/GCF_000722765.2_ASM72276v2_genomic.fna	NZ_CP028415.1	1260241	1262223	-	gi|194172857:692672-694654	1-1983/1983	===============	0/0	100.0	91.58	victors	gi|194172857:692672-694654	Streptococcus pneumoniae TIGR4 chromosome complete genome		streptococcus_mitis	GCF_000722765.2
data/unzipped_genomes/streptococcus_mitis/ncbi_dataset/data/GCF_000722765.2/GCF_000722765.2_ASM72276v2_genomic.fna	NZ_CP028415.1	1262494	1262865	-	gi|194172857:692030-692401	1-372/372	===============	0/0	100.0	94.09	victors	gi|194172857:692030-692401	Streptococcus pneumoniae TIGR4 chromosome complete genome		streptococcus_mitis	GCF_000722765.2
data/unzipped_genomes/streptococcus_mitis/ncbi_dataset/data/GCF_000722765.2/GCF_000722765.2_ASM72276v2_genomic.fna	NZ_CP028415.1	1263633	1264423	-	gi|194172857:690467-691258	2-792/792	===============	0/0	99.87	90.14	victors	gi|194172857:690467-691258	Streptococcus pneumoniae TIGR4 chromosome complete genome		streptococcus_mitis	GCF_000722765.2
data/unzipped_genomes/streptococcus_mitis/ncbi_dataset/data/GCF_000722765.2/GCF_000722765.2_ASM72276v2_genomic.fna	NZ_CP028415.1	1267896	1269281	-	gi|194172857:685560-686945	1-1386/1386	===============	0/0	100.0	91.13	victors	gi|194172857:685560-686945	Streptococcus pneumoniae TIGR4 chromosome complete genome		streptococcus_mitis	GCF_000722765.2
data/unzipped_genomes/streptococcus_mitis/ncbi_dataset/data/GCF_000722765.2/GCF_000722765.2_ASM72276v2_genomic.fna	NZ_CP028415.1	1269282	1269842	-	gi|194172857:684999-685559	1-561/561	===============	0/0	100.0	91.8	victors	gi|194172857:684999-685559	Streptococcus pneumoniae TIGR4 chromosome complete genome		streptococcus_mitis	GCF_000722765.2
data/unzipped_genomes/streptococcus_mitis/ncbi_dataset/data/GCF_000722765.2/GCF_000722765.2_ASM72276v2_genomic.fna	NZ_CP028415.1	1276177	1277343	-	gi|194172857:661716-662915	1-1158/1200	========/======	1/9	96.5	86.72	victors	gi|194172857:661716-662915	Streptococcus pneumoniae TIGR4 chromosome complete genome		streptococcus_mitis	GCF_000722765.2
data/unzipped_genomes/streptococcus_mitis/ncbi_dataset/data/GCF_000722765.2/GCF_000722765.2_ASM72276v2_genomic.fna	NZ_CP028415.1	1280664	1282685	-	gi|194172857:656526-658547	1-2022/2022	===============	0/0	100.0	92.68	victors	gi|194172857:656526-658547	Streptococcus pneumoniae TIGR4 chromosome complete genome		streptococcus_mitis	GCF_000722765.2
data/unzipped_genomes/streptococcus_mitis/ncbi_dataset/data/GCF_000722765.2/GCF_000722765.2_ASM72276v2_genomic.fna	NZ_CP028415.1	1308867	1310570	-	gi|194172857:640561-642282	1-1704/1722	===============	0/0	98.95	88.09	victors	gi|194172857:640561-642282	Streptococcus pneumoniae TIGR4 chromosome complete genome		streptococcus_mitis	GCF_000722765.2
data/unzipped_genomes/streptococcus_mitis/ncbi_dataset/data/GCF_000722765.2/GCF_000722765.2_ASM72276v2_genomic.fna	NZ_CP028415.1	1316547	1317105	-	gi|194172857:634195-634758	2-560/564	===============	0/0	99.11	87.12	victors	gi|194172857:634195-634758	Streptococcus pneumoniae TIGR4 chromosome complete genome		streptococcus_mitis	GCF_000722765.2
data/unzipped_genomes/streptococcus_mitis/ncbi_dataset/data/GCF_000722765.2/GCF_000722765.2_ASM72276v2_genomic.fna	NZ_CP028415.1	1318909	1319646	-	gi|194172857:631654-632391	1-738/738	===============	0/0	100.0	93.63	victors	gi|194172857:631654-632391	Streptococcus pneumoniae TIGR4 chromosome complete genome		streptococcus_mitis	GCF_000722765.2
data/unzipped_genomes/streptococcus_mitis/ncbi_dataset/data/GCF_000722765.2/GCF_000722765.2_ASM72276v2_genomic.fna	NZ_CP028415.1	1344157	1345736	+	gi|194172857:1439696-1441285	11-1590/1590	===============	0/0	99.37	90.0	victors	gi|194172857:1439696-1441285	Streptococcus pneumoniae TIGR4 chromosome complete genome		streptococcus_mitis	GCF_000722765.2
data/unzipped_genomes/streptococcus_mitis/ncbi_dataset/data/GCF_000722765.2/GCF_000722765.2_ASM72276v2_genomic.fna	NZ_CP028415.1	1351462	1352861	+	gi|194172857:1446900-1448300	2-1401/1401	===============	0/0	99.93	93.5	victors	gi|194172857:1446900-1448300	Streptococcus pneumoniae TIGR4 chromosome complete genome		streptococcus_mitis	GCF_000722765.2
data/unzipped_genomes/streptococcus_mitis/ncbi_dataset/data/GCF_000722765.2/GCF_000722765.2_ASM72276v2_genomic.fna	NZ_CP028415.1	1368882	1370069	+	gi|194172857:1451511-1452698	1-1188/1188	===============	0/0	100.0	93.86	victors	gi|194172857:1451511-1452698	Streptococcus pneumoniae TIGR4 chromosome complete genome		streptococcus_mitis	GCF_000722765.2
data/unzipped_genomes/streptococcus_mitis/ncbi_dataset/data/GCF_000722765.2/GCF_000722765.2_ASM72276v2_genomic.fna	NZ_CP028415.1	1372332	1372880	+	gi|221230948:1461838-1462386	1-549/549	===============	0/0	100.0	95.63	victors	gi|221230948:1461838-1462386	Streptococcus pneumoniae ATCC 700669 complete genome		streptococcus_mitis	GCF_000722765.2
data/unzipped_genomes/streptococcus_mitis/ncbi_dataset/data/GCF_000722765.2/GCF_000722765.2_ASM72276v2_genomic.fna	NZ_CP028415.1	1448197	1448802	-	gi|194172857:589566-590171	1-606/606	===============	0/0	100.0	91.09	victors	gi|194172857:589566-590171	Streptococcus pneumoniae TIGR4 chromosome complete genome		streptococcus_mitis	GCF_000722765.2
data/unzipped_genomes/streptococcus_mitis/ncbi_dataset/data/GCF_000722765.2/GCF_000722765.2_ASM72276v2_genomic.fna	NZ_CP028415.1	1453320	1454093	-	gi|194172857:581578-582357	2-775/780	===============	0/0	99.23	92.38	victors	gi|194172857:581578-582357	Streptococcus pneumoniae TIGR4 chromosome complete genome		streptococcus_mitis	GCF_000722765.2
data/unzipped_genomes/streptococcus_mitis/ncbi_dataset/data/GCF_000722765.2/GCF_000722765.2_ASM72276v2_genomic.fna	NZ_CP028415.1	1459968	1460645	-	gi|15902044:532770-533447	1-678/678	===============	0/0	100.0	93.07	victors	gi|15902044:532770-533447	Streptococcus pneumoniae R6 complete genome		streptococcus_mitis	GCF_000722765.2
data/unzipped_genomes/streptococcus_mitis/ncbi_dataset/data/GCF_000722765.2/GCF_000722765.2_ASM72276v2_genomic.fna	NZ_CP028415.1	1460655	1461313	-	gi|15902044:532101-532760	2-660/660	===============	0/0	99.85	92.72	victors	gi|15902044:532101-532760	Streptococcus pneumoniae R6 complete genome		streptococcus_mitis	GCF_000722765.2
data/unzipped_genomes/streptococcus_mitis/ncbi_dataset/data/GCF_000722765.2/GCF_000722765.2_ASM72276v2_genomic.fna	NZ_CP028415.1	1461409	1462538	+	gi|194172857:1485134-1486264	2-1131/1131	===============	0/0	99.91	94.78	victors	gi|194172857:1485134-1486264	Streptococcus pneumoniae TIGR4 chromosome complete genome		streptococcus_mitis	GCF_000722765.2
data/unzipped_genomes/streptococcus_mitis/ncbi_dataset/data/GCF_000722765.2/GCF_000722765.2_ASM72276v2_genomic.fna	NZ_CP028415.1	1470044	1470910	-	gi|194172857:556411-557277	1-867/867	===============	0/0	100.0	94.0	victors	gi|194172857:556411-557277	Streptococcus pneumoniae TIGR4 chromosome complete genome		streptococcus_mitis	GCF_000722765.2
data/unzipped_genomes/streptococcus_mitis/ncbi_dataset/data/GCF_000722765.2/GCF_000722765.2_ASM72276v2_genomic.fna	NZ_CP028415.1	1525072	1525512	+	gi|194172857:1662005-1662445	1-441/441	===============	0/0	100.0	94.1	victors	gi|194172857:1662005-1662445	Streptococcus pneumoniae TIGR4 chromosome complete genome		streptococcus_mitis	GCF_000722765.2
data/unzipped_genomes/streptococcus_mitis/ncbi_dataset/data/GCF_000722765.2/GCF_000722765.2_ASM72276v2_genomic.fna	NZ_CP028415.1	1538860	1540948	+	gi|194172857:1676081-1678171	1-2090/2091	========/======	1/1	99.9	87.51	victors	gi|194172857:1676081-1678171	Streptococcus pneumoniae TIGR4 chromosome complete genome		streptococcus_mitis	GCF_000722765.2
data/unzipped_genomes/streptococcus_mitis/ncbi_dataset/data/GCF_000722765.2/GCF_000722765.2_ASM72276v2_genomic.fna	NZ_CP028415.1	1602370	1603068	-	gi|194172857:365195-365893	1-699/699	===============	0/0	100.0	94.28	victors	gi|194172857:365195-365893	Streptococcus pneumoniae TIGR4 chromosome complete genome		streptococcus_mitis	GCF_000722765.2
data/unzipped_genomes/streptococcus_mitis/ncbi_dataset/data/GCF_000722765.2/GCF_000722765.2_ASM72276v2_genomic.fna	NZ_CP028415.1	1608262	1608951	-	gi|194396645:336110-336799	1-690/690	===============	0/0	100.0	87.68	victors	gi|194396645:336110-336799	Streptococcus pneumoniae G54 chromosome complete genome		streptococcus_mitis	GCF_000722765.2
data/unzipped_genomes/streptococcus_mitis/ncbi_dataset/data/GCF_000722765.2/GCF_000722765.2_ASM72276v2_genomic.fna	NZ_CP028415.1	1640008	1640490	-	gi|194396645:298881-299363	1-483/483	===============	0/0	100.0	94.2	victors	gi|194396645:298881-299363	Streptococcus pneumoniae G54 chromosome complete genome		streptococcus_mitis	GCF_000722765.2
data/unzipped_genomes/streptococcus_mitis/ncbi_dataset/data/GCF_000722765.2/GCF_000722765.2_ASM72276v2_genomic.fna	NZ_CP028415.1	1640658	1642763	-	gi|194172857:310722-312827	1-2106/2106	===============	0/0	100.0	92.17	victors	gi|194172857:310722-312827	Streptococcus pneumoniae TIGR4 chromosome complete genome		streptococcus_mitis	GCF_000722765.2
data/unzipped_genomes/streptococcus_mitis/ncbi_dataset/data/GCF_000722765.2/GCF_000722765.2_ASM72276v2_genomic.fna	NZ_CP028415.1	1647990	1648532	-	gi|194172857:304678-305220	1-543/543	===============	0/0	100.0	95.76	victors	gi|194172857:304678-305220	Streptococcus pneumoniae TIGR4 chromosome complete genome		streptococcus_mitis	GCF_000722765.2
data/unzipped_genomes/streptococcus_mitis/ncbi_dataset/data/GCF_000722765.2/GCF_000722765.2_ASM72276v2_genomic.fna	NZ_CP028415.1	1655573	1656781	-	gi|194172857:273952-275160	1-1209/1209	===============	0/0	100.0	95.86	victors	gi|194172857:273952-275160	Streptococcus pneumoniae TIGR4 chromosome complete genome		streptococcus_mitis	GCF_000722765.2
data/unzipped_genomes/streptococcus_mitis/ncbi_dataset/data/GCF_000722765.2/GCF_000722765.2_ASM72276v2_genomic.fna	NZ_CP028415.1	1662674	1663567	+	gi|194172857:1620920-1621813	1-894/894	===============	0/0	100.0	93.96	victors	gi|194172857:1620920-1621813	Streptococcus pneumoniae TIGR4 chromosome complete genome		streptococcus_mitis	GCF_000722765.2
data/unzipped_genomes/streptococcus_mitis/ncbi_dataset/data/GCF_000722765.2/GCF_000722765.2_ASM72276v2_genomic.fna	NZ_CP028415.1	1668112	1668435	-	gi|194172857:469302-469625	1-324/324	===============	0/0	100.0	95.99	victors	gi|194172857:469302-469625	Streptococcus pneumoniae TIGR4 chromosome complete genome		streptococcus_mitis	GCF_000722765.2
data/unzipped_genomes/streptococcus_mitis/ncbi_dataset/data/GCF_000722765.2/GCF_000722765.2_ASM72276v2_genomic.fna	NZ_CP028415.1	1676888	1678327	-	gi|194172857:459147-460586	1-1440/1440	===============	0/0	100.0	93.26	victors	gi|194172857:459147-460586	Streptococcus pneumoniae TIGR4 chromosome complete genome		streptococcus_mitis	GCF_000722765.2
data/unzipped_genomes/streptococcus_mitis/ncbi_dataset/data/GCF_000722765.2/GCF_000722765.2_ASM72276v2_genomic.fna	NZ_CP028415.1	1682402	1683247	-	gi|116515308:417194-418039	1-846/846	===============	0/0	100.0	93.62	victors	gi|116515308:417194-418039	Streptococcus pneumoniae D39 complete genome		streptococcus_mitis	GCF_000722765.2
data/unzipped_genomes/streptococcus_mitis/ncbi_dataset/data/GCF_000722765.2/GCF_000722765.2_ASM72276v2_genomic.fna	NZ_CP028415.1	1683308	1685199	-	gi|194172857:426441-428333	1-1893/1893	========/======	1/1	99.95	92.45	victors	gi|194172857:426441-428333	Streptococcus pneumoniae TIGR4 chromosome complete genome		streptococcus_mitis	GCF_000722765.2
data/unzipped_genomes/streptococcus_mitis/ncbi_dataset/data/GCF_000722765.2/GCF_000722765.2_ASM72276v2_genomic.fna	NZ_CP028415.1	1691827	1693527	-	gi|194172857:417448-419148	1-1701/1701	===============	0/0	100.0	94.71	victors	gi|194172857:417448-419148	Streptococcus pneumoniae TIGR4 chromosome complete genome		streptococcus_mitis	GCF_000722765.2
data/unzipped_genomes/streptococcus_mitis/ncbi_dataset/data/GCF_000722765.2/GCF_000722765.2_ASM72276v2_genomic.fna	NZ_CP028415.1	1702999	1704368	+	gi|194172857:1841736-1843106	2-1371/1371	========/======	2/2	99.85	90.74	victors	gi|194172857:1841736-1843106	Streptococcus pneumoniae TIGR4 chromosome complete genome		streptococcus_mitis	GCF_000722765.2
data/unzipped_genomes/streptococcus_mitis/ncbi_dataset/data/GCF_000722765.2/GCF_000722765.2_ASM72276v2_genomic.fna	NZ_CP028415.1	1705703	1706959	+	gi|194172857:1844633-1845889	1-1257/1257	===============	0/0	100.0	92.05	victors	gi|194172857:1844633-1845889	Streptococcus pneumoniae TIGR4 chromosome complete genome		streptococcus_mitis	GCF_000722765.2
data/unzipped_genomes/streptococcus_mitis/ncbi_dataset/data/GCF_000722765.2/GCF_000722765.2_ASM72276v2_genomic.fna	NZ_CP028415.1	1719981	1723877	-	gi|194172857:242845-246687	1-3843/3843	========/======	6/54	100.0	91.38	victors	gi|194172857:242845-246687	Streptococcus pneumoniae TIGR4 chromosome complete genome		streptococcus_mitis	GCF_000722765.2
data/unzipped_genomes/streptococcus_mitis/ncbi_dataset/data/GCF_000722765.2/GCF_000722765.2_ASM72276v2_genomic.fna	NZ_CP028415.1	1723978	1725025	-	gi|194172857:241696-242745	3-1050/1050	===============	0/0	99.81	91.22	victors	gi|194172857:241696-242745	Streptococcus pneumoniae TIGR4 chromosome complete genome		streptococcus_mitis	GCF_000722765.2
data/unzipped_genomes/streptococcus_mitis/ncbi_dataset/data/GCF_000722765.2/GCF_000722765.2_ASM72276v2_genomic.fna	NZ_CP028415.1	1727252	1728631	-	gi|194172857:238197-239576	1-1380/1380	===============	0/0	100.0	93.41	victors	gi|194172857:238197-239576	Streptococcus pneumoniae TIGR4 chromosome complete genome		streptococcus_mitis	GCF_000722765.2
data/unzipped_genomes/streptococcus_mitis/ncbi_dataset/data/GCF_000722765.2/GCF_000722765.2_ASM72276v2_genomic.fna	NZ_CP028415.1	1739441	1741933	-	gi|194172857:224751-227252	1-2493/2502	===============	0/0	99.64	93.62	victors	gi|194172857:224751-227252	Streptococcus pneumoniae TIGR4 chromosome complete genome		streptococcus_mitis	GCF_000722765.2
data/unzipped_genomes/streptococcus_mitis/ncbi_dataset/data/GCF_000722765.2/GCF_000722765.2_ASM72276v2_genomic.fna	NZ_CP028415.1	1742105	1742785	-	gi|194172857:209956-210648	1-681/693	===============	0/0	98.27	92.22	victors	gi|194172857:209956-210648	Streptococcus pneumoniae TIGR4 chromosome complete genome		streptococcus_mitis	GCF_000722765.2
data/unzipped_genomes/streptococcus_mitis/ncbi_dataset/data/GCF_000722765.2/GCF_000722765.2_ASM72276v2_genomic.fna	NZ_CP028415.1	1786391	1786847	-	gi|194172857:157863-158321	3-459/459	===============	0/0	99.56	90.81	victors	gi|194172857:157863-158321	Streptococcus pneumoniae TIGR4 chromosome complete genome		streptococcus_mitis	GCF_000722765.2
data/unzipped_genomes/streptococcus_mitis/ncbi_dataset/data/GCF_000722765.2/GCF_000722765.2_ASM72276v2_genomic.fna	NZ_CP028415.1	1787439	1788029	-	gi|194172857:154869-155450	1-582/582	========/======	3/11	99.83	88.85	victors	gi|194172857:154869-155450	Streptococcus pneumoniae TIGR4 chromosome complete genome		streptococcus_mitis	GCF_000722765.2
data/unzipped_genomes/streptococcus_mitis/ncbi_dataset/data/GCF_000722765.2/GCF_000722765.2_ASM72276v2_genomic.fna	NZ_CP028415.1	1788033	1789319	-	gi|194172857:153579-154865	1-1287/1287	===============	0/0	100.0	92.54	victors	gi|194172857:153579-154865	Streptococcus pneumoniae TIGR4 chromosome complete genome		streptococcus_mitis	GCF_000722765.2
data/unzipped_genomes/streptococcus_mitis/ncbi_dataset/data/GCF_000722765.2/GCF_000722765.2_ASM72276v2_genomic.fna	NZ_CP028415.1	1796758	1798131	-	gi|194172857:147450-148823	1-1374/1374	===============	0/0	100.0	92.28	victors	gi|194172857:147450-148823	Streptococcus pneumoniae TIGR4 chromosome complete genome		streptococcus_mitis	GCF_000722765.2
data/unzipped_genomes/streptococcus_mitis/ncbi_dataset/data/GCF_000722765.2/GCF_000722765.2_ASM72276v2_genomic.fna	NZ_CP028415.1	1801535	1802191	-	gi|194172857:144439-145095	1-657/657	===============	0/0	100.0	92.39	victors	gi|194172857:144439-145095	Streptococcus pneumoniae TIGR4 chromosome complete genome		streptococcus_mitis	GCF_000722765.2
data/unzipped_genomes/streptococcus_mitis/ncbi_dataset/data/GCF_000722765.2/GCF_000722765.2_ASM72276v2_genomic.fna	NZ_CP028415.1	1803825	1804688	-	gi|194172857:139838-140701	1-864/864	===============	0/0	100.0	90.74	victors	gi|194172857:139838-140701	Streptococcus pneumoniae TIGR4 chromosome complete genome		streptococcus_mitis	GCF_000722765.2
data/unzipped_genomes/streptococcus_mitis/ncbi_dataset/data/GCF_000722765.2/GCF_000722765.2_ASM72276v2_genomic.fna	NZ_CP028415.1	1805792	1806229	-	gi|194172857:128979-129416	1-438/438	===============	0/0	100.0	92.92	victors	gi|194172857:128979-129416	Streptococcus pneumoniae TIGR4 chromosome complete genome		streptococcus_mitis	GCF_000722765.2
data/unzipped_genomes/streptococcus_mitis/ncbi_dataset/data/GCF_000722765.2/GCF_000722765.2_ASM72276v2_genomic.fna	NZ_CP028415.1	1808175	1809853	-	gi|194172857:125050-126729	2-1680/1680	===============	0/0	99.94	94.16	victors	gi|194172857:125050-126729	Streptococcus pneumoniae TIGR4 chromosome complete genome		streptococcus_mitis	GCF_000722765.2
data/unzipped_genomes/streptococcus_mitis/ncbi_dataset/data/GCF_000722765.2/GCF_000722765.2_ASM72276v2_genomic.fna	NZ_CP028415.1	1828774	1829100	-	gi|194172857:101779-102105	1-327/327	===============	0/0	100.0	97.25	victors	gi|194172857:101779-102105	Streptococcus pneumoniae TIGR4 chromosome complete genome		streptococcus_mitis	GCF_000722765.2
data/unzipped_genomes/streptococcus_mitis/ncbi_dataset/data/GCF_000722765.2/GCF_000722765.2_ASM72276v2_genomic.fna	NZ_CP028415.1	1833063	1834049	-	gi|194172857:96869-97855	1-987/987	===============	0/0	100.0	97.16	victors	gi|194172857:96869-97855	Streptococcus pneumoniae TIGR4 chromosome complete genome		streptococcus_mitis	GCF_000722765.2
data/unzipped_genomes/streptococcus_mitis/ncbi_dataset/data/GCF_000722765.2/GCF_000722765.2_ASM72276v2_genomic.fna	NZ_CP028415.1	1835463	1836940	-	gi|194172857:95122-96597	1-1475/1476	========/======	2/9	99.73	92.03	victors	gi|194172857:95122-96597	Streptococcus pneumoniae TIGR4 chromosome complete genome		streptococcus_mitis	GCF_000722765.2
data/unzipped_genomes/streptococcus_mitis/ncbi_dataset/data/GCF_000722765.2/GCF_000722765.2_ASM72276v2_genomic.fna	NZ_CP028415.1	1840989	1841858	+	gi|194172857:2052445-2053314	1-870/870	===============	0/0	100.0	92.76	victors	gi|194172857:2052445-2053314	Streptococcus pneumoniae TIGR4 chromosome complete genome		streptococcus_mitis	GCF_000722765.2
data/unzipped_genomes/streptococcus_mitis/ncbi_dataset/data/GCF_000722765.2/GCF_000722765.2_ASM72276v2_genomic.fna	NZ_CP028415.1	1841942	1844601	+	gi|194172857:2053397-2056057	1-2661/2661	========/======	1/1	99.96	93.57	victors	gi|194172857:2053397-2056057	Streptococcus pneumoniae TIGR4 chromosome complete genome		streptococcus_mitis	GCF_000722765.2
data/unzipped_genomes/streptococcus_mitis/ncbi_dataset/data/GCF_000722765.2/GCF_000722765.2_ASM72276v2_genomic.fna	NZ_CP028415.1	1846248	1848332	+	gi|194172857:2057585-2059669	1-2085/2085	===============	0/0	100.0	91.56	victors	gi|194172857:2057585-2059669	Streptococcus pneumoniae TIGR4 chromosome complete genome		streptococcus_mitis	GCF_000722765.2
data/unzipped_genomes/streptococcus_mitis/ncbi_dataset/data/GCF_000722765.2/GCF_000722765.2_ASM72276v2_genomic.fna	NZ_CP028415.1	1848378	1850056	+	gi|194172857:2059709-2061388	1-1678/1680	========/======	3/3	99.82	87.32	victors	gi|194172857:2059709-2061388	Streptococcus pneumoniae TIGR4 chromosome complete genome		streptococcus_mitis	GCF_000722765.2
data/unzipped_genomes/streptococcus_mitis/ncbi_dataset/data/GCF_000722765.2/GCF_000722765.2_ASM72276v2_genomic.fna	NZ_CP028415.1	1857830	1858636	+	gi|194172857:2088331-2089137	1-807/807	===============	0/0	100.0	93.31	victors	gi|194172857:2088331-2089137	Streptococcus pneumoniae TIGR4 chromosome complete genome		streptococcus_mitis	GCF_000722765.2
data/unzipped_genomes/streptococcus_mitis/ncbi_dataset/data/GCF_000722765.2/GCF_000722765.2_ASM72276v2_genomic.fna	NZ_CP028415.1	1872254	1873495	+	gi|194172857:2091943-2093184	1-1242/1242	===============	0/0	100.0	92.75	victors	gi|194172857:2091943-2093184	Streptococcus pneumoniae TIGR4 chromosome complete genome		streptococcus_mitis	GCF_000722765.2
data/unzipped_genomes/streptococcus_mitis/ncbi_dataset/data/GCF_000722765.2/GCF_000722765.2_ASM72276v2_genomic.fna	NZ_CP028415.1	1873495	1875045	+	gi|194172857:2093184-2094734	1-1551/1551	===============	0/0	100.0	94.0	victors	gi|194172857:2093184-2094734	Streptococcus pneumoniae TIGR4 chromosome complete genome		streptococcus_mitis	GCF_000722765.2
data/unzipped_genomes/streptococcus_mitis/ncbi_dataset/data/GCF_000722765.2/GCF_000722765.2_ASM72276v2_genomic.fna	NZ_CP028415.1	1912238	1913155	+	gi|194172857:2130641-2131561	1-918/921	===============	0/0	99.67	95.1	victors	gi|194172857:2130641-2131561	Streptococcus pneumoniae TIGR4 chromosome complete genome		streptococcus_mitis	GCF_000722765.2
data/unzipped_genomes/streptococcus_mitis/ncbi_dataset/data/GCF_000722765.2/GCF_000722765.2_ASM72276v2_genomic.fna	NZ_CP028415.1	1930730	1933273	+	gi|194172857:2150516-2153068	1-2553/2553	========/======	1/9	99.65	93.61	victors	gi|194172857:2150516-2153068	Streptococcus pneumoniae TIGR4 chromosome complete genome		streptococcus_mitis	GCF_000722765.2
data/unzipped_genomes/streptococcus_mitis/ncbi_dataset/data/GCF_000722765.2/GCF_000722765.2_ASM72276v2_genomic.fna	NZ_CP028415.1	1937607	1938899	+	gi|194172857:2156413-2157738	1-1293/1326	===============	0/0	97.51	93.73	victors	gi|194172857:2156413-2157738	Streptococcus pneumoniae TIGR4 chromosome complete genome		streptococcus_mitis	GCF_000722765.2
data/unzipped_genomes/streptococcus_mitis/ncbi_dataset/data/GCF_000722765.2/GCF_000722765.2_ASM72276v2_genomic.fna	NZ_CP028415.1	1940012	1941196	+	gi|194172857:2158828-2160009	1-1182/1182	========/======	1/3	100.0	93.92	victors	gi|194172857:2158828-2160009	Streptococcus pneumoniae TIGR4 chromosome complete genome		streptococcus_mitis	GCF_000722765.2
data/unzipped_genomes/streptococcus_mitis/ncbi_dataset/data/GCF_001281025.1/GCF_001281025.1_ASM128102v1_genomic.fna	NZ_CP012646.1	9270	10877	-	gi|194172857:470730-472337	1-1608/1608	===============	0/0	100.0	95.09	victors	gi|194172857:470730-472337	Streptococcus pneumoniae TIGR4 chromosome complete genome		streptococcus_mitis	GCF_001281025.1
data/unzipped_genomes/streptococcus_mitis/ncbi_dataset/data/GCF_001281025.1/GCF_001281025.1_ASM128102v1_genomic.fna	NZ_CP012646.1	50426	52759	-	gi|194172857:491795-494128	1-2334/2334	===============	0/0	100.0	98.07	victors	gi|194172857:491795-494128	Streptococcus pneumoniae TIGR4 chromosome complete genome		streptococcus_mitis	GCF_001281025.1
data/unzipped_genomes/streptococcus_mitis/ncbi_dataset/data/GCF_001281025.1/GCF_001281025.1_ASM128102v1_genomic.fna	NZ_CP012646.1	58812	60157	-	gi|116515308:456040-457386	2-1347/1347	===============	0/0	99.93	95.25	victors	gi|116515308:456040-457386	Streptococcus pneumoniae D39 complete genome		streptococcus_mitis	GCF_001281025.1
data/unzipped_genomes/streptococcus_mitis/ncbi_dataset/data/GCF_001281025.1/GCF_001281025.1_ASM128102v1_genomic.fna	NZ_CP012646.1	63342	67840	-	gi|194172857:476528-481507	1-4508/4980	========/=====.	1/9	90.34	92.41	victors	gi|194172857:476528-481507	Streptococcus pneumoniae TIGR4 chromosome complete genome		streptococcus_mitis	GCF_001281025.1
data/unzipped_genomes/streptococcus_mitis/ncbi_dataset/data/GCF_001281025.1/GCF_001281025.1_ASM128102v1_genomic.fna	NZ_CP012646.1	72675	73644	+	gi|194172857:1774496-1775470	2-971/975	===============	0/0	99.49	92.99	victors	gi|194172857:1774496-1775470	Streptococcus pneumoniae TIGR4 chromosome complete genome		streptococcus_mitis	GCF_001281025.1
data/unzipped_genomes/streptococcus_mitis/ncbi_dataset/data/GCF_001281025.1/GCF_001281025.1_ASM128102v1_genomic.fna	NZ_CP012646.1	81410	81931	+	gi|194172857:1781907-1782428	1-522/522	===============	0/0	100.0	94.25	victors	gi|194172857:1781907-1782428	Streptococcus pneumoniae TIGR4 chromosome complete genome		streptococcus_mitis	GCF_001281025.1
data/unzipped_genomes/streptococcus_mitis/ncbi_dataset/data/GCF_001281025.1/GCF_001281025.1_ASM128102v1_genomic.fna	NZ_CP012646.1	90080	91006	+	gi|194172857:1793112-1794038	1-927/927	===============	0/0	100.0	96.66	victors	gi|194172857:1793112-1794038	Streptococcus pneumoniae TIGR4 chromosome complete genome		streptococcus_mitis	GCF_001281025.1
data/unzipped_genomes/streptococcus_mitis/ncbi_dataset/data/GCF_001281025.1/GCF_001281025.1_ASM128102v1_genomic.fna	NZ_CP012646.1	91006	92502	+	gi|194172857:1794038-1795534	1-1497/1497	===============	0/0	100.0	91.38	victors	gi|194172857:1794038-1795534	Streptococcus pneumoniae TIGR4 chromosome complete genome		streptococcus_mitis	GCF_001281025.1
data/unzipped_genomes/streptococcus_mitis/ncbi_dataset/data/GCF_001281025.1/GCF_001281025.1_ASM128102v1_genomic.fna	NZ_CP012646.1	96574	97393	+	gi|194172857:1872209-1873033	1-820/825	===============	0/0	99.39	93.17	victors	gi|194172857:1872209-1873033	Streptococcus pneumoniae TIGR4 chromosome complete genome		streptococcus_mitis	GCF_001281025.1
data/unzipped_genomes/streptococcus_mitis/ncbi_dataset/data/GCF_001281025.1/GCF_001281025.1_ASM128102v1_genomic.fna	NZ_CP012646.1	101316	102308	+	gi|194172857:1876951-1877943	1-993/993	===============	0/0	100.0	92.14	victors	gi|194172857:1876951-1877943	Streptococcus pneumoniae TIGR4 chromosome complete genome		streptococcus_mitis	GCF_001281025.1
data/unzipped_genomes/streptococcus_mitis/ncbi_dataset/data/GCF_001281025.1/GCF_001281025.1_ASM128102v1_genomic.fna	NZ_CP012646.1	111024	111816	+	gi|194172857:1880925-1881719	3-795/795	===============	0/0	99.75	95.71	victors	gi|194172857:1880925-1881719	Streptococcus pneumoniae TIGR4 chromosome complete genome		streptococcus_mitis	GCF_001281025.1
data/unzipped_genomes/streptococcus_mitis/ncbi_dataset/data/GCF_001281025.1/GCF_001281025.1_ASM128102v1_genomic.fna	NZ_CP012646.1	134260	135222	+	gi|194172857:1900695-1901657	1-963/963	===============	0/0	100.0	93.56	victors	gi|194172857:1900695-1901657	Streptococcus pneumoniae TIGR4 chromosome complete genome		streptococcus_mitis	GCF_001281025.1
data/unzipped_genomes/streptococcus_mitis/ncbi_dataset/data/GCF_001281025.1/GCF_001281025.1_ASM128102v1_genomic.fna	NZ_CP012646.1	135459	136483	+	gi|15902044:1783326-1784366	1-1025/1041	===============	0/0	98.46	87.81	victors	gi|15902044:1783326-1784366	Streptococcus pneumoniae R6 complete genome		streptococcus_mitis	GCF_001281025.1
data/unzipped_genomes/streptococcus_mitis/ncbi_dataset/data/GCF_001281025.1/GCF_001281025.1_ASM128102v1_genomic.fna	NZ_CP012646.1	148493	149827	-	gi|116515308:259029-260363	1-1335/1335	===============	0/0	100.0	92.81	victors	gi|116515308:259029-260363	Streptococcus pneumoniae D39 complete genome		streptococcus_mitis	GCF_001281025.1
data/unzipped_genomes/streptococcus_mitis/ncbi_dataset/data/GCF_001281025.1/GCF_001281025.1_ASM128102v1_genomic.fna	NZ_CP012646.1	152611	157002	-	gi|194172857:250617-255008	1-4392/4392	===============	0/0	100.0	93.01	victors	gi|194172857:250617-255008	Streptococcus pneumoniae TIGR4 chromosome complete genome		streptococcus_mitis	GCF_001281025.1
data/unzipped_genomes/streptococcus_mitis/ncbi_dataset/data/GCF_001281025.1/GCF_001281025.1_ASM128102v1_genomic.fna	NZ_CP012646.1	162351	163088	+	gi|194172857:1905445-1906182	1-738/738	===============	0/0	100.0	89.57	victors	gi|194172857:1905445-1906182	Streptococcus pneumoniae TIGR4 chromosome complete genome		streptococcus_mitis	GCF_001281025.1
data/unzipped_genomes/streptococcus_mitis/ncbi_dataset/data/GCF_001281025.1/GCF_001281025.1_ASM128102v1_genomic.fna	NZ_CP012646.1	186601	187142	+	gi|194172857:1944881-1945504	83-624/624	.==============	0/0	86.86	85.98	victors	gi|194172857:1944881-1945504	Streptococcus pneumoniae TIGR4 chromosome complete genome		streptococcus_mitis	GCF_001281025.1
data/unzipped_genomes/streptococcus_mitis/ncbi_dataset/data/GCF_001281025.1/GCF_001281025.1_ASM128102v1_genomic.fna	NZ_CP012646.1	194196	195068	+	gi|194172857:1952670-1953542	1-873/873	===============	0/0	100.0	92.21	victors	gi|194172857:1952670-1953542	Streptococcus pneumoniae TIGR4 chromosome complete genome		streptococcus_mitis	GCF_001281025.1
data/unzipped_genomes/streptococcus_mitis/ncbi_dataset/data/GCF_001281025.1/GCF_001281025.1_ASM128102v1_genomic.fna	NZ_CP012646.1	203280	203924	+	gi|194172857:1961764-1962408	1-645/645	===============	0/0	100.0	93.18	victors	gi|194172857:1961764-1962408	Streptococcus pneumoniae TIGR4 chromosome complete genome		streptococcus_mitis	GCF_001281025.1
data/unzipped_genomes/streptococcus_mitis/ncbi_dataset/data/GCF_001281025.1/GCF_001281025.1_ASM128102v1_genomic.fna	NZ_CP012646.1	225893	228427	+	gi|194172857:1984956-1987489	1-2534/2534	========/======	1/1	100.0	93.61	victors	gi|194172857:1984956-1987489	Streptococcus pneumoniae TIGR4 chromosome complete genome		streptococcus_mitis	GCF_001281025.1
data/unzipped_genomes/streptococcus_mitis/ncbi_dataset/data/GCF_001281025.1/GCF_001281025.1_ASM128102v1_genomic.fna	NZ_CP012646.1	235144	235683	+	gi|194172857:2003047-2003586	1-540/540	===============	0/0	100.0	93.7	victors	gi|194172857:2003047-2003586	Streptococcus pneumoniae TIGR4 chromosome complete genome		streptococcus_mitis	GCF_001281025.1
data/unzipped_genomes/streptococcus_mitis/ncbi_dataset/data/GCF_001281025.1/GCF_001281025.1_ASM128102v1_genomic.fna	NZ_CP012646.1	237820	238731	+	gi|194172857:2005724-2006635	1-912/912	===============	0/0	100.0	92.43	victors	gi|194172857:2005724-2006635	Streptococcus pneumoniae TIGR4 chromosome complete genome		streptococcus_mitis	GCF_001281025.1
data/unzipped_genomes/streptococcus_mitis/ncbi_dataset/data/GCF_001281025.1/GCF_001281025.1_ASM128102v1_genomic.fna	NZ_CP012646.1	242758	244810	+	gi|194172857:2010641-2012704	12-2064/2064	===============	0/0	99.47	97.13	victors	gi|194172857:2010641-2012704	Streptococcus pneumoniae TIGR4 chromosome complete genome		streptococcus_mitis	GCF_001281025.1
data/unzipped_genomes/streptococcus_mitis/ncbi_dataset/data/GCF_001281025.1/GCF_001281025.1_ASM128102v1_genomic.fna	NZ_CP012646.1	251032	252303	+	gi|194172857:2020749-2022020	1-1272/1272	========/======	2/2	99.92	91.44	victors	gi|194172857:2020749-2022020	Streptococcus pneumoniae TIGR4 chromosome complete genome		streptococcus_mitis	GCF_001281025.1
data/unzipped_genomes/streptococcus_mitis/ncbi_dataset/data/GCF_001281025.1/GCF_001281025.1_ASM128102v1_genomic.fna	NZ_CP012646.1	300989	301802	-	gi|194172857:68134-68949	1-814/816	===============	0/0	99.75	94.35	victors	gi|194172857:68134-68949	Streptococcus pneumoniae TIGR4 chromosome complete genome		streptococcus_mitis	GCF_001281025.1
data/unzipped_genomes/streptococcus_mitis/ncbi_dataset/data/GCF_001281025.1/GCF_001281025.1_ASM128102v1_genomic.fna	NZ_CP012646.1	306233	307525	-	gi|116515308:59174-60472	1-1293/1299	===============	0/0	99.54	91.65	victors	gi|116515308:59174-60472	Streptococcus pneumoniae D39 complete genome		streptococcus_mitis	GCF_001281025.1
data/unzipped_genomes/streptococcus_mitis/ncbi_dataset/data/GCF_001281025.1/GCF_001281025.1_ASM128102v1_genomic.fna	NZ_CP012646.1	312687	314234	-	gi|194172857:53070-54617	1-1548/1548	===============	0/0	100.0	91.6	victors	gi|194172857:53070-54617	Streptococcus pneumoniae TIGR4 chromosome complete genome		streptococcus_mitis	GCF_001281025.1
data/unzipped_genomes/streptococcus_mitis/ncbi_dataset/data/GCF_001281025.1/GCF_001281025.1_ASM128102v1_genomic.fna	NZ_CP012646.1	315150	315669	-	gi|116515308:52811-53356	1-520/546	===============	0/0	95.24	88.85	victors	gi|116515308:52811-53356	Streptococcus pneumoniae D39 complete genome		streptococcus_mitis	GCF_001281025.1
data/unzipped_genomes/streptococcus_mitis/ncbi_dataset/data/GCF_001281025.1/GCF_001281025.1_ASM128102v1_genomic.fna	NZ_CP012646.1	318268	321993	-	gi|194396645:44071-47796	1-3726/3726	===============	0/0	100.0	91.3	victors	gi|194396645:44071-47796	Streptococcus pneumoniae G54 chromosome complete genome		streptococcus_mitis	GCF_001281025.1
data/unzipped_genomes/streptococcus_mitis/ncbi_dataset/data/GCF_001281025.1/GCF_001281025.1_ASM128102v1_genomic.fna	NZ_CP012646.1	354936	356327	-	gi|194172857:25916-27307	1-1392/1392	===============	0/0	100.0	93.25	victors	gi|194172857:25916-27307	Streptococcus pneumoniae TIGR4 chromosome complete genome		streptococcus_mitis	GCF_001281025.1
data/unzipped_genomes/streptococcus_mitis/ncbi_dataset/data/GCF_001281025.1/GCF_001281025.1_ASM128102v1_genomic.fna	NZ_CP012646.1	381390	382571	-	gi|194172857:2158828-2160009	1-1182/1182	===============	0/0	100.0	93.49	victors	gi|194172857:2158828-2160009	Streptococcus pneumoniae TIGR4 chromosome complete genome		streptococcus_mitis	GCF_001281025.1
data/unzipped_genomes/streptococcus_mitis/ncbi_dataset/data/GCF_001281025.1/GCF_001281025.1_ASM128102v1_genomic.fna	NZ_CP012646.1	383684	384976	-	gi|194172857:2156413-2157738	1-1293/1326	===============	0/0	97.51	94.66	victors	gi|194172857:2156413-2157738	Streptococcus pneumoniae TIGR4 chromosome complete genome		streptococcus_mitis	GCF_001281025.1
data/unzipped_genomes/streptococcus_mitis/ncbi_dataset/data/GCF_001281025.1/GCF_001281025.1_ASM128102v1_genomic.fna	NZ_CP012646.1	389306	391849	-	gi|194172857:2150516-2153068	1-2553/2553	========/======	1/9	99.65	93.5	victors	gi|194172857:2150516-2153068	Streptococcus pneumoniae TIGR4 chromosome complete genome		streptococcus_mitis	GCF_001281025.1
data/unzipped_genomes/streptococcus_mitis/ncbi_dataset/data/GCF_001281025.1/GCF_001281025.1_ASM128102v1_genomic.fna	NZ_CP012646.1	409361	410278	-	gi|194172857:2130641-2131561	1-918/921	===============	0/0	99.67	95.86	victors	gi|194172857:2130641-2131561	Streptococcus pneumoniae TIGR4 chromosome complete genome		streptococcus_mitis	GCF_001281025.1
data/unzipped_genomes/streptococcus_mitis/ncbi_dataset/data/GCF_001281025.1/GCF_001281025.1_ASM128102v1_genomic.fna	NZ_CP012646.1	446916	448466	-	gi|194172857:2093184-2094734	1-1551/1551	===============	0/0	100.0	93.17	victors	gi|194172857:2093184-2094734	Streptococcus pneumoniae TIGR4 chromosome complete genome		streptococcus_mitis	GCF_001281025.1
data/unzipped_genomes/streptococcus_mitis/ncbi_dataset/data/GCF_001281025.1/GCF_001281025.1_ASM128102v1_genomic.fna	NZ_CP012646.1	448466	449707	-	gi|194172857:2091943-2093184	1-1242/1242	===============	0/0	100.0	93.16	victors	gi|194172857:2091943-2093184	Streptococcus pneumoniae TIGR4 chromosome complete genome		streptococcus_mitis	GCF_001281025.1
data/unzipped_genomes/streptococcus_mitis/ncbi_dataset/data/GCF_001281025.1/GCF_001281025.1_ASM128102v1_genomic.fna	NZ_CP012646.1	452510	453316	-	gi|194172857:2088331-2089137	1-807/807	===============	0/0	100.0	94.3	victors	gi|194172857:2088331-2089137	Streptococcus pneumoniae TIGR4 chromosome complete genome		streptococcus_mitis	GCF_001281025.1
data/unzipped_genomes/streptococcus_mitis/ncbi_dataset/data/GCF_001281025.1/GCF_001281025.1_ASM128102v1_genomic.fna	NZ_CP012646.1	461280	462958	-	gi|194172857:2059709-2061388	1-1678/1680	========/======	1/1	99.88	87.79	victors	gi|194172857:2059709-2061388	Streptococcus pneumoniae TIGR4 chromosome complete genome		streptococcus_mitis	GCF_001281025.1
data/unzipped_genomes/streptococcus_mitis/ncbi_dataset/data/GCF_001281025.1/GCF_001281025.1_ASM128102v1_genomic.fna	NZ_CP012646.1	463004	465088	-	gi|194172857:2057585-2059669	1-2085/2085	========/======	2/2	99.95	91.37	victors	gi|194172857:2057585-2059669	Streptococcus pneumoniae TIGR4 chromosome complete genome		streptococcus_mitis	GCF_001281025.1
data/unzipped_genomes/streptococcus_mitis/ncbi_dataset/data/GCF_001281025.1/GCF_001281025.1_ASM128102v1_genomic.fna	NZ_CP012646.1	466623	469283	-	gi|194172857:2053397-2056057	1-2661/2661	===============	0/0	100.0	93.46	victors	gi|194172857:2053397-2056057	Streptococcus pneumoniae TIGR4 chromosome complete genome		streptococcus_mitis	GCF_001281025.1
data/unzipped_genomes/streptococcus_mitis/ncbi_dataset/data/GCF_001281025.1/GCF_001281025.1_ASM128102v1_genomic.fna	NZ_CP012646.1	469367	470236	-	gi|194172857:2052445-2053314	1-870/870	===============	0/0	100.0	92.18	victors	gi|194172857:2052445-2053314	Streptococcus pneumoniae TIGR4 chromosome complete genome		streptococcus_mitis	GCF_001281025.1
data/unzipped_genomes/streptococcus_mitis/ncbi_dataset/data/GCF_001281025.1/GCF_001281025.1_ASM128102v1_genomic.fna	NZ_CP012646.1	474287	475764	+	gi|194172857:95122-96597	1-1475/1476	========/======	2/9	99.73	91.76	victors	gi|194172857:95122-96597	Streptococcus pneumoniae TIGR4 chromosome complete genome		streptococcus_mitis	GCF_001281025.1
data/unzipped_genomes/streptococcus_mitis/ncbi_dataset/data/GCF_001281025.1/GCF_001281025.1_ASM128102v1_genomic.fna	NZ_CP012646.1	477186	478172	+	gi|194172857:96869-97855	1-987/987	===============	0/0	100.0	95.95	victors	gi|194172857:96869-97855	Streptococcus pneumoniae TIGR4 chromosome complete genome		streptococcus_mitis	GCF_001281025.1
data/unzipped_genomes/streptococcus_mitis/ncbi_dataset/data/GCF_001281025.1/GCF_001281025.1_ASM128102v1_genomic.fna	NZ_CP012646.1	481945	482271	+	gi|194172857:101779-102105	1-327/327	===============	0/0	100.0	97.55	victors	gi|194172857:101779-102105	Streptococcus pneumoniae TIGR4 chromosome complete genome		streptococcus_mitis	GCF_001281025.1
data/unzipped_genomes/streptococcus_mitis/ncbi_dataset/data/GCF_001281025.1/GCF_001281025.1_ASM128102v1_genomic.fna	NZ_CP012646.1	499378	501057	+	gi|194172857:125050-126729	1-1680/1680	===============	0/0	100.0	95.24	victors	gi|194172857:125050-126729	Streptococcus pneumoniae TIGR4 chromosome complete genome		streptococcus_mitis	GCF_001281025.1
data/unzipped_genomes/streptococcus_mitis/ncbi_dataset/data/GCF_001281025.1/GCF_001281025.1_ASM128102v1_genomic.fna	NZ_CP012646.1	503302	503739	+	gi|194172857:128979-129416	1-438/438	===============	0/0	100.0	91.78	victors	gi|194172857:128979-129416	Streptococcus pneumoniae TIGR4 chromosome complete genome		streptococcus_mitis	GCF_001281025.1
data/unzipped_genomes/streptococcus_mitis/ncbi_dataset/data/GCF_001281025.1/GCF_001281025.1_ASM128102v1_genomic.fna	NZ_CP012646.1	504843	505706	+	gi|194172857:139838-140701	1-864/864	===============	0/0	100.0	88.08	victors	gi|194172857:139838-140701	Streptococcus pneumoniae TIGR4 chromosome complete genome		streptococcus_mitis	GCF_001281025.1
data/unzipped_genomes/streptococcus_mitis/ncbi_dataset/data/GCF_001281025.1/GCF_001281025.1_ASM128102v1_genomic.fna	NZ_CP012646.1	506343	507569	+	gi|194172857:142668-143894	1-1227/1227	===============	0/0	100.0	92.91	victors	gi|194172857:142668-143894	Streptococcus pneumoniae TIGR4 chromosome complete genome		streptococcus_mitis	GCF_001281025.1
data/unzipped_genomes/streptococcus_mitis/ncbi_dataset/data/GCF_001281025.1/GCF_001281025.1_ASM128102v1_genomic.fna	NZ_CP012646.1	509131	509787	+	gi|194172857:144439-145095	1-657/657	===============	0/0	100.0	92.69	victors	gi|194172857:144439-145095	Streptococcus pneumoniae TIGR4 chromosome complete genome		streptococcus_mitis	GCF_001281025.1
data/unzipped_genomes/streptococcus_mitis/ncbi_dataset/data/GCF_001281025.1/GCF_001281025.1_ASM128102v1_genomic.fna	NZ_CP012646.1	512248	513621	+	gi|194172857:147450-148823	1-1374/1374	===============	0/0	100.0	91.7	victors	gi|194172857:147450-148823	Streptococcus pneumoniae TIGR4 chromosome complete genome		streptococcus_mitis	GCF_001281025.1
data/unzipped_genomes/streptococcus_mitis/ncbi_dataset/data/GCF_001281025.1/GCF_001281025.1_ASM128102v1_genomic.fna	NZ_CP012646.1	518377	519663	+	gi|194172857:153579-154865	1-1287/1287	===============	0/0	100.0	93.71	victors	gi|194172857:153579-154865	Streptococcus pneumoniae TIGR4 chromosome complete genome		streptococcus_mitis	GCF_001281025.1
data/unzipped_genomes/streptococcus_mitis/ncbi_dataset/data/GCF_001281025.1/GCF_001281025.1_ASM128102v1_genomic.fna	NZ_CP012646.1	519667	520257	+	gi|194172857:154869-155450	1-582/582	========/======	3/11	99.83	90.03	victors	gi|194172857:154869-155450	Streptococcus pneumoniae TIGR4 chromosome complete genome		streptococcus_mitis	GCF_001281025.1
data/unzipped_genomes/streptococcus_mitis/ncbi_dataset/data/GCF_001281025.1/GCF_001281025.1_ASM128102v1_genomic.fna	NZ_CP012646.1	520848	521304	+	gi|194172857:157863-158321	3-459/459	===============	0/0	99.56	88.84	victors	gi|194172857:157863-158321	Streptococcus pneumoniae TIGR4 chromosome complete genome		streptococcus_mitis	GCF_001281025.1
data/unzipped_genomes/streptococcus_mitis/ncbi_dataset/data/GCF_001281025.1/GCF_001281025.1_ASM128102v1_genomic.fna	NZ_CP012646.1	566024	566716	+	gi|194172857:209956-210648	1-693/693	===============	0/0	100.0	92.64	victors	gi|194172857:209956-210648	Streptococcus pneumoniae TIGR4 chromosome complete genome		streptococcus_mitis	GCF_001281025.1
data/unzipped_genomes/streptococcus_mitis/ncbi_dataset/data/GCF_001281025.1/GCF_001281025.1_ASM128102v1_genomic.fna	NZ_CP012646.1	568467	569558	+	gi|194172857:212386-213477	1-1092/1092	===============	0/0	100.0	94.5	victors	gi|194172857:212386-213477	Streptococcus pneumoniae TIGR4 chromosome complete genome		streptococcus_mitis	GCF_001281025.1
data/unzipped_genomes/streptococcus_mitis/ncbi_dataset/data/GCF_001281025.1/GCF_001281025.1_ASM128102v1_genomic.fna	NZ_CP012646.1	570930	573431	+	gi|194172857:224751-227252	1-2502/2502	===============	0/0	100.0	94.36	victors	gi|194172857:224751-227252	Streptococcus pneumoniae TIGR4 chromosome complete genome		streptococcus_mitis	GCF_001281025.1
data/unzipped_genomes/streptococcus_mitis/ncbi_dataset/data/GCF_001281025.1/GCF_001281025.1_ASM128102v1_genomic.fna	NZ_CP012646.1	587514	588893	+	gi|194172857:238197-239576	1-1380/1380	===============	0/0	100.0	93.99	victors	gi|194172857:238197-239576	Streptococcus pneumoniae TIGR4 chromosome complete genome		streptococcus_mitis	GCF_001281025.1
data/unzipped_genomes/streptococcus_mitis/ncbi_dataset/data/GCF_001281025.1/GCF_001281025.1_ASM128102v1_genomic.fna	NZ_CP012646.1	591130	592177	+	gi|194172857:241696-242745	3-1050/1050	===============	0/0	99.81	91.7	victors	gi|194172857:241696-242745	Streptococcus pneumoniae TIGR4 chromosome complete genome		streptococcus_mitis	GCF_001281025.1
data/unzipped_genomes/streptococcus_mitis/ncbi_dataset/data/GCF_001281025.1/GCF_001281025.1_ASM128102v1_genomic.fna	NZ_CP012646.1	597810	601706	+	gi|194172857:242845-246687	1-3843/3843	========/======	6/54	100.0	91.43	victors	gi|194172857:242845-246687	Streptococcus pneumoniae TIGR4 chromosome complete genome		streptococcus_mitis	GCF_001281025.1
data/unzipped_genomes/streptococcus_mitis/ncbi_dataset/data/GCF_001281025.1/GCF_001281025.1_ASM128102v1_genomic.fna	NZ_CP012646.1	613121	614377	-	gi|194172857:1844633-1845889	1-1257/1257	===============	0/0	100.0	92.76	victors	gi|194172857:1844633-1845889	Streptococcus pneumoniae TIGR4 chromosome complete genome		streptococcus_mitis	GCF_001281025.1
data/unzipped_genomes/streptococcus_mitis/ncbi_dataset/data/GCF_001281025.1/GCF_001281025.1_ASM128102v1_genomic.fna	NZ_CP012646.1	615713	617082	-	gi|194172857:1841736-1843106	2-1371/1371	===============	0/0	99.93	90.36	victors	gi|194172857:1841736-1843106	Streptococcus pneumoniae TIGR4 chromosome complete genome		streptococcus_mitis	GCF_001281025.1
data/unzipped_genomes/streptococcus_mitis/ncbi_dataset/data/GCF_001281025.1/GCF_001281025.1_ASM128102v1_genomic.fna	NZ_CP012646.1	626560	628260	+	gi|194172857:417448-419148	1-1701/1701	===============	0/0	100.0	94.71	victors	gi|194172857:417448-419148	Streptococcus pneumoniae TIGR4 chromosome complete genome		streptococcus_mitis	GCF_001281025.1
data/unzipped_genomes/streptococcus_mitis/ncbi_dataset/data/GCF_001281025.1/GCF_001281025.1_ASM128102v1_genomic.fna	NZ_CP012646.1	634867	636759	+	gi|194172857:426441-428333	1-1893/1893	===============	0/0	100.0	93.98	victors	gi|194172857:426441-428333	Streptococcus pneumoniae TIGR4 chromosome complete genome		streptococcus_mitis	GCF_001281025.1
data/unzipped_genomes/streptococcus_mitis/ncbi_dataset/data/GCF_001281025.1/GCF_001281025.1_ASM128102v1_genomic.fna	NZ_CP012646.1	636820	637665	+	gi|116515308:417194-418039	1-846/846	===============	0/0	100.0	93.14	victors	gi|116515308:417194-418039	Streptococcus pneumoniae D39 complete genome		streptococcus_mitis	GCF_001281025.1
data/unzipped_genomes/streptococcus_mitis/ncbi_dataset/data/GCF_001281025.1/GCF_001281025.1_ASM128102v1_genomic.fna	NZ_CP012646.1	642350	643789	+	gi|194172857:459147-460586	1-1440/1440	===============	0/0	100.0	92.5	victors	gi|194172857:459147-460586	Streptococcus pneumoniae TIGR4 chromosome complete genome		streptococcus_mitis	GCF_001281025.1
data/unzipped_genomes/streptococcus_mitis/ncbi_dataset/data/GCF_001281025.1/GCF_001281025.1_ASM128102v1_genomic.fna	NZ_CP012646.1	653246	653568	+	gi|194172857:469302-469625	2-324/324	===============	0/0	99.69	97.52	victors	gi|194172857:469302-469625	Streptococcus pneumoniae TIGR4 chromosome complete genome		streptococcus_mitis	GCF_001281025.1
data/unzipped_genomes/streptococcus_mitis/ncbi_dataset/data/GCF_001281025.1/GCF_001281025.1_ASM128102v1_genomic.fna	NZ_CP012646.1	658113	659006	-	gi|194172857:1620920-1621813	1-894/894	===============	0/0	100.0	93.96	victors	gi|194172857:1620920-1621813	Streptococcus pneumoniae TIGR4 chromosome complete genome		streptococcus_mitis	GCF_001281025.1
data/unzipped_genomes/streptococcus_mitis/ncbi_dataset/data/GCF_001281025.1/GCF_001281025.1_ASM128102v1_genomic.fna	NZ_CP012646.1	685171	687210	+	gi|194172857:284522-286561	1-2040/2040	===============	0/0	100.0	95.88	victors	gi|194172857:284522-286561	Streptococcus pneumoniae TIGR4 chromosome complete genome		streptococcus_mitis	GCF_001281025.1
data/unzipped_genomes/streptococcus_mitis/ncbi_dataset/data/GCF_001281025.1/GCF_001281025.1_ASM128102v1_genomic.fna	NZ_CP012646.1	692593	693135	+	gi|194172857:304678-305220	1-543/543	===============	0/0	100.0	96.69	victors	gi|194172857:304678-305220	Streptococcus pneumoniae TIGR4 chromosome complete genome		streptococcus_mitis	GCF_001281025.1
data/unzipped_genomes/streptococcus_mitis/ncbi_dataset/data/GCF_001281025.1/GCF_001281025.1_ASM128102v1_genomic.fna	NZ_CP012646.1	698367	700468	+	gi|194172857:310722-312827	1-2102/2106	========/======	2/2	99.76	89.44	victors	gi|194172857:310722-312827	Streptococcus pneumoniae TIGR4 chromosome complete genome		streptococcus_mitis	GCF_001281025.1
data/unzipped_genomes/streptococcus_mitis/ncbi_dataset/data/GCF_001281025.1/GCF_001281025.1_ASM128102v1_genomic.fna	NZ_CP012646.1	700536	701018	+	gi|225860012:351195-351677	1-483/483	===============	0/0	100.0	95.65	victors	gi|225860012:351195-351677	Streptococcus pneumoniae Taiwan19F-14 complete genome		streptococcus_mitis	GCF_001281025.1
data/unzipped_genomes/streptococcus_mitis/ncbi_dataset/data/GCF_001281025.1/GCF_001281025.1_ASM128102v1_genomic.fna	NZ_CP012646.1	722294	722983	+	gi|194396645:336110-336799	1-690/690	===============	0/0	100.0	87.25	victors	gi|194396645:336110-336799	Streptococcus pneumoniae G54 chromosome complete genome		streptococcus_mitis	GCF_001281025.1
data/unzipped_genomes/streptococcus_mitis/ncbi_dataset/data/GCF_001281025.1/GCF_001281025.1_ASM128102v1_genomic.fna	NZ_CP012646.1	728106	728804	+	gi|194172857:365195-365893	1-699/699	===============	0/0	100.0	94.56	victors	gi|194172857:365195-365893	Streptococcus pneumoniae TIGR4 chromosome complete genome		streptococcus_mitis	GCF_001281025.1
data/unzipped_genomes/streptococcus_mitis/ncbi_dataset/data/GCF_001281025.1/GCF_001281025.1_ASM128102v1_genomic.fna	NZ_CP012646.1	816724	817590	+	gi|194172857:556411-557277	1-867/867	===============	0/0	100.0	92.5	victors	gi|194172857:556411-557277	Streptococcus pneumoniae TIGR4 chromosome complete genome		streptococcus_mitis	GCF_001281025.1
data/unzipped_genomes/streptococcus_mitis/ncbi_dataset/data/GCF_001281025.1/GCF_001281025.1_ASM128102v1_genomic.fna	NZ_CP012646.1	824694	825823	-	gi|194172857:1485134-1486264	2-1131/1131	===============	0/0	99.91	95.13	victors	gi|194172857:1485134-1486264	Streptococcus pneumoniae TIGR4 chromosome complete genome		streptococcus_mitis	GCF_001281025.1
data/unzipped_genomes/streptococcus_mitis/ncbi_dataset/data/GCF_001281025.1/GCF_001281025.1_ASM128102v1_genomic.fna	NZ_CP012646.1	827358	828016	+	gi|15902044:532101-532760	2-660/660	===============	0/0	99.85	92.41	victors	gi|15902044:532101-532760	Streptococcus pneumoniae R6 complete genome		streptococcus_mitis	GCF_001281025.1
data/unzipped_genomes/streptococcus_mitis/ncbi_dataset/data/GCF_001281025.1/GCF_001281025.1_ASM128102v1_genomic.fna	NZ_CP012646.1	828026	828703	+	gi|15902044:532770-533447	1-678/678	===============	0/0	100.0	93.81	victors	gi|15902044:532770-533447	Streptococcus pneumoniae R6 complete genome		streptococcus_mitis	GCF_001281025.1
data/unzipped_genomes/streptococcus_mitis/ncbi_dataset/data/GCF_001281025.1/GCF_001281025.1_ASM128102v1_genomic.fna	NZ_CP012646.1	834582	835353	+	gi|194172857:581578-582357	1-772/780	===============	0/0	98.97	92.36	victors	gi|194172857:581578-582357	Streptococcus pneumoniae TIGR4 chromosome complete genome		streptococcus_mitis	GCF_001281025.1
data/unzipped_genomes/streptococcus_mitis/ncbi_dataset/data/GCF_001281025.1/GCF_001281025.1_ASM128102v1_genomic.fna	NZ_CP012646.1	841639	842244	+	gi|194172857:589566-590171	1-606/606	===============	0/0	100.0	91.25	victors	gi|194172857:589566-590171	Streptococcus pneumoniae TIGR4 chromosome complete genome		streptococcus_mitis	GCF_001281025.1
data/unzipped_genomes/streptococcus_mitis/ncbi_dataset/data/GCF_001281025.1/GCF_001281025.1_ASM128102v1_genomic.fna	NZ_CP012646.1	871110	872624	-	gi|182682970:1528036-1529541	1-1506/1506	========/======	1/9	100.0	82.38	victors	gi|182682970:1528036-1529541	Streptococcus pneumoniae CGSP14 complete genome		streptococcus_mitis	GCF_001281025.1
data/unzipped_genomes/streptococcus_mitis/ncbi_dataset/data/GCF_001281025.1/GCF_001281025.1_ASM128102v1_genomic.fna	NZ_CP012646.1	906124	906672	-	gi|221230948:1461838-1462386	1-549/549	===============	0/0	100.0	95.08	victors	gi|221230948:1461838-1462386	Streptococcus pneumoniae ATCC 700669 complete genome		streptococcus_mitis	GCF_001281025.1
data/unzipped_genomes/streptococcus_mitis/ncbi_dataset/data/GCF_001281025.1/GCF_001281025.1_ASM128102v1_genomic.fna	NZ_CP012646.1	921642	923042	-	gi|194172857:1446900-1448300	1-1401/1401	===============	0/0	100.0	94.0	victors	gi|194172857:1446900-1448300	Streptococcus pneumoniae TIGR4 chromosome complete genome		streptococcus_mitis	GCF_001281025.1
data/unzipped_genomes/streptococcus_mitis/ncbi_dataset/data/GCF_001281025.1/GCF_001281025.1_ASM128102v1_genomic.fna	NZ_CP012646.1	928657	930232	-	gi|194172857:1439696-1441285	15-1590/1590	===============	0/0	99.12	90.61	victors	gi|194172857:1439696-1441285	Streptococcus pneumoniae TIGR4 chromosome complete genome		streptococcus_mitis	GCF_001281025.1
data/unzipped_genomes/streptococcus_mitis/ncbi_dataset/data/GCF_001281025.1/GCF_001281025.1_ASM128102v1_genomic.fna	NZ_CP012646.1	956271	957008	+	gi|194172857:631654-632391	1-738/738	===============	0/0	100.0	92.14	victors	gi|194172857:631654-632391	Streptococcus pneumoniae TIGR4 chromosome complete genome		streptococcus_mitis	GCF_001281025.1
data/unzipped_genomes/streptococcus_mitis/ncbi_dataset/data/GCF_001281025.1/GCF_001281025.1_ASM128102v1_genomic.fna	NZ_CP012646.1	958812	959370	+	gi|194172857:634195-634758	2-560/564	========/======	2/2	98.94	87.68	victors	gi|194172857:634195-634758	Streptococcus pneumoniae TIGR4 chromosome complete genome		streptococcus_mitis	GCF_001281025.1
data/unzipped_genomes/streptococcus_mitis/ncbi_dataset/data/GCF_001281025.1/GCF_001281025.1_ASM128102v1_genomic.fna	NZ_CP012646.1	973930	975633	+	gi|194172857:640561-642282	1-1704/1722	===============	0/0	98.95	89.5	victors	gi|194172857:640561-642282	Streptococcus pneumoniae TIGR4 chromosome complete genome		streptococcus_mitis	GCF_001281025.1
data/unzipped_genomes/streptococcus_mitis/ncbi_dataset/data/GCF_001281025.1/GCF_001281025.1_ASM128102v1_genomic.fna	NZ_CP012646.1	995745	997766	+	gi|194172857:656526-658547	1-2022/2022	===============	0/0	100.0	95.55	victors	gi|194172857:656526-658547	Streptococcus pneumoniae TIGR4 chromosome complete genome		streptococcus_mitis	GCF_001281025.1
data/unzipped_genomes/streptococcus_mitis/ncbi_dataset/data/GCF_001281025.1/GCF_001281025.1_ASM128102v1_genomic.fna	NZ_CP012646.1	1000935	1002155	+	gi|194172857:661716-662915	1-1200/1200	========/======	1/21	100.0	87.55	victors	gi|194172857:661716-662915	Streptococcus pneumoniae TIGR4 chromosome complete genome		streptococcus_mitis	GCF_001281025.1
data/unzipped_genomes/streptococcus_mitis/ncbi_dataset/data/GCF_001281025.1/GCF_001281025.1_ASM128102v1_genomic.fna	NZ_CP012646.1	1005605	1006282	+	gi|15902044:631043-631720	1-678/678	===============	0/0	100.0	92.33	victors	gi|15902044:631043-631720	Streptococcus pneumoniae R6 complete genome		streptococcus_mitis	GCF_001281025.1
data/unzipped_genomes/streptococcus_mitis/ncbi_dataset/data/GCF_001281025.1/GCF_001281025.1_ASM128102v1_genomic.fna	NZ_CP012646.1	1006242	1006922	+	gi|15902044:631680-632360	1-681/681	===============	0/0	100.0	92.95	victors	gi|15902044:631680-632360	Streptococcus pneumoniae R6 complete genome		streptococcus_mitis	GCF_001281025.1
data/unzipped_genomes/streptococcus_mitis/ncbi_dataset/data/GCF_001281025.1/GCF_001281025.1_ASM128102v1_genomic.fna	NZ_CP012646.1	1011542	1012102	+	gi|194172857:684999-685559	1-561/561	===============	0/0	100.0	92.87	victors	gi|194172857:684999-685559	Streptococcus pneumoniae TIGR4 chromosome complete genome		streptococcus_mitis	GCF_001281025.1
data/unzipped_genomes/streptococcus_mitis/ncbi_dataset/data/GCF_001281025.1/GCF_001281025.1_ASM128102v1_genomic.fna	NZ_CP012646.1	1012103	1013484	+	gi|194172857:685560-686945	1-1382/1386	===============	0/0	99.71	92.11	victors	gi|194172857:685560-686945	Streptococcus pneumoniae TIGR4 chromosome complete genome		streptococcus_mitis	GCF_001281025.1
data/unzipped_genomes/streptococcus_mitis/ncbi_dataset/data/GCF_001281025.1/GCF_001281025.1_ASM128102v1_genomic.fna	NZ_CP012646.1	1016961	1017751	+	gi|194172857:690467-691258	2-792/792	===============	0/0	99.87	91.66	victors	gi|194172857:690467-691258	Streptococcus pneumoniae TIGR4 chromosome complete genome		streptococcus_mitis	GCF_001281025.1
data/unzipped_genomes/streptococcus_mitis/ncbi_dataset/data/GCF_001281025.1/GCF_001281025.1_ASM128102v1_genomic.fna	NZ_CP012646.1	1018521	1018892	+	gi|194172857:692030-692401	1-372/372	===============	0/0	100.0	93.01	victors	gi|194172857:692030-692401	Streptococcus pneumoniae TIGR4 chromosome complete genome		streptococcus_mitis	GCF_001281025.1
data/unzipped_genomes/streptococcus_mitis/ncbi_dataset/data/GCF_001281025.1/GCF_001281025.1_ASM128102v1_genomic.fna	NZ_CP012646.1	1019163	1021145	+	gi|194172857:692672-694654	1-1983/1983	===============	0/0	100.0	91.28	victors	gi|194172857:692672-694654	Streptococcus pneumoniae TIGR4 chromosome complete genome		streptococcus_mitis	GCF_001281025.1
data/unzipped_genomes/streptococcus_mitis/ncbi_dataset/data/GCF_001281025.1/GCF_001281025.1_ASM128102v1_genomic.fna	NZ_CP012646.1	1021358	1023133	+	gi|225853611:649783-651558	1-1776/1776	===============	0/0	100.0	96.4	victors	gi|225853611:649783-651558	Streptococcus pneumoniae JJA complete genome		streptococcus_mitis	GCF_001281025.1
data/unzipped_genomes/streptococcus_mitis/ncbi_dataset/data/GCF_001281025.1/GCF_001281025.1_ASM128102v1_genomic.fna	NZ_CP012646.1	1033982	1034572	+	gi|194172857:706881-707471	1-591/591	===============	0/0	100.0	95.43	victors	gi|194172857:706881-707471	Streptococcus pneumoniae TIGR4 chromosome complete genome		streptococcus_mitis	GCF_001281025.1
data/unzipped_genomes/streptococcus_mitis/ncbi_dataset/data/GCF_001281025.1/GCF_001281025.1_ASM128102v1_genomic.fna	NZ_CP012646.1	1066748	1068127	-	gi|116515308:1316925-1318304	1-1380/1380	===============	0/0	100.0	95.07	victors	gi|116515308:1316925-1318304	Streptococcus pneumoniae D39 complete genome		streptococcus_mitis	GCF_001281025.1
data/unzipped_genomes/streptococcus_mitis/ncbi_dataset/data/GCF_001281025.1/GCF_001281025.1_ASM128102v1_genomic.fna	NZ_CP012646.1	1083672	1085624	+	gi|194172857:824351-826303	1-1953/1953	===============	0/0	100.0	93.86	victors	gi|194172857:824351-826303	Streptococcus pneumoniae TIGR4 chromosome complete genome		streptococcus_mitis	GCF_001281025.1
data/unzipped_genomes/streptococcus_mitis/ncbi_dataset/data/GCF_001281025.1/GCF_001281025.1_ASM128102v1_genomic.fna	NZ_CP012646.1	1122395	1123093	-	gi|15902044:1337590-1338288	1-699/699	===============	0/0	100.0	89.56	victors	gi|15902044:1337590-1338288	Streptococcus pneumoniae R6 complete genome		streptococcus_mitis	GCF_001281025.1
data/unzipped_genomes/streptococcus_mitis/ncbi_dataset/data/GCF_001281025.1/GCF_001281025.1_ASM128102v1_genomic.fna	NZ_CP012646.1	1151882	1153201	-	gi|194172857:1220465-1221784	1-1320/1320	===============	0/0	100.0	95.3	victors	gi|194172857:1220465-1221784	Streptococcus pneumoniae TIGR4 chromosome complete genome		streptococcus_mitis	GCF_001281025.1
data/unzipped_genomes/streptococcus_mitis/ncbi_dataset/data/GCF_001281025.1/GCF_001281025.1_ASM128102v1_genomic.fna	NZ_CP012646.1	1153370	1154083	-	gi|194172857:1219485-1220198	1-714/714	===============	0/0	100.0	92.16	victors	gi|194172857:1219485-1220198	Streptococcus pneumoniae TIGR4 chromosome complete genome		streptococcus_mitis	GCF_001281025.1
data/unzipped_genomes/streptococcus_mitis/ncbi_dataset/data/GCF_001281025.1/GCF_001281025.1_ASM128102v1_genomic.fna	NZ_CP012646.1	1159938	1160459	-	gi|194172857:1213698-1214219	1-522/522	===============	0/0	100.0	95.59	victors	gi|194172857:1213698-1214219	Streptococcus pneumoniae TIGR4 chromosome complete genome		streptococcus_mitis	GCF_001281025.1
data/unzipped_genomes/streptococcus_mitis/ncbi_dataset/data/GCF_001281025.1/GCF_001281025.1_ASM128102v1_genomic.fna	NZ_CP012646.1	1211116	1213281	-	gi|15902044:1119657-1121822	1-2166/2166	===============	0/0	100.0	95.25	victors	gi|15902044:1119657-1121822	Streptococcus pneumoniae R6 complete genome		streptococcus_mitis	GCF_001281025.1
data/unzipped_genomes/streptococcus_mitis/ncbi_dataset/data/GCF_001281025.1/GCF_001281025.1_ASM128102v1_genomic.fna	NZ_CP012646.1	1226269	1226958	+	gi|194172857:1025575-1026264	1-690/690	===============	0/0	100.0	94.78	victors	gi|194172857:1025575-1026264	Streptococcus pneumoniae TIGR4 chromosome complete genome		streptococcus_mitis	GCF_001281025.1
data/unzipped_genomes/streptococcus_mitis/ncbi_dataset/data/GCF_001281025.1/GCF_001281025.1_ASM128102v1_genomic.fna	NZ_CP012646.1	1243101	1243959	+	gi|194172857:1044703-1045566	1-859/864	===============	0/0	99.42	91.39	victors	gi|194172857:1044703-1045566	Streptococcus pneumoniae TIGR4 chromosome complete genome		streptococcus_mitis	GCF_001281025.1
data/unzipped_genomes/streptococcus_mitis/ncbi_dataset/data/GCF_001281025.1/GCF_001281025.1_ASM128102v1_genomic.fna	NZ_CP012646.1	1251605	1253533	+	gi|194172857:1053718-1055646	1-1929/1929	===============	0/0	100.0	88.13	victors	gi|194172857:1053718-1055646	Streptococcus pneumoniae TIGR4 chromosome complete genome		streptococcus_mitis	GCF_001281025.1
data/unzipped_genomes/streptococcus_mitis/ncbi_dataset/data/GCF_001281025.1/GCF_001281025.1_ASM128102v1_genomic.fna	NZ_CP012646.1	1259048	1259494	+	gi|194172857:1061162-1061608	1-447/447	===============	0/0	100.0	93.96	victors	gi|194172857:1061162-1061608	Streptococcus pneumoniae TIGR4 chromosome complete genome		streptococcus_mitis	GCF_001281025.1
data/unzipped_genomes/streptococcus_mitis/ncbi_dataset/data/GCF_001281025.1/GCF_001281025.1_ASM128102v1_genomic.fna	NZ_CP012646.1	1265828	1266676	+	gi|194172857:1040163-1041011	1-849/849	===============	0/0	100.0	93.88	victors	gi|194172857:1040163-1041011	Streptococcus pneumoniae TIGR4 chromosome complete genome		streptococcus_mitis	GCF_001281025.1
data/unzipped_genomes/streptococcus_mitis/ncbi_dataset/data/GCF_001281025.1/GCF_001281025.1_ASM128102v1_genomic.fna	NZ_CP012646.1	1266817	1267656	+	gi|194172857:1041153-1041992	1-840/840	===============	0/0	100.0	93.45	victors	gi|194172857:1041153-1041992	Streptococcus pneumoniae TIGR4 chromosome complete genome		streptococcus_mitis	GCF_001281025.1
data/unzipped_genomes/streptococcus_mitis/ncbi_dataset/data/GCF_001281025.1/GCF_001281025.1_ASM128102v1_genomic.fna	NZ_CP012646.1	1269663	1271053	+	gi|194172857:941804-943195	2-1392/1392	===============	0/0	99.93	92.95	victors	gi|194172857:941804-943195	Streptococcus pneumoniae TIGR4 chromosome complete genome		streptococcus_mitis	GCF_001281025.1
data/unzipped_genomes/streptococcus_mitis/ncbi_dataset/data/GCF_001281025.1/GCF_001281025.1_ASM128102v1_genomic.fna	NZ_CP012646.1	1288011	1288610	+	gi|194172857:962373-962972	1-600/600	===============	0/0	100.0	93.33	victors	gi|194172857:962373-962972	Streptococcus pneumoniae TIGR4 chromosome complete genome		streptococcus_mitis	GCF_001281025.1
data/unzipped_genomes/streptococcus_mitis/ncbi_dataset/data/GCF_001281025.1/GCF_001281025.1_ASM128102v1_genomic.fna	NZ_CP012646.1	1291592	1292023	+	gi|194172857:965957-966388	1-432/432	===============	0/0	100.0	93.52	victors	gi|194172857:965957-966388	Streptococcus pneumoniae TIGR4 chromosome complete genome		streptococcus_mitis	GCF_001281025.1
data/unzipped_genomes/streptococcus_mitis/ncbi_dataset/data/GCF_001281025.1/GCF_001281025.1_ASM128102v1_genomic.fna	NZ_CP012646.1	1296057	1297397	+	gi|194172857:970424-972055	1-1341/1632	=============..	0/0	82.17	87.84	victors	gi|194172857:970424-972055	Streptococcus pneumoniae TIGR4 chromosome complete genome		streptococcus_mitis	GCF_001281025.1
data/unzipped_genomes/streptococcus_mitis/ncbi_dataset/data/GCF_001281025.1/GCF_001281025.1_ASM128102v1_genomic.fna	NZ_CP012646.1	1310901	1311780	+	gi|194172857:984089-984973	1-880/885	===============	0/0	99.44	94.2	victors	gi|194172857:984089-984973	Streptococcus pneumoniae TIGR4 chromosome complete genome		streptococcus_mitis	GCF_001281025.1
data/unzipped_genomes/streptococcus_mitis/ncbi_dataset/data/GCF_001281025.1/GCF_001281025.1_ASM128102v1_genomic.fna	NZ_CP012646.1	1316083	1317542	+	gi|194172857:869868-871343	2-1461/1476	===============	0/0	98.92	91.71	victors	gi|194172857:869868-871343	Streptococcus pneumoniae TIGR4 chromosome complete genome		streptococcus_mitis	GCF_001281025.1
data/unzipped_genomes/streptococcus_mitis/ncbi_dataset/data/GCF_001281025.1/GCF_001281025.1_ASM128102v1_genomic.fna	NZ_CP012646.1	1334438	1335615	+	gi|194172857:1082493-1083671	1-1178/1179	===============	0/0	99.92	93.63	victors	gi|194172857:1082493-1083671	Streptococcus pneumoniae TIGR4 chromosome complete genome		streptococcus_mitis	GCF_001281025.1
data/unzipped_genomes/streptococcus_mitis/ncbi_dataset/data/GCF_001281025.1/GCF_001281025.1_ASM128102v1_genomic.fna	NZ_CP012646.1	1353226	1354005	+	gi|194172857:1091179-1091958	1-780/780	===============	0/0	100.0	91.67	victors	gi|194172857:1091179-1091958	Streptococcus pneumoniae TIGR4 chromosome complete genome		streptococcus_mitis	GCF_001281025.1
data/unzipped_genomes/streptococcus_mitis/ncbi_dataset/data/GCF_001281025.1/GCF_001281025.1_ASM128102v1_genomic.fna	NZ_CP012646.1	1366148	1366612	+	gi|221230948:1049769-1050233	1-465/465	===============	0/0	100.0	95.27	victors	gi|221230948:1049769-1050233	Streptococcus pneumoniae ATCC 700669 complete genome		streptococcus_mitis	GCF_001281025.1
data/unzipped_genomes/streptococcus_mitis/ncbi_dataset/data/GCF_001281025.1/GCF_001281025.1_ASM128102v1_genomic.fna	NZ_CP012646.1	1391907	1392332	+	gi|194172857:1129404-1129829	1-426/426	===============	0/0	100.0	96.95	victors	gi|194172857:1129404-1129829	Streptococcus pneumoniae TIGR4 chromosome complete genome		streptococcus_mitis	GCF_001281025.1
data/unzipped_genomes/streptococcus_mitis/ncbi_dataset/data/GCF_001281025.1/GCF_001281025.1_ASM128102v1_genomic.fna	NZ_CP012646.1	1395591	1396088	-	gi|194172857:612683-613180	1-498/498	===============	0/0	100.0	91.57	victors	gi|194172857:612683-613180	Streptococcus pneumoniae TIGR4 chromosome complete genome		streptococcus_mitis	GCF_001281025.1
data/unzipped_genomes/streptococcus_mitis/ncbi_dataset/data/GCF_001281025.1/GCF_001281025.1_ASM128102v1_genomic.fna	NZ_CP012646.1	1398959	1400626	+	gi|194172857:1135215-1136882	1-1668/1668	===============	0/0	100.0	93.41	victors	gi|194172857:1135215-1136882	Streptococcus pneumoniae TIGR4 chromosome complete genome		streptococcus_mitis	GCF_001281025.1
data/unzipped_genomes/streptococcus_mitis/ncbi_dataset/data/GCF_001281025.1/GCF_001281025.1_ASM128102v1_genomic.fna	NZ_CP012646.1	1412721	1413464	+	gi|116515308:1102250-1102993	1-744/744	===============	0/0	100.0	81.05	victors	gi|116515308:1102250-1102993	Streptococcus pneumoniae D39 complete genome		streptococcus_mitis	GCF_001281025.1
data/unzipped_genomes/streptococcus_mitis/ncbi_dataset/data/GCF_001281025.1/GCF_001281025.1_ASM128102v1_genomic.fna	NZ_CP012646.1	1443433	1445235	-	gi|194172857:924530-926332	1-1803/1803	===============	0/0	100.0	94.56	victors	gi|194172857:924530-926332	Streptococcus pneumoniae TIGR4 chromosome complete genome		streptococcus_mitis	GCF_001281025.1
data/unzipped_genomes/streptococcus_mitis/ncbi_dataset/data/GCF_001281025.1/GCF_001281025.1_ASM128102v1_genomic.fna	NZ_CP012646.1	1445254	1446207	-	gi|194172857:923558-924511	1-954/954	===============	0/0	100.0	90.98	victors	gi|194172857:923558-924511	Streptococcus pneumoniae TIGR4 chromosome complete genome		streptococcus_mitis	GCF_001281025.1
data/unzipped_genomes/streptococcus_mitis/ncbi_dataset/data/GCF_001281025.1/GCF_001281025.1_ASM128102v1_genomic.fna	NZ_CP012646.1	1455021	1456676	-	gi|194172857:913088-914743	1-1656/1656	===============	0/0	100.0	93.3	victors	gi|194172857:913088-914743	Streptococcus pneumoniae TIGR4 chromosome complete genome		streptococcus_mitis	GCF_001281025.1
data/unzipped_genomes/streptococcus_mitis/ncbi_dataset/data/GCF_001281025.1/GCF_001281025.1_ASM128102v1_genomic.fna	NZ_CP012646.1	1472455	1473808	-	gi|194172857:892923-894293	18-1371/1371	===============	0/0	98.76	92.61	victors	gi|194172857:892923-894293	Streptococcus pneumoniae TIGR4 chromosome complete genome		streptococcus_mitis	GCF_001281025.1
data/unzipped_genomes/streptococcus_mitis/ncbi_dataset/data/GCF_001281025.1/GCF_001281025.1_ASM128102v1_genomic.fna	NZ_CP012646.1	1480233	1482116	-	gi|221230948:834685-836568	1-1884/1884	========/======	3/6	99.84	94.33	victors	gi|221230948:834685-836568	Streptococcus pneumoniae ATCC 700669 complete genome		streptococcus_mitis	GCF_001281025.1
data/unzipped_genomes/streptococcus_mitis/ncbi_dataset/data/GCF_001281025.1/GCF_001281025.1_ASM128102v1_genomic.fna	NZ_CP012646.1	1483454	1484362	-	gi|194172857:879941-880849	1-909/909	===============	0/0	100.0	94.39	victors	gi|194172857:879941-880849	Streptococcus pneumoniae TIGR4 chromosome complete genome		streptococcus_mitis	GCF_001281025.1
data/unzipped_genomes/streptococcus_mitis/ncbi_dataset/data/GCF_001281025.1/GCF_001281025.1_ASM128102v1_genomic.fna	NZ_CP012646.1	1488308	1489390	+	gi|194172857:1395292-1396374	1-1083/1083	===============	0/0	100.0	91.04	victors	gi|194172857:1395292-1396374	Streptococcus pneumoniae TIGR4 chromosome complete genome		streptococcus_mitis	GCF_001281025.1
data/unzipped_genomes/streptococcus_mitis/ncbi_dataset/data/GCF_001281025.1/GCF_001281025.1_ASM128102v1_genomic.fna	NZ_CP012646.1	1506380	1507402	-	gi|194172857:803302-804324	1-1023/1023	===============	0/0	100.0	95.21	victors	gi|194172857:803302-804324	Streptococcus pneumoniae TIGR4 chromosome complete genome		streptococcus_mitis	GCF_001281025.1
data/unzipped_genomes/streptococcus_mitis/ncbi_dataset/data/GCF_001281025.1/GCF_001281025.1_ASM128102v1_genomic.fna	NZ_CP012646.1	1523538	1524815	-	gi|194172857:788996-790273	1-1278/1278	===============	0/0	100.0	91.39	victors	gi|194172857:788996-790273	Streptococcus pneumoniae TIGR4 chromosome complete genome		streptococcus_mitis	GCF_001281025.1
data/unzipped_genomes/streptococcus_mitis/ncbi_dataset/data/GCF_001281025.1/GCF_001281025.1_ASM128102v1_genomic.fna	NZ_CP012646.1	1531809	1533019	-	gi|194172857:778425-779636	2-1212/1212	===============	0/0	99.92	93.48	victors	gi|194172857:778425-779636	Streptococcus pneumoniae TIGR4 chromosome complete genome		streptococcus_mitis	GCF_001281025.1
data/unzipped_genomes/streptococcus_mitis/ncbi_dataset/data/GCF_001281025.1/GCF_001281025.1_ASM128102v1_genomic.fna	NZ_CP012646.1	1537624	1538313	-	gi|15902044:726846-727535	1-690/690	===============	0/0	100.0	95.22	victors	gi|15902044:726846-727535	Streptococcus pneumoniae R6 complete genome		streptococcus_mitis	GCF_001281025.1
data/unzipped_genomes/streptococcus_mitis/ncbi_dataset/data/GCF_001281025.1/GCF_001281025.1_ASM128102v1_genomic.fna	NZ_CP012646.1	1556785	1557525	-	gi|116515308:714756-715496	1-741/741	===============	0/0	100.0	95.28	victors	gi|116515308:714756-715496	Streptococcus pneumoniae D39 complete genome		streptococcus_mitis	GCF_001281025.1
data/unzipped_genomes/streptococcus_mitis/ncbi_dataset/data/GCF_001281025.1/GCF_001281025.1_ASM128102v1_genomic.fna	NZ_CP012646.1	1557568	1560114	-	gi|194172857:749306-751852	1-2547/2547	===============	0/0	100.0	92.03	victors	gi|194172857:749306-751852	Streptococcus pneumoniae TIGR4 chromosome complete genome		streptococcus_mitis	GCF_001281025.1
data/unzipped_genomes/streptococcus_mitis/ncbi_dataset/data/GCF_001281025.1/GCF_001281025.1_ASM128102v1_genomic.fna	NZ_CP012646.1	1565635	1565955	-	gi|194172857:744247-744567	1-321/321	===============	0/0	100.0	96.89	victors	gi|194172857:744247-744567	Streptococcus pneumoniae TIGR4 chromosome complete genome		streptococcus_mitis	GCF_001281025.1
data/unzipped_genomes/streptococcus_mitis/ncbi_dataset/data/GCF_001281025.1/GCF_001281025.1_ASM128102v1_genomic.fna	NZ_CP012646.1	1570155	1571339	-	gi|194172857:738515-739714	7-1200/1200	========/======	4/29	97.92	82.89	victors	gi|194172857:738515-739714	Streptococcus pneumoniae TIGR4 chromosome complete genome		streptococcus_mitis	GCF_001281025.1
data/unzipped_genomes/streptococcus_mitis/ncbi_dataset/data/GCF_001281025.1/GCF_001281025.1_ASM128102v1_genomic.fna	NZ_CP012646.1	1580361	1580561	-	gi|194172857:731418-731627	1-201/210	========/======	2/2	95.24	82.18	victors	gi|194172857:731418-731627	Streptococcus pneumoniae TIGR4 chromosome complete genome		streptococcus_mitis	GCF_001281025.1
data/unzipped_genomes/streptococcus_mitis/ncbi_dataset/data/GCF_001281025.1/GCF_001281025.1_ASM128102v1_genomic.fna	NZ_CP012646.1	1590341	1590871	-	gi|194172857:726140-726652	1-513/513	========/======	1/18	100.0	93.97	victors	gi|194172857:726140-726652	Streptococcus pneumoniae TIGR4 chromosome complete genome		streptococcus_mitis	GCF_001281025.1
data/unzipped_genomes/streptococcus_mitis/ncbi_dataset/data/GCF_001281025.1/GCF_001281025.1_ASM128102v1_genomic.fna	NZ_CP012646.1	1591028	1591633	-	gi|182682970:712398-713003	1-606/606	===============	0/0	100.0	96.53	victors	gi|182682970:712398-713003	Streptococcus pneumoniae CGSP14 complete genome		streptococcus_mitis	GCF_001281025.1
data/unzipped_genomes/streptococcus_mitis/ncbi_dataset/data/GCF_001281025.1/GCF_001281025.1_ASM128102v1_genomic.fna	NZ_CP012646.1	1622164	1622841	+	gi|194172857:1299715-1300392	1-678/678	===============	0/0	100.0	95.58	victors	gi|194172857:1299715-1300392	Streptococcus pneumoniae TIGR4 chromosome complete genome		streptococcus_mitis	GCF_001281025.1
data/unzipped_genomes/streptococcus_mitis/ncbi_dataset/data/GCF_001281025.1/GCF_001281025.1_ASM128102v1_genomic.fna	NZ_CP012646.1	1622838	1624003	+	gi|194172857:1300389-1301561	1-1166/1173	===============	0/0	99.4	93.57	victors	gi|194172857:1300389-1301561	Streptococcus pneumoniae TIGR4 chromosome complete genome		streptococcus_mitis	GCF_001281025.1
data/unzipped_genomes/streptococcus_mitis/ncbi_dataset/data/GCF_001281025.1/GCF_001281025.1_ASM128102v1_genomic.fna	NZ_CP012646.1	1629372	1630825	+	gi|194172857:1304782-1306236	2-1455/1455	===============	0/0	99.93	92.85	victors	gi|194172857:1304782-1306236	Streptococcus pneumoniae TIGR4 chromosome complete genome		streptococcus_mitis	GCF_001281025.1
data/unzipped_genomes/streptococcus_mitis/ncbi_dataset/data/GCF_001281025.1/GCF_001281025.1_ASM128102v1_genomic.fna	NZ_CP012646.1	1636004	1637074	+	gi|221230948:1324319-1325389	1-1071/1071	===============	0/0	100.0	92.62	victors	gi|221230948:1324319-1325389	Streptococcus pneumoniae ATCC 700669 complete genome		streptococcus_mitis	GCF_001281025.1
data/unzipped_genomes/streptococcus_mitis/ncbi_dataset/data/GCF_001281025.1/GCF_001281025.1_ASM128102v1_genomic.fna	NZ_CP012646.1	1646052	1646810	+	gi|194172857:1319683-1320441	1-759/759	===============	0/0	100.0	88.67	victors	gi|194172857:1319683-1320441	Streptococcus pneumoniae TIGR4 chromosome complete genome		streptococcus_mitis	GCF_001281025.1
data/unzipped_genomes/streptococcus_mitis/ncbi_dataset/data/GCF_001281025.1/GCF_001281025.1_ASM128102v1_genomic.fna	NZ_CP012646.1	1647637	1648521	+	gi|194172857:1321268-1322152	1-885/885	===============	0/0	100.0	87.68	victors	gi|194172857:1321268-1322152	Streptococcus pneumoniae TIGR4 chromosome complete genome		streptococcus_mitis	GCF_001281025.1
data/unzipped_genomes/streptococcus_mitis/ncbi_dataset/data/GCF_001281025.1/GCF_001281025.1_ASM128102v1_genomic.fna	NZ_CP012646.1	1648511	1649428	+	gi|194172857:1322142-1323059	1-918/918	===============	0/0	100.0	86.71	victors	gi|194172857:1322142-1323059	Streptococcus pneumoniae TIGR4 chromosome complete genome		streptococcus_mitis	GCF_001281025.1
data/unzipped_genomes/streptococcus_mitis/ncbi_dataset/data/GCF_001281025.1/GCF_001281025.1_ASM128102v1_genomic.fna	NZ_CP012646.1	1663493	1665547	-	gi|194172857:625663-627717	1-2055/2055	========/======	2/2	99.95	90.37	victors	gi|194172857:625663-627717	Streptococcus pneumoniae TIGR4 chromosome complete genome		streptococcus_mitis	GCF_001281025.1
data/unzipped_genomes/streptococcus_mitis/ncbi_dataset/data/GCF_001281025.1/GCF_001281025.1_ASM128102v1_genomic.fna	NZ_CP012646.1	1672785	1673651	+	gi|15674250:1567023-1567904	16-882/882	========/======	4/8	97.85	87.14	victors	gi|15674250:1567023-1567904	Streptococcus pyogenes M1 GAS chromosome complete genome		streptococcus_mitis	GCF_001281025.1
data/unzipped_genomes/streptococcus_mitis/ncbi_dataset/data/GCF_001281025.1/GCF_001281025.1_ASM128102v1_genomic.fna	NZ_CP012646.1	1680941	1681588	-	gi|194172857:567091-567738	1-648/648	===============	0/0	100.0	95.99	victors	gi|194172857:567091-567738	Streptococcus pneumoniae TIGR4 chromosome complete genome		streptococcus_mitis	GCF_001281025.1
data/unzipped_genomes/streptococcus_mitis/ncbi_dataset/data/GCF_001281025.1/GCF_001281025.1_ASM128102v1_genomic.fna	NZ_CP012646.1	1683756	1684544	+	gi|116515308:1430266-1431054	1-789/789	===============	0/0	100.0	89.23	victors	gi|116515308:1430266-1431054	Streptococcus pneumoniae D39 complete genome		streptococcus_mitis	GCF_001281025.1
data/unzipped_genomes/streptococcus_mitis/ncbi_dataset/data/GCF_001281025.1/GCF_001281025.1_ASM128102v1_genomic.fna	NZ_CP012646.1	1690373	1691455	+	gi|194172857:1496623-1497705	1-1083/1083	===============	0/0	100.0	94.28	victors	gi|194172857:1496623-1497705	Streptococcus pneumoniae TIGR4 chromosome complete genome		streptococcus_mitis	GCF_001281025.1
data/unzipped_genomes/streptococcus_mitis/ncbi_dataset/data/GCF_001281025.1/GCF_001281025.1_ASM128102v1_genomic.fna	NZ_CP012646.1	1696178	1697260	+	gi|194172857:1496623-1497705	1-1083/1083	===============	0/0	100.0	94.28	victors	gi|194172857:1496623-1497705	Streptococcus pneumoniae TIGR4 chromosome complete genome		streptococcus_mitis	GCF_001281025.1
data/unzipped_genomes/streptococcus_mitis/ncbi_dataset/data/GCF_001281025.1/GCF_001281025.1_ASM128102v1_genomic.fna	NZ_CP012646.1	1727100	1727777	+	gi|194172857:1533514-1534191	1-678/678	===============	0/0	100.0	95.87	victors	gi|194172857:1533514-1534191	Streptococcus pneumoniae TIGR4 chromosome complete genome		streptococcus_mitis	GCF_001281025.1
data/unzipped_genomes/streptococcus_mitis/ncbi_dataset/data/GCF_001281025.1/GCF_001281025.1_ASM128102v1_genomic.fna	NZ_CP012646.1	1730183	1730620	+	gi|194172857:1535881-1536318	1-438/438	===============	0/0	100.0	92.69	victors	gi|194172857:1535881-1536318	Streptococcus pneumoniae TIGR4 chromosome complete genome		streptococcus_mitis	GCF_001281025.1
data/unzipped_genomes/streptococcus_mitis/ncbi_dataset/data/GCF_001281025.1/GCF_001281025.1_ASM128102v1_genomic.fna	NZ_CP012646.1	1734616	1736836	+	gi|194172857:1541750-1543972	3-2223/2223	===============	0/0	99.91	92.48	victors	gi|194172857:1541750-1543972	Streptococcus pneumoniae TIGR4 chromosome complete genome		streptococcus_mitis	GCF_001281025.1
data/unzipped_genomes/streptococcus_mitis/ncbi_dataset/data/GCF_001281025.1/GCF_001281025.1_ASM128102v1_genomic.fna	NZ_CP012646.1	1738762	1739391	+	gi|194172857:1544931-1545560	1-630/630	===============	0/0	100.0	90.95	victors	gi|194172857:1544931-1545560	Streptococcus pneumoniae TIGR4 chromosome complete genome		streptococcus_mitis	GCF_001281025.1
data/unzipped_genomes/streptococcus_mitis/ncbi_dataset/data/GCF_001281025.1/GCF_001281025.1_ASM128102v1_genomic.fna	NZ_CP012646.1	1741584	1742306	+	gi|116515308:1476617-1477339	1-723/723	===============	0/0	100.0	95.44	victors	gi|116515308:1476617-1477339	Streptococcus pneumoniae D39 complete genome		streptococcus_mitis	GCF_001281025.1
data/unzipped_genomes/streptococcus_mitis/ncbi_dataset/data/GCF_001281025.1/GCF_001281025.1_ASM128102v1_genomic.fna	NZ_CP012646.1	1742303	1743151	+	gi|116515308:1477336-1478184	1-849/849	===============	0/0	100.0	96.23	victors	gi|116515308:1477336-1478184	Streptococcus pneumoniae D39 complete genome		streptococcus_mitis	GCF_001281025.1
data/unzipped_genomes/streptococcus_mitis/ncbi_dataset/data/GCF_001281025.1/GCF_001281025.1_ASM128102v1_genomic.fna	NZ_CP012646.1	1743183	1744112	+	gi|15902044:1470685-1471614	1-930/930	===============	0/0	100.0	93.87	victors	gi|15902044:1470685-1471614	Streptococcus pneumoniae R6 complete genome		streptococcus_mitis	GCF_001281025.1
data/unzipped_genomes/streptococcus_mitis/ncbi_dataset/data/GCF_001281025.1/GCF_001281025.1_ASM128102v1_genomic.fna	NZ_CP012646.1	1744823	1747597	+	gi|194172857:1551104-1553878	1-2775/2775	===============	0/0	100.0	92.47	victors	gi|194172857:1551104-1553878	Streptococcus pneumoniae TIGR4 chromosome complete genome		streptococcus_mitis	GCF_001281025.1
data/unzipped_genomes/streptococcus_mitis/ncbi_dataset/data/GCF_001281025.1/GCF_001281025.1_ASM128102v1_genomic.fna	NZ_CP012646.1	1748517	1750928	+	gi|194172857:1554765-1557176	1-2412/2412	===============	0/0	100.0	91.33	victors	gi|194172857:1554765-1557176	Streptococcus pneumoniae TIGR4 chromosome complete genome		streptococcus_mitis	GCF_001281025.1
data/unzipped_genomes/streptococcus_mitis/ncbi_dataset/data/GCF_001281025.1/GCF_001281025.1_ASM128102v1_genomic.fna	NZ_CP012646.1	1806468	1807939	+	gi|194172857:1617834-1619312	1-1475/1479	========/======	7/9	99.32	88.97	victors	gi|194172857:1617834-1619312	Streptococcus pneumoniae TIGR4 chromosome complete genome		streptococcus_mitis	GCF_001281025.1
data/unzipped_genomes/streptococcus_mitis/ncbi_dataset/data/GCF_001281025.1/GCF_001281025.1_ASM128102v1_genomic.fna	NZ_CP012646.1	1819918	1820376	+	gi|194172857:1696967-1697527	1-459/561	=============..	0/0	81.82	95.64	victors	gi|194172857:1696967-1697527	Streptococcus pneumoniae TIGR4 chromosome complete genome		streptococcus_mitis	GCF_001281025.1
data/unzipped_genomes/streptococcus_mitis/ncbi_dataset/data/GCF_001281025.1/GCF_001281025.1_ASM128102v1_genomic.fna	NZ_CP012646.1	1821762	1823556	+	gi|194172857:1697767-1699563	3-1797/1797	===============	0/0	99.89	92.81	victors	gi|194172857:1697767-1699563	Streptococcus pneumoniae TIGR4 chromosome complete genome		streptococcus_mitis	GCF_001281025.1
data/unzipped_genomes/streptococcus_mitis/ncbi_dataset/data/GCF_001281025.1/GCF_001281025.1_ASM128102v1_genomic.fna	NZ_CP012646.1	1854279	1855760	+	gi|194172857:1716677-1718158	1-1482/1482	========/======	2/4	99.87	88.34	victors	gi|194172857:1716677-1718158	Streptococcus pneumoniae TIGR4 chromosome complete genome		streptococcus_mitis	GCF_001281025.1
data/unzipped_genomes/streptococcus_mitis/ncbi_dataset/data/GCF_001281025.1/GCF_001281025.1_ASM128102v1_genomic.fna	NZ_CP012646.1	1862891	1863895	+	gi|194172857:1727751-1728755	1-1005/1005	===============	0/0	100.0	94.03	victors	gi|194172857:1727751-1728755	Streptococcus pneumoniae TIGR4 chromosome complete genome		streptococcus_mitis	GCF_001281025.1
data/unzipped_genomes/streptococcus_mitis/ncbi_dataset/data/GCF_001281025.1/GCF_001281025.1_ASM128102v1_genomic.fna	NZ_CP012646.1	1863906	1864472	+	gi|194172857:1728766-1729332	1-567/567	===============	0/0	100.0	93.12	victors	gi|194172857:1728766-1729332	Streptococcus pneumoniae TIGR4 chromosome complete genome		streptococcus_mitis	GCF_001281025.1
data/unzipped_genomes/streptococcus_mitis/ncbi_dataset/data/GCF_001281025.1/GCF_001281025.1_ASM128102v1_genomic.fna	NZ_CP012646.1	1864469	1865830	+	gi|194172857:1729329-1730690	1-1362/1362	===============	0/0	100.0	93.17	victors	gi|194172857:1729329-1730690	Streptococcus pneumoniae TIGR4 chromosome complete genome		streptococcus_mitis	GCF_001281025.1
data/unzipped_genomes/streptococcus_mitis/ncbi_dataset/data/GCF_001281025.1/GCF_001281025.1_ASM128102v1_genomic.fna	NZ_CP012646.1	1876408	1876989	+	gi|194172857:1755276-1755857	1-582/582	===============	0/0	100.0	94.84	victors	gi|194172857:1755276-1755857	Streptococcus pneumoniae TIGR4 chromosome complete genome		streptococcus_mitis	GCF_001281025.1
data/unzipped_genomes/streptococcus_mitis/ncbi_dataset/data/GCF_001281025.1/GCF_001281025.1_ASM128102v1_genomic.fna	NZ_CP012646.1	1881605	1882600	+	gi|194172857:1761890-1762897	1-996/1008	===============	0/0	98.81	93.67	victors	gi|194172857:1761890-1762897	Streptococcus pneumoniae TIGR4 chromosome complete genome		streptococcus_mitis	GCF_001281025.1
data/unzipped_genomes/streptococcus_mitis/ncbi_dataset/data/GCF_001281025.1/GCF_001281025.1_ASM128102v1_genomic.fna	NZ_CP012646.1	1882674	1883711	+	gi|194172857:1762943-1763980	1-1038/1038	===============	0/0	100.0	88.25	victors	gi|194172857:1762943-1763980	Streptococcus pneumoniae TIGR4 chromosome complete genome		streptococcus_mitis	GCF_001281025.1
data/unzipped_genomes/streptococcus_mitis/ncbi_dataset/data/GCF_001281025.1/GCF_001281025.1_ASM128102v1_genomic.fna	NZ_CP012646.1	1883712	1884065	+	gi|194172857:1763981-1764334	1-354/354	===============	0/0	100.0	96.89	victors	gi|194172857:1763981-1764334	Streptococcus pneumoniae TIGR4 chromosome complete genome		streptococcus_mitis	GCF_001281025.1
data/unzipped_genomes/streptococcus_mitis/ncbi_dataset/data/GCF_001281025.1/GCF_001281025.1_ASM128102v1_genomic.fna	NZ_CP012646.1	1893051	1893779	+	gi|194172857:1768968-1769696	1-729/729	===============	0/0	100.0	91.91	victors	gi|194172857:1768968-1769696	Streptococcus pneumoniae TIGR4 chromosome complete genome		streptococcus_mitis	GCF_001281025.1
data/unzipped_genomes/streptococcus_mitis/ncbi_dataset/data/GCF_001281025.1/GCF_001281025.1_ASM128102v1_genomic.fna	NZ_CP012646.1	1900737	1902899	+	gi|116515308:1693399-1695561	1-2163/2163	===============	0/0	100.0	94.27	victors	gi|116515308:1693399-1695561	Streptococcus pneumoniae D39 complete genome		streptococcus_mitis	GCF_001281025.1
data/unzipped_genomes/streptococcus_mitis/ncbi_dataset/data/GCF_009730515.1/GCF_009730515.1_ASM973051v1_genomic.fna	NZ_CP046335.1	9058	10449	+	gi|194172857:25916-27307	1-1392/1392	===============	0/0	100.0	93.68	victors	gi|194172857:25916-27307	Streptococcus pneumoniae TIGR4 chromosome complete genome		streptococcus_mitis	GCF_009730515.1
data/unzipped_genomes/streptococcus_mitis/ncbi_dataset/data/GCF_009730515.1/GCF_009730515.1_ASM973051v1_genomic.fna	NZ_CP046335.1	44279	48004	+	gi|194396645:44071-47796	1-3726/3726	===============	0/0	100.0	91.06	victors	gi|194396645:44071-47796	Streptococcus pneumoniae G54 chromosome complete genome		streptococcus_mitis	GCF_009730515.1
data/unzipped_genomes/streptococcus_mitis/ncbi_dataset/data/GCF_009730515.1/GCF_009730515.1_ASM973051v1_genomic.fna	NZ_CP046335.1	50764	51285	+	gi|116515308:52811-53356	1-522/546	===============	0/0	95.6	89.27	victors	gi|116515308:52811-53356	Streptococcus pneumoniae D39 complete genome		streptococcus_mitis	GCF_009730515.1
data/unzipped_genomes/streptococcus_mitis/ncbi_dataset/data/GCF_009730515.1/GCF_009730515.1_ASM973051v1_genomic.fna	NZ_CP046335.1	51511	53057	+	gi|194172857:53070-54617	2-1548/1548	===============	0/0	99.94	90.24	victors	gi|194172857:53070-54617	Streptococcus pneumoniae TIGR4 chromosome complete genome		streptococcus_mitis	GCF_009730515.1
data/unzipped_genomes/streptococcus_mitis/ncbi_dataset/data/GCF_009730515.1/GCF_009730515.1_ASM973051v1_genomic.fna	NZ_CP046335.1	56554	57846	+	gi|116515308:59174-60472	1-1293/1299	===============	0/0	99.54	91.96	victors	gi|116515308:59174-60472	Streptococcus pneumoniae D39 complete genome		streptococcus_mitis	GCF_009730515.1
data/unzipped_genomes/streptococcus_mitis/ncbi_dataset/data/GCF_009730515.1/GCF_009730515.1_ASM973051v1_genomic.fna	NZ_CP046335.1	62274	63087	+	gi|194172857:68134-68949	1-814/816	===============	0/0	99.75	93.73	victors	gi|194172857:68134-68949	Streptococcus pneumoniae TIGR4 chromosome complete genome		streptococcus_mitis	GCF_009730515.1
data/unzipped_genomes/streptococcus_mitis/ncbi_dataset/data/GCF_009730515.1/GCF_009730515.1_ASM973051v1_genomic.fna	NZ_CP046335.1	99947	101977	-	gi|194172857:2042232-2044262	1-2031/2031	===============	0/0	100.0	94.29	victors	gi|194172857:2042232-2044262	Streptococcus pneumoniae TIGR4 chromosome complete genome		streptococcus_mitis	GCF_009730515.1
data/unzipped_genomes/streptococcus_mitis/ncbi_dataset/data/GCF_009730515.1/GCF_009730515.1_ASM973051v1_genomic.fna	NZ_CP046335.1	103628	104485	-	gi|194172857:2039724-2040581	1-858/858	===============	0/0	100.0	94.29	victors	gi|194172857:2039724-2040581	Streptococcus pneumoniae TIGR4 chromosome complete genome		streptococcus_mitis	GCF_009730515.1
data/unzipped_genomes/streptococcus_mitis/ncbi_dataset/data/GCF_009730515.1/GCF_009730515.1_ASM973051v1_genomic.fna	NZ_CP046335.1	121474	122745	-	gi|194172857:2020749-2022020	1-1272/1272	===============	0/0	100.0	95.68	victors	gi|194172857:2020749-2022020	Streptococcus pneumoniae TIGR4 chromosome complete genome		streptococcus_mitis	GCF_009730515.1
data/unzipped_genomes/streptococcus_mitis/ncbi_dataset/data/GCF_009730515.1/GCF_009730515.1_ASM973051v1_genomic.fna	NZ_CP046335.1	129074	131137	-	gi|194172857:2010641-2012704	1-2064/2064	===============	0/0	100.0	97.38	victors	gi|194172857:2010641-2012704	Streptococcus pneumoniae TIGR4 chromosome complete genome		streptococcus_mitis	GCF_009730515.1
data/unzipped_genomes/streptococcus_mitis/ncbi_dataset/data/GCF_009730515.1/GCF_009730515.1_ASM973051v1_genomic.fna	NZ_CP046335.1	135132	136043	-	gi|194172857:2005724-2006635	1-912/912	===============	0/0	100.0	92.76	victors	gi|194172857:2005724-2006635	Streptococcus pneumoniae TIGR4 chromosome complete genome		streptococcus_mitis	GCF_009730515.1
data/unzipped_genomes/streptococcus_mitis/ncbi_dataset/data/GCF_009730515.1/GCF_009730515.1_ASM973051v1_genomic.fna	NZ_CP046335.1	138180	138719	-	gi|194172857:2003047-2003586	1-540/540	===============	0/0	100.0	90.93	victors	gi|194172857:2003047-2003586	Streptococcus pneumoniae TIGR4 chromosome complete genome		streptococcus_mitis	GCF_009730515.1
data/unzipped_genomes/streptococcus_mitis/ncbi_dataset/data/GCF_009730515.1/GCF_009730515.1_ASM973051v1_genomic.fna	NZ_CP046335.1	144448	146982	-	gi|194172857:1984956-1987489	1-2534/2534	========/======	1/1	100.0	94.16	victors	gi|194172857:1984956-1987489	Streptococcus pneumoniae TIGR4 chromosome complete genome		streptococcus_mitis	GCF_009730515.1
data/unzipped_genomes/streptococcus_mitis/ncbi_dataset/data/GCF_009730515.1/GCF_009730515.1_ASM973051v1_genomic.fna	NZ_CP046335.1	168672	169316	-	gi|194172857:1961764-1962408	1-645/645	===============	0/0	100.0	93.33	victors	gi|194172857:1961764-1962408	Streptococcus pneumoniae TIGR4 chromosome complete genome		streptococcus_mitis	GCF_009730515.1
data/unzipped_genomes/streptococcus_mitis/ncbi_dataset/data/GCF_009730515.1/GCF_009730515.1_ASM973051v1_genomic.fna	NZ_CP046335.1	177526	178398	-	gi|194172857:1952670-1953542	1-873/873	===============	0/0	100.0	91.29	victors	gi|194172857:1952670-1953542	Streptococcus pneumoniae TIGR4 chromosome complete genome		streptococcus_mitis	GCF_009730515.1
data/unzipped_genomes/streptococcus_mitis/ncbi_dataset/data/GCF_009730515.1/GCF_009730515.1_ASM973051v1_genomic.fna	NZ_CP046335.1	185452	185993	-	gi|194172857:1944881-1945504	83-624/624	.==============	0/0	86.86	84.32	victors	gi|194172857:1944881-1945504	Streptococcus pneumoniae TIGR4 chromosome complete genome		streptococcus_mitis	GCF_009730515.1
data/unzipped_genomes/streptococcus_mitis/ncbi_dataset/data/GCF_009730515.1/GCF_009730515.1_ASM973051v1_genomic.fna	NZ_CP046335.1	207838	208575	-	gi|194172857:1905445-1906182	1-738/738	===============	0/0	100.0	88.62	victors	gi|194172857:1905445-1906182	Streptococcus pneumoniae TIGR4 chromosome complete genome		streptococcus_mitis	GCF_009730515.1
data/unzipped_genomes/streptococcus_mitis/ncbi_dataset/data/GCF_009730515.1/GCF_009730515.1_ASM973051v1_genomic.fna	NZ_CP046335.1	213952	218343	+	gi|194172857:250617-255008	1-4392/4392	===============	0/0	100.0	93.53	victors	gi|194172857:250617-255008	Streptococcus pneumoniae TIGR4 chromosome complete genome		streptococcus_mitis	GCF_009730515.1
data/unzipped_genomes/streptococcus_mitis/ncbi_dataset/data/GCF_009730515.1/GCF_009730515.1_ASM973051v1_genomic.fna	NZ_CP046335.1	221165	222499	+	gi|116515308:259029-260363	1-1335/1335	===============	0/0	100.0	93.03	victors	gi|116515308:259029-260363	Streptococcus pneumoniae D39 complete genome		streptococcus_mitis	GCF_009730515.1
data/unzipped_genomes/streptococcus_mitis/ncbi_dataset/data/GCF_009730515.1/GCF_009730515.1_ASM973051v1_genomic.fna	NZ_CP046335.1	238197	239221	-	gi|182682970:1945754-1946794	1-1025/1041	===============	0/0	98.46	88.98	victors	gi|182682970:1945754-1946794	Streptococcus pneumoniae CGSP14 complete genome		streptococcus_mitis	GCF_009730515.1
data/unzipped_genomes/streptococcus_mitis/ncbi_dataset/data/GCF_009730515.1/GCF_009730515.1_ASM973051v1_genomic.fna	NZ_CP046335.1	239275	240237	-	gi|194172857:1900695-1901657	1-963/963	===============	0/0	100.0	93.87	victors	gi|194172857:1900695-1901657	Streptococcus pneumoniae TIGR4 chromosome complete genome		streptococcus_mitis	GCF_009730515.1
data/unzipped_genomes/streptococcus_mitis/ncbi_dataset/data/GCF_009730515.1/GCF_009730515.1_ASM973051v1_genomic.fna	NZ_CP046335.1	257881	258673	-	gi|194172857:1880925-1881719	3-795/795	===============	0/0	99.75	96.22	victors	gi|194172857:1880925-1881719	Streptococcus pneumoniae TIGR4 chromosome complete genome		streptococcus_mitis	GCF_009730515.1
data/unzipped_genomes/streptococcus_mitis/ncbi_dataset/data/GCF_009730515.1/GCF_009730515.1_ASM973051v1_genomic.fna	NZ_CP046335.1	261852	262844	-	gi|194172857:1876951-1877943	1-993/993	===============	0/0	100.0	92.55	victors	gi|194172857:1876951-1877943	Streptococcus pneumoniae TIGR4 chromosome complete genome		streptococcus_mitis	GCF_009730515.1
data/unzipped_genomes/streptococcus_mitis/ncbi_dataset/data/GCF_009730515.1/GCF_009730515.1_ASM973051v1_genomic.fna	NZ_CP046335.1	266766	267585	-	gi|194172857:1872209-1873033	1-820/825	===============	0/0	99.39	93.54	victors	gi|194172857:1872209-1873033	Streptococcus pneumoniae TIGR4 chromosome complete genome		streptococcus_mitis	GCF_009730515.1
data/unzipped_genomes/streptococcus_mitis/ncbi_dataset/data/GCF_009730515.1/GCF_009730515.1_ASM973051v1_genomic.fna	NZ_CP046335.1	271669	273165	-	gi|194172857:1794038-1795534	1-1497/1497	===============	0/0	100.0	91.18	victors	gi|194172857:1794038-1795534	Streptococcus pneumoniae TIGR4 chromosome complete genome		streptococcus_mitis	GCF_009730515.1
data/unzipped_genomes/streptococcus_mitis/ncbi_dataset/data/GCF_009730515.1/GCF_009730515.1_ASM973051v1_genomic.fna	NZ_CP046335.1	273165	274091	-	gi|194172857:1793112-1794038	1-927/927	===============	0/0	100.0	96.33	victors	gi|194172857:1793112-1794038	Streptococcus pneumoniae TIGR4 chromosome complete genome		streptococcus_mitis	GCF_009730515.1
data/unzipped_genomes/streptococcus_mitis/ncbi_dataset/data/GCF_009730515.1/GCF_009730515.1_ASM973051v1_genomic.fna	NZ_CP046335.1	285792	286313	-	gi|194172857:1781907-1782428	1-522/522	===============	0/0	100.0	94.25	victors	gi|194172857:1781907-1782428	Streptococcus pneumoniae TIGR4 chromosome complete genome		streptococcus_mitis	GCF_009730515.1
data/unzipped_genomes/streptococcus_mitis/ncbi_dataset/data/GCF_009730515.1/GCF_009730515.1_ASM973051v1_genomic.fna	NZ_CP046335.1	292637	293611	-	gi|194172857:1774496-1775470	1-975/975	===============	0/0	100.0	93.33	victors	gi|194172857:1774496-1775470	Streptococcus pneumoniae TIGR4 chromosome complete genome		streptococcus_mitis	GCF_009730515.1
data/unzipped_genomes/streptococcus_mitis/ncbi_dataset/data/GCF_009730515.1/GCF_009730515.1_ASM973051v1_genomic.fna	NZ_CP046335.1	298445	302952	+	gi|194172857:476528-481507	1-4508/4980	==============.	0/0	90.52	92.81	victors	gi|194172857:476528-481507	Streptococcus pneumoniae TIGR4 chromosome complete genome		streptococcus_mitis	GCF_009730515.1
data/unzipped_genomes/streptococcus_mitis/ncbi_dataset/data/GCF_009730515.1/GCF_009730515.1_ASM973051v1_genomic.fna	NZ_CP046335.1	306137	307482	+	gi|116515308:456040-457386	2-1347/1347	===============	0/0	99.93	95.99	victors	gi|116515308:456040-457386	Streptococcus pneumoniae D39 complete genome		streptococcus_mitis	GCF_009730515.1
data/unzipped_genomes/streptococcus_mitis/ncbi_dataset/data/GCF_009730515.1/GCF_009730515.1_ASM973051v1_genomic.fna	NZ_CP046335.1	347458	349065	+	gi|194172857:470730-472337	1-1608/1608	===============	0/0	100.0	94.96	victors	gi|194172857:470730-472337	Streptococcus pneumoniae TIGR4 chromosome complete genome		streptococcus_mitis	GCF_009730515.1
data/unzipped_genomes/streptococcus_mitis/ncbi_dataset/data/GCF_009730515.1/GCF_009730515.1_ASM973051v1_genomic.fna	NZ_CP046335.1	369117	371279	-	gi|116515308:1693399-1695561	1-2163/2163	===============	0/0	100.0	95.19	victors	gi|116515308:1693399-1695561	Streptococcus pneumoniae D39 complete genome		streptococcus_mitis	GCF_009730515.1
data/unzipped_genomes/streptococcus_mitis/ncbi_dataset/data/GCF_009730515.1/GCF_009730515.1_ASM973051v1_genomic.fna	NZ_CP046335.1	378228	378956	-	gi|194172857:1768968-1769696	1-729/729	===============	0/0	100.0	91.63	victors	gi|194172857:1768968-1769696	Streptococcus pneumoniae TIGR4 chromosome complete genome		streptococcus_mitis	GCF_009730515.1
data/unzipped_genomes/streptococcus_mitis/ncbi_dataset/data/GCF_009730515.1/GCF_009730515.1_ASM973051v1_genomic.fna	NZ_CP046335.1	382500	382853	-	gi|194172857:1763981-1764334	1-354/354	===============	0/0	100.0	93.5	victors	gi|194172857:1763981-1764334	Streptococcus pneumoniae TIGR4 chromosome complete genome		streptococcus_mitis	GCF_009730515.1
data/unzipped_genomes/streptococcus_mitis/ncbi_dataset/data/GCF_009730515.1/GCF_009730515.1_ASM973051v1_genomic.fna	NZ_CP046335.1	382854	383891	-	gi|194172857:1762943-1763980	1-1038/1038	===============	0/0	100.0	93.35	victors	gi|194172857:1762943-1763980	Streptococcus pneumoniae TIGR4 chromosome complete genome		streptococcus_mitis	GCF_009730515.1
data/unzipped_genomes/streptococcus_mitis/ncbi_dataset/data/GCF_009730515.1/GCF_009730515.1_ASM973051v1_genomic.fna	NZ_CP046335.1	383965	384960	-	gi|194172857:1761890-1762897	1-996/1008	===============	0/0	98.81	93.47	victors	gi|194172857:1761890-1762897	Streptococcus pneumoniae TIGR4 chromosome complete genome		streptococcus_mitis	GCF_009730515.1
data/unzipped_genomes/streptococcus_mitis/ncbi_dataset/data/GCF_009730515.1/GCF_009730515.1_ASM973051v1_genomic.fna	NZ_CP046335.1	389566	390147	-	gi|194172857:1755276-1755857	1-582/582	===============	0/0	100.0	93.81	victors	gi|194172857:1755276-1755857	Streptococcus pneumoniae TIGR4 chromosome complete genome		streptococcus_mitis	GCF_009730515.1
data/unzipped_genomes/streptococcus_mitis/ncbi_dataset/data/GCF_009730515.1/GCF_009730515.1_ASM973051v1_genomic.fna	NZ_CP046335.1	401176	402537	-	gi|194172857:1729329-1730690	1-1362/1362	===============	0/0	100.0	92.51	victors	gi|194172857:1729329-1730690	Streptococcus pneumoniae TIGR4 chromosome complete genome		streptococcus_mitis	GCF_009730515.1
data/unzipped_genomes/streptococcus_mitis/ncbi_dataset/data/GCF_009730515.1/GCF_009730515.1_ASM973051v1_genomic.fna	NZ_CP046335.1	402534	403100	-	gi|194172857:1728766-1729332	1-567/567	===============	0/0	100.0	93.65	victors	gi|194172857:1728766-1729332	Streptococcus pneumoniae TIGR4 chromosome complete genome		streptococcus_mitis	GCF_009730515.1
data/unzipped_genomes/streptococcus_mitis/ncbi_dataset/data/GCF_009730515.1/GCF_009730515.1_ASM973051v1_genomic.fna	NZ_CP046335.1	403111	404115	-	gi|194172857:1727751-1728755	1-1005/1005	===============	0/0	100.0	94.23	victors	gi|194172857:1727751-1728755	Streptococcus pneumoniae TIGR4 chromosome complete genome		streptococcus_mitis	GCF_009730515.1
data/unzipped_genomes/streptococcus_mitis/ncbi_dataset/data/GCF_009730515.1/GCF_009730515.1_ASM973051v1_genomic.fna	NZ_CP046335.1	431624	433418	-	gi|194172857:1697767-1699563	3-1797/1797	===============	0/0	99.89	93.31	victors	gi|194172857:1697767-1699563	Streptococcus pneumoniae TIGR4 chromosome complete genome		streptococcus_mitis	GCF_009730515.1
data/unzipped_genomes/streptococcus_mitis/ncbi_dataset/data/GCF_009730515.1/GCF_009730515.1_ASM973051v1_genomic.fna	NZ_CP046335.1	434805	435263	-	gi|194172857:1696967-1697527	1-459/561	=============..	0/0	81.82	93.25	victors	gi|194172857:1696967-1697527	Streptococcus pneumoniae TIGR4 chromosome complete genome		streptococcus_mitis	GCF_009730515.1
data/unzipped_genomes/streptococcus_mitis/ncbi_dataset/data/GCF_009730515.1/GCF_009730515.1_ASM973051v1_genomic.fna	NZ_CP046335.1	445891	447362	-	gi|194172857:1617834-1619312	1-1475/1479	========/======	7/9	99.32	88.3	victors	gi|194172857:1617834-1619312	Streptococcus pneumoniae TIGR4 chromosome complete genome		streptococcus_mitis	GCF_009730515.1
data/unzipped_genomes/streptococcus_mitis/ncbi_dataset/data/GCF_009730515.1/GCF_009730515.1_ASM973051v1_genomic.fna	NZ_CP046335.1	491691	494102	-	gi|194172857:1554765-1557176	1-2412/2412	===============	0/0	100.0	92.75	victors	gi|194172857:1554765-1557176	Streptococcus pneumoniae TIGR4 chromosome complete genome		streptococcus_mitis	GCF_009730515.1
data/unzipped_genomes/streptococcus_mitis/ncbi_dataset/data/GCF_009730515.1/GCF_009730515.1_ASM973051v1_genomic.fna	NZ_CP046335.1	494870	497644	-	gi|194172857:1551104-1553878	1-2775/2775	===============	0/0	100.0	92.47	victors	gi|194172857:1551104-1553878	Streptococcus pneumoniae TIGR4 chromosome complete genome		streptococcus_mitis	GCF_009730515.1
data/unzipped_genomes/streptococcus_mitis/ncbi_dataset/data/GCF_009730515.1/GCF_009730515.1_ASM973051v1_genomic.fna	NZ_CP046335.1	498460	499389	-	gi|15902044:1470685-1471614	1-930/930	===============	0/0	100.0	95.48	victors	gi|15902044:1470685-1471614	Streptococcus pneumoniae R6 complete genome		streptococcus_mitis	GCF_009730515.1
data/unzipped_genomes/streptococcus_mitis/ncbi_dataset/data/GCF_009730515.1/GCF_009730515.1_ASM973051v1_genomic.fna	NZ_CP046335.1	499421	500269	-	gi|116515308:1477336-1478184	1-849/849	===============	0/0	100.0	95.17	victors	gi|116515308:1477336-1478184	Streptococcus pneumoniae D39 complete genome		streptococcus_mitis	GCF_009730515.1
data/unzipped_genomes/streptococcus_mitis/ncbi_dataset/data/GCF_009730515.1/GCF_009730515.1_ASM973051v1_genomic.fna	NZ_CP046335.1	500266	500988	-	gi|116515308:1476617-1477339	1-723/723	===============	0/0	100.0	95.71	victors	gi|116515308:1476617-1477339	Streptococcus pneumoniae D39 complete genome		streptococcus_mitis	GCF_009730515.1
data/unzipped_genomes/streptococcus_mitis/ncbi_dataset/data/GCF_009730515.1/GCF_009730515.1_ASM973051v1_genomic.fna	NZ_CP046335.1	503187	503816	-	gi|194172857:1544931-1545560	1-630/630	===============	0/0	100.0	89.68	victors	gi|194172857:1544931-1545560	Streptococcus pneumoniae TIGR4 chromosome complete genome		streptococcus_mitis	GCF_009730515.1
data/unzipped_genomes/streptococcus_mitis/ncbi_dataset/data/GCF_009730515.1/GCF_009730515.1_ASM973051v1_genomic.fna	NZ_CP046335.1	505742	507962	-	gi|194172857:1541750-1543972	3-2223/2223	===============	0/0	99.91	92.84	victors	gi|194172857:1541750-1543972	Streptococcus pneumoniae TIGR4 chromosome complete genome		streptococcus_mitis	GCF_009730515.1
data/unzipped_genomes/streptococcus_mitis/ncbi_dataset/data/GCF_009730515.1/GCF_009730515.1_ASM973051v1_genomic.fna	NZ_CP046335.1	511959	512391	-	gi|194172857:1535881-1536318	6-438/438	===============	0/0	98.86	94.0	victors	gi|194172857:1535881-1536318	Streptococcus pneumoniae TIGR4 chromosome complete genome		streptococcus_mitis	GCF_009730515.1
data/unzipped_genomes/streptococcus_mitis/ncbi_dataset/data/GCF_009730515.1/GCF_009730515.1_ASM973051v1_genomic.fna	NZ_CP046335.1	514801	515478	-	gi|194172857:1533514-1534191	1-678/678	===============	0/0	100.0	93.95	victors	gi|194172857:1533514-1534191	Streptococcus pneumoniae TIGR4 chromosome complete genome		streptococcus_mitis	GCF_009730515.1
data/unzipped_genomes/streptococcus_mitis/ncbi_dataset/data/GCF_009730515.1/GCF_009730515.1_ASM973051v1_genomic.fna	NZ_CP046335.1	545754	546836	-	gi|194172857:1496623-1497705	1-1083/1083	===============	0/0	100.0	94.64	victors	gi|194172857:1496623-1497705	Streptococcus pneumoniae TIGR4 chromosome complete genome		streptococcus_mitis	GCF_009730515.1
data/unzipped_genomes/streptococcus_mitis/ncbi_dataset/data/GCF_009730515.1/GCF_009730515.1_ASM973051v1_genomic.fna	NZ_CP046335.1	552656	553444	-	gi|116515308:1430266-1431054	1-789/789	===============	0/0	100.0	90.62	victors	gi|116515308:1430266-1431054	Streptococcus pneumoniae D39 complete genome		streptococcus_mitis	GCF_009730515.1
data/unzipped_genomes/streptococcus_mitis/ncbi_dataset/data/GCF_009730515.1/GCF_009730515.1_ASM973051v1_genomic.fna	NZ_CP046335.1	555612	556259	+	gi|194172857:567091-567738	1-648/648	===============	0/0	100.0	95.83	victors	gi|194172857:567091-567738	Streptococcus pneumoniae TIGR4 chromosome complete genome		streptococcus_mitis	GCF_009730515.1
data/unzipped_genomes/streptococcus_mitis/ncbi_dataset/data/GCF_009730515.1/GCF_009730515.1_ASM973051v1_genomic.fna	NZ_CP046335.1	559961	560827	-	gi|15674250:1567023-1567904	16-882/882	========/======	2/2	98.19	86.52	victors	gi|15674250:1567023-1567904	Streptococcus pyogenes M1 GAS chromosome complete genome		streptococcus_mitis	GCF_009730515.1
data/unzipped_genomes/streptococcus_mitis/ncbi_dataset/data/GCF_009730515.1/GCF_009730515.1_ASM973051v1_genomic.fna	NZ_CP046335.1	574537	576591	+	gi|194172857:625663-627717	1-2055/2055	========/======	2/2	99.95	90.76	victors	gi|194172857:625663-627717	Streptococcus pneumoniae TIGR4 chromosome complete genome		streptococcus_mitis	GCF_009730515.1
data/unzipped_genomes/streptococcus_mitis/ncbi_dataset/data/GCF_009730515.1/GCF_009730515.1_ASM973051v1_genomic.fna	NZ_CP046335.1	590085	591002	-	gi|194172857:1322142-1323059	1-918/918	===============	0/0	100.0	85.84	victors	gi|194172857:1322142-1323059	Streptococcus pneumoniae TIGR4 chromosome complete genome		streptococcus_mitis	GCF_009730515.1
data/unzipped_genomes/streptococcus_mitis/ncbi_dataset/data/GCF_009730515.1/GCF_009730515.1_ASM973051v1_genomic.fna	NZ_CP046335.1	590992	591876	-	gi|194172857:1321268-1322152	1-885/885	===============	0/0	100.0	87.8	victors	gi|194172857:1321268-1322152	Streptococcus pneumoniae TIGR4 chromosome complete genome		streptococcus_mitis	GCF_009730515.1
data/unzipped_genomes/streptococcus_mitis/ncbi_dataset/data/GCF_009730515.1/GCF_009730515.1_ASM973051v1_genomic.fna	NZ_CP046335.1	592703	593461	-	gi|194172857:1319683-1320441	1-759/759	===============	0/0	100.0	88.41	victors	gi|194172857:1319683-1320441	Streptococcus pneumoniae TIGR4 chromosome complete genome		streptococcus_mitis	GCF_009730515.1
data/unzipped_genomes/streptococcus_mitis/ncbi_dataset/data/GCF_009730515.1/GCF_009730515.1_ASM973051v1_genomic.fna	NZ_CP046335.1	602160	603230	-	gi|221230948:1324319-1325389	1-1071/1071	===============	0/0	100.0	92.81	victors	gi|221230948:1324319-1325389	Streptococcus pneumoniae ATCC 700669 complete genome		streptococcus_mitis	GCF_009730515.1
data/unzipped_genomes/streptococcus_mitis/ncbi_dataset/data/GCF_009730515.1/GCF_009730515.1_ASM973051v1_genomic.fna	NZ_CP046335.1	613497	614950	-	gi|194172857:1304782-1306236	2-1455/1455	===============	0/0	99.93	92.78	victors	gi|194172857:1304782-1306236	Streptococcus pneumoniae TIGR4 chromosome complete genome		streptococcus_mitis	GCF_009730515.1
data/unzipped_genomes/streptococcus_mitis/ncbi_dataset/data/GCF_009730515.1/GCF_009730515.1_ASM973051v1_genomic.fna	NZ_CP046335.1	619825	620990	-	gi|194172857:1300389-1301561	1-1166/1173	===============	0/0	99.4	92.88	victors	gi|194172857:1300389-1301561	Streptococcus pneumoniae TIGR4 chromosome complete genome		streptococcus_mitis	GCF_009730515.1
data/unzipped_genomes/streptococcus_mitis/ncbi_dataset/data/GCF_009730515.1/GCF_009730515.1_ASM973051v1_genomic.fna	NZ_CP046335.1	620987	621664	-	gi|194172857:1299715-1300392	1-678/678	===============	0/0	100.0	93.95	victors	gi|194172857:1299715-1300392	Streptococcus pneumoniae TIGR4 chromosome complete genome		streptococcus_mitis	GCF_009730515.1
data/unzipped_genomes/streptococcus_mitis/ncbi_dataset/data/GCF_009730515.1/GCF_009730515.1_ASM973051v1_genomic.fna	NZ_CP046335.1	669130	669735	+	gi|182682970:712398-713003	1-606/606	===============	0/0	100.0	96.86	victors	gi|182682970:712398-713003	Streptococcus pneumoniae CGSP14 complete genome		streptococcus_mitis	GCF_009730515.1
data/unzipped_genomes/streptococcus_mitis/ncbi_dataset/data/GCF_009730515.1/GCF_009730515.1_ASM973051v1_genomic.fna	NZ_CP046335.1	669897	670427	+	gi|194172857:726140-726652	1-513/513	========/======	1/18	100.0	93.22	victors	gi|194172857:726140-726652	Streptococcus pneumoniae TIGR4 chromosome complete genome		streptococcus_mitis	GCF_009730515.1
data/unzipped_genomes/streptococcus_mitis/ncbi_dataset/data/GCF_009730515.1/GCF_009730515.1_ASM973051v1_genomic.fna	NZ_CP046335.1	682892	684094	+	gi|194172857:738515-739714	7-1200/1200	========/======	1/9	99.5	84.04	victors	gi|194172857:738515-739714	Streptococcus pneumoniae TIGR4 chromosome complete genome		streptococcus_mitis	GCF_009730515.1
data/unzipped_genomes/streptococcus_mitis/ncbi_dataset/data/GCF_009730515.1/GCF_009730515.1_ASM973051v1_genomic.fna	NZ_CP046335.1	688294	688614	+	gi|194172857:744247-744567	1-321/321	===============	0/0	100.0	96.89	victors	gi|194172857:744247-744567	Streptococcus pneumoniae TIGR4 chromosome complete genome		streptococcus_mitis	GCF_009730515.1
data/unzipped_genomes/streptococcus_mitis/ncbi_dataset/data/GCF_009730515.1/GCF_009730515.1_ASM973051v1_genomic.fna	NZ_CP046335.1	692053	694599	+	gi|194172857:749306-751852	1-2547/2547	========/======	2/2	99.96	92.03	victors	gi|194172857:749306-751852	Streptococcus pneumoniae TIGR4 chromosome complete genome		streptococcus_mitis	GCF_009730515.1
data/unzipped_genomes/streptococcus_mitis/ncbi_dataset/data/GCF_009730515.1/GCF_009730515.1_ASM973051v1_genomic.fna	NZ_CP046335.1	694642	695382	+	gi|116515308:714756-715496	1-741/741	===============	0/0	100.0	94.6	victors	gi|116515308:714756-715496	Streptococcus pneumoniae D39 complete genome		streptococcus_mitis	GCF_009730515.1
data/unzipped_genomes/streptococcus_mitis/ncbi_dataset/data/GCF_009730515.1/GCF_009730515.1_ASM973051v1_genomic.fna	NZ_CP046335.1	713170	713859	+	gi|15902044:726846-727535	1-690/690	===============	0/0	100.0	94.06	victors	gi|15902044:726846-727535	Streptococcus pneumoniae R6 complete genome		streptococcus_mitis	GCF_009730515.1
data/unzipped_genomes/streptococcus_mitis/ncbi_dataset/data/GCF_009730515.1/GCF_009730515.1_ASM973051v1_genomic.fna	NZ_CP046335.1	718568	719778	+	gi|194172857:778425-779636	2-1212/1212	===============	0/0	99.92	92.82	victors	gi|194172857:778425-779636	Streptococcus pneumoniae TIGR4 chromosome complete genome		streptococcus_mitis	GCF_009730515.1
data/unzipped_genomes/streptococcus_mitis/ncbi_dataset/data/GCF_009730515.1/GCF_009730515.1_ASM973051v1_genomic.fna	NZ_CP046335.1	726768	728045	+	gi|194172857:788996-790273	1-1278/1278	===============	0/0	100.0	90.61	victors	gi|194172857:788996-790273	Streptococcus pneumoniae TIGR4 chromosome complete genome		streptococcus_mitis	GCF_009730515.1
data/unzipped_genomes/streptococcus_mitis/ncbi_dataset/data/GCF_009730515.1/GCF_009730515.1_ASM973051v1_genomic.fna	NZ_CP046335.1	740375	741397	+	gi|194172857:803302-804324	1-1023/1023	===============	0/0	100.0	95.41	victors	gi|194172857:803302-804324	Streptococcus pneumoniae TIGR4 chromosome complete genome		streptococcus_mitis	GCF_009730515.1
data/unzipped_genomes/streptococcus_mitis/ncbi_dataset/data/GCF_009730515.1/GCF_009730515.1_ASM973051v1_genomic.fna	NZ_CP046335.1	757189	758271	-	gi|194172857:1395292-1396374	1-1083/1083	===============	0/0	100.0	91.69	victors	gi|194172857:1395292-1396374	Streptococcus pneumoniae TIGR4 chromosome complete genome		streptococcus_mitis	GCF_009730515.1
data/unzipped_genomes/streptococcus_mitis/ncbi_dataset/data/GCF_009730515.1/GCF_009730515.1_ASM973051v1_genomic.fna	NZ_CP046335.1	762233	763141	+	gi|194172857:879941-880849	1-909/909	===============	0/0	100.0	94.28	victors	gi|194172857:879941-880849	Streptococcus pneumoniae TIGR4 chromosome complete genome		streptococcus_mitis	GCF_009730515.1
data/unzipped_genomes/streptococcus_mitis/ncbi_dataset/data/GCF_009730515.1/GCF_009730515.1_ASM973051v1_genomic.fna	NZ_CP046335.1	764479	766360	+	gi|221230948:834685-836568	1-1882/1884	===============	0/0	99.89	90.91	victors	gi|221230948:834685-836568	Streptococcus pneumoniae ATCC 700669 complete genome		streptococcus_mitis	GCF_009730515.1
data/unzipped_genomes/streptococcus_mitis/ncbi_dataset/data/GCF_009730515.1/GCF_009730515.1_ASM973051v1_genomic.fna	NZ_CP046335.1	772855	774208	+	gi|194172857:892923-894293	18-1371/1371	===============	0/0	98.76	92.76	victors	gi|194172857:892923-894293	Streptococcus pneumoniae TIGR4 chromosome complete genome		streptococcus_mitis	GCF_009730515.1
data/unzipped_genomes/streptococcus_mitis/ncbi_dataset/data/GCF_009730515.1/GCF_009730515.1_ASM973051v1_genomic.fna	NZ_CP046335.1	793073	794728	+	gi|194172857:913088-914743	1-1656/1656	===============	0/0	100.0	94.32	victors	gi|194172857:913088-914743	Streptococcus pneumoniae TIGR4 chromosome complete genome		streptococcus_mitis	GCF_009730515.1
data/unzipped_genomes/streptococcus_mitis/ncbi_dataset/data/GCF_009730515.1/GCF_009730515.1_ASM973051v1_genomic.fna	NZ_CP046335.1	803542	804495	+	gi|194172857:923558-924511	1-954/954	===============	0/0	100.0	91.61	victors	gi|194172857:923558-924511	Streptococcus pneumoniae TIGR4 chromosome complete genome		streptococcus_mitis	GCF_009730515.1
data/unzipped_genomes/streptococcus_mitis/ncbi_dataset/data/GCF_009730515.1/GCF_009730515.1_ASM973051v1_genomic.fna	NZ_CP046335.1	804514	806316	+	gi|194172857:924530-926332	1-1803/1803	===============	0/0	100.0	94.95	victors	gi|194172857:924530-926332	Streptococcus pneumoniae TIGR4 chromosome complete genome		streptococcus_mitis	GCF_009730515.1
data/unzipped_genomes/streptococcus_mitis/ncbi_dataset/data/GCF_009730515.1/GCF_009730515.1_ASM973051v1_genomic.fna	NZ_CP046335.1	849349	850091	-	gi|116515308:1102250-1102993	2-744/744	===============	0/0	99.87	80.89	victors	gi|116515308:1102250-1102993	Streptococcus pneumoniae D39 complete genome		streptococcus_mitis	GCF_009730515.1
data/unzipped_genomes/streptococcus_mitis/ncbi_dataset/data/GCF_009730515.1/GCF_009730515.1_ASM973051v1_genomic.fna	NZ_CP046335.1	861075	862742	-	gi|194172857:1135215-1136882	1-1668/1668	===============	0/0	100.0	93.34	victors	gi|194172857:1135215-1136882	Streptococcus pneumoniae TIGR4 chromosome complete genome		streptococcus_mitis	GCF_009730515.1
data/unzipped_genomes/streptococcus_mitis/ncbi_dataset/data/GCF_009730515.1/GCF_009730515.1_ASM973051v1_genomic.fna	NZ_CP046335.1	865614	866111	+	gi|194172857:612683-613180	1-498/498	===============	0/0	100.0	92.17	victors	gi|194172857:612683-613180	Streptococcus pneumoniae TIGR4 chromosome complete genome		streptococcus_mitis	GCF_009730515.1
data/unzipped_genomes/streptococcus_mitis/ncbi_dataset/data/GCF_009730515.1/GCF_009730515.1_ASM973051v1_genomic.fna	NZ_CP046335.1	869261	869686	-	gi|194172857:1129404-1129829	1-426/426	===============	0/0	100.0	96.48	victors	gi|194172857:1129404-1129829	Streptococcus pneumoniae TIGR4 chromosome complete genome		streptococcus_mitis	GCF_009730515.1
data/unzipped_genomes/streptococcus_mitis/ncbi_dataset/data/GCF_009730515.1/GCF_009730515.1_ASM973051v1_genomic.fna	NZ_CP046335.1	892480	892944	+	gi|182682970:1099619-1100083	1-465/465	===============	0/0	100.0	95.7	victors	gi|182682970:1099619-1100083	Streptococcus pneumoniae CGSP14 complete genome		streptococcus_mitis	GCF_009730515.1
data/unzipped_genomes/streptococcus_mitis/ncbi_dataset/data/GCF_009730515.1/GCF_009730515.1_ASM973051v1_genomic.fna	NZ_CP046335.1	905235	906014	-	gi|194172857:1091179-1091958	1-780/780	===============	0/0	100.0	89.1	victors	gi|194172857:1091179-1091958	Streptococcus pneumoniae TIGR4 chromosome complete genome		streptococcus_mitis	GCF_009730515.1
data/unzipped_genomes/streptococcus_mitis/ncbi_dataset/data/GCF_009730515.1/GCF_009730515.1_ASM973051v1_genomic.fna	NZ_CP046335.1	907083	908219	-	gi|194172857:1082493-1083671	1-1137/1179	===============	0/0	96.44	94.19	victors	gi|194172857:1082493-1083671	Streptococcus pneumoniae TIGR4 chromosome complete genome		streptococcus_mitis	GCF_009730515.1
data/unzipped_genomes/streptococcus_mitis/ncbi_dataset/data/GCF_009730515.1/GCF_009730515.1_ASM973051v1_genomic.fna	NZ_CP046335.1	921392	922851	-	gi|194172857:869868-871343	2-1461/1476	===============	0/0	98.92	92.94	victors	gi|194172857:869868-871343	Streptococcus pneumoniae TIGR4 chromosome complete genome		streptococcus_mitis	GCF_009730515.1
data/unzipped_genomes/streptococcus_mitis/ncbi_dataset/data/GCF_009730515.1/GCF_009730515.1_ASM973051v1_genomic.fna	NZ_CP046335.1	940081	940960	-	gi|194172857:984089-984973	1-880/885	===============	0/0	99.44	95.34	victors	gi|194172857:984089-984973	Streptococcus pneumoniae TIGR4 chromosome complete genome		streptococcus_mitis	GCF_009730515.1
data/unzipped_genomes/streptococcus_mitis/ncbi_dataset/data/GCF_009730515.1/GCF_009730515.1_ASM973051v1_genomic.fna	NZ_CP046335.1	946238	947578	-	gi|194172857:970424-972055	1-1341/1632	=============..	0/0	82.17	87.99	victors	gi|194172857:970424-972055	Streptococcus pneumoniae TIGR4 chromosome complete genome		streptococcus_mitis	GCF_009730515.1
data/unzipped_genomes/streptococcus_mitis/ncbi_dataset/data/GCF_009730515.1/GCF_009730515.1_ASM973051v1_genomic.fna	NZ_CP046335.1	951613	952044	-	gi|194172857:965957-966388	1-432/432	===============	0/0	100.0	91.44	victors	gi|194172857:965957-966388	Streptococcus pneumoniae TIGR4 chromosome complete genome		streptococcus_mitis	GCF_009730515.1
data/unzipped_genomes/streptococcus_mitis/ncbi_dataset/data/GCF_009730515.1/GCF_009730515.1_ASM973051v1_genomic.fna	NZ_CP046335.1	954574	955134	-	gi|194172857:962373-962972	1-561/600	===============	0/0	93.5	91.09	victors	gi|194172857:962373-962972	Streptococcus pneumoniae TIGR4 chromosome complete genome		streptococcus_mitis	GCF_009730515.1
data/unzipped_genomes/streptococcus_mitis/ncbi_dataset/data/GCF_009730515.1/GCF_009730515.1_ASM973051v1_genomic.fna	NZ_CP046335.1	971799	973190	-	gi|194172857:941804-943195	1-1392/1392	===============	0/0	100.0	92.6	victors	gi|194172857:941804-943195	Streptococcus pneumoniae TIGR4 chromosome complete genome		streptococcus_mitis	GCF_009730515.1
data/unzipped_genomes/streptococcus_mitis/ncbi_dataset/data/GCF_009730515.1/GCF_009730515.1_ASM973051v1_genomic.fna	NZ_CP046335.1	975194	976033	-	gi|194172857:1041153-1041992	1-840/840	===============	0/0	100.0	92.38	victors	gi|194172857:1041153-1041992	Streptococcus pneumoniae TIGR4 chromosome complete genome		streptococcus_mitis	GCF_009730515.1
data/unzipped_genomes/streptococcus_mitis/ncbi_dataset/data/GCF_009730515.1/GCF_009730515.1_ASM973051v1_genomic.fna	NZ_CP046335.1	976174	977022	-	gi|194172857:1040163-1041011	1-849/849	===============	0/0	100.0	92.58	victors	gi|194172857:1040163-1041011	Streptococcus pneumoniae TIGR4 chromosome complete genome		streptococcus_mitis	GCF_009730515.1
data/unzipped_genomes/streptococcus_mitis/ncbi_dataset/data/GCF_009730515.1/GCF_009730515.1_ASM973051v1_genomic.fna	NZ_CP046335.1	983980	984426	-	gi|194172857:1061162-1061608	1-447/447	===============	0/0	100.0	93.74	victors	gi|194172857:1061162-1061608	Streptococcus pneumoniae TIGR4 chromosome complete genome		streptococcus_mitis	GCF_009730515.1
data/unzipped_genomes/streptococcus_mitis/ncbi_dataset/data/GCF_009730515.1/GCF_009730515.1_ASM973051v1_genomic.fna	NZ_CP046335.1	989941	991869	-	gi|194172857:1053718-1055646	1-1929/1929	===============	0/0	100.0	88.28	victors	gi|194172857:1053718-1055646	Streptococcus pneumoniae TIGR4 chromosome complete genome		streptococcus_mitis	GCF_009730515.1
data/unzipped_genomes/streptococcus_mitis/ncbi_dataset/data/GCF_009730515.1/GCF_009730515.1_ASM973051v1_genomic.fna	NZ_CP046335.1	999512	1000369	-	gi|194172857:1044703-1045566	2-859/864	===============	0/0	99.31	92.19	victors	gi|194172857:1044703-1045566	Streptococcus pneumoniae TIGR4 chromosome complete genome		streptococcus_mitis	GCF_009730515.1
data/unzipped_genomes/streptococcus_mitis/ncbi_dataset/data/GCF_009730515.1/GCF_009730515.1_ASM973051v1_genomic.fna	NZ_CP046335.1	1017826	1018515	-	gi|194172857:1025575-1026264	1-690/690	===============	0/0	100.0	94.93	victors	gi|194172857:1025575-1026264	Streptococcus pneumoniae TIGR4 chromosome complete genome		streptococcus_mitis	GCF_009730515.1
data/unzipped_genomes/streptococcus_mitis/ncbi_dataset/data/GCF_009730515.1/GCF_009730515.1_ASM973051v1_genomic.fna	NZ_CP046335.1	1036511	1038676	+	gi|15902044:1119657-1121822	1-2166/2166	===============	0/0	100.0	95.8	victors	gi|15902044:1119657-1121822	Streptococcus pneumoniae R6 complete genome		streptococcus_mitis	GCF_009730515.1
data/unzipped_genomes/streptococcus_mitis/ncbi_dataset/data/GCF_009730515.1/GCF_009730515.1_ASM973051v1_genomic.fna	NZ_CP046335.1	1074320	1074841	+	gi|194172857:1213698-1214219	1-522/522	===============	0/0	100.0	96.74	victors	gi|194172857:1213698-1214219	Streptococcus pneumoniae TIGR4 chromosome complete genome		streptococcus_mitis	GCF_009730515.1
data/unzipped_genomes/streptococcus_mitis/ncbi_dataset/data/GCF_009730515.1/GCF_009730515.1_ASM973051v1_genomic.fna	NZ_CP046335.1	1076345	1076721	+	gi|194172857:1215723-1216088	1-366/366	========/======	2/13	99.73	86.77	victors	gi|194172857:1215723-1216088	Streptococcus pneumoniae TIGR4 chromosome complete genome		streptococcus_mitis	GCF_009730515.1
data/unzipped_genomes/streptococcus_mitis/ncbi_dataset/data/GCF_009730515.1/GCF_009730515.1_ASM973051v1_genomic.fna	NZ_CP046335.1	1080212	1080925	+	gi|194172857:1219485-1220198	1-714/714	===============	0/0	100.0	92.44	victors	gi|194172857:1219485-1220198	Streptococcus pneumoniae TIGR4 chromosome complete genome		streptococcus_mitis	GCF_009730515.1
data/unzipped_genomes/streptococcus_mitis/ncbi_dataset/data/GCF_009730515.1/GCF_009730515.1_ASM973051v1_genomic.fna	NZ_CP046335.1	1081093	1082412	+	gi|194172857:1220465-1221784	1-1320/1320	===============	0/0	100.0	94.62	victors	gi|194172857:1220465-1221784	Streptococcus pneumoniae TIGR4 chromosome complete genome		streptococcus_mitis	GCF_009730515.1
data/unzipped_genomes/streptococcus_mitis/ncbi_dataset/data/GCF_009730515.1/GCF_009730515.1_ASM973051v1_genomic.fna	NZ_CP046335.1	1110609	1111307	+	gi|15902044:1337590-1338288	1-699/699	===============	0/0	100.0	88.84	victors	gi|15902044:1337590-1338288	Streptococcus pneumoniae R6 complete genome		streptococcus_mitis	GCF_009730515.1
data/unzipped_genomes/streptococcus_mitis/ncbi_dataset/data/GCF_009730515.1/GCF_009730515.1_ASM973051v1_genomic.fna	NZ_CP046335.1	1141014	1142966	-	gi|194172857:824351-826303	1-1953/1953	===============	0/0	100.0	94.98	victors	gi|194172857:824351-826303	Streptococcus pneumoniae TIGR4 chromosome complete genome		streptococcus_mitis	GCF_009730515.1
data/unzipped_genomes/streptococcus_mitis/ncbi_dataset/data/GCF_009730515.1/GCF_009730515.1_ASM973051v1_genomic.fna	NZ_CP046335.1	1160158	1161537	+	gi|116515308:1316925-1318304	1-1380/1380	===============	0/0	100.0	94.56	victors	gi|116515308:1316925-1318304	Streptococcus pneumoniae D39 complete genome		streptococcus_mitis	GCF_009730515.1
data/unzipped_genomes/streptococcus_mitis/ncbi_dataset/data/GCF_009730515.1/GCF_009730515.1_ASM973051v1_genomic.fna	NZ_CP046335.1	1192839	1193429	-	gi|194172857:706881-707471	1-591/591	===============	0/0	100.0	95.77	victors	gi|194172857:706881-707471	Streptococcus pneumoniae TIGR4 chromosome complete genome		streptococcus_mitis	GCF_009730515.1
data/unzipped_genomes/streptococcus_mitis/ncbi_dataset/data/GCF_009730515.1/GCF_009730515.1_ASM973051v1_genomic.fna	NZ_CP046335.1	1204950	1206725	-	gi|225853611:649783-651558	1-1776/1776	===============	0/0	100.0	96.4	victors	gi|225853611:649783-651558	Streptococcus pneumoniae JJA complete genome		streptococcus_mitis	GCF_009730515.1
data/unzipped_genomes/streptococcus_mitis/ncbi_dataset/data/GCF_009730515.1/GCF_009730515.1_ASM973051v1_genomic.fna	NZ_CP046335.1	1207048	1209029	-	gi|194172857:692672-694654	2-1983/1983	===============	0/0	99.95	91.57	victors	gi|194172857:692672-694654	Streptococcus pneumoniae TIGR4 chromosome complete genome		streptococcus_mitis	GCF_009730515.1
data/unzipped_genomes/streptococcus_mitis/ncbi_dataset/data/GCF_009730515.1/GCF_009730515.1_ASM973051v1_genomic.fna	NZ_CP046335.1	1209301	1209672	-	gi|194172857:692030-692401	1-372/372	===============	0/0	100.0	93.01	victors	gi|194172857:692030-692401	Streptococcus pneumoniae TIGR4 chromosome complete genome		streptococcus_mitis	GCF_009730515.1
data/unzipped_genomes/streptococcus_mitis/ncbi_dataset/data/GCF_009730515.1/GCF_009730515.1_ASM973051v1_genomic.fna	NZ_CP046335.1	1210443	1211233	-	gi|194172857:690467-691258	2-792/792	===============	0/0	99.87	90.9	victors	gi|194172857:690467-691258	Streptococcus pneumoniae TIGR4 chromosome complete genome		streptococcus_mitis	GCF_009730515.1
data/unzipped_genomes/streptococcus_mitis/ncbi_dataset/data/GCF_009730515.1/GCF_009730515.1_ASM973051v1_genomic.fna	NZ_CP046335.1	1214706	1216091	-	gi|194172857:685560-686945	1-1386/1386	===============	0/0	100.0	91.49	victors	gi|194172857:685560-686945	Streptococcus pneumoniae TIGR4 chromosome complete genome		streptococcus_mitis	GCF_009730515.1
data/unzipped_genomes/streptococcus_mitis/ncbi_dataset/data/GCF_009730515.1/GCF_009730515.1_ASM973051v1_genomic.fna	NZ_CP046335.1	1216092	1216652	-	gi|194172857:684999-685559	1-561/561	===============	0/0	100.0	93.41	victors	gi|194172857:684999-685559	Streptococcus pneumoniae TIGR4 chromosome complete genome		streptococcus_mitis	GCF_009730515.1
data/unzipped_genomes/streptococcus_mitis/ncbi_dataset/data/GCF_009730515.1/GCF_009730515.1_ASM973051v1_genomic.fna	NZ_CP046335.1	1225174	1226340	-	gi|194172857:661716-662915	1-1158/1200	========/======	1/9	96.5	86.89	victors	gi|194172857:661716-662915	Streptococcus pneumoniae TIGR4 chromosome complete genome		streptococcus_mitis	GCF_009730515.1
data/unzipped_genomes/streptococcus_mitis/ncbi_dataset/data/GCF_009730515.1/GCF_009730515.1_ASM973051v1_genomic.fna	NZ_CP046335.1	1247876	1249597	-	gi|194172857:640561-642282	1-1722/1722	===============	0/0	100.0	89.55	victors	gi|194172857:640561-642282	Streptococcus pneumoniae TIGR4 chromosome complete genome		streptococcus_mitis	GCF_009730515.1
data/unzipped_genomes/streptococcus_mitis/ncbi_dataset/data/GCF_009730515.1/GCF_009730515.1_ASM973051v1_genomic.fna	NZ_CP046335.1	1267017	1267575	-	gi|194172857:634195-634758	2-560/564	========/======	2/2	98.94	87.68	victors	gi|194172857:634195-634758	Streptococcus pneumoniae TIGR4 chromosome complete genome		streptococcus_mitis	GCF_009730515.1
data/unzipped_genomes/streptococcus_mitis/ncbi_dataset/data/GCF_009730515.1/GCF_009730515.1_ASM973051v1_genomic.fna	NZ_CP046335.1	1269379	1270116	-	gi|194172857:631654-632391	1-738/738	===============	0/0	100.0	93.5	victors	gi|194172857:631654-632391	Streptococcus pneumoniae TIGR4 chromosome complete genome		streptococcus_mitis	GCF_009730515.1
data/unzipped_genomes/streptococcus_mitis/ncbi_dataset/data/GCF_009730515.1/GCF_009730515.1_ASM973051v1_genomic.fna	NZ_CP046335.1	1292844	1294423	+	gi|194172857:1439696-1441285	11-1590/1590	========/======	2/4	99.25	89.25	victors	gi|194172857:1439696-1441285	Streptococcus pneumoniae TIGR4 chromosome complete genome		streptococcus_mitis	GCF_009730515.1
data/unzipped_genomes/streptococcus_mitis/ncbi_dataset/data/GCF_009730515.1/GCF_009730515.1_ASM973051v1_genomic.fna	NZ_CP046335.1	1300145	1301545	+	gi|194172857:1446900-1448300	1-1401/1401	===============	0/0	100.0	93.5	victors	gi|194172857:1446900-1448300	Streptococcus pneumoniae TIGR4 chromosome complete genome		streptococcus_mitis	GCF_009730515.1
data/unzipped_genomes/streptococcus_mitis/ncbi_dataset/data/GCF_009730515.1/GCF_009730515.1_ASM973051v1_genomic.fna	NZ_CP046335.1	1317887	1319056	+	gi|194172857:1451511-1452698	19-1188/1188	===============	0/0	98.48	93.85	victors	gi|194172857:1451511-1452698	Streptococcus pneumoniae TIGR4 chromosome complete genome		streptococcus_mitis	GCF_009730515.1
data/unzipped_genomes/streptococcus_mitis/ncbi_dataset/data/GCF_009730515.1/GCF_009730515.1_ASM973051v1_genomic.fna	NZ_CP046335.1	1319901	1320443	+	gi|221230948:1461838-1462386	1-543/549	===============	0/0	98.91	94.47	victors	gi|221230948:1461838-1462386	Streptococcus pneumoniae ATCC 700669 complete genome		streptococcus_mitis	GCF_009730515.1
data/unzipped_genomes/streptococcus_mitis/ncbi_dataset/data/GCF_009730515.1/GCF_009730515.1_ASM973051v1_genomic.fna	NZ_CP046335.1	1390875	1391480	-	gi|194172857:589566-590171	1-606/606	===============	0/0	100.0	91.25	victors	gi|194172857:589566-590171	Streptococcus pneumoniae TIGR4 chromosome complete genome		streptococcus_mitis	GCF_009730515.1
data/unzipped_genomes/streptococcus_mitis/ncbi_dataset/data/GCF_009730515.1/GCF_009730515.1_ASM973051v1_genomic.fna	NZ_CP046335.1	1397766	1398536	-	gi|194172857:581578-582357	2-772/780	===============	0/0	98.85	92.22	victors	gi|194172857:581578-582357	Streptococcus pneumoniae TIGR4 chromosome complete genome		streptococcus_mitis	GCF_009730515.1
data/unzipped_genomes/streptococcus_mitis/ncbi_dataset/data/GCF_009730515.1/GCF_009730515.1_ASM973051v1_genomic.fna	NZ_CP046335.1	1404411	1405088	-	gi|15902044:532770-533447	1-678/678	===============	0/0	100.0	93.22	victors	gi|15902044:532770-533447	Streptococcus pneumoniae R6 complete genome		streptococcus_mitis	GCF_009730515.1
data/unzipped_genomes/streptococcus_mitis/ncbi_dataset/data/GCF_009730515.1/GCF_009730515.1_ASM973051v1_genomic.fna	NZ_CP046335.1	1405098	1405756	-	gi|15902044:532101-532760	2-660/660	===============	0/0	99.85	93.02	victors	gi|15902044:532101-532760	Streptococcus pneumoniae R6 complete genome		streptococcus_mitis	GCF_009730515.1
data/unzipped_genomes/streptococcus_mitis/ncbi_dataset/data/GCF_009730515.1/GCF_009730515.1_ASM973051v1_genomic.fna	NZ_CP046335.1	1407293	1408422	+	gi|194172857:1485134-1486264	2-1131/1131	===============	0/0	99.91	95.22	victors	gi|194172857:1485134-1486264	Streptococcus pneumoniae TIGR4 chromosome complete genome		streptococcus_mitis	GCF_009730515.1
data/unzipped_genomes/streptococcus_mitis/ncbi_dataset/data/GCF_009730515.1/GCF_009730515.1_ASM973051v1_genomic.fna	NZ_CP046335.1	1415492	1416358	-	gi|194172857:556411-557277	1-867/867	===============	0/0	100.0	94.46	victors	gi|194172857:556411-557277	Streptococcus pneumoniae TIGR4 chromosome complete genome		streptococcus_mitis	GCF_009730515.1
data/unzipped_genomes/streptococcus_mitis/ncbi_dataset/data/GCF_009730515.1/GCF_009730515.1_ASM973051v1_genomic.fna	NZ_CP046335.1	1498222	1498920	-	gi|194172857:365195-365893	1-699/699	===============	0/0	100.0	95.42	victors	gi|194172857:365195-365893	Streptococcus pneumoniae TIGR4 chromosome complete genome		streptococcus_mitis	GCF_009730515.1
data/unzipped_genomes/streptococcus_mitis/ncbi_dataset/data/GCF_009730515.1/GCF_009730515.1_ASM973051v1_genomic.fna	NZ_CP046335.1	1504117	1504806	-	gi|194396645:336110-336799	1-690/690	===============	0/0	100.0	87.25	victors	gi|194396645:336110-336799	Streptococcus pneumoniae G54 chromosome complete genome		streptococcus_mitis	GCF_009730515.1
data/unzipped_genomes/streptococcus_mitis/ncbi_dataset/data/GCF_009730515.1/GCF_009730515.1_ASM973051v1_genomic.fna	NZ_CP046335.1	1540673	1541154	-	gi|225860012:351195-351677	2-483/483	===============	0/0	99.79	91.7	victors	gi|225860012:351195-351677	Streptococcus pneumoniae Taiwan19F-14 complete genome		streptococcus_mitis	GCF_009730515.1
data/unzipped_genomes/streptococcus_mitis/ncbi_dataset/data/GCF_009730515.1/GCF_009730515.1_ASM973051v1_genomic.fna	NZ_CP046335.1	1541214	1543319	-	gi|194172857:310722-312827	1-2106/2106	========/======	2/2	99.95	87.42	victors	gi|194172857:310722-312827	Streptococcus pneumoniae TIGR4 chromosome complete genome		streptococcus_mitis	GCF_009730515.1
data/unzipped_genomes/streptococcus_mitis/ncbi_dataset/data/GCF_009730515.1/GCF_009730515.1_ASM973051v1_genomic.fna	NZ_CP046335.1	1548546	1549088	-	gi|194172857:304678-305220	1-543/543	===============	0/0	100.0	95.76	victors	gi|194172857:304678-305220	Streptococcus pneumoniae TIGR4 chromosome complete genome		streptococcus_mitis	GCF_009730515.1
data/unzipped_genomes/streptococcus_mitis/ncbi_dataset/data/GCF_009730515.1/GCF_009730515.1_ASM973051v1_genomic.fna	NZ_CP046335.1	1555097	1557136	-	gi|194172857:284522-286561	1-2040/2040	===============	0/0	100.0	96.62	victors	gi|194172857:284522-286561	Streptococcus pneumoniae TIGR4 chromosome complete genome		streptococcus_mitis	GCF_009730515.1
data/unzipped_genomes/streptococcus_mitis/ncbi_dataset/data/GCF_009730515.1/GCF_009730515.1_ASM973051v1_genomic.fna	NZ_CP046335.1	1565351	1566559	-	gi|194172857:273952-275160	1-1209/1209	===============	0/0	100.0	95.95	victors	gi|194172857:273952-275160	Streptococcus pneumoniae TIGR4 chromosome complete genome		streptococcus_mitis	GCF_009730515.1
data/unzipped_genomes/streptococcus_mitis/ncbi_dataset/data/GCF_009730515.1/GCF_009730515.1_ASM973051v1_genomic.fna	NZ_CP046335.1	1589421	1590314	+	gi|194172857:1620920-1621813	1-894/894	===============	0/0	100.0	93.4	victors	gi|194172857:1620920-1621813	Streptococcus pneumoniae TIGR4 chromosome complete genome		streptococcus_mitis	GCF_009730515.1
data/unzipped_genomes/streptococcus_mitis/ncbi_dataset/data/GCF_009730515.1/GCF_009730515.1_ASM973051v1_genomic.fna	NZ_CP046335.1	1603321	1604760	-	gi|194172857:459147-460586	1-1440/1440	===============	0/0	100.0	93.4	victors	gi|194172857:459147-460586	Streptococcus pneumoniae TIGR4 chromosome complete genome		streptococcus_mitis	GCF_009730515.1
data/unzipped_genomes/streptococcus_mitis/ncbi_dataset/data/GCF_009730515.1/GCF_009730515.1_ASM973051v1_genomic.fna	NZ_CP046335.1	1608858	1609703	-	gi|116515308:417194-418039	1-846/846	===============	0/0	100.0	94.56	victors	gi|116515308:417194-418039	Streptococcus pneumoniae D39 complete genome		streptococcus_mitis	GCF_009730515.1
data/unzipped_genomes/streptococcus_mitis/ncbi_dataset/data/GCF_009730515.1/GCF_009730515.1_ASM973051v1_genomic.fna	NZ_CP046335.1	1609764	1611656	-	gi|194172857:426441-428333	1-1893/1893	===============	0/0	100.0	92.34	victors	gi|194172857:426441-428333	Streptococcus pneumoniae TIGR4 chromosome complete genome		streptococcus_mitis	GCF_009730515.1
data/unzipped_genomes/streptococcus_mitis/ncbi_dataset/data/GCF_009730515.1/GCF_009730515.1_ASM973051v1_genomic.fna	NZ_CP046335.1	1618177	1619877	-	gi|194172857:417448-419148	1-1701/1701	===============	0/0	100.0	94.89	victors	gi|194172857:417448-419148	Streptococcus pneumoniae TIGR4 chromosome complete genome		streptococcus_mitis	GCF_009730515.1
data/unzipped_genomes/streptococcus_mitis/ncbi_dataset/data/GCF_009730515.1/GCF_009730515.1_ASM973051v1_genomic.fna	NZ_CP046335.1	1630086	1631456	+	gi|194172857:1841736-1843106	1-1371/1371	===============	0/0	100.0	92.05	victors	gi|194172857:1841736-1843106	Streptococcus pneumoniae TIGR4 chromosome complete genome		streptococcus_mitis	GCF_009730515.1
data/unzipped_genomes/streptococcus_mitis/ncbi_dataset/data/GCF_009730515.1/GCF_009730515.1_ASM973051v1_genomic.fna	NZ_CP046335.1	1632781	1634037	+	gi|194172857:1844633-1845889	1-1257/1257	===============	0/0	100.0	93.0	victors	gi|194172857:1844633-1845889	Streptococcus pneumoniae TIGR4 chromosome complete genome		streptococcus_mitis	GCF_009730515.1
data/unzipped_genomes/streptococcus_mitis/ncbi_dataset/data/GCF_009730515.1/GCF_009730515.1_ASM973051v1_genomic.fna	NZ_CP046335.1	1645489	1649385	-	gi|194172857:242845-246687	1-3843/3843	========/======	6/54	100.0	91.56	victors	gi|194172857:242845-246687	Streptococcus pneumoniae TIGR4 chromosome complete genome		streptococcus_mitis	GCF_009730515.1
data/unzipped_genomes/streptococcus_mitis/ncbi_dataset/data/GCF_009730515.1/GCF_009730515.1_ASM973051v1_genomic.fna	NZ_CP046335.1	1649482	1650529	-	gi|194172857:241696-242745	3-1050/1050	===============	0/0	99.81	90.74	victors	gi|194172857:241696-242745	Streptococcus pneumoniae TIGR4 chromosome complete genome		streptococcus_mitis	GCF_009730515.1
data/unzipped_genomes/streptococcus_mitis/ncbi_dataset/data/GCF_009730515.1/GCF_009730515.1_ASM973051v1_genomic.fna	NZ_CP046335.1	1652651	1654030	-	gi|194172857:238197-239576	1-1380/1380	===============	0/0	100.0	94.56	victors	gi|194172857:238197-239576	Streptococcus pneumoniae TIGR4 chromosome complete genome		streptococcus_mitis	GCF_009730515.1
data/unzipped_genomes/streptococcus_mitis/ncbi_dataset/data/GCF_009730515.1/GCF_009730515.1_ASM973051v1_genomic.fna	NZ_CP046335.1	1663096	1665597	-	gi|194172857:224751-227252	1-2502/2502	===============	0/0	100.0	93.05	victors	gi|194172857:224751-227252	Streptococcus pneumoniae TIGR4 chromosome complete genome		streptococcus_mitis	GCF_009730515.1
data/unzipped_genomes/streptococcus_mitis/ncbi_dataset/data/GCF_009730515.1/GCF_009730515.1_ASM973051v1_genomic.fna	NZ_CP046335.1	1670712	1671803	-	gi|194172857:212386-213477	1-1092/1092	===============	0/0	100.0	95.06	victors	gi|194172857:212386-213477	Streptococcus pneumoniae TIGR4 chromosome complete genome		streptococcus_mitis	GCF_009730515.1
data/unzipped_genomes/streptococcus_mitis/ncbi_dataset/data/GCF_009730515.1/GCF_009730515.1_ASM973051v1_genomic.fna	NZ_CP046335.1	1673553	1674245	-	gi|194172857:209956-210648	1-693/693	===============	0/0	100.0	93.07	victors	gi|194172857:209956-210648	Streptococcus pneumoniae TIGR4 chromosome complete genome		streptococcus_mitis	GCF_009730515.1
data/unzipped_genomes/streptococcus_mitis/ncbi_dataset/data/GCF_009730515.1/GCF_009730515.1_ASM973051v1_genomic.fna	NZ_CP046335.1	1716713	1717169	-	gi|194172857:157863-158321	3-459/459	===============	0/0	99.56	89.06	victors	gi|194172857:157863-158321	Streptococcus pneumoniae TIGR4 chromosome complete genome		streptococcus_mitis	GCF_009730515.1
data/unzipped_genomes/streptococcus_mitis/ncbi_dataset/data/GCF_009730515.1/GCF_009730515.1_ASM973051v1_genomic.fna	NZ_CP046335.1	1717761	1718351	-	gi|194172857:154869-155450	1-582/582	========/======	1/9	100.0	87.65	victors	gi|194172857:154869-155450	Streptococcus pneumoniae TIGR4 chromosome complete genome		streptococcus_mitis	GCF_009730515.1
data/unzipped_genomes/streptococcus_mitis/ncbi_dataset/data/GCF_009730515.1/GCF_009730515.1_ASM973051v1_genomic.fna	NZ_CP046335.1	1718355	1719641	-	gi|194172857:153579-154865	1-1287/1287	===============	0/0	100.0	94.17	victors	gi|194172857:153579-154865	Streptococcus pneumoniae TIGR4 chromosome complete genome		streptococcus_mitis	GCF_009730515.1
data/unzipped_genomes/streptococcus_mitis/ncbi_dataset/data/GCF_009730515.1/GCF_009730515.1_ASM973051v1_genomic.fna	NZ_CP046335.1	1724397	1725770	-	gi|194172857:147450-148823	1-1374/1374	===============	0/0	100.0	92.94	victors	gi|194172857:147450-148823	Streptococcus pneumoniae TIGR4 chromosome complete genome		streptococcus_mitis	GCF_009730515.1
data/unzipped_genomes/streptococcus_mitis/ncbi_dataset/data/GCF_009730515.1/GCF_009730515.1_ASM973051v1_genomic.fna	NZ_CP046335.1	1728122	1728778	-	gi|194172857:144439-145095	1-657/657	===============	0/0	100.0	92.69	victors	gi|194172857:144439-145095	Streptococcus pneumoniae TIGR4 chromosome complete genome		streptococcus_mitis	GCF_009730515.1
data/unzipped_genomes/streptococcus_mitis/ncbi_dataset/data/GCF_009730515.1/GCF_009730515.1_ASM973051v1_genomic.fna	NZ_CP046335.1	1730052	1730489	-	gi|194172857:128979-129416	1-438/438	===============	0/0	100.0	93.15	victors	gi|194172857:128979-129416	Streptococcus pneumoniae TIGR4 chromosome complete genome		streptococcus_mitis	GCF_009730515.1
data/unzipped_genomes/streptococcus_mitis/ncbi_dataset/data/GCF_009730515.1/GCF_009730515.1_ASM973051v1_genomic.fna	NZ_CP046335.1	1732004	1733683	-	gi|194172857:125050-126729	1-1680/1680	===============	0/0	100.0	95.59	victors	gi|194172857:125050-126729	Streptococcus pneumoniae TIGR4 chromosome complete genome		streptococcus_mitis	GCF_009730515.1
data/unzipped_genomes/streptococcus_mitis/ncbi_dataset/data/GCF_009730515.1/GCF_009730515.1_ASM973051v1_genomic.fna	NZ_CP046335.1	1748529	1748855	-	gi|194172857:101779-102105	1-327/327	===============	0/0	100.0	96.33	victors	gi|194172857:101779-102105	Streptococcus pneumoniae TIGR4 chromosome complete genome		streptococcus_mitis	GCF_009730515.1
data/unzipped_genomes/streptococcus_mitis/ncbi_dataset/data/GCF_009730515.1/GCF_009730515.1_ASM973051v1_genomic.fna	NZ_CP046335.1	1752708	1753694	-	gi|194172857:96869-97855	1-987/987	===============	0/0	100.0	97.16	victors	gi|194172857:96869-97855	Streptococcus pneumoniae TIGR4 chromosome complete genome		streptococcus_mitis	GCF_009730515.1
data/unzipped_genomes/streptococcus_mitis/ncbi_dataset/data/GCF_009730515.1/GCF_009730515.1_ASM973051v1_genomic.fna	NZ_CP046335.1	1755105	1756585	-	gi|194172857:95122-96597	1-1475/1476	========/======	1/6	99.93	92.17	victors	gi|194172857:95122-96597	Streptococcus pneumoniae TIGR4 chromosome complete genome		streptococcus_mitis	GCF_009730515.1
data/unzipped_genomes/streptococcus_mitis/ncbi_dataset/data/GCF_009730515.1/GCF_009730515.1_ASM973051v1_genomic.fna	NZ_CP046335.1	1760638	1761507	+	gi|194172857:2052445-2053314	1-870/870	===============	0/0	100.0	93.22	victors	gi|194172857:2052445-2053314	Streptococcus pneumoniae TIGR4 chromosome complete genome		streptococcus_mitis	GCF_009730515.1
data/unzipped_genomes/streptococcus_mitis/ncbi_dataset/data/GCF_009730515.1/GCF_009730515.1_ASM973051v1_genomic.fna	NZ_CP046335.1	1761591	1764251	+	gi|194172857:2053397-2056057	1-2661/2661	===============	0/0	100.0	93.05	victors	gi|194172857:2053397-2056057	Streptococcus pneumoniae TIGR4 chromosome complete genome		streptococcus_mitis	GCF_009730515.1
data/unzipped_genomes/streptococcus_mitis/ncbi_dataset/data/GCF_009730515.1/GCF_009730515.1_ASM973051v1_genomic.fna	NZ_CP046335.1	1765786	1767867	+	gi|194172857:2057585-2059669	1-2085/2085	========/======	1/3	99.86	91.42	victors	gi|194172857:2057585-2059669	Streptococcus pneumoniae TIGR4 chromosome complete genome		streptococcus_mitis	GCF_009730515.1
data/unzipped_genomes/streptococcus_mitis/ncbi_dataset/data/GCF_009730515.1/GCF_009730515.1_ASM973051v1_genomic.fna	NZ_CP046335.1	1767913	1769591	+	gi|194172857:2059709-2061388	1-1678/1680	========/======	1/1	99.88	89.04	victors	gi|194172857:2059709-2061388	Streptococcus pneumoniae TIGR4 chromosome complete genome		streptococcus_mitis	GCF_009730515.1
data/unzipped_genomes/streptococcus_mitis/ncbi_dataset/data/GCF_009730515.1/GCF_009730515.1_ASM973051v1_genomic.fna	NZ_CP046335.1	1776138	1776944	+	gi|194172857:2088331-2089137	1-807/807	===============	0/0	100.0	93.93	victors	gi|194172857:2088331-2089137	Streptococcus pneumoniae TIGR4 chromosome complete genome		streptococcus_mitis	GCF_009730515.1
data/unzipped_genomes/streptococcus_mitis/ncbi_dataset/data/GCF_009730515.1/GCF_009730515.1_ASM973051v1_genomic.fna	NZ_CP046335.1	1791287	1792528	+	gi|194172857:2091943-2093184	1-1242/1242	===============	0/0	100.0	92.27	victors	gi|194172857:2091943-2093184	Streptococcus pneumoniae TIGR4 chromosome complete genome		streptococcus_mitis	GCF_009730515.1
data/unzipped_genomes/streptococcus_mitis/ncbi_dataset/data/GCF_009730515.1/GCF_009730515.1_ASM973051v1_genomic.fna	NZ_CP046335.1	1792528	1794078	+	gi|194172857:2093184-2094734	1-1551/1551	===============	0/0	100.0	93.1	victors	gi|194172857:2093184-2094734	Streptococcus pneumoniae TIGR4 chromosome complete genome		streptococcus_mitis	GCF_009730515.1
data/unzipped_genomes/streptococcus_mitis/ncbi_dataset/data/GCF_009730515.1/GCF_009730515.1_ASM973051v1_genomic.fna	NZ_CP046335.1	1823896	1824813	+	gi|194172857:2130641-2131561	1-918/921	===============	0/0	99.67	95.21	victors	gi|194172857:2130641-2131561	Streptococcus pneumoniae TIGR4 chromosome complete genome		streptococcus_mitis	GCF_009730515.1
data/unzipped_genomes/streptococcus_mitis/ncbi_dataset/data/GCF_009730515.1/GCF_009730515.1_ASM973051v1_genomic.fna	NZ_CP046335.1	1842392	1844935	+	gi|194172857:2150516-2153068	1-2553/2553	========/======	1/9	99.65	93.97	victors	gi|194172857:2150516-2153068	Streptococcus pneumoniae TIGR4 chromosome complete genome		streptococcus_mitis	GCF_009730515.1
data/unzipped_genomes/streptococcus_mitis/ncbi_dataset/data/GCF_009730515.1/GCF_009730515.1_ASM973051v1_genomic.fna	NZ_CP046335.1	1849265	1850558	+	gi|194172857:2156413-2157738	1-1294/1326	===============	0/0	97.59	90.34	victors	gi|194172857:2156413-2157738	Streptococcus pneumoniae TIGR4 chromosome complete genome		streptococcus_mitis	GCF_009730515.1
data/unzipped_genomes/streptococcus_mitis/ncbi_dataset/data/GCF_009730515.1/GCF_009730515.1_ASM973051v1_genomic.fna	NZ_CP046335.1	1851670	1852851	+	gi|194172857:2158828-2160009	1-1182/1182	===============	0/0	100.0	93.82	victors	gi|194172857:2158828-2160009	Streptococcus pneumoniae TIGR4 chromosome complete genome		streptococcus_mitis	GCF_009730515.1
data/unzipped_genomes/streptococcus_mitis/ncbi_dataset/data/GCF_013305725.1/GCF_013305725.1_ASM1330572v1_genomic.fna	NZ_CP047883.1	24047	25438	+	gi|194172857:25916-27307	1-1392/1392	===============	0/0	100.0	94.33	victors	gi|194172857:25916-27307	Streptococcus pneumoniae TIGR4 chromosome complete genome		streptococcus_mitis	GCF_013305725.1
data/unzipped_genomes/streptococcus_mitis/ncbi_dataset/data/GCF_013305725.1/GCF_013305725.1_ASM1330572v1_genomic.fna	NZ_CP047883.1	39436	43161	+	gi|194396645:44071-47796	1-3726/3726	===============	0/0	100.0	90.82	victors	gi|194396645:44071-47796	Streptococcus pneumoniae G54 chromosome complete genome		streptococcus_mitis	GCF_013305725.1
data/unzipped_genomes/streptococcus_mitis/ncbi_dataset/data/GCF_013305725.1/GCF_013305725.1_ASM1330572v1_genomic.fna	NZ_CP047883.1	45926	46447	+	gi|116515308:52811-53356	1-522/546	===============	0/0	95.6	89.27	victors	gi|116515308:52811-53356	Streptococcus pneumoniae D39 complete genome		streptococcus_mitis	GCF_013305725.1
data/unzipped_genomes/streptococcus_mitis/ncbi_dataset/data/GCF_013305725.1/GCF_013305725.1_ASM1330572v1_genomic.fna	NZ_CP047883.1	46988	48535	+	gi|194172857:53070-54617	1-1548/1548	===============	0/0	100.0	89.47	victors	gi|194172857:53070-54617	Streptococcus pneumoniae TIGR4 chromosome complete genome		streptococcus_mitis	GCF_013305725.1
data/unzipped_genomes/streptococcus_mitis/ncbi_dataset/data/GCF_013305725.1/GCF_013305725.1_ASM1330572v1_genomic.fna	NZ_CP047883.1	54917	56214	+	gi|116515308:59174-60472	2-1299/1299	===============	0/0	99.92	92.06	victors	gi|116515308:59174-60472	Streptococcus pneumoniae D39 complete genome		streptococcus_mitis	GCF_013305725.1
data/unzipped_genomes/streptococcus_mitis/ncbi_dataset/data/GCF_013305725.1/GCF_013305725.1_ASM1330572v1_genomic.fna	NZ_CP047883.1	56736	59944	+	gi|194172857:59623-63561	192-3400/3939	=============..	0/0	81.47	93.05	victors	gi|194172857:59623-63561	Streptococcus pneumoniae TIGR4 chromosome complete genome		streptococcus_mitis	GCF_013305725.1
data/unzipped_genomes/streptococcus_mitis/ncbi_dataset/data/GCF_013305725.1/GCF_013305725.1_ASM1330572v1_genomic.fna	NZ_CP047883.1	64917	65730	+	gi|194172857:68134-68949	1-814/816	===============	0/0	99.75	92.14	victors	gi|194172857:68134-68949	Streptococcus pneumoniae TIGR4 chromosome complete genome		streptococcus_mitis	GCF_013305725.1
data/unzipped_genomes/streptococcus_mitis/ncbi_dataset/data/GCF_013305725.1/GCF_013305725.1_ASM1330572v1_genomic.fna	NZ_CP047883.1	126243	127514	-	gi|194172857:2020749-2022020	1-1272/1272	========/======	4/4	99.84	90.34	victors	gi|194172857:2020749-2022020	Streptococcus pneumoniae TIGR4 chromosome complete genome		streptococcus_mitis	GCF_013305725.1
data/unzipped_genomes/streptococcus_mitis/ncbi_dataset/data/GCF_013305725.1/GCF_013305725.1_ASM1330572v1_genomic.fna	NZ_CP047883.1	137565	139628	-	gi|194172857:2010641-2012704	1-2064/2064	===============	0/0	100.0	97.05	victors	gi|194172857:2010641-2012704	Streptococcus pneumoniae TIGR4 chromosome complete genome		streptococcus_mitis	GCF_013305725.1
data/unzipped_genomes/streptococcus_mitis/ncbi_dataset/data/GCF_013305725.1/GCF_013305725.1_ASM1330572v1_genomic.fna	NZ_CP047883.1	146527	147066	-	gi|194172857:2003047-2003586	1-540/540	===============	0/0	100.0	95.74	victors	gi|194172857:2003047-2003586	Streptococcus pneumoniae TIGR4 chromosome complete genome		streptococcus_mitis	GCF_013305725.1
data/unzipped_genomes/streptococcus_mitis/ncbi_dataset/data/GCF_013305725.1/GCF_013305725.1_ASM1330572v1_genomic.fna	NZ_CP047883.1	172793	173437	-	gi|194172857:1961764-1962408	1-645/645	===============	0/0	100.0	92.56	victors	gi|194172857:1961764-1962408	Streptococcus pneumoniae TIGR4 chromosome complete genome		streptococcus_mitis	GCF_013305725.1
data/unzipped_genomes/streptococcus_mitis/ncbi_dataset/data/GCF_013305725.1/GCF_013305725.1_ASM1330572v1_genomic.fna	NZ_CP047883.1	180457	181328	-	gi|194172857:1952670-1953542	2-873/873	===============	0/0	99.89	92.32	victors	gi|194172857:1952670-1953542	Streptococcus pneumoniae TIGR4 chromosome complete genome		streptococcus_mitis	GCF_013305725.1
data/unzipped_genomes/streptococcus_mitis/ncbi_dataset/data/GCF_013305725.1/GCF_013305725.1_ASM1330572v1_genomic.fna	NZ_CP047883.1	188383	188924	-	gi|194172857:1944881-1945504	83-624/624	.==============	0/0	86.86	84.87	victors	gi|194172857:1944881-1945504	Streptococcus pneumoniae TIGR4 chromosome complete genome		streptococcus_mitis	GCF_013305725.1
data/unzipped_genomes/streptococcus_mitis/ncbi_dataset/data/GCF_013305725.1/GCF_013305725.1_ASM1330572v1_genomic.fna	NZ_CP047883.1	212400	216791	+	gi|194172857:250617-255008	1-4392/4392	===============	0/0	100.0	92.05	victors	gi|194172857:250617-255008	Streptococcus pneumoniae TIGR4 chromosome complete genome		streptococcus_mitis	GCF_013305725.1
data/unzipped_genomes/streptococcus_mitis/ncbi_dataset/data/GCF_013305725.1/GCF_013305725.1_ASM1330572v1_genomic.fna	NZ_CP047883.1	224466	225800	+	gi|116515308:259029-260363	1-1335/1335	===============	0/0	100.0	93.78	victors	gi|116515308:259029-260363	Streptococcus pneumoniae D39 complete genome		streptococcus_mitis	GCF_013305725.1
data/unzipped_genomes/streptococcus_mitis/ncbi_dataset/data/GCF_013305725.1/GCF_013305725.1_ASM1330572v1_genomic.fna	NZ_CP047883.1	237763	238787	-	gi|182682970:1945754-1946794	1-1025/1041	===============	0/0	98.46	88.98	victors	gi|182682970:1945754-1946794	Streptococcus pneumoniae CGSP14 complete genome		streptococcus_mitis	GCF_013305725.1
data/unzipped_genomes/streptococcus_mitis/ncbi_dataset/data/GCF_013305725.1/GCF_013305725.1_ASM1330572v1_genomic.fna	NZ_CP047883.1	238839	239801	-	gi|194172857:1900695-1901657	1-963/963	===============	0/0	100.0	93.98	victors	gi|194172857:1900695-1901657	Streptococcus pneumoniae TIGR4 chromosome complete genome		streptococcus_mitis	GCF_013305725.1
data/unzipped_genomes/streptococcus_mitis/ncbi_dataset/data/GCF_013305725.1/GCF_013305725.1_ASM1330572v1_genomic.fna	NZ_CP047883.1	257357	258149	-	gi|194172857:1880925-1881719	3-795/795	===============	0/0	99.75	95.84	victors	gi|194172857:1880925-1881719	Streptococcus pneumoniae TIGR4 chromosome complete genome		streptococcus_mitis	GCF_013305725.1
data/unzipped_genomes/streptococcus_mitis/ncbi_dataset/data/GCF_013305725.1/GCF_013305725.1_ASM1330572v1_genomic.fna	NZ_CP047883.1	265536	266528	-	gi|194172857:1876951-1877943	1-993/993	===============	0/0	100.0	92.95	victors	gi|194172857:1876951-1877943	Streptococcus pneumoniae TIGR4 chromosome complete genome		streptococcus_mitis	GCF_013305725.1
data/unzipped_genomes/streptococcus_mitis/ncbi_dataset/data/GCF_013305725.1/GCF_013305725.1_ASM1330572v1_genomic.fna	NZ_CP047883.1	270451	271270	-	gi|194172857:1872209-1873033	1-820/825	===============	0/0	99.39	94.39	victors	gi|194172857:1872209-1873033	Streptococcus pneumoniae TIGR4 chromosome complete genome		streptococcus_mitis	GCF_013305725.1
data/unzipped_genomes/streptococcus_mitis/ncbi_dataset/data/GCF_013305725.1/GCF_013305725.1_ASM1330572v1_genomic.fna	NZ_CP047883.1	275591	277087	-	gi|194172857:1794038-1795534	1-1497/1497	========/======	2/2	99.93	85.71	victors	gi|194172857:1794038-1795534	Streptococcus pneumoniae TIGR4 chromosome complete genome		streptococcus_mitis	GCF_013305725.1
data/unzipped_genomes/streptococcus_mitis/ncbi_dataset/data/GCF_013305725.1/GCF_013305725.1_ASM1330572v1_genomic.fna	NZ_CP047883.1	277087	278013	-	gi|194172857:1793112-1794038	1-927/927	===============	0/0	100.0	82.52	victors	gi|194172857:1793112-1794038	Streptococcus pneumoniae TIGR4 chromosome complete genome		streptococcus_mitis	GCF_013305725.1
data/unzipped_genomes/streptococcus_mitis/ncbi_dataset/data/GCF_013305725.1/GCF_013305725.1_ASM1330572v1_genomic.fna	NZ_CP047883.1	280123	281554	+	gi|194172857:459147-460586	9-1440/1440	===============	0/0	99.44	93.02	victors	gi|194172857:459147-460586	Streptococcus pneumoniae TIGR4 chromosome complete genome		streptococcus_mitis	GCF_013305725.1
data/unzipped_genomes/streptococcus_mitis/ncbi_dataset/data/GCF_013305725.1/GCF_013305725.1_ASM1330572v1_genomic.fna	NZ_CP047883.1	290079	290402	+	gi|194172857:469302-469625	1-324/324	===============	0/0	100.0	94.44	victors	gi|194172857:469302-469625	Streptococcus pneumoniae TIGR4 chromosome complete genome		streptococcus_mitis	GCF_013305725.1
data/unzipped_genomes/streptococcus_mitis/ncbi_dataset/data/GCF_013305725.1/GCF_013305725.1_ASM1330572v1_genomic.fna	NZ_CP047883.1	294492	295385	-	gi|194172857:1620920-1621813	1-894/894	===============	0/0	100.0	93.18	victors	gi|194172857:1620920-1621813	Streptococcus pneumoniae TIGR4 chromosome complete genome		streptococcus_mitis	GCF_013305725.1
data/unzipped_genomes/streptococcus_mitis/ncbi_dataset/data/GCF_013305725.1/GCF_013305725.1_ASM1330572v1_genomic.fna	NZ_CP047883.1	338587	339129	+	gi|194172857:304678-305220	1-543/543	===============	0/0	100.0	93.92	victors	gi|194172857:304678-305220	Streptococcus pneumoniae TIGR4 chromosome complete genome		streptococcus_mitis	GCF_013305725.1
data/unzipped_genomes/streptococcus_mitis/ncbi_dataset/data/GCF_013305725.1/GCF_013305725.1_ASM1330572v1_genomic.fna	NZ_CP047883.1	352047	352568	-	gi|194172857:1781907-1782428	1-522/522	===============	0/0	100.0	94.06	victors	gi|194172857:1781907-1782428	Streptococcus pneumoniae TIGR4 chromosome complete genome		streptococcus_mitis	GCF_013305725.1
data/unzipped_genomes/streptococcus_mitis/ncbi_dataset/data/GCF_013305725.1/GCF_013305725.1_ASM1330572v1_genomic.fna	NZ_CP047883.1	358892	359866	-	gi|194172857:1774496-1775470	1-975/975	===============	0/0	100.0	93.03	victors	gi|194172857:1774496-1775470	Streptococcus pneumoniae TIGR4 chromosome complete genome		streptococcus_mitis	GCF_013305725.1
data/unzipped_genomes/streptococcus_mitis/ncbi_dataset/data/GCF_013305725.1/GCF_013305725.1_ASM1330572v1_genomic.fna	NZ_CP047883.1	371592	372937	+	gi|116515308:456040-457386	2-1347/1347	===============	0/0	99.93	94.95	victors	gi|116515308:456040-457386	Streptococcus pneumoniae D39 complete genome		streptococcus_mitis	GCF_013305725.1
data/unzipped_genomes/streptococcus_mitis/ncbi_dataset/data/GCF_013305725.1/GCF_013305725.1_ASM1330572v1_genomic.fna	NZ_CP047883.1	379037	381370	+	gi|194172857:491795-494128	1-2334/2334	===============	0/0	100.0	98.16	victors	gi|194172857:491795-494128	Streptococcus pneumoniae TIGR4 chromosome complete genome		streptococcus_mitis	GCF_013305725.1
data/unzipped_genomes/streptococcus_mitis/ncbi_dataset/data/GCF_013305725.1/GCF_013305725.1_ASM1330572v1_genomic.fna	NZ_CP047883.1	415927	417534	+	gi|194172857:470730-472337	1-1608/1608	===============	0/0	100.0	94.84	victors	gi|194172857:470730-472337	Streptococcus pneumoniae TIGR4 chromosome complete genome		streptococcus_mitis	GCF_013305725.1
data/unzipped_genomes/streptococcus_mitis/ncbi_dataset/data/GCF_013305725.1/GCF_013305725.1_ASM1330572v1_genomic.fna	NZ_CP047883.1	439364	440092	-	gi|194172857:1768968-1769696	1-729/729	===============	0/0	100.0	91.5	victors	gi|194172857:1768968-1769696	Streptococcus pneumoniae TIGR4 chromosome complete genome		streptococcus_mitis	GCF_013305725.1
data/unzipped_genomes/streptococcus_mitis/ncbi_dataset/data/GCF_013305725.1/GCF_013305725.1_ASM1330572v1_genomic.fna	NZ_CP047883.1	443347	444339	-	gi|194172857:1761890-1762897	1-993/1008	===============	0/0	98.51	92.55	victors	gi|194172857:1761890-1762897	Streptococcus pneumoniae TIGR4 chromosome complete genome		streptococcus_mitis	GCF_013305725.1
data/unzipped_genomes/streptococcus_mitis/ncbi_dataset/data/GCF_013305725.1/GCF_013305725.1_ASM1330572v1_genomic.fna	NZ_CP047883.1	449603	450184	-	gi|194172857:1755276-1755857	1-582/582	===============	0/0	100.0	95.02	victors	gi|194172857:1755276-1755857	Streptococcus pneumoniae TIGR4 chromosome complete genome		streptococcus_mitis	GCF_013305725.1
data/unzipped_genomes/streptococcus_mitis/ncbi_dataset/data/GCF_013305725.1/GCF_013305725.1_ASM1330572v1_genomic.fna	NZ_CP047883.1	462428	463789	-	gi|194172857:1729329-1730690	1-1362/1362	===============	0/0	100.0	93.69	victors	gi|194172857:1729329-1730690	Streptococcus pneumoniae TIGR4 chromosome complete genome		streptococcus_mitis	GCF_013305725.1
data/unzipped_genomes/streptococcus_mitis/ncbi_dataset/data/GCF_013305725.1/GCF_013305725.1_ASM1330572v1_genomic.fna	NZ_CP047883.1	463786	464352	-	gi|194172857:1728766-1729332	1-567/567	===============	0/0	100.0	94.0	victors	gi|194172857:1728766-1729332	Streptococcus pneumoniae TIGR4 chromosome complete genome		streptococcus_mitis	GCF_013305725.1
data/unzipped_genomes/streptococcus_mitis/ncbi_dataset/data/GCF_013305725.1/GCF_013305725.1_ASM1330572v1_genomic.fna	NZ_CP047883.1	464363	465367	-	gi|194172857:1727751-1728755	1-1005/1005	===============	0/0	100.0	94.73	victors	gi|194172857:1727751-1728755	Streptococcus pneumoniae TIGR4 chromosome complete genome		streptococcus_mitis	GCF_013305725.1
data/unzipped_genomes/streptococcus_mitis/ncbi_dataset/data/GCF_013305725.1/GCF_013305725.1_ASM1330572v1_genomic.fna	NZ_CP047883.1	481713	483509	-	gi|194172857:1697767-1699563	1-1797/1797	===============	0/0	100.0	93.55	victors	gi|194172857:1697767-1699563	Streptococcus pneumoniae TIGR4 chromosome complete genome		streptococcus_mitis	GCF_013305725.1
data/unzipped_genomes/streptococcus_mitis/ncbi_dataset/data/GCF_013305725.1/GCF_013305725.1_ASM1330572v1_genomic.fna	NZ_CP047883.1	484707	485164	-	gi|194172857:1696967-1697527	2-459/561	=============..	0/0	81.64	96.07	victors	gi|194172857:1696967-1697527	Streptococcus pneumoniae TIGR4 chromosome complete genome		streptococcus_mitis	GCF_013305725.1
data/unzipped_genomes/streptococcus_mitis/ncbi_dataset/data/GCF_013305725.1/GCF_013305725.1_ASM1330572v1_genomic.fna	NZ_CP047883.1	495007	496478	-	gi|194172857:1617834-1619312	1-1475/1479	========/======	7/9	99.32	88.23	victors	gi|194172857:1617834-1619312	Streptococcus pneumoniae TIGR4 chromosome complete genome		streptococcus_mitis	GCF_013305725.1
data/unzipped_genomes/streptococcus_mitis/ncbi_dataset/data/GCF_013305725.1/GCF_013305725.1_ASM1330572v1_genomic.fna	NZ_CP047883.1	602712	603260	-	gi|221230948:1461838-1462386	1-549/549	===============	0/0	100.0	94.35	victors	gi|221230948:1461838-1462386	Streptococcus pneumoniae ATCC 700669 complete genome		streptococcus_mitis	GCF_013305725.1
data/unzipped_genomes/streptococcus_mitis/ncbi_dataset/data/GCF_013305725.1/GCF_013305725.1_ASM1330572v1_genomic.fna	NZ_CP047883.1	617189	618589	-	gi|194172857:1446900-1448300	1-1401/1401	===============	0/0	100.0	93.79	victors	gi|194172857:1446900-1448300	Streptococcus pneumoniae TIGR4 chromosome complete genome		streptococcus_mitis	GCF_013305725.1
data/unzipped_genomes/streptococcus_mitis/ncbi_dataset/data/GCF_013305725.1/GCF_013305725.1_ASM1330572v1_genomic.fna	NZ_CP047883.1	624206	625785	-	gi|194172857:1439696-1441285	11-1590/1590	===============	0/0	99.37	90.57	victors	gi|194172857:1439696-1441285	Streptococcus pneumoniae TIGR4 chromosome complete genome		streptococcus_mitis	GCF_013305725.1
data/unzipped_genomes/streptococcus_mitis/ncbi_dataset/data/GCF_013305725.1/GCF_013305725.1_ASM1330572v1_genomic.fna	NZ_CP047883.1	650444	651181	+	gi|194172857:631654-632391	1-738/738	===============	0/0	100.0	93.63	victors	gi|194172857:631654-632391	Streptococcus pneumoniae TIGR4 chromosome complete genome		streptococcus_mitis	GCF_013305725.1
data/unzipped_genomes/streptococcus_mitis/ncbi_dataset/data/GCF_013305725.1/GCF_013305725.1_ASM1330572v1_genomic.fna	NZ_CP047883.1	652985	653543	+	gi|194172857:634195-634758	2-560/564	========/======	2/2	98.94	87.14	victors	gi|194172857:634195-634758	Streptococcus pneumoniae TIGR4 chromosome complete genome		streptococcus_mitis	GCF_013305725.1
data/unzipped_genomes/streptococcus_mitis/ncbi_dataset/data/GCF_013305725.1/GCF_013305725.1_ASM1330572v1_genomic.fna	NZ_CP047883.1	659547	661250	+	gi|194172857:640561-642282	1-1704/1722	===============	0/0	98.95	89.55	victors	gi|194172857:640561-642282	Streptococcus pneumoniae TIGR4 chromosome complete genome		streptococcus_mitis	GCF_013305725.1
data/unzipped_genomes/streptococcus_mitis/ncbi_dataset/data/GCF_013305725.1/GCF_013305725.1_ASM1330572v1_genomic.fna	NZ_CP047883.1	671852	678354	+	gi|194172857:615441-622142	1-6503/6702	========/======	4/4	97.0	90.75	victors	gi|194172857:615441-622142	Streptococcus pneumoniae TIGR4 chromosome complete genome		streptococcus_mitis	GCF_013305725.1
data/unzipped_genomes/streptococcus_mitis/ncbi_dataset/data/GCF_013305725.1/GCF_013305725.1_ASM1330572v1_genomic.fna	NZ_CP047883.1	681968	684022	+	gi|194172857:625663-627717	1-2055/2055	========/======	2/2	99.95	89.83	victors	gi|194172857:625663-627717	Streptococcus pneumoniae TIGR4 chromosome complete genome		streptococcus_mitis	GCF_013305725.1
data/unzipped_genomes/streptococcus_mitis/ncbi_dataset/data/GCF_013305725.1/GCF_013305725.1_ASM1330572v1_genomic.fna	NZ_CP047883.1	697401	698318	-	gi|194172857:1322142-1323059	1-918/918	===============	0/0	100.0	86.17	victors	gi|194172857:1322142-1323059	Streptococcus pneumoniae TIGR4 chromosome complete genome		streptococcus_mitis	GCF_013305725.1
data/unzipped_genomes/streptococcus_mitis/ncbi_dataset/data/GCF_013305725.1/GCF_013305725.1_ASM1330572v1_genomic.fna	NZ_CP047883.1	698308	699192	-	gi|194172857:1321268-1322152	1-885/885	===============	0/0	100.0	89.04	victors	gi|194172857:1321268-1322152	Streptococcus pneumoniae TIGR4 chromosome complete genome		streptococcus_mitis	GCF_013305725.1
data/unzipped_genomes/streptococcus_mitis/ncbi_dataset/data/GCF_013305725.1/GCF_013305725.1_ASM1330572v1_genomic.fna	NZ_CP047883.1	700019	700777	-	gi|194172857:1319683-1320441	1-759/759	===============	0/0	100.0	88.54	victors	gi|194172857:1319683-1320441	Streptococcus pneumoniae TIGR4 chromosome complete genome		streptococcus_mitis	GCF_013305725.1
data/unzipped_genomes/streptococcus_mitis/ncbi_dataset/data/GCF_013305725.1/GCF_013305725.1_ASM1330572v1_genomic.fna	NZ_CP047883.1	709382	710452	-	gi|221230948:1324319-1325389	1-1071/1071	===============	0/0	100.0	92.44	victors	gi|221230948:1324319-1325389	Streptococcus pneumoniae ATCC 700669 complete genome		streptococcus_mitis	GCF_013305725.1
data/unzipped_genomes/streptococcus_mitis/ncbi_dataset/data/GCF_013305725.1/GCF_013305725.1_ASM1330572v1_genomic.fna	NZ_CP047883.1	720535	721988	-	gi|194172857:1304782-1306236	2-1455/1455	===============	0/0	99.93	92.3	victors	gi|194172857:1304782-1306236	Streptococcus pneumoniae TIGR4 chromosome complete genome		streptococcus_mitis	GCF_013305725.1
data/unzipped_genomes/streptococcus_mitis/ncbi_dataset/data/GCF_013305725.1/GCF_013305725.1_ASM1330572v1_genomic.fna	NZ_CP047883.1	725329	726494	-	gi|194172857:1300389-1301561	1-1166/1173	===============	0/0	99.4	91.85	victors	gi|194172857:1300389-1301561	Streptococcus pneumoniae TIGR4 chromosome complete genome		streptococcus_mitis	GCF_013305725.1
data/unzipped_genomes/streptococcus_mitis/ncbi_dataset/data/GCF_013305725.1/GCF_013305725.1_ASM1330572v1_genomic.fna	NZ_CP047883.1	726491	727168	-	gi|194172857:1299715-1300392	1-678/678	===============	0/0	100.0	94.84	victors	gi|194172857:1299715-1300392	Streptococcus pneumoniae TIGR4 chromosome complete genome		streptococcus_mitis	GCF_013305725.1
data/unzipped_genomes/streptococcus_mitis/ncbi_dataset/data/GCF_013305725.1/GCF_013305725.1_ASM1330572v1_genomic.fna	NZ_CP047883.1	766108	766713	+	gi|182682970:712398-713003	1-606/606	===============	0/0	100.0	96.53	victors	gi|182682970:712398-713003	Streptococcus pneumoniae CGSP14 complete genome		streptococcus_mitis	GCF_013305725.1
data/unzipped_genomes/streptococcus_mitis/ncbi_dataset/data/GCF_013305725.1/GCF_013305725.1_ASM1330572v1_genomic.fna	NZ_CP047883.1	766870	767400	+	gi|194172857:726140-726652	1-513/513	========/======	1/18	100.0	93.6	victors	gi|194172857:726140-726652	Streptococcus pneumoniae TIGR4 chromosome complete genome		streptococcus_mitis	GCF_013305725.1
data/unzipped_genomes/streptococcus_mitis/ncbi_dataset/data/GCF_013305725.1/GCF_013305725.1_ASM1330572v1_genomic.fna	NZ_CP047883.1	779869	781071	+	gi|194172857:738515-739714	7-1200/1200	========/======	1/9	99.5	84.62	victors	gi|194172857:738515-739714	Streptococcus pneumoniae TIGR4 chromosome complete genome		streptococcus_mitis	GCF_013305725.1
data/unzipped_genomes/streptococcus_mitis/ncbi_dataset/data/GCF_013305725.1/GCF_013305725.1_ASM1330572v1_genomic.fna	NZ_CP047883.1	788369	789646	+	gi|194172857:788996-790273	1-1278/1278	===============	0/0	100.0	91.63	victors	gi|194172857:788996-790273	Streptococcus pneumoniae TIGR4 chromosome complete genome		streptococcus_mitis	GCF_013305725.1
data/unzipped_genomes/streptococcus_mitis/ncbi_dataset/data/GCF_013305725.1/GCF_013305725.1_ASM1330572v1_genomic.fna	NZ_CP047883.1	805876	806898	+	gi|194172857:803302-804324	1-1023/1023	===============	0/0	100.0	93.74	victors	gi|194172857:803302-804324	Streptococcus pneumoniae TIGR4 chromosome complete genome		streptococcus_mitis	GCF_013305725.1
data/unzipped_genomes/streptococcus_mitis/ncbi_dataset/data/GCF_013305725.1/GCF_013305725.1_ASM1330572v1_genomic.fna	NZ_CP047883.1	824312	825055	-	gi|116515308:1102250-1102993	1-744/744	===============	0/0	100.0	81.05	victors	gi|116515308:1102250-1102993	Streptococcus pneumoniae D39 complete genome		streptococcus_mitis	GCF_013305725.1
data/unzipped_genomes/streptococcus_mitis/ncbi_dataset/data/GCF_013305725.1/GCF_013305725.1_ASM1330572v1_genomic.fna	NZ_CP047883.1	836583	838250	-	gi|194172857:1135215-1136882	1-1668/1668	===============	0/0	100.0	93.47	victors	gi|194172857:1135215-1136882	Streptococcus pneumoniae TIGR4 chromosome complete genome		streptococcus_mitis	GCF_013305725.1
data/unzipped_genomes/streptococcus_mitis/ncbi_dataset/data/GCF_013305725.1/GCF_013305725.1_ASM1330572v1_genomic.fna	NZ_CP047883.1	870630	871328	-	gi|15902044:1337590-1338288	1-699/699	===============	0/0	100.0	89.56	victors	gi|15902044:1337590-1338288	Streptococcus pneumoniae R6 complete genome		streptococcus_mitis	GCF_013305725.1
data/unzipped_genomes/streptococcus_mitis/ncbi_dataset/data/GCF_013305725.1/GCF_013305725.1_ASM1330572v1_genomic.fna	NZ_CP047883.1	900657	901154	+	gi|194172857:612683-613180	1-498/498	===============	0/0	100.0	90.56	victors	gi|194172857:612683-613180	Streptococcus pneumoniae TIGR4 chromosome complete genome		streptococcus_mitis	GCF_013305725.1
data/unzipped_genomes/streptococcus_mitis/ncbi_dataset/data/GCF_013305725.1/GCF_013305725.1_ASM1330572v1_genomic.fna	NZ_CP047883.1	904309	904734	-	gi|194172857:1129404-1129829	1-426/426	===============	0/0	100.0	95.78	victors	gi|194172857:1129404-1129829	Streptococcus pneumoniae TIGR4 chromosome complete genome		streptococcus_mitis	GCF_013305725.1
data/unzipped_genomes/streptococcus_mitis/ncbi_dataset/data/GCF_013305725.1/GCF_013305725.1_ASM1330572v1_genomic.fna	NZ_CP047883.1	934380	934940	+	gi|194172857:962373-962972	1-561/600	===============	0/0	93.5	93.23	victors	gi|194172857:962373-962972	Streptococcus pneumoniae TIGR4 chromosome complete genome		streptococcus_mitis	GCF_013305725.1
data/unzipped_genomes/streptococcus_mitis/ncbi_dataset/data/GCF_013305725.1/GCF_013305725.1_ASM1330572v1_genomic.fna	NZ_CP047883.1	937471	937901	+	gi|194172857:965957-966388	2-432/432	===============	0/0	99.77	93.27	victors	gi|194172857:965957-966388	Streptococcus pneumoniae TIGR4 chromosome complete genome		streptococcus_mitis	GCF_013305725.1
data/unzipped_genomes/streptococcus_mitis/ncbi_dataset/data/GCF_013305725.1/GCF_013305725.1_ASM1330572v1_genomic.fna	NZ_CP047883.1	941937	943266	+	gi|194172857:970424-972055	1-1330/1632	=============..	0/0	81.5	87.59	victors	gi|194172857:970424-972055	Streptococcus pneumoniae TIGR4 chromosome complete genome		streptococcus_mitis	GCF_013305725.1
data/unzipped_genomes/streptococcus_mitis/ncbi_dataset/data/GCF_013305725.1/GCF_013305725.1_ASM1330572v1_genomic.fna	NZ_CP047883.1	949499	950416	-	gi|221230948:1189319-1190236	1-918/918	===============	0/0	100.0	99.56	victors	gi|221230948:1189319-1190236	Streptococcus pneumoniae ATCC 700669 complete genome		streptococcus_mitis	GCF_013305725.1
data/unzipped_genomes/streptococcus_mitis/ncbi_dataset/data/GCF_013305725.1/GCF_013305725.1_ASM1330572v1_genomic.fna	NZ_CP047883.1	950444	951983	-	gi|194172857:1252109-1253650	3-1542/1542	===============	0/0	99.87	97.92	victors	gi|194172857:1252109-1253650	Streptococcus pneumoniae TIGR4 chromosome complete genome		streptococcus_mitis	GCF_013305725.1
data/unzipped_genomes/streptococcus_mitis/ncbi_dataset/data/GCF_013305725.1/GCF_013305725.1_ASM1330572v1_genomic.fna	NZ_CP047883.1	959436	959912	-	gi|194172857:1244391-1244867	1-477/477	===============	0/0	100.0	98.32	victors	gi|194172857:1244391-1244867	Streptococcus pneumoniae TIGR4 chromosome complete genome		streptococcus_mitis	GCF_013305725.1
data/unzipped_genomes/streptococcus_mitis/ncbi_dataset/data/GCF_013305725.1/GCF_013305725.1_ASM1330572v1_genomic.fna	NZ_CP047883.1	1018325	1019204	+	gi|194172857:984089-984973	1-880/885	===============	0/0	99.44	93.07	victors	gi|194172857:984089-984973	Streptococcus pneumoniae TIGR4 chromosome complete genome		streptococcus_mitis	GCF_013305725.1
data/unzipped_genomes/streptococcus_mitis/ncbi_dataset/data/GCF_013305725.1/GCF_013305725.1_ASM1330572v1_genomic.fna	NZ_CP047883.1	1024646	1026105	+	gi|194172857:869868-871343	2-1461/1476	===============	0/0	98.92	91.64	victors	gi|194172857:869868-871343	Streptococcus pneumoniae TIGR4 chromosome complete genome		streptococcus_mitis	GCF_013305725.1
data/unzipped_genomes/streptococcus_mitis/ncbi_dataset/data/GCF_013305725.1/GCF_013305725.1_ASM1330572v1_genomic.fna	NZ_CP047883.1	1042802	1043979	+	gi|194172857:1082493-1083671	1-1178/1179	===============	0/0	99.92	91.85	victors	gi|194172857:1082493-1083671	Streptococcus pneumoniae TIGR4 chromosome complete genome		streptococcus_mitis	GCF_013305725.1
data/unzipped_genomes/streptococcus_mitis/ncbi_dataset/data/GCF_013305725.1/GCF_013305725.1_ASM1330572v1_genomic.fna	NZ_CP047883.1	1131435	1132214	+	gi|194172857:1091179-1091958	1-780/780	===============	0/0	100.0	89.23	victors	gi|194172857:1091179-1091958	Streptococcus pneumoniae TIGR4 chromosome complete genome		streptococcus_mitis	GCF_013305725.1
data/unzipped_genomes/streptococcus_mitis/ncbi_dataset/data/GCF_013305725.1/GCF_013305725.1_ASM1330572v1_genomic.fna	NZ_CP047883.1	1145698	1146162	-	gi|182682970:1099619-1100083	1-465/465	===============	0/0	100.0	95.48	victors	gi|182682970:1099619-1100083	Streptococcus pneumoniae CGSP14 complete genome		streptococcus_mitis	GCF_013305725.1
data/unzipped_genomes/streptococcus_mitis/ncbi_dataset/data/GCF_013305725.1/GCF_013305725.1_ASM1330572v1_genomic.fna	NZ_CP047883.1	1158678	1159124	-	gi|194172857:1061162-1061608	1-447/447	===============	0/0	100.0	94.63	victors	gi|194172857:1061162-1061608	Streptococcus pneumoniae TIGR4 chromosome complete genome		streptococcus_mitis	GCF_013305725.1
data/unzipped_genomes/streptococcus_mitis/ncbi_dataset/data/GCF_013305725.1/GCF_013305725.1_ASM1330572v1_genomic.fna	NZ_CP047883.1	1164639	1166567	-	gi|194172857:1053718-1055646	1-1929/1929	===============	0/0	100.0	87.97	victors	gi|194172857:1053718-1055646	Streptococcus pneumoniae TIGR4 chromosome complete genome		streptococcus_mitis	GCF_013305725.1
data/unzipped_genomes/streptococcus_mitis/ncbi_dataset/data/GCF_013305725.1/GCF_013305725.1_ASM1330572v1_genomic.fna	NZ_CP047883.1	1174211	1175069	-	gi|194172857:1044703-1045566	1-859/864	===============	0/0	99.42	94.3	victors	gi|194172857:1044703-1045566	Streptococcus pneumoniae TIGR4 chromosome complete genome		streptococcus_mitis	GCF_013305725.1
data/unzipped_genomes/streptococcus_mitis/ncbi_dataset/data/GCF_013305725.1/GCF_013305725.1_ASM1330572v1_genomic.fna	NZ_CP047883.1	1191216	1191905	-	gi|194172857:1025575-1026264	1-690/690	===============	0/0	100.0	93.19	victors	gi|194172857:1025575-1026264	Streptococcus pneumoniae TIGR4 chromosome complete genome		streptococcus_mitis	GCF_013305725.1
data/unzipped_genomes/streptococcus_mitis/ncbi_dataset/data/GCF_013305725.1/GCF_013305725.1_ASM1330572v1_genomic.fna	NZ_CP047883.1	1209898	1212063	+	gi|15902044:1119657-1121822	1-2166/2166	===============	0/0	100.0	94.64	victors	gi|15902044:1119657-1121822	Streptococcus pneumoniae R6 complete genome		streptococcus_mitis	GCF_013305725.1
data/unzipped_genomes/streptococcus_mitis/ncbi_dataset/data/GCF_013305725.1/GCF_013305725.1_ASM1330572v1_genomic.fna	NZ_CP047883.1	1275918	1277720	-	gi|194172857:924530-926332	1-1803/1803	===============	0/0	100.0	94.9	victors	gi|194172857:924530-926332	Streptococcus pneumoniae TIGR4 chromosome complete genome		streptococcus_mitis	GCF_013305725.1
data/unzipped_genomes/streptococcus_mitis/ncbi_dataset/data/GCF_013305725.1/GCF_013305725.1_ASM1330572v1_genomic.fna	NZ_CP047883.1	1277739	1278692	-	gi|194172857:923558-924511	1-954/954	===============	0/0	100.0	91.61	victors	gi|194172857:923558-924511	Streptococcus pneumoniae TIGR4 chromosome complete genome		streptococcus_mitis	GCF_013305725.1
data/unzipped_genomes/streptococcus_mitis/ncbi_dataset/data/GCF_013305725.1/GCF_013305725.1_ASM1330572v1_genomic.fna	NZ_CP047883.1	1287505	1289160	-	gi|194172857:913088-914743	1-1656/1656	===============	0/0	100.0	94.2	victors	gi|194172857:913088-914743	Streptococcus pneumoniae TIGR4 chromosome complete genome		streptococcus_mitis	GCF_013305725.1
data/unzipped_genomes/streptococcus_mitis/ncbi_dataset/data/GCF_013305725.1/GCF_013305725.1_ASM1330572v1_genomic.fna	NZ_CP047883.1	1293254	1294464	-	gi|194172857:778425-779636	2-1212/1212	===============	0/0	99.92	93.81	victors	gi|194172857:778425-779636	Streptococcus pneumoniae TIGR4 chromosome complete genome		streptococcus_mitis	GCF_013305725.1
data/unzipped_genomes/streptococcus_mitis/ncbi_dataset/data/GCF_013305725.1/GCF_013305725.1_ASM1330572v1_genomic.fna	NZ_CP047883.1	1300117	1300857	-	gi|182682970:738909-739649	1-741/741	===============	0/0	100.0	95.28	victors	gi|182682970:738909-739649	Streptococcus pneumoniae CGSP14 complete genome		streptococcus_mitis	GCF_013305725.1
data/unzipped_genomes/streptococcus_mitis/ncbi_dataset/data/GCF_013305725.1/GCF_013305725.1_ASM1330572v1_genomic.fna	NZ_CP047883.1	1300900	1303446	-	gi|194172857:749306-751852	1-2547/2547	===============	0/0	100.0	93.48	victors	gi|194172857:749306-751852	Streptococcus pneumoniae TIGR4 chromosome complete genome		streptococcus_mitis	GCF_013305725.1
data/unzipped_genomes/streptococcus_mitis/ncbi_dataset/data/GCF_013305725.1/GCF_013305725.1_ASM1330572v1_genomic.fna	NZ_CP047883.1	1308261	1308577	-	gi|194172857:744247-744567	2-318/321	===============	0/0	98.75	97.16	victors	gi|194172857:744247-744567	Streptococcus pneumoniae TIGR4 chromosome complete genome		streptococcus_mitis	GCF_013305725.1
data/unzipped_genomes/streptococcus_mitis/ncbi_dataset/data/GCF_013305725.1/GCF_013305725.1_ASM1330572v1_genomic.fna	NZ_CP047883.1	1325901	1327254	-	gi|194172857:892923-894293	18-1371/1371	===============	0/0	98.76	92.84	victors	gi|194172857:892923-894293	Streptococcus pneumoniae TIGR4 chromosome complete genome		streptococcus_mitis	GCF_013305725.1
data/unzipped_genomes/streptococcus_mitis/ncbi_dataset/data/GCF_013305725.1/GCF_013305725.1_ASM1330572v1_genomic.fna	NZ_CP047883.1	1335093	1336001	-	gi|194172857:879941-880849	1-909/909	===============	0/0	100.0	86.69	victors	gi|194172857:879941-880849	Streptococcus pneumoniae TIGR4 chromosome complete genome		streptococcus_mitis	GCF_013305725.1
data/unzipped_genomes/streptococcus_mitis/ncbi_dataset/data/GCF_013305725.1/GCF_013305725.1_ASM1330572v1_genomic.fna	NZ_CP047883.1	1339972	1341054	+	gi|194172857:1395292-1396374	1-1083/1083	===============	0/0	100.0	92.8	victors	gi|194172857:1395292-1396374	Streptococcus pneumoniae TIGR4 chromosome complete genome		streptococcus_mitis	GCF_013305725.1
data/unzipped_genomes/streptococcus_mitis/ncbi_dataset/data/GCF_013305725.1/GCF_013305725.1_ASM1330572v1_genomic.fna	NZ_CP047883.1	1362486	1363007	+	gi|194172857:1213698-1214219	1-522/522	===============	0/0	100.0	95.59	victors	gi|194172857:1213698-1214219	Streptococcus pneumoniae TIGR4 chromosome complete genome		streptococcus_mitis	GCF_013305725.1
data/unzipped_genomes/streptococcus_mitis/ncbi_dataset/data/GCF_013305725.1/GCF_013305725.1_ASM1330572v1_genomic.fna	NZ_CP047883.1	1364510	1364886	+	gi|194172857:1215723-1216088	1-366/366	========/======	2/13	99.73	88.62	victors	gi|194172857:1215723-1216088	Streptococcus pneumoniae TIGR4 chromosome complete genome		streptococcus_mitis	GCF_013305725.1
data/unzipped_genomes/streptococcus_mitis/ncbi_dataset/data/GCF_013305725.1/GCF_013305725.1_ASM1330572v1_genomic.fna	NZ_CP047883.1	1368484	1369197	+	gi|194172857:1219485-1220198	1-714/714	===============	0/0	100.0	92.3	victors	gi|194172857:1219485-1220198	Streptococcus pneumoniae TIGR4 chromosome complete genome		streptococcus_mitis	GCF_013305725.1
data/unzipped_genomes/streptococcus_mitis/ncbi_dataset/data/GCF_013305725.1/GCF_013305725.1_ASM1330572v1_genomic.fna	NZ_CP047883.1	1369366	1370685	+	gi|194172857:1220465-1221784	1-1320/1320	===============	0/0	100.0	94.85	victors	gi|194172857:1220465-1221784	Streptococcus pneumoniae TIGR4 chromosome complete genome		streptococcus_mitis	GCF_013305725.1
data/unzipped_genomes/streptococcus_mitis/ncbi_dataset/data/GCF_013305725.1/GCF_013305725.1_ASM1330572v1_genomic.fna	NZ_CP047883.1	1386637	1388589	-	gi|194172857:824351-826303	1-1953/1953	===============	0/0	100.0	94.67	victors	gi|194172857:824351-826303	Streptococcus pneumoniae TIGR4 chromosome complete genome		streptococcus_mitis	GCF_013305725.1
data/unzipped_genomes/streptococcus_mitis/ncbi_dataset/data/GCF_013305725.1/GCF_013305725.1_ASM1330572v1_genomic.fna	NZ_CP047883.1	1404422	1405801	+	gi|116515308:1316925-1318304	1-1380/1380	===============	0/0	100.0	95.36	victors	gi|116515308:1316925-1318304	Streptococcus pneumoniae D39 complete genome		streptococcus_mitis	GCF_013305725.1
data/unzipped_genomes/streptococcus_mitis/ncbi_dataset/data/GCF_013305725.1/GCF_013305725.1_ASM1330572v1_genomic.fna	NZ_CP047883.1	1439617	1440306	-	gi|15902044:726846-727535	1-690/690	===============	0/0	100.0	94.2	victors	gi|15902044:726846-727535	Streptococcus pneumoniae R6 complete genome		streptococcus_mitis	GCF_013305725.1
data/unzipped_genomes/streptococcus_mitis/ncbi_dataset/data/GCF_013305725.1/GCF_013305725.1_ASM1330572v1_genomic.fna	NZ_CP047883.1	1463798	1464388	-	gi|194172857:706881-707471	1-591/591	===============	0/0	100.0	95.26	victors	gi|194172857:706881-707471	Streptococcus pneumoniae TIGR4 chromosome complete genome		streptococcus_mitis	GCF_013305725.1
data/unzipped_genomes/streptococcus_mitis/ncbi_dataset/data/GCF_013305725.1/GCF_013305725.1_ASM1330572v1_genomic.fna	NZ_CP047883.1	1475815	1477590	-	gi|225853611:649783-651558	1-1776/1776	===============	0/0	100.0	96.4	victors	gi|225853611:649783-651558	Streptococcus pneumoniae JJA complete genome		streptococcus_mitis	GCF_013305725.1
data/unzipped_genomes/streptococcus_mitis/ncbi_dataset/data/GCF_013305725.1/GCF_013305725.1_ASM1330572v1_genomic.fna	NZ_CP047883.1	1477913	1479895	-	gi|194172857:692672-694654	1-1983/1983	===============	0/0	100.0	91.38	victors	gi|194172857:692672-694654	Streptococcus pneumoniae TIGR4 chromosome complete genome		streptococcus_mitis	GCF_013305725.1
data/unzipped_genomes/streptococcus_mitis/ncbi_dataset/data/GCF_013305725.1/GCF_013305725.1_ASM1330572v1_genomic.fna	NZ_CP047883.1	1480166	1480537	-	gi|194172857:692030-692401	1-372/372	===============	0/0	100.0	93.28	victors	gi|194172857:692030-692401	Streptococcus pneumoniae TIGR4 chromosome complete genome		streptococcus_mitis	GCF_013305725.1
data/unzipped_genomes/streptococcus_mitis/ncbi_dataset/data/GCF_013305725.1/GCF_013305725.1_ASM1330572v1_genomic.fna	NZ_CP047883.1	1481308	1482098	-	gi|194172857:690467-691258	2-792/792	===============	0/0	99.87	90.77	victors	gi|194172857:690467-691258	Streptococcus pneumoniae TIGR4 chromosome complete genome		streptococcus_mitis	GCF_013305725.1
data/unzipped_genomes/streptococcus_mitis/ncbi_dataset/data/GCF_013305725.1/GCF_013305725.1_ASM1330572v1_genomic.fna	NZ_CP047883.1	1485571	1486956	-	gi|194172857:685560-686945	1-1386/1386	===============	0/0	100.0	91.41	victors	gi|194172857:685560-686945	Streptococcus pneumoniae TIGR4 chromosome complete genome		streptococcus_mitis	GCF_013305725.1
data/unzipped_genomes/streptococcus_mitis/ncbi_dataset/data/GCF_013305725.1/GCF_013305725.1_ASM1330572v1_genomic.fna	NZ_CP047883.1	1486957	1487517	-	gi|194172857:684999-685559	1-561/561	===============	0/0	100.0	92.69	victors	gi|194172857:684999-685559	Streptococcus pneumoniae TIGR4 chromosome complete genome		streptococcus_mitis	GCF_013305725.1
data/unzipped_genomes/streptococcus_mitis/ncbi_dataset/data/GCF_013305725.1/GCF_013305725.1_ASM1330572v1_genomic.fna	NZ_CP047883.1	1493611	1494843	-	gi|194172857:661716-662915	1-1200/1200	========/======	3/33	100.0	85.81	victors	gi|194172857:661716-662915	Streptococcus pneumoniae TIGR4 chromosome complete genome		streptococcus_mitis	GCF_013305725.1
data/unzipped_genomes/streptococcus_mitis/ncbi_dataset/data/GCF_013305725.1/GCF_013305725.1_ASM1330572v1_genomic.fna	NZ_CP047883.1	1498012	1500033	-	gi|194172857:656526-658547	1-2022/2022	===============	0/0	100.0	94.16	victors	gi|194172857:656526-658547	Streptococcus pneumoniae TIGR4 chromosome complete genome		streptococcus_mitis	GCF_013305725.1
data/unzipped_genomes/streptococcus_mitis/ncbi_dataset/data/GCF_013305725.1/GCF_013305725.1_ASM1330572v1_genomic.fna	NZ_CP047883.1	1515316	1521807	-	gi|194172857:603894-610316	1-6423/6423	========/======	6/75	99.95	91.96	victors	gi|194172857:603894-610316	Streptococcus pneumoniae TIGR4 chromosome complete genome		streptococcus_mitis	GCF_013305725.1
data/unzipped_genomes/streptococcus_mitis/ncbi_dataset/data/GCF_013305725.1/GCF_013305725.1_ASM1330572v1_genomic.fna	NZ_CP047883.1	1531308	1532174	+	gi|15674250:1567023-1567904	16-882/882	========/======	4/8	97.85	87.14	victors	gi|15674250:1567023-1567904	Streptococcus pyogenes M1 GAS chromosome complete genome		streptococcus_mitis	GCF_013305725.1
data/unzipped_genomes/streptococcus_mitis/ncbi_dataset/data/GCF_013305725.1/GCF_013305725.1_ASM1330572v1_genomic.fna	NZ_CP047883.1	1535871	1536518	-	gi|194172857:567091-567738	1-648/648	===============	0/0	100.0	95.22	victors	gi|194172857:567091-567738	Streptococcus pneumoniae TIGR4 chromosome complete genome		streptococcus_mitis	GCF_013305725.1
data/unzipped_genomes/streptococcus_mitis/ncbi_dataset/data/GCF_013305725.1/GCF_013305725.1_ASM1330572v1_genomic.fna	NZ_CP047883.1	1538798	1539586	+	gi|116515308:1430266-1431054	1-789/789	===============	0/0	100.0	90.11	victors	gi|116515308:1430266-1431054	Streptococcus pneumoniae D39 complete genome		streptococcus_mitis	GCF_013305725.1
data/unzipped_genomes/streptococcus_mitis/ncbi_dataset/data/GCF_013305725.1/GCF_013305725.1_ASM1330572v1_genomic.fna	NZ_CP047883.1	1545414	1546496	+	gi|194172857:1496623-1497705	1-1083/1083	===============	0/0	100.0	95.2	victors	gi|194172857:1496623-1497705	Streptococcus pneumoniae TIGR4 chromosome complete genome		streptococcus_mitis	GCF_013305725.1
data/unzipped_genomes/streptococcus_mitis/ncbi_dataset/data/GCF_013305725.1/GCF_013305725.1_ASM1330572v1_genomic.fna	NZ_CP047883.1	1564578	1565183	-	gi|194172857:589566-590171	1-606/606	===============	0/0	100.0	91.09	victors	gi|194172857:589566-590171	Streptococcus pneumoniae TIGR4 chromosome complete genome		streptococcus_mitis	GCF_013305725.1
data/unzipped_genomes/streptococcus_mitis/ncbi_dataset/data/GCF_013305725.1/GCF_013305725.1_ASM1330572v1_genomic.fna	NZ_CP047883.1	1568856	1569630	-	gi|194172857:581578-582357	1-775/780	===============	0/0	99.36	92.26	victors	gi|194172857:581578-582357	Streptococcus pneumoniae TIGR4 chromosome complete genome		streptococcus_mitis	GCF_013305725.1
data/unzipped_genomes/streptococcus_mitis/ncbi_dataset/data/GCF_013305725.1/GCF_013305725.1_ASM1330572v1_genomic.fna	NZ_CP047883.1	1576945	1577622	-	gi|15902044:532770-533447	1-678/678	===============	0/0	100.0	92.03	victors	gi|15902044:532770-533447	Streptococcus pneumoniae R6 complete genome		streptococcus_mitis	GCF_013305725.1
data/unzipped_genomes/streptococcus_mitis/ncbi_dataset/data/GCF_013305725.1/GCF_013305725.1_ASM1330572v1_genomic.fna	NZ_CP047883.1	1577632	1578290	-	gi|15902044:532101-532760	2-660/660	===============	0/0	99.85	93.17	victors	gi|15902044:532101-532760	Streptococcus pneumoniae R6 complete genome		streptococcus_mitis	GCF_013305725.1
data/unzipped_genomes/streptococcus_mitis/ncbi_dataset/data/GCF_013305725.1/GCF_013305725.1_ASM1330572v1_genomic.fna	NZ_CP047883.1	1579736	1580173	+	gi|194172857:1535881-1536318	1-438/438	===============	0/0	100.0	92.69	victors	gi|194172857:1535881-1536318	Streptococcus pneumoniae TIGR4 chromosome complete genome		streptococcus_mitis	GCF_013305725.1
data/unzipped_genomes/streptococcus_mitis/ncbi_dataset/data/GCF_013305725.1/GCF_013305725.1_ASM1330572v1_genomic.fna	NZ_CP047883.1	1589309	1589986	+	gi|194172857:1533514-1534191	1-678/678	===============	0/0	100.0	94.84	victors	gi|194172857:1533514-1534191	Streptococcus pneumoniae TIGR4 chromosome complete genome		streptococcus_mitis	GCF_013305725.1
data/unzipped_genomes/streptococcus_mitis/ncbi_dataset/data/GCF_013305725.1/GCF_013305725.1_ASM1330572v1_genomic.fna	NZ_CP047883.1	1600494	1601123	+	gi|194172857:1544931-1545560	1-630/630	===============	0/0	100.0	89.68	victors	gi|194172857:1544931-1545560	Streptococcus pneumoniae TIGR4 chromosome complete genome		streptococcus_mitis	GCF_013305725.1
data/unzipped_genomes/streptococcus_mitis/ncbi_dataset/data/GCF_013305725.1/GCF_013305725.1_ASM1330572v1_genomic.fna	NZ_CP047883.1	1604123	1604845	+	gi|116515308:1476617-1477339	1-723/723	===============	0/0	100.0	96.4	victors	gi|116515308:1476617-1477339	Streptococcus pneumoniae D39 complete genome		streptococcus_mitis	GCF_013305725.1
data/unzipped_genomes/streptococcus_mitis/ncbi_dataset/data/GCF_013305725.1/GCF_013305725.1_ASM1330572v1_genomic.fna	NZ_CP047883.1	1604842	1605690	+	gi|116515308:1477336-1478184	1-849/849	===============	0/0	100.0	97.53	victors	gi|116515308:1477336-1478184	Streptococcus pneumoniae D39 complete genome		streptococcus_mitis	GCF_013305725.1
data/unzipped_genomes/streptococcus_mitis/ncbi_dataset/data/GCF_013305725.1/GCF_013305725.1_ASM1330572v1_genomic.fna	NZ_CP047883.1	1605722	1606651	+	gi|15902044:1470685-1471614	1-930/930	===============	0/0	100.0	93.23	victors	gi|15902044:1470685-1471614	Streptococcus pneumoniae R6 complete genome		streptococcus_mitis	GCF_013305725.1
data/unzipped_genomes/streptococcus_mitis/ncbi_dataset/data/GCF_013305725.1/GCF_013305725.1_ASM1330572v1_genomic.fna	NZ_CP047883.1	1610410	1612630	+	gi|194172857:1541750-1543972	3-2223/2223	===============	0/0	99.91	92.26	victors	gi|194172857:1541750-1543972	Streptococcus pneumoniae TIGR4 chromosome complete genome		streptococcus_mitis	GCF_013305725.1
data/unzipped_genomes/streptococcus_mitis/ncbi_dataset/data/GCF_013305725.1/GCF_013305725.1_ASM1330572v1_genomic.fna	NZ_CP047883.1	1612763	1613892	+	gi|194172857:1485134-1486264	2-1131/1131	===============	0/0	99.91	94.69	victors	gi|194172857:1485134-1486264	Streptococcus pneumoniae TIGR4 chromosome complete genome		streptococcus_mitis	GCF_013305725.1
data/unzipped_genomes/streptococcus_mitis/ncbi_dataset/data/GCF_013305725.1/GCF_013305725.1_ASM1330572v1_genomic.fna	NZ_CP047883.1	1621637	1622503	-	gi|194172857:556411-557277	1-867/867	===============	0/0	100.0	94.23	victors	gi|194172857:556411-557277	Streptococcus pneumoniae TIGR4 chromosome complete genome		streptococcus_mitis	GCF_013305725.1
data/unzipped_genomes/streptococcus_mitis/ncbi_dataset/data/GCF_013305725.1/GCF_013305725.1_ASM1330572v1_genomic.fna	NZ_CP047883.1	1737482	1738180	-	gi|194172857:365195-365893	1-699/699	===============	0/0	100.0	95.28	victors	gi|194172857:365195-365893	Streptococcus pneumoniae TIGR4 chromosome complete genome		streptococcus_mitis	GCF_013305725.1
data/unzipped_genomes/streptococcus_mitis/ncbi_dataset/data/GCF_013305725.1/GCF_013305725.1_ASM1330572v1_genomic.fna	NZ_CP047883.1	1742412	1743351	-	gi|194172857:355946-356968	1-937/1023	========/=====.	3/9	91.3	87.81	victors	gi|194172857:355946-356968	Streptococcus pneumoniae TIGR4 chromosome complete genome		streptococcus_mitis	GCF_013305725.1
data/unzipped_genomes/streptococcus_mitis/ncbi_dataset/data/GCF_013305725.1/GCF_013305725.1_ASM1330572v1_genomic.fna	NZ_CP047883.1	1744480	1745169	-	gi|194396645:336110-336799	1-690/690	===============	0/0	100.0	86.67	victors	gi|194396645:336110-336799	Streptococcus pneumoniae G54 chromosome complete genome		streptococcus_mitis	GCF_013305725.1
data/unzipped_genomes/streptococcus_mitis/ncbi_dataset/data/GCF_013305725.1/GCF_013305725.1_ASM1330572v1_genomic.fna	NZ_CP047883.1	1793889	1794371	-	gi|194396645:298881-299363	1-483/483	===============	0/0	100.0	93.58	victors	gi|194396645:298881-299363	Streptococcus pneumoniae G54 chromosome complete genome		streptococcus_mitis	GCF_013305725.1
data/unzipped_genomes/streptococcus_mitis/ncbi_dataset/data/GCF_013305725.1/GCF_013305725.1_ASM1330572v1_genomic.fna	NZ_CP047883.1	1794435	1796536	-	gi|194172857:310722-312827	1-2102/2106	===============	0/0	99.81	93.72	victors	gi|194172857:310722-312827	Streptococcus pneumoniae TIGR4 chromosome complete genome		streptococcus_mitis	GCF_013305725.1
data/unzipped_genomes/streptococcus_mitis/ncbi_dataset/data/GCF_013305725.1/GCF_013305725.1_ASM1330572v1_genomic.fna	NZ_CP047883.1	1800547	1801392	-	gi|116515308:417194-418039	1-846/846	===============	0/0	100.0	93.14	victors	gi|116515308:417194-418039	Streptococcus pneumoniae D39 complete genome		streptococcus_mitis	GCF_013305725.1
data/unzipped_genomes/streptococcus_mitis/ncbi_dataset/data/GCF_013305725.1/GCF_013305725.1_ASM1330572v1_genomic.fna	NZ_CP047883.1	1801453	1803345	-	gi|194172857:426441-428333	1-1893/1893	===============	0/0	100.0	92.92	victors	gi|194172857:426441-428333	Streptococcus pneumoniae TIGR4 chromosome complete genome		streptococcus_mitis	GCF_013305725.1
data/unzipped_genomes/streptococcus_mitis/ncbi_dataset/data/GCF_013305725.1/GCF_013305725.1_ASM1330572v1_genomic.fna	NZ_CP047883.1	1809999	1811699	-	gi|194172857:417448-419148	1-1701/1701	===============	0/0	100.0	94.59	victors	gi|194172857:417448-419148	Streptococcus pneumoniae TIGR4 chromosome complete genome		streptococcus_mitis	GCF_013305725.1
data/unzipped_genomes/streptococcus_mitis/ncbi_dataset/data/GCF_013305725.1/GCF_013305725.1_ASM1330572v1_genomic.fna	NZ_CP047883.1	1817327	1818064	+	gi|194172857:1905445-1906182	1-738/738	===============	0/0	100.0	88.35	victors	gi|194172857:1905445-1906182	Streptococcus pneumoniae TIGR4 chromosome complete genome		streptococcus_mitis	GCF_013305725.1
data/unzipped_genomes/streptococcus_mitis/ncbi_dataset/data/GCF_013305725.1/GCF_013305725.1_ASM1330572v1_genomic.fna	NZ_CP047883.1	1858409	1859779	+	gi|194172857:1841736-1843106	1-1371/1371	===============	0/0	100.0	92.78	victors	gi|194172857:1841736-1843106	Streptococcus pneumoniae TIGR4 chromosome complete genome		streptococcus_mitis	GCF_013305725.1
data/unzipped_genomes/streptococcus_mitis/ncbi_dataset/data/GCF_013305725.1/GCF_013305725.1_ASM1330572v1_genomic.fna	NZ_CP047883.1	1861103	1862359	+	gi|194172857:1844633-1845889	1-1257/1257	===============	0/0	100.0	94.11	victors	gi|194172857:1844633-1845889	Streptococcus pneumoniae TIGR4 chromosome complete genome		streptococcus_mitis	GCF_013305725.1
data/unzipped_genomes/streptococcus_mitis/ncbi_dataset/data/GCF_013305725.1/GCF_013305725.1_ASM1330572v1_genomic.fna	NZ_CP047883.1	1873579	1877277	-	gi|194172857:242845-246687	200-3843/3843	========/======	9/57	94.8	89.57	victors	gi|194172857:242845-246687	Streptococcus pneumoniae TIGR4 chromosome complete genome		streptococcus_mitis	GCF_013305725.1
data/unzipped_genomes/streptococcus_mitis/ncbi_dataset/data/GCF_013305725.1/GCF_013305725.1_ASM1330572v1_genomic.fna	NZ_CP047883.1	1877466	1878511	-	gi|194172857:241696-242745	3-1048/1050	===============	0/0	99.62	91.4	victors	gi|194172857:241696-242745	Streptococcus pneumoniae TIGR4 chromosome complete genome		streptococcus_mitis	GCF_013305725.1
data/unzipped_genomes/streptococcus_mitis/ncbi_dataset/data/GCF_013305725.1/GCF_013305725.1_ASM1330572v1_genomic.fna	NZ_CP047883.1	1880632	1882011	-	gi|194172857:238197-239576	1-1380/1380	===============	0/0	100.0	93.19	victors	gi|194172857:238197-239576	Streptococcus pneumoniae TIGR4 chromosome complete genome		streptococcus_mitis	GCF_013305725.1
data/unzipped_genomes/streptococcus_mitis/ncbi_dataset/data/GCF_013305725.1/GCF_013305725.1_ASM1330572v1_genomic.fna	NZ_CP047883.1	1902196	1904697	-	gi|194172857:224751-227252	1-2502/2502	===============	0/0	100.0	93.36	victors	gi|194172857:224751-227252	Streptococcus pneumoniae TIGR4 chromosome complete genome		streptococcus_mitis	GCF_013305725.1
data/unzipped_genomes/streptococcus_mitis/ncbi_dataset/data/GCF_013305725.1/GCF_013305725.1_ASM1330572v1_genomic.fna	NZ_CP047883.1	1904875	1905550	-	gi|194172857:209956-210648	1-676/693	===============	0/0	97.55	93.94	victors	gi|194172857:209956-210648	Streptococcus pneumoniae TIGR4 chromosome complete genome		streptococcus_mitis	GCF_013305725.1
data/unzipped_genomes/streptococcus_mitis/ncbi_dataset/data/GCF_013305725.1/GCF_013305725.1_ASM1330572v1_genomic.fna	NZ_CP047883.1	1945088	1945544	-	gi|194172857:157863-158321	3-459/459	===============	0/0	99.56	90.59	victors	gi|194172857:157863-158321	Streptococcus pneumoniae TIGR4 chromosome complete genome		streptococcus_mitis	GCF_013305725.1
data/unzipped_genomes/streptococcus_mitis/ncbi_dataset/data/GCF_013305725.1/GCF_013305725.1_ASM1330572v1_genomic.fna	NZ_CP047883.1	1945586	1948120	+	gi|194172857:1984956-1987489	1-2534/2534	========/======	1/1	100.0	92.78	victors	gi|194172857:1984956-1987489	Streptococcus pneumoniae TIGR4 chromosome complete genome		streptococcus_mitis	GCF_013305725.1
data/unzipped_genomes/streptococcus_mitis/ncbi_dataset/data/GCF_013305725.1/GCF_013305725.1_ASM1330572v1_genomic.fna	NZ_CP047883.1	1951529	1952119	-	gi|194172857:154869-155450	1-582/582	========/======	3/11	99.83	89.19	victors	gi|194172857:154869-155450	Streptococcus pneumoniae TIGR4 chromosome complete genome		streptococcus_mitis	GCF_013305725.1
data/unzipped_genomes/streptococcus_mitis/ncbi_dataset/data/GCF_013305725.1/GCF_013305725.1_ASM1330572v1_genomic.fna	NZ_CP047883.1	1952123	1953409	-	gi|194172857:153579-154865	1-1287/1287	===============	0/0	100.0	93.78	victors	gi|194172857:153579-154865	Streptococcus pneumoniae TIGR4 chromosome complete genome		streptococcus_mitis	GCF_013305725.1
data/unzipped_genomes/streptococcus_mitis/ncbi_dataset/data/GCF_013305725.1/GCF_013305725.1_ASM1330572v1_genomic.fna	NZ_CP047883.1	1958165	1959538	-	gi|194172857:147450-148823	1-1374/1374	===============	0/0	100.0	92.65	victors	gi|194172857:147450-148823	Streptococcus pneumoniae TIGR4 chromosome complete genome		streptococcus_mitis	GCF_013305725.1
data/unzipped_genomes/streptococcus_mitis/ncbi_dataset/data/GCF_013305725.1/GCF_013305725.1_ASM1330572v1_genomic.fna	NZ_CP047883.1	1961996	1962652	-	gi|194172857:144439-145095	1-657/657	===============	0/0	100.0	93.61	victors	gi|194172857:144439-145095	Streptococcus pneumoniae TIGR4 chromosome complete genome		streptococcus_mitis	GCF_013305725.1
data/unzipped_genomes/streptococcus_mitis/ncbi_dataset/data/GCF_013305725.1/GCF_013305725.1_ASM1330572v1_genomic.fna	NZ_CP047883.1	1964272	1965498	-	gi|194172857:142668-143894	1-1227/1227	===============	0/0	100.0	93.07	victors	gi|194172857:142668-143894	Streptococcus pneumoniae TIGR4 chromosome complete genome		streptococcus_mitis	GCF_013305725.1
data/unzipped_genomes/streptococcus_mitis/ncbi_dataset/data/GCF_013305725.1/GCF_013305725.1_ASM1330572v1_genomic.fna	NZ_CP047883.1	1966793	1967656	-	gi|194172857:139838-140701	1-864/864	===============	0/0	100.0	90.05	victors	gi|194172857:139838-140701	Streptococcus pneumoniae TIGR4 chromosome complete genome		streptococcus_mitis	GCF_013305725.1
data/unzipped_genomes/streptococcus_mitis/ncbi_dataset/data/GCF_013305725.1/GCF_013305725.1_ASM1330572v1_genomic.fna	NZ_CP047883.1	1968760	1969197	-	gi|194172857:128979-129416	1-438/438	===============	0/0	100.0	91.55	victors	gi|194172857:128979-129416	Streptococcus pneumoniae TIGR4 chromosome complete genome		streptococcus_mitis	GCF_013305725.1
data/unzipped_genomes/streptococcus_mitis/ncbi_dataset/data/GCF_013305725.1/GCF_013305725.1_ASM1330572v1_genomic.fna	NZ_CP047883.1	1971417	1973095	-	gi|194172857:125050-126729	2-1680/1680	===============	0/0	99.94	94.04	victors	gi|194172857:125050-126729	Streptococcus pneumoniae TIGR4 chromosome complete genome		streptococcus_mitis	GCF_013305725.1
data/unzipped_genomes/streptococcus_mitis/ncbi_dataset/data/GCF_013305725.1/GCF_013305725.1_ASM1330572v1_genomic.fna	NZ_CP047883.1	1991165	1991491	-	gi|194172857:101779-102105	1-327/327	===============	0/0	100.0	97.55	victors	gi|194172857:101779-102105	Streptococcus pneumoniae TIGR4 chromosome complete genome		streptococcus_mitis	GCF_013305725.1
data/unzipped_genomes/streptococcus_mitis/ncbi_dataset/data/GCF_013305725.1/GCF_013305725.1_ASM1330572v1_genomic.fna	NZ_CP047883.1	1995414	1996400	-	gi|194172857:96869-97855	1-987/987	===============	0/0	100.0	96.35	victors	gi|194172857:96869-97855	Streptococcus pneumoniae TIGR4 chromosome complete genome		streptococcus_mitis	GCF_013305725.1
data/unzipped_genomes/streptococcus_mitis/ncbi_dataset/data/GCF_013305725.1/GCF_013305725.1_ASM1330572v1_genomic.fna	NZ_CP047883.1	1997824	1999304	-	gi|194172857:95122-96597	1-1475/1476	========/======	1/6	99.93	92.3	victors	gi|194172857:95122-96597	Streptococcus pneumoniae TIGR4 chromosome complete genome		streptococcus_mitis	GCF_013305725.1
data/unzipped_genomes/streptococcus_mitis/ncbi_dataset/data/GCF_013305725.1/GCF_013305725.1_ASM1330572v1_genomic.fna	NZ_CP047883.1	2003461	2004329	+	gi|194172857:2052445-2053314	2-870/870	===============	0/0	99.89	94.13	victors	gi|194172857:2052445-2053314	Streptococcus pneumoniae TIGR4 chromosome complete genome		streptococcus_mitis	GCF_013305725.1
data/unzipped_genomes/streptococcus_mitis/ncbi_dataset/data/GCF_013305725.1/GCF_013305725.1_ASM1330572v1_genomic.fna	NZ_CP047883.1	2004412	2007072	+	gi|194172857:2053397-2056057	1-2661/2661	===============	0/0	100.0	93.01	victors	gi|194172857:2053397-2056057	Streptococcus pneumoniae TIGR4 chromosome complete genome		streptococcus_mitis	GCF_013305725.1
data/unzipped_genomes/streptococcus_mitis/ncbi_dataset/data/GCF_013305725.1/GCF_013305725.1_ASM1330572v1_genomic.fna	NZ_CP047883.1	2008607	2010688	+	gi|194172857:2057585-2059669	1-2082/2085	===============	0/0	99.86	91.26	victors	gi|194172857:2057585-2059669	Streptococcus pneumoniae TIGR4 chromosome complete genome		streptococcus_mitis	GCF_013305725.1
data/unzipped_genomes/streptococcus_mitis/ncbi_dataset/data/GCF_013305725.1/GCF_013305725.1_ASM1330572v1_genomic.fna	NZ_CP047883.1	2014954	2015760	+	gi|194172857:2088331-2089137	1-807/807	===============	0/0	100.0	93.68	victors	gi|194172857:2088331-2089137	Streptococcus pneumoniae TIGR4 chromosome complete genome		streptococcus_mitis	GCF_013305725.1
data/unzipped_genomes/streptococcus_mitis/ncbi_dataset/data/GCF_013305725.1/GCF_013305725.1_ASM1330572v1_genomic.fna	NZ_CP047883.1	2020194	2021435	+	gi|194172857:2091943-2093184	1-1242/1242	===============	0/0	100.0	93.16	victors	gi|194172857:2091943-2093184	Streptococcus pneumoniae TIGR4 chromosome complete genome		streptococcus_mitis	GCF_013305725.1
data/unzipped_genomes/streptococcus_mitis/ncbi_dataset/data/GCF_013305725.1/GCF_013305725.1_ASM1330572v1_genomic.fna	NZ_CP047883.1	2021435	2022985	+	gi|194172857:2093184-2094734	1-1551/1551	===============	0/0	100.0	92.52	victors	gi|194172857:2093184-2094734	Streptococcus pneumoniae TIGR4 chromosome complete genome		streptococcus_mitis	GCF_013305725.1
data/unzipped_genomes/streptococcus_mitis/ncbi_dataset/data/GCF_013305725.1/GCF_013305725.1_ASM1330572v1_genomic.fna	NZ_CP047883.1	2047515	2048847	+	gi|221230948:2181849-2183195	24-1347/1347	========/======	2/21	97.85	82.9	victors	gi|221230948:2181849-2183195	Streptococcus pneumoniae ATCC 700669 complete genome		streptococcus_mitis	GCF_013305725.1
data/unzipped_genomes/streptococcus_mitis/ncbi_dataset/data/GCF_013305725.1/GCF_013305725.1_ASM1330572v1_genomic.fna	NZ_CP047883.1	2056990	2057907	+	gi|194172857:2130641-2131561	1-918/921	===============	0/0	99.67	94.34	victors	gi|194172857:2130641-2131561	Streptococcus pneumoniae TIGR4 chromosome complete genome		streptococcus_mitis	GCF_013305725.1
data/unzipped_genomes/streptococcus_mitis/ncbi_dataset/data/GCF_013305725.1/GCF_013305725.1_ASM1330572v1_genomic.fna	NZ_CP047883.1	2075454	2077997	+	gi|194172857:2150516-2153068	1-2553/2553	========/======	1/9	99.65	92.83	victors	gi|194172857:2150516-2153068	Streptococcus pneumoniae TIGR4 chromosome complete genome		streptococcus_mitis	GCF_013305725.1
data/unzipped_genomes/streptococcus_mitis/ncbi_dataset/data/GCF_013305725.1/GCF_013305725.1_ASM1330572v1_genomic.fna	NZ_CP047883.1	2082331	2083656	+	gi|194172857:2156413-2157738	1-1326/1326	===============	0/0	100.0	92.99	victors	gi|194172857:2156413-2157738	Streptococcus pneumoniae TIGR4 chromosome complete genome		streptococcus_mitis	GCF_013305725.1
data/unzipped_genomes/streptococcus_mitis/ncbi_dataset/data/GCF_013305725.1/GCF_013305725.1_ASM1330572v1_genomic.fna	NZ_CP047883.1	2084748	2085929	+	gi|194172857:2158828-2160009	1-1182/1182	===============	0/0	100.0	94.42	victors	gi|194172857:2158828-2160009	Streptococcus pneumoniae TIGR4 chromosome complete genome		streptococcus_mitis	GCF_013305725.1
data/unzipped_genomes/streptococcus_mitis/ncbi_dataset/data/GCF_018603625.2/GCF_018603625.2_ASM1860362v2_genomic.fna	NZ_CP190759.1	25654	27045	+	gi|194172857:25916-27307	1-1392/1392	===============	0/0	100.0	93.1	victors	gi|194172857:25916-27307	Streptococcus pneumoniae TIGR4 chromosome complete genome		streptococcus_mitis	GCF_018603625.2
data/unzipped_genomes/streptococcus_mitis/ncbi_dataset/data/GCF_018603625.2/GCF_018603625.2_ASM1860362v2_genomic.fna	NZ_CP190759.1	40227	43952	+	gi|194396645:44071-47796	1-3726/3726	===============	0/0	100.0	91.12	victors	gi|194396645:44071-47796	Streptococcus pneumoniae G54 chromosome complete genome		streptococcus_mitis	GCF_018603625.2
data/unzipped_genomes/streptococcus_mitis/ncbi_dataset/data/GCF_018603625.2/GCF_018603625.2_ASM1860362v2_genomic.fna	NZ_CP190759.1	46725	47246	+	gi|116515308:52811-53356	1-522/546	===============	0/0	95.6	91.57	victors	gi|116515308:52811-53356	Streptococcus pneumoniae D39 complete genome		streptococcus_mitis	GCF_018603625.2
data/unzipped_genomes/streptococcus_mitis/ncbi_dataset/data/GCF_018603625.2/GCF_018603625.2_ASM1860362v2_genomic.fna	NZ_CP190759.1	47472	49018	+	gi|194172857:53070-54617	2-1548/1548	===============	0/0	99.94	89.4	victors	gi|194172857:53070-54617	Streptococcus pneumoniae TIGR4 chromosome complete genome		streptococcus_mitis	GCF_018603625.2
data/unzipped_genomes/streptococcus_mitis/ncbi_dataset/data/GCF_018603625.2/GCF_018603625.2_ASM1860362v2_genomic.fna	NZ_CP190759.1	54685	55982	+	gi|116515308:59174-60472	2-1299/1299	===============	0/0	99.92	92.91	victors	gi|116515308:59174-60472	Streptococcus pneumoniae D39 complete genome		streptococcus_mitis	GCF_018603625.2
data/unzipped_genomes/streptococcus_mitis/ncbi_dataset/data/GCF_018603625.2/GCF_018603625.2_ASM1860362v2_genomic.fna	NZ_CP190759.1	56499	60236	+	gi|194172857:59623-63561	187-3939/3939	========/======	2/15	94.9	93.9	victors	gi|194172857:59623-63561	Streptococcus pneumoniae TIGR4 chromosome complete genome		streptococcus_mitis	GCF_018603625.2
data/unzipped_genomes/streptococcus_mitis/ncbi_dataset/data/GCF_018603625.2/GCF_018603625.2_ASM1860362v2_genomic.fna	NZ_CP190759.1	64766	65579	+	gi|194172857:68134-68949	1-814/816	===============	0/0	99.75	94.1	victors	gi|194172857:68134-68949	Streptococcus pneumoniae TIGR4 chromosome complete genome		streptococcus_mitis	GCF_018603625.2
data/unzipped_genomes/streptococcus_mitis/ncbi_dataset/data/GCF_018603625.2/GCF_018603625.2_ASM1860362v2_genomic.fna	NZ_CP190759.1	140635	141906	-	gi|194172857:2020749-2022020	1-1272/1272	========/======	4/4	99.84	90.42	victors	gi|194172857:2020749-2022020	Streptococcus pneumoniae TIGR4 chromosome complete genome		streptococcus_mitis	GCF_018603625.2
data/unzipped_genomes/streptococcus_mitis/ncbi_dataset/data/GCF_018603625.2/GCF_018603625.2_ASM1860362v2_genomic.fna	NZ_CP190759.1	148551	150614	-	gi|194172857:2010641-2012704	1-2064/2064	===============	0/0	100.0	97.05	victors	gi|194172857:2010641-2012704	Streptococcus pneumoniae TIGR4 chromosome complete genome		streptococcus_mitis	GCF_018603625.2
data/unzipped_genomes/streptococcus_mitis/ncbi_dataset/data/GCF_018603625.2/GCF_018603625.2_ASM1860362v2_genomic.fna	NZ_CP190759.1	157738	158610	-	gi|194172857:1952670-1953542	1-873/873	===============	0/0	100.0	91.18	victors	gi|194172857:1952670-1953542	Streptococcus pneumoniae TIGR4 chromosome complete genome		streptococcus_mitis	GCF_018603625.2
data/unzipped_genomes/streptococcus_mitis/ncbi_dataset/data/GCF_018603625.2/GCF_018603625.2_ASM1860362v2_genomic.fna	NZ_CP190759.1	165665	166204	-	gi|194172857:1944881-1945504	85-624/624	..=============	0/0	86.54	90.0	victors	gi|194172857:1944881-1945504	Streptococcus pneumoniae TIGR4 chromosome complete genome		streptococcus_mitis	GCF_018603625.2
data/unzipped_genomes/streptococcus_mitis/ncbi_dataset/data/GCF_018603625.2/GCF_018603625.2_ASM1860362v2_genomic.fna	NZ_CP190759.1	186492	187403	-	gi|194172857:2005724-2006635	1-912/912	===============	0/0	100.0	92.65	victors	gi|194172857:2005724-2006635	Streptococcus pneumoniae TIGR4 chromosome complete genome		streptococcus_mitis	GCF_018603625.2
data/unzipped_genomes/streptococcus_mitis/ncbi_dataset/data/GCF_018603625.2/GCF_018603625.2_ASM1860362v2_genomic.fna	NZ_CP190759.1	189540	190079	-	gi|194172857:2003047-2003586	1-540/540	===============	0/0	100.0	90.37	victors	gi|194172857:2003047-2003586	Streptococcus pneumoniae TIGR4 chromosome complete genome		streptococcus_mitis	GCF_018603625.2
data/unzipped_genomes/streptococcus_mitis/ncbi_dataset/data/GCF_018603625.2/GCF_018603625.2_ASM1860362v2_genomic.fna	NZ_CP190759.1	222254	222898	-	gi|194172857:1961764-1962408	1-645/645	===============	0/0	100.0	93.18	victors	gi|194172857:1961764-1962408	Streptococcus pneumoniae TIGR4 chromosome complete genome		streptococcus_mitis	GCF_018603625.2
data/unzipped_genomes/streptococcus_mitis/ncbi_dataset/data/GCF_018603625.2/GCF_018603625.2_ASM1860362v2_genomic.fna	NZ_CP190759.1	228589	232980	+	gi|194172857:250617-255008	1-4392/4392	===============	0/0	100.0	92.39	victors	gi|194172857:250617-255008	Streptococcus pneumoniae TIGR4 chromosome complete genome		streptococcus_mitis	GCF_018603625.2
data/unzipped_genomes/streptococcus_mitis/ncbi_dataset/data/GCF_018603625.2/GCF_018603625.2_ASM1860362v2_genomic.fna	NZ_CP190759.1	235560	236894	+	gi|116515308:259029-260363	1-1335/1335	===============	0/0	100.0	93.78	victors	gi|116515308:259029-260363	Streptococcus pneumoniae D39 complete genome		streptococcus_mitis	GCF_018603625.2
data/unzipped_genomes/streptococcus_mitis/ncbi_dataset/data/GCF_018603625.2/GCF_018603625.2_ASM1860362v2_genomic.fna	NZ_CP190759.1	249331	250355	-	gi|15902044:1783326-1784366	1-1025/1041	===============	0/0	98.46	88.78	victors	gi|15902044:1783326-1784366	Streptococcus pneumoniae R6 complete genome		streptococcus_mitis	GCF_018603625.2
data/unzipped_genomes/streptococcus_mitis/ncbi_dataset/data/GCF_018603625.2/GCF_018603625.2_ASM1860362v2_genomic.fna	NZ_CP190759.1	250409	251371	-	gi|194172857:1900695-1901657	1-963/963	===============	0/0	100.0	94.19	victors	gi|194172857:1900695-1901657	Streptococcus pneumoniae TIGR4 chromosome complete genome		streptococcus_mitis	GCF_018603625.2
data/unzipped_genomes/streptococcus_mitis/ncbi_dataset/data/GCF_018603625.2/GCF_018603625.2_ASM1860362v2_genomic.fna	NZ_CP190759.1	269311	270103	-	gi|194172857:1880925-1881719	3-795/795	===============	0/0	99.75	95.08	victors	gi|194172857:1880925-1881719	Streptococcus pneumoniae TIGR4 chromosome complete genome		streptococcus_mitis	GCF_018603625.2
data/unzipped_genomes/streptococcus_mitis/ncbi_dataset/data/GCF_018603625.2/GCF_018603625.2_ASM1860362v2_genomic.fna	NZ_CP190759.1	273086	274078	-	gi|194172857:1876951-1877943	1-993/993	===============	0/0	100.0	93.45	victors	gi|194172857:1876951-1877943	Streptococcus pneumoniae TIGR4 chromosome complete genome		streptococcus_mitis	GCF_018603625.2
data/unzipped_genomes/streptococcus_mitis/ncbi_dataset/data/GCF_018603625.2/GCF_018603625.2_ASM1860362v2_genomic.fna	NZ_CP190759.1	278000	278819	-	gi|194172857:1872209-1873033	1-820/825	===============	0/0	99.39	92.56	victors	gi|194172857:1872209-1873033	Streptococcus pneumoniae TIGR4 chromosome complete genome		streptococcus_mitis	GCF_018603625.2
data/unzipped_genomes/streptococcus_mitis/ncbi_dataset/data/GCF_018603625.2/GCF_018603625.2_ASM1860362v2_genomic.fna	NZ_CP190759.1	282901	284397	-	gi|194172857:1794038-1795534	1-1497/1497	===============	0/0	100.0	91.32	victors	gi|194172857:1794038-1795534	Streptococcus pneumoniae TIGR4 chromosome complete genome		streptococcus_mitis	GCF_018603625.2
data/unzipped_genomes/streptococcus_mitis/ncbi_dataset/data/GCF_018603625.2/GCF_018603625.2_ASM1860362v2_genomic.fna	NZ_CP190759.1	284397	285323	-	gi|194172857:1793112-1794038	1-927/927	===============	0/0	100.0	96.33	victors	gi|194172857:1793112-1794038	Streptococcus pneumoniae TIGR4 chromosome complete genome		streptococcus_mitis	GCF_018603625.2
data/unzipped_genomes/streptococcus_mitis/ncbi_dataset/data/GCF_018603625.2/GCF_018603625.2_ASM1860362v2_genomic.fna	NZ_CP190759.1	294475	295914	+	gi|194172857:459147-460586	1-1440/1440	===============	0/0	100.0	93.4	victors	gi|194172857:459147-460586	Streptococcus pneumoniae TIGR4 chromosome complete genome		streptococcus_mitis	GCF_018603625.2
data/unzipped_genomes/streptococcus_mitis/ncbi_dataset/data/GCF_018603625.2/GCF_018603625.2_ASM1860362v2_genomic.fna	NZ_CP190759.1	300807	301130	+	gi|194172857:469302-469625	1-324/324	===============	0/0	100.0	96.3	victors	gi|194172857:469302-469625	Streptococcus pneumoniae TIGR4 chromosome complete genome		streptococcus_mitis	GCF_018603625.2
data/unzipped_genomes/streptococcus_mitis/ncbi_dataset/data/GCF_018603625.2/GCF_018603625.2_ASM1860362v2_genomic.fna	NZ_CP190759.1	305212	306105	-	gi|194172857:1620920-1621813	1-894/894	===============	0/0	100.0	93.18	victors	gi|194172857:1620920-1621813	Streptococcus pneumoniae TIGR4 chromosome complete genome		streptococcus_mitis	GCF_018603625.2
data/unzipped_genomes/streptococcus_mitis/ncbi_dataset/data/GCF_018603625.2/GCF_018603625.2_ASM1860362v2_genomic.fna	NZ_CP190759.1	333879	334421	+	gi|194172857:304678-305220	1-543/543	===============	0/0	100.0	95.4	victors	gi|194172857:304678-305220	Streptococcus pneumoniae TIGR4 chromosome complete genome		streptococcus_mitis	GCF_018603625.2
data/unzipped_genomes/streptococcus_mitis/ncbi_dataset/data/GCF_018603625.2/GCF_018603625.2_ASM1860362v2_genomic.fna	NZ_CP190759.1	367345	367866	-	gi|194172857:1781907-1782428	1-522/522	===============	0/0	100.0	95.21	victors	gi|194172857:1781907-1782428	Streptococcus pneumoniae TIGR4 chromosome complete genome		streptococcus_mitis	GCF_018603625.2
data/unzipped_genomes/streptococcus_mitis/ncbi_dataset/data/GCF_018603625.2/GCF_018603625.2_ASM1860362v2_genomic.fna	NZ_CP190759.1	374843	378560	+	gi|194172857:476528-481507	1-3718/4980	========/===...	7/10	74.56	82.25	victors	gi|194172857:476528-481507	Streptococcus pneumoniae TIGR4 chromosome complete genome		streptococcus_mitis	GCF_018603625.2
data/unzipped_genomes/streptococcus_mitis/ncbi_dataset/data/GCF_018603625.2/GCF_018603625.2_ASM1860362v2_genomic.fna	NZ_CP190759.1	382710	384055	+	gi|116515308:456040-457386	2-1347/1347	===============	0/0	99.93	95.1	victors	gi|116515308:456040-457386	Streptococcus pneumoniae D39 complete genome		streptococcus_mitis	GCF_018603625.2
data/unzipped_genomes/streptococcus_mitis/ncbi_dataset/data/GCF_018603625.2/GCF_018603625.2_ASM1860362v2_genomic.fna	NZ_CP190759.1	421298	422905	+	gi|194172857:470730-472337	1-1608/1608	===============	0/0	100.0	95.03	victors	gi|194172857:470730-472337	Streptococcus pneumoniae TIGR4 chromosome complete genome		streptococcus_mitis	GCF_018603625.2
data/unzipped_genomes/streptococcus_mitis/ncbi_dataset/data/GCF_018603625.2/GCF_018603625.2_ASM1860362v2_genomic.fna	NZ_CP190759.1	443388	444116	-	gi|194172857:1768968-1769696	1-729/729	===============	0/0	100.0	92.18	victors	gi|194172857:1768968-1769696	Streptococcus pneumoniae TIGR4 chromosome complete genome		streptococcus_mitis	GCF_018603625.2
data/unzipped_genomes/streptococcus_mitis/ncbi_dataset/data/GCF_018603625.2/GCF_018603625.2_ASM1860362v2_genomic.fna	NZ_CP190759.1	447371	448363	-	gi|194172857:1761890-1762897	1-993/1008	===============	0/0	98.51	93.05	victors	gi|194172857:1761890-1762897	Streptococcus pneumoniae TIGR4 chromosome complete genome		streptococcus_mitis	GCF_018603625.2
data/unzipped_genomes/streptococcus_mitis/ncbi_dataset/data/GCF_018603625.2/GCF_018603625.2_ASM1860362v2_genomic.fna	NZ_CP190759.1	455914	456495	-	gi|194172857:1755276-1755857	1-582/582	===============	0/0	100.0	94.84	victors	gi|194172857:1755276-1755857	Streptococcus pneumoniae TIGR4 chromosome complete genome		streptococcus_mitis	GCF_018603625.2
data/unzipped_genomes/streptococcus_mitis/ncbi_dataset/data/GCF_018603625.2/GCF_018603625.2_ASM1860362v2_genomic.fna	NZ_CP190759.1	467235	468596	-	gi|194172857:1729329-1730690	1-1362/1362	===============	0/0	100.0	92.95	victors	gi|194172857:1729329-1730690	Streptococcus pneumoniae TIGR4 chromosome complete genome		streptococcus_mitis	GCF_018603625.2
data/unzipped_genomes/streptococcus_mitis/ncbi_dataset/data/GCF_018603625.2/GCF_018603625.2_ASM1860362v2_genomic.fna	NZ_CP190759.1	468593	469159	-	gi|194172857:1728766-1729332	1-567/567	===============	0/0	100.0	96.65	victors	gi|194172857:1728766-1729332	Streptococcus pneumoniae TIGR4 chromosome complete genome		streptococcus_mitis	GCF_018603625.2
data/unzipped_genomes/streptococcus_mitis/ncbi_dataset/data/GCF_018603625.2/GCF_018603625.2_ASM1860362v2_genomic.fna	NZ_CP190759.1	469170	470174	-	gi|194172857:1727751-1728755	1-1005/1005	===============	0/0	100.0	93.63	victors	gi|194172857:1727751-1728755	Streptococcus pneumoniae TIGR4 chromosome complete genome		streptococcus_mitis	GCF_018603625.2
data/unzipped_genomes/streptococcus_mitis/ncbi_dataset/data/GCF_018603625.2/GCF_018603625.2_ASM1860362v2_genomic.fna	NZ_CP190759.1	477379	478874	-	gi|194172857:1716677-1718158	2-1482/1482	========/======	1/15	99.93	95.79	victors	gi|194172857:1716677-1718158	Streptococcus pneumoniae TIGR4 chromosome complete genome		streptococcus_mitis	GCF_018603625.2
data/unzipped_genomes/streptococcus_mitis/ncbi_dataset/data/GCF_018603625.2/GCF_018603625.2_ASM1860362v2_genomic.fna	NZ_CP190759.1	495495	497291	-	gi|194172857:1697767-1699563	1-1797/1797	===============	0/0	100.0	92.6	victors	gi|194172857:1697767-1699563	Streptococcus pneumoniae TIGR4 chromosome complete genome		streptococcus_mitis	GCF_018603625.2
data/unzipped_genomes/streptococcus_mitis/ncbi_dataset/data/GCF_018603625.2/GCF_018603625.2_ASM1860362v2_genomic.fna	NZ_CP190759.1	508021	509495	-	gi|194172857:1617834-1619312	1-1475/1479	========/======	6/6	99.53	89.38	victors	gi|194172857:1617834-1619312	Streptococcus pneumoniae TIGR4 chromosome complete genome		streptococcus_mitis	GCF_018603625.2
data/unzipped_genomes/streptococcus_mitis/ncbi_dataset/data/GCF_018603625.2/GCF_018603625.2_ASM1860362v2_genomic.fna	NZ_CP190759.1	642440	642988	-	gi|221230948:1461838-1462386	1-549/549	===============	0/0	100.0	93.26	victors	gi|221230948:1461838-1462386	Streptococcus pneumoniae ATCC 700669 complete genome		streptococcus_mitis	GCF_018603625.2
data/unzipped_genomes/streptococcus_mitis/ncbi_dataset/data/GCF_018603625.2/GCF_018603625.2_ASM1860362v2_genomic.fna	NZ_CP190759.1	645369	646538	-	gi|194172857:1451511-1452698	19-1188/1188	===============	0/0	98.48	93.93	victors	gi|194172857:1451511-1452698	Streptococcus pneumoniae TIGR4 chromosome complete genome		streptococcus_mitis	GCF_018603625.2
data/unzipped_genomes/streptococcus_mitis/ncbi_dataset/data/GCF_018603625.2/GCF_018603625.2_ASM1860362v2_genomic.fna	NZ_CP190759.1	670862	672262	-	gi|194172857:1446900-1448300	1-1401/1401	===============	0/0	100.0	93.0	victors	gi|194172857:1446900-1448300	Streptococcus pneumoniae TIGR4 chromosome complete genome		streptococcus_mitis	GCF_018603625.2
data/unzipped_genomes/streptococcus_mitis/ncbi_dataset/data/GCF_018603625.2/GCF_018603625.2_ASM1860362v2_genomic.fna	NZ_CP190759.1	677879	679458	-	gi|194172857:1439696-1441285	11-1590/1590	===============	0/0	99.37	84.62	victors	gi|194172857:1439696-1441285	Streptococcus pneumoniae TIGR4 chromosome complete genome		streptococcus_mitis	GCF_018603625.2
data/unzipped_genomes/streptococcus_mitis/ncbi_dataset/data/GCF_018603625.2/GCF_018603625.2_ASM1860362v2_genomic.fna	NZ_CP190759.1	703532	704269	+	gi|194172857:631654-632391	1-738/738	===============	0/0	100.0	92.68	victors	gi|194172857:631654-632391	Streptococcus pneumoniae TIGR4 chromosome complete genome		streptococcus_mitis	GCF_018603625.2
data/unzipped_genomes/streptococcus_mitis/ncbi_dataset/data/GCF_018603625.2/GCF_018603625.2_ASM1860362v2_genomic.fna	NZ_CP190759.1	706073	706631	+	gi|194172857:634195-634758	2-560/564	===============	0/0	99.11	87.83	victors	gi|194172857:634195-634758	Streptococcus pneumoniae TIGR4 chromosome complete genome		streptococcus_mitis	GCF_018603625.2
data/unzipped_genomes/streptococcus_mitis/ncbi_dataset/data/GCF_018603625.2/GCF_018603625.2_ASM1860362v2_genomic.fna	NZ_CP190759.1	712608	714311	+	gi|194172857:640561-642282	1-1704/1722	===============	0/0	98.95	90.08	victors	gi|194172857:640561-642282	Streptococcus pneumoniae TIGR4 chromosome complete genome		streptococcus_mitis	GCF_018603625.2
data/unzipped_genomes/streptococcus_mitis/ncbi_dataset/data/GCF_018603625.2/GCF_018603625.2_ASM1860362v2_genomic.fna	NZ_CP190759.1	726417	732919	+	gi|194172857:615441-622142	1-6503/6702	========/======	4/4	97.0	89.99	victors	gi|194172857:615441-622142	Streptococcus pneumoniae TIGR4 chromosome complete genome		streptococcus_mitis	GCF_018603625.2
data/unzipped_genomes/streptococcus_mitis/ncbi_dataset/data/GCF_018603625.2/GCF_018603625.2_ASM1860362v2_genomic.fna	NZ_CP190759.1	736303	738357	+	gi|194172857:625663-627717	1-2055/2055	========/======	2/2	99.95	90.37	victors	gi|194172857:625663-627717	Streptococcus pneumoniae TIGR4 chromosome complete genome		streptococcus_mitis	GCF_018603625.2
data/unzipped_genomes/streptococcus_mitis/ncbi_dataset/data/GCF_018603625.2/GCF_018603625.2_ASM1860362v2_genomic.fna	NZ_CP190759.1	752691	753608	-	gi|194172857:1322142-1323059	1-918/918	===============	0/0	100.0	85.73	victors	gi|194172857:1322142-1323059	Streptococcus pneumoniae TIGR4 chromosome complete genome		streptococcus_mitis	GCF_018603625.2
data/unzipped_genomes/streptococcus_mitis/ncbi_dataset/data/GCF_018603625.2/GCF_018603625.2_ASM1860362v2_genomic.fna	NZ_CP190759.1	753598	754482	-	gi|194172857:1321268-1322152	1-885/885	===============	0/0	100.0	87.91	victors	gi|194172857:1321268-1322152	Streptococcus pneumoniae TIGR4 chromosome complete genome		streptococcus_mitis	GCF_018603625.2
data/unzipped_genomes/streptococcus_mitis/ncbi_dataset/data/GCF_018603625.2/GCF_018603625.2_ASM1860362v2_genomic.fna	NZ_CP190759.1	755309	756067	-	gi|194172857:1319683-1320441	1-759/759	===============	0/0	100.0	88.41	victors	gi|194172857:1319683-1320441	Streptococcus pneumoniae TIGR4 chromosome complete genome		streptococcus_mitis	GCF_018603625.2
data/unzipped_genomes/streptococcus_mitis/ncbi_dataset/data/GCF_018603625.2/GCF_018603625.2_ASM1860362v2_genomic.fna	NZ_CP190759.1	764627	765697	-	gi|221230948:1324319-1325389	1-1071/1071	===============	0/0	100.0	91.6	victors	gi|221230948:1324319-1325389	Streptococcus pneumoniae ATCC 700669 complete genome		streptococcus_mitis	GCF_018603625.2
data/unzipped_genomes/streptococcus_mitis/ncbi_dataset/data/GCF_018603625.2/GCF_018603625.2_ASM1860362v2_genomic.fna	NZ_CP190759.1	769587	771040	-	gi|194172857:1304782-1306236	2-1455/1455	===============	0/0	99.93	92.71	victors	gi|194172857:1304782-1306236	Streptococcus pneumoniae TIGR4 chromosome complete genome		streptococcus_mitis	GCF_018603625.2
data/unzipped_genomes/streptococcus_mitis/ncbi_dataset/data/GCF_018603625.2/GCF_018603625.2_ASM1860362v2_genomic.fna	NZ_CP190759.1	773783	774948	-	gi|194172857:1300389-1301561	1-1166/1173	===============	0/0	99.4	92.54	victors	gi|194172857:1300389-1301561	Streptococcus pneumoniae TIGR4 chromosome complete genome		streptococcus_mitis	GCF_018603625.2
data/unzipped_genomes/streptococcus_mitis/ncbi_dataset/data/GCF_018603625.2/GCF_018603625.2_ASM1860362v2_genomic.fna	NZ_CP190759.1	774945	775622	-	gi|194172857:1299715-1300392	1-678/678	===============	0/0	100.0	94.25	victors	gi|194172857:1299715-1300392	Streptococcus pneumoniae TIGR4 chromosome complete genome		streptococcus_mitis	GCF_018603625.2
data/unzipped_genomes/streptococcus_mitis/ncbi_dataset/data/GCF_018603625.2/GCF_018603625.2_ASM1860362v2_genomic.fna	NZ_CP190759.1	812620	813225	+	gi|182682970:712398-713003	1-606/606	===============	0/0	100.0	96.37	victors	gi|182682970:712398-713003	Streptococcus pneumoniae CGSP14 complete genome		streptococcus_mitis	GCF_018603625.2
data/unzipped_genomes/streptococcus_mitis/ncbi_dataset/data/GCF_018603625.2/GCF_018603625.2_ASM1860362v2_genomic.fna	NZ_CP190759.1	813382	813912	+	gi|194172857:726140-726652	1-513/513	========/======	1/18	100.0	93.03	victors	gi|194172857:726140-726652	Streptococcus pneumoniae TIGR4 chromosome complete genome		streptococcus_mitis	GCF_018603625.2
data/unzipped_genomes/streptococcus_mitis/ncbi_dataset/data/GCF_018603625.2/GCF_018603625.2_ASM1860362v2_genomic.fna	NZ_CP190759.1	818344	818540	+	gi|194172857:731418-731627	3-199/210	===============	0/0	93.81	86.8	victors	gi|194172857:731418-731627	Streptococcus pneumoniae TIGR4 chromosome complete genome		streptococcus_mitis	GCF_018603625.2
data/unzipped_genomes/streptococcus_mitis/ncbi_dataset/data/GCF_018603625.2/GCF_018603625.2_ASM1860362v2_genomic.fna	NZ_CP190759.1	827448	828650	+	gi|194172857:738515-739714	7-1200/1200	========/======	1/9	99.5	85.12	victors	gi|194172857:738515-739714	Streptococcus pneumoniae TIGR4 chromosome complete genome		streptococcus_mitis	GCF_018603625.2
data/unzipped_genomes/streptococcus_mitis/ncbi_dataset/data/GCF_018603625.2/GCF_018603625.2_ASM1860362v2_genomic.fna	NZ_CP190759.1	880297	881964	-	gi|194172857:1135215-1136882	1-1668/1668	===============	0/0	100.0	93.7	victors	gi|194172857:1135215-1136882	Streptococcus pneumoniae TIGR4 chromosome complete genome		streptococcus_mitis	GCF_018603625.2
data/unzipped_genomes/streptococcus_mitis/ncbi_dataset/data/GCF_018603625.2/GCF_018603625.2_ASM1860362v2_genomic.fna	NZ_CP190759.1	886533	887030	+	gi|194172857:612683-613180	1-498/498	===============	0/0	100.0	91.36	victors	gi|194172857:612683-613180	Streptococcus pneumoniae TIGR4 chromosome complete genome		streptococcus_mitis	GCF_018603625.2
data/unzipped_genomes/streptococcus_mitis/ncbi_dataset/data/GCF_018603625.2/GCF_018603625.2_ASM1860362v2_genomic.fna	NZ_CP190759.1	890180	890605	-	gi|194172857:1129404-1129829	1-426/426	===============	0/0	100.0	95.07	victors	gi|194172857:1129404-1129829	Streptococcus pneumoniae TIGR4 chromosome complete genome		streptococcus_mitis	GCF_018603625.2
data/unzipped_genomes/streptococcus_mitis/ncbi_dataset/data/GCF_018603625.2/GCF_018603625.2_ASM1860362v2_genomic.fna	NZ_CP190759.1	924883	925443	+	gi|194172857:962373-962972	1-561/600	===============	0/0	93.5	94.12	victors	gi|194172857:962373-962972	Streptococcus pneumoniae TIGR4 chromosome complete genome		streptococcus_mitis	GCF_018603625.2
data/unzipped_genomes/streptococcus_mitis/ncbi_dataset/data/GCF_018603625.2/GCF_018603625.2_ASM1860362v2_genomic.fna	NZ_CP190759.1	927974	928404	+	gi|194172857:965957-966388	2-432/432	===============	0/0	99.77	93.27	victors	gi|194172857:965957-966388	Streptococcus pneumoniae TIGR4 chromosome complete genome		streptococcus_mitis	GCF_018603625.2
data/unzipped_genomes/streptococcus_mitis/ncbi_dataset/data/GCF_018603625.2/GCF_018603625.2_ASM1860362v2_genomic.fna	NZ_CP190759.1	932440	933775	+	gi|194172857:970424-972055	1-1336/1632	=============..	0/0	81.86	87.72	victors	gi|194172857:970424-972055	Streptococcus pneumoniae TIGR4 chromosome complete genome		streptococcus_mitis	GCF_018603625.2
data/unzipped_genomes/streptococcus_mitis/ncbi_dataset/data/GCF_018603625.2/GCF_018603625.2_ASM1860362v2_genomic.fna	NZ_CP190759.1	943605	944483	+	gi|194172857:984089-984973	1-879/885	===============	0/0	99.32	94.08	victors	gi|194172857:984089-984973	Streptococcus pneumoniae TIGR4 chromosome complete genome		streptococcus_mitis	GCF_018603625.2
data/unzipped_genomes/streptococcus_mitis/ncbi_dataset/data/GCF_018603625.2/GCF_018603625.2_ASM1860362v2_genomic.fna	NZ_CP190759.1	948802	950261	+	gi|194172857:869868-871343	2-1461/1476	===============	0/0	98.92	92.6	victors	gi|194172857:869868-871343	Streptococcus pneumoniae TIGR4 chromosome complete genome		streptococcus_mitis	GCF_018603625.2
data/unzipped_genomes/streptococcus_mitis/ncbi_dataset/data/GCF_018603625.2/GCF_018603625.2_ASM1860362v2_genomic.fna	NZ_CP190759.1	966960	968094	+	gi|194172857:1082493-1083671	1-1135/1179	===============	0/0	96.27	92.25	victors	gi|194172857:1082493-1083671	Streptococcus pneumoniae TIGR4 chromosome complete genome		streptococcus_mitis	GCF_018603625.2
data/unzipped_genomes/streptococcus_mitis/ncbi_dataset/data/GCF_018603625.2/GCF_018603625.2_ASM1860362v2_genomic.fna	NZ_CP190759.1	969165	969944	+	gi|194172857:1091179-1091958	1-780/780	===============	0/0	100.0	90.64	victors	gi|194172857:1091179-1091958	Streptococcus pneumoniae TIGR4 chromosome complete genome		streptococcus_mitis	GCF_018603625.2
data/unzipped_genomes/streptococcus_mitis/ncbi_dataset/data/GCF_018603625.2/GCF_018603625.2_ASM1860362v2_genomic.fna	NZ_CP190759.1	993364	993828	+	gi|221230948:1049769-1050233	1-465/465	===============	0/0	100.0	95.27	victors	gi|221230948:1049769-1050233	Streptococcus pneumoniae ATCC 700669 complete genome		streptococcus_mitis	GCF_018603625.2
data/unzipped_genomes/streptococcus_mitis/ncbi_dataset/data/GCF_018603625.2/GCF_018603625.2_ASM1860362v2_genomic.fna	NZ_CP190759.1	999337	999781	-	gi|194172857:1061162-1061608	3-447/447	===============	0/0	99.55	93.93	victors	gi|194172857:1061162-1061608	Streptococcus pneumoniae TIGR4 chromosome complete genome		streptococcus_mitis	GCF_018603625.2
data/unzipped_genomes/streptococcus_mitis/ncbi_dataset/data/GCF_018603625.2/GCF_018603625.2_ASM1860362v2_genomic.fna	NZ_CP190759.1	1005299	1007227	-	gi|194172857:1053718-1055646	1-1929/1929	===============	0/0	100.0	88.59	victors	gi|194172857:1053718-1055646	Streptococcus pneumoniae TIGR4 chromosome complete genome		streptococcus_mitis	GCF_018603625.2
data/unzipped_genomes/streptococcus_mitis/ncbi_dataset/data/GCF_018603625.2/GCF_018603625.2_ASM1860362v2_genomic.fna	NZ_CP190759.1	1007600	1009819	-	gi|194172857:1048987-1051266	1-2220/2280	===============	0/0	97.37	90.81	victors	gi|194172857:1048987-1051266	Streptococcus pneumoniae TIGR4 chromosome complete genome		streptococcus_mitis	GCF_018603625.2
data/unzipped_genomes/streptococcus_mitis/ncbi_dataset/data/GCF_018603625.2/GCF_018603625.2_ASM1860362v2_genomic.fna	NZ_CP190759.1	1029406	1030093	-	gi|194172857:1025575-1026264	3-690/690	===============	0/0	99.71	93.02	victors	gi|194172857:1025575-1026264	Streptococcus pneumoniae TIGR4 chromosome complete genome		streptococcus_mitis	GCF_018603625.2
data/unzipped_genomes/streptococcus_mitis/ncbi_dataset/data/GCF_018603625.2/GCF_018603625.2_ASM1860362v2_genomic.fna	NZ_CP190759.1	1048211	1050376	+	gi|15902044:1119657-1121822	1-2166/2166	===============	0/0	100.0	94.09	victors	gi|15902044:1119657-1121822	Streptococcus pneumoniae R6 complete genome		streptococcus_mitis	GCF_018603625.2
data/unzipped_genomes/streptococcus_mitis/ncbi_dataset/data/GCF_018603625.2/GCF_018603625.2_ASM1860362v2_genomic.fna	NZ_CP190759.1	1067083	1070357	-	gi|194172857:840199-843474	1-3275/3276	========/======	2/2	99.94	81.17	victors	gi|194172857:840199-843474	Streptococcus pneumoniae TIGR4 chromosome complete genome		streptococcus_mitis	GCF_018603625.2
data/unzipped_genomes/streptococcus_mitis/ncbi_dataset/data/GCF_018603625.2/GCF_018603625.2_ASM1860362v2_genomic.fna	NZ_CP190759.1	1074519	1076012	-	gi|194172857:835074-836567	1-1494/1494	===============	0/0	100.0	89.36	victors	gi|194172857:835074-836567	Streptococcus pneumoniae TIGR4 chromosome complete genome		streptococcus_mitis	GCF_018603625.2
data/unzipped_genomes/streptococcus_mitis/ncbi_dataset/data/GCF_018603625.2/GCF_018603625.2_ASM1860362v2_genomic.fna	NZ_CP190759.1	1137332	1139134	-	gi|194172857:924530-926332	1-1803/1803	===============	0/0	100.0	94.45	victors	gi|194172857:924530-926332	Streptococcus pneumoniae TIGR4 chromosome complete genome		streptococcus_mitis	GCF_018603625.2
data/unzipped_genomes/streptococcus_mitis/ncbi_dataset/data/GCF_018603625.2/GCF_018603625.2_ASM1860362v2_genomic.fna	NZ_CP190759.1	1139153	1140106	-	gi|194172857:923558-924511	1-954/954	===============	0/0	100.0	91.09	victors	gi|194172857:923558-924511	Streptococcus pneumoniae TIGR4 chromosome complete genome		streptococcus_mitis	GCF_018603625.2
data/unzipped_genomes/streptococcus_mitis/ncbi_dataset/data/GCF_018603625.2/GCF_018603625.2_ASM1860362v2_genomic.fna	NZ_CP190759.1	1148922	1150577	-	gi|194172857:913088-914743	1-1656/1656	===============	0/0	100.0	93.42	victors	gi|194172857:913088-914743	Streptococcus pneumoniae TIGR4 chromosome complete genome		streptococcus_mitis	GCF_018603625.2
data/unzipped_genomes/streptococcus_mitis/ncbi_dataset/data/GCF_018603625.2/GCF_018603625.2_ASM1860362v2_genomic.fna	NZ_CP190759.1	1154533	1155743	-	gi|194172857:778425-779636	2-1212/1212	===============	0/0	99.92	92.4	victors	gi|194172857:778425-779636	Streptococcus pneumoniae TIGR4 chromosome complete genome		streptococcus_mitis	GCF_018603625.2
data/unzipped_genomes/streptococcus_mitis/ncbi_dataset/data/GCF_018603625.2/GCF_018603625.2_ASM1860362v2_genomic.fna	NZ_CP190759.1	1161366	1162106	-	gi|182682970:738909-739649	1-741/741	===============	0/0	100.0	95.14	victors	gi|182682970:738909-739649	Streptococcus pneumoniae CGSP14 complete genome		streptococcus_mitis	GCF_018603625.2
data/unzipped_genomes/streptococcus_mitis/ncbi_dataset/data/GCF_018603625.2/GCF_018603625.2_ASM1860362v2_genomic.fna	NZ_CP190759.1	1162149	1164695	-	gi|194172857:749306-751852	1-2547/2547	========/======	2/2	99.96	92.5	victors	gi|194172857:749306-751852	Streptococcus pneumoniae TIGR4 chromosome complete genome		streptococcus_mitis	GCF_018603625.2
data/unzipped_genomes/streptococcus_mitis/ncbi_dataset/data/GCF_018603625.2/GCF_018603625.2_ASM1860362v2_genomic.fna	NZ_CP190759.1	1183862	1185215	-	gi|194172857:892923-894293	18-1371/1371	===============	0/0	98.76	93.28	victors	gi|194172857:892923-894293	Streptococcus pneumoniae TIGR4 chromosome complete genome		streptococcus_mitis	GCF_018603625.2
data/unzipped_genomes/streptococcus_mitis/ncbi_dataset/data/GCF_018603625.2/GCF_018603625.2_ASM1860362v2_genomic.fna	NZ_CP190759.1	1193103	1194011	-	gi|194172857:879941-880849	1-909/909	===============	0/0	100.0	95.16	victors	gi|194172857:879941-880849	Streptococcus pneumoniae TIGR4 chromosome complete genome		streptococcus_mitis	GCF_018603625.2
data/unzipped_genomes/streptococcus_mitis/ncbi_dataset/data/GCF_018603625.2/GCF_018603625.2_ASM1860362v2_genomic.fna	NZ_CP190759.1	1197443	1198525	+	gi|194172857:1395292-1396374	1-1083/1083	===============	0/0	100.0	91.41	victors	gi|194172857:1395292-1396374	Streptococcus pneumoniae TIGR4 chromosome complete genome		streptococcus_mitis	GCF_018603625.2
data/unzipped_genomes/streptococcus_mitis/ncbi_dataset/data/GCF_018603625.2/GCF_018603625.2_ASM1860362v2_genomic.fna	NZ_CP190759.1	1211017	1211715	+	gi|15902044:1337590-1338288	1-699/699	===============	0/0	100.0	89.41	victors	gi|15902044:1337590-1338288	Streptococcus pneumoniae R6 complete genome		streptococcus_mitis	GCF_018603625.2
data/unzipped_genomes/streptococcus_mitis/ncbi_dataset/data/GCF_018603625.2/GCF_018603625.2_ASM1860362v2_genomic.fna	NZ_CP190759.1	1214073	1214912	-	gi|194172857:1041153-1041992	1-840/840	===============	0/0	100.0	92.14	victors	gi|194172857:1041153-1041992	Streptococcus pneumoniae TIGR4 chromosome complete genome		streptococcus_mitis	GCF_018603625.2
data/unzipped_genomes/streptococcus_mitis/ncbi_dataset/data/GCF_018603625.2/GCF_018603625.2_ASM1860362v2_genomic.fna	NZ_CP190759.1	1215053	1215900	-	gi|194172857:1040163-1041011	2-849/849	===============	0/0	99.88	92.69	victors	gi|194172857:1040163-1041011	Streptococcus pneumoniae TIGR4 chromosome complete genome		streptococcus_mitis	GCF_018603625.2
data/unzipped_genomes/streptococcus_mitis/ncbi_dataset/data/GCF_018603625.2/GCF_018603625.2_ASM1860362v2_genomic.fna	NZ_CP190759.1	1229145	1230167	-	gi|194172857:803302-804324	1-1023/1023	===============	0/0	100.0	93.06	victors	gi|194172857:803302-804324	Streptococcus pneumoniae TIGR4 chromosome complete genome		streptococcus_mitis	GCF_018603625.2
data/unzipped_genomes/streptococcus_mitis/ncbi_dataset/data/GCF_018603625.2/GCF_018603625.2_ASM1860362v2_genomic.fna	NZ_CP190759.1	1242511	1243788	-	gi|194172857:788996-790273	1-1278/1278	===============	0/0	100.0	91.71	victors	gi|194172857:788996-790273	Streptococcus pneumoniae TIGR4 chromosome complete genome		streptococcus_mitis	GCF_018603625.2
data/unzipped_genomes/streptococcus_mitis/ncbi_dataset/data/GCF_018603625.2/GCF_018603625.2_ASM1860362v2_genomic.fna	NZ_CP190759.1	1263177	1263698	+	gi|194172857:1213698-1214219	1-522/522	===============	0/0	100.0	97.32	victors	gi|194172857:1213698-1214219	Streptococcus pneumoniae TIGR4 chromosome complete genome		streptococcus_mitis	GCF_018603625.2
data/unzipped_genomes/streptococcus_mitis/ncbi_dataset/data/GCF_018603625.2/GCF_018603625.2_ASM1860362v2_genomic.fna	NZ_CP190759.1	1265213	1265589	+	gi|194172857:1215723-1216088	1-366/366	========/======	2/13	99.73	87.83	victors	gi|194172857:1215723-1216088	Streptococcus pneumoniae TIGR4 chromosome complete genome		streptococcus_mitis	GCF_018603625.2
data/unzipped_genomes/streptococcus_mitis/ncbi_dataset/data/GCF_018603625.2/GCF_018603625.2_ASM1860362v2_genomic.fna	NZ_CP190759.1	1269085	1269798	+	gi|194172857:1219485-1220198	1-714/714	===============	0/0	100.0	92.58	victors	gi|194172857:1219485-1220198	Streptococcus pneumoniae TIGR4 chromosome complete genome		streptococcus_mitis	GCF_018603625.2
data/unzipped_genomes/streptococcus_mitis/ncbi_dataset/data/GCF_018603625.2/GCF_018603625.2_ASM1860362v2_genomic.fna	NZ_CP190759.1	1270114	1271433	+	gi|194172857:1220465-1221784	1-1320/1320	===============	0/0	100.0	95.61	victors	gi|194172857:1220465-1221784	Streptococcus pneumoniae TIGR4 chromosome complete genome		streptococcus_mitis	GCF_018603625.2
data/unzipped_genomes/streptococcus_mitis/ncbi_dataset/data/GCF_018603625.2/GCF_018603625.2_ASM1860362v2_genomic.fna	NZ_CP190759.1	1287409	1289359	-	gi|194172857:824351-826303	1-1951/1953	===============	0/0	99.9	93.8	victors	gi|194172857:824351-826303	Streptococcus pneumoniae TIGR4 chromosome complete genome		streptococcus_mitis	GCF_018603625.2
data/unzipped_genomes/streptococcus_mitis/ncbi_dataset/data/GCF_018603625.2/GCF_018603625.2_ASM1860362v2_genomic.fna	NZ_CP190759.1	1305001	1306378	+	gi|221230948:1390887-1392266	3-1380/1380	===============	0/0	99.86	94.19	victors	gi|221230948:1390887-1392266	Streptococcus pneumoniae ATCC 700669 complete genome		streptococcus_mitis	GCF_018603625.2
data/unzipped_genomes/streptococcus_mitis/ncbi_dataset/data/GCF_018603625.2/GCF_018603625.2_ASM1860362v2_genomic.fna	NZ_CP190759.1	1326328	1327017	-	gi|15902044:726846-727535	1-690/690	===============	0/0	100.0	93.91	victors	gi|15902044:726846-727535	Streptococcus pneumoniae R6 complete genome		streptococcus_mitis	GCF_018603625.2
data/unzipped_genomes/streptococcus_mitis/ncbi_dataset/data/GCF_018603625.2/GCF_018603625.2_ASM1860362v2_genomic.fna	NZ_CP190759.1	1346993	1347583	-	gi|194172857:706881-707471	1-591/591	===============	0/0	100.0	95.77	victors	gi|194172857:706881-707471	Streptococcus pneumoniae TIGR4 chromosome complete genome		streptococcus_mitis	GCF_018603625.2
data/unzipped_genomes/streptococcus_mitis/ncbi_dataset/data/GCF_018603625.2/GCF_018603625.2_ASM1860362v2_genomic.fna	NZ_CP190759.1	1359007	1360782	-	gi|225853611:649783-651558	1-1776/1776	===============	0/0	100.0	96.51	victors	gi|225853611:649783-651558	Streptococcus pneumoniae JJA complete genome		streptococcus_mitis	GCF_018603625.2
data/unzipped_genomes/streptococcus_mitis/ncbi_dataset/data/GCF_018603625.2/GCF_018603625.2_ASM1860362v2_genomic.fna	NZ_CP190759.1	1360994	1362975	-	gi|194172857:692672-694654	2-1983/1983	===============	0/0	99.95	91.42	victors	gi|194172857:692672-694654	Streptococcus pneumoniae TIGR4 chromosome complete genome		streptococcus_mitis	GCF_018603625.2
data/unzipped_genomes/streptococcus_mitis/ncbi_dataset/data/GCF_018603625.2/GCF_018603625.2_ASM1860362v2_genomic.fna	NZ_CP190759.1	1363247	1363618	-	gi|194172857:692030-692401	1-372/372	===============	0/0	100.0	93.28	victors	gi|194172857:692030-692401	Streptococcus pneumoniae TIGR4 chromosome complete genome		streptococcus_mitis	GCF_018603625.2
data/unzipped_genomes/streptococcus_mitis/ncbi_dataset/data/GCF_018603625.2/GCF_018603625.2_ASM1860362v2_genomic.fna	NZ_CP190759.1	1364390	1365180	-	gi|194172857:690467-691258	2-792/792	===============	0/0	99.87	92.16	victors	gi|194172857:690467-691258	Streptococcus pneumoniae TIGR4 chromosome complete genome		streptococcus_mitis	GCF_018603625.2
data/unzipped_genomes/streptococcus_mitis/ncbi_dataset/data/GCF_018603625.2/GCF_018603625.2_ASM1860362v2_genomic.fna	NZ_CP190759.1	1368641	1370026	-	gi|194172857:685560-686945	1-1386/1386	===============	0/0	100.0	91.78	victors	gi|194172857:685560-686945	Streptococcus pneumoniae TIGR4 chromosome complete genome		streptococcus_mitis	GCF_018603625.2
data/unzipped_genomes/streptococcus_mitis/ncbi_dataset/data/GCF_018603625.2/GCF_018603625.2_ASM1860362v2_genomic.fna	NZ_CP190759.1	1370027	1370587	-	gi|194172857:684999-685559	1-561/561	===============	0/0	100.0	91.98	victors	gi|194172857:684999-685559	Streptococcus pneumoniae TIGR4 chromosome complete genome		streptococcus_mitis	GCF_018603625.2
data/unzipped_genomes/streptococcus_mitis/ncbi_dataset/data/GCF_018603625.2/GCF_018603625.2_ASM1860362v2_genomic.fna	NZ_CP190759.1	1375115	1375795	-	gi|15902044:631680-632360	1-681/681	===============	0/0	100.0	93.83	victors	gi|15902044:631680-632360	Streptococcus pneumoniae R6 complete genome		streptococcus_mitis	GCF_018603625.2
data/unzipped_genomes/streptococcus_mitis/ncbi_dataset/data/GCF_018603625.2/GCF_018603625.2_ASM1860362v2_genomic.fna	NZ_CP190759.1	1375755	1376432	-	gi|15902044:631043-631720	1-678/678	===============	0/0	100.0	94.1	victors	gi|15902044:631043-631720	Streptococcus pneumoniae R6 complete genome		streptococcus_mitis	GCF_018603625.2
data/unzipped_genomes/streptococcus_mitis/ncbi_dataset/data/GCF_018603625.2/GCF_018603625.2_ASM1860362v2_genomic.fna	NZ_CP190759.1	1379888	1381054	-	gi|194172857:661716-662915	1-1158/1200	========/======	1/9	96.5	85.86	victors	gi|194172857:661716-662915	Streptococcus pneumoniae TIGR4 chromosome complete genome		streptococcus_mitis	GCF_018603625.2
data/unzipped_genomes/streptococcus_mitis/ncbi_dataset/data/GCF_018603625.2/GCF_018603625.2_ASM1860362v2_genomic.fna	NZ_CP190759.1	1394675	1401166	-	gi|194172857:603894-610316	1-6423/6423	========/======	6/75	99.95	91.99	victors	gi|194172857:603894-610316	Streptococcus pneumoniae TIGR4 chromosome complete genome		streptococcus_mitis	GCF_018603625.2
data/unzipped_genomes/streptococcus_mitis/ncbi_dataset/data/GCF_018603625.2/GCF_018603625.2_ASM1860362v2_genomic.fna	NZ_CP190759.1	1410779	1411645	+	gi|15674250:1567023-1567904	16-882/882	========/======	4/8	97.85	86.91	victors	gi|15674250:1567023-1567904	Streptococcus pyogenes M1 GAS chromosome complete genome		streptococcus_mitis	GCF_018603625.2
data/unzipped_genomes/streptococcus_mitis/ncbi_dataset/data/GCF_018603625.2/GCF_018603625.2_ASM1860362v2_genomic.fna	NZ_CP190759.1	1415346	1415993	-	gi|194172857:567091-567738	1-648/648	===============	0/0	100.0	95.37	victors	gi|194172857:567091-567738	Streptococcus pneumoniae TIGR4 chromosome complete genome		streptococcus_mitis	GCF_018603625.2
data/unzipped_genomes/streptococcus_mitis/ncbi_dataset/data/GCF_018603625.2/GCF_018603625.2_ASM1860362v2_genomic.fna	NZ_CP190759.1	1418162	1418950	+	gi|116515308:1430266-1431054	1-789/789	===============	0/0	100.0	90.24	victors	gi|116515308:1430266-1431054	Streptococcus pneumoniae D39 complete genome		streptococcus_mitis	GCF_018603625.2
data/unzipped_genomes/streptococcus_mitis/ncbi_dataset/data/GCF_018603625.2/GCF_018603625.2_ASM1860362v2_genomic.fna	NZ_CP190759.1	1424778	1425860	+	gi|194172857:1496623-1497705	1-1083/1083	===============	0/0	100.0	94.0	victors	gi|194172857:1496623-1497705	Streptococcus pneumoniae TIGR4 chromosome complete genome		streptococcus_mitis	GCF_018603625.2
data/unzipped_genomes/streptococcus_mitis/ncbi_dataset/data/GCF_018603625.2/GCF_018603625.2_ASM1860362v2_genomic.fna	NZ_CP190759.1	1447230	1447835	-	gi|194172857:589566-590171	1-606/606	===============	0/0	100.0	91.25	victors	gi|194172857:589566-590171	Streptococcus pneumoniae TIGR4 chromosome complete genome		streptococcus_mitis	GCF_018603625.2
data/unzipped_genomes/streptococcus_mitis/ncbi_dataset/data/GCF_018603625.2/GCF_018603625.2_ASM1860362v2_genomic.fna	NZ_CP190759.1	1451508	1452281	-	gi|194172857:581578-582357	2-775/780	===============	0/0	99.23	91.6	victors	gi|194172857:581578-582357	Streptococcus pneumoniae TIGR4 chromosome complete genome		streptococcus_mitis	GCF_018603625.2
data/unzipped_genomes/streptococcus_mitis/ncbi_dataset/data/GCF_018603625.2/GCF_018603625.2_ASM1860362v2_genomic.fna	NZ_CP190759.1	1458156	1458833	-	gi|15902044:532770-533447	1-678/678	===============	0/0	100.0	92.77	victors	gi|15902044:532770-533447	Streptococcus pneumoniae R6 complete genome		streptococcus_mitis	GCF_018603625.2
data/unzipped_genomes/streptococcus_mitis/ncbi_dataset/data/GCF_018603625.2/GCF_018603625.2_ASM1860362v2_genomic.fna	NZ_CP190759.1	1458843	1459501	-	gi|15902044:532101-532760	2-660/660	===============	0/0	99.85	91.81	victors	gi|15902044:532101-532760	Streptococcus pneumoniae R6 complete genome		streptococcus_mitis	GCF_018603625.2
data/unzipped_genomes/streptococcus_mitis/ncbi_dataset/data/GCF_018603625.2/GCF_018603625.2_ASM1860362v2_genomic.fna	NZ_CP190759.1	1461787	1462224	+	gi|194172857:1535881-1536318	1-438/438	===============	0/0	100.0	93.15	victors	gi|194172857:1535881-1536318	Streptococcus pneumoniae TIGR4 chromosome complete genome		streptococcus_mitis	GCF_018603625.2
data/unzipped_genomes/streptococcus_mitis/ncbi_dataset/data/GCF_018603625.2/GCF_018603625.2_ASM1860362v2_genomic.fna	NZ_CP190759.1	1471627	1472304	+	gi|194172857:1533514-1534191	1-678/678	===============	0/0	100.0	94.25	victors	gi|194172857:1533514-1534191	Streptococcus pneumoniae TIGR4 chromosome complete genome		streptococcus_mitis	GCF_018603625.2
data/unzipped_genomes/streptococcus_mitis/ncbi_dataset/data/GCF_018603625.2/GCF_018603625.2_ASM1860362v2_genomic.fna	NZ_CP190759.1	1482356	1482985	+	gi|194172857:1544931-1545560	1-630/630	===============	0/0	100.0	91.59	victors	gi|194172857:1544931-1545560	Streptococcus pneumoniae TIGR4 chromosome complete genome		streptococcus_mitis	GCF_018603625.2
data/unzipped_genomes/streptococcus_mitis/ncbi_dataset/data/GCF_018603625.2/GCF_018603625.2_ASM1860362v2_genomic.fna	NZ_CP190759.1	1485986	1486708	+	gi|116515308:1476617-1477339	1-723/723	===============	0/0	100.0	96.54	victors	gi|116515308:1476617-1477339	Streptococcus pneumoniae D39 complete genome		streptococcus_mitis	GCF_018603625.2
data/unzipped_genomes/streptococcus_mitis/ncbi_dataset/data/GCF_018603625.2/GCF_018603625.2_ASM1860362v2_genomic.fna	NZ_CP190759.1	1486705	1487553	+	gi|116515308:1477336-1478184	1-849/849	===============	0/0	100.0	96.11	victors	gi|116515308:1477336-1478184	Streptococcus pneumoniae D39 complete genome		streptococcus_mitis	GCF_018603625.2
data/unzipped_genomes/streptococcus_mitis/ncbi_dataset/data/GCF_018603625.2/GCF_018603625.2_ASM1860362v2_genomic.fna	NZ_CP190759.1	1487585	1488514	+	gi|15902044:1470685-1471614	1-930/930	===============	0/0	100.0	93.01	victors	gi|15902044:1470685-1471614	Streptococcus pneumoniae R6 complete genome		streptococcus_mitis	GCF_018603625.2
data/unzipped_genomes/streptococcus_mitis/ncbi_dataset/data/GCF_018603625.2/GCF_018603625.2_ASM1860362v2_genomic.fna	NZ_CP190759.1	1492176	1494396	+	gi|194172857:1541750-1543972	3-2223/2223	===============	0/0	99.91	92.62	victors	gi|194172857:1541750-1543972	Streptococcus pneumoniae TIGR4 chromosome complete genome		streptococcus_mitis	GCF_018603625.2
data/unzipped_genomes/streptococcus_mitis/ncbi_dataset/data/GCF_018603625.2/GCF_018603625.2_ASM1860362v2_genomic.fna	NZ_CP190759.1	1494532	1495661	+	gi|194172857:1485134-1486264	2-1131/1131	===============	0/0	99.91	94.96	victors	gi|194172857:1485134-1486264	Streptococcus pneumoniae TIGR4 chromosome complete genome		streptococcus_mitis	GCF_018603625.2
data/unzipped_genomes/streptococcus_mitis/ncbi_dataset/data/GCF_018603625.2/GCF_018603625.2_ASM1860362v2_genomic.fna	NZ_CP190759.1	1501901	1502767	-	gi|194172857:556411-557277	1-867/867	===============	0/0	100.0	92.96	victors	gi|194172857:556411-557277	Streptococcus pneumoniae TIGR4 chromosome complete genome		streptococcus_mitis	GCF_018603625.2
data/unzipped_genomes/streptococcus_mitis/ncbi_dataset/data/GCF_018603625.2/GCF_018603625.2_ASM1860362v2_genomic.fna	NZ_CP190759.1	1556890	1557330	+	gi|194172857:1662005-1662445	1-441/441	===============	0/0	100.0	95.47	victors	gi|194172857:1662005-1662445	Streptococcus pneumoniae TIGR4 chromosome complete genome		streptococcus_mitis	GCF_018603625.2
data/unzipped_genomes/streptococcus_mitis/ncbi_dataset/data/GCF_018603625.2/GCF_018603625.2_ASM1860362v2_genomic.fna	NZ_CP190759.1	1627652	1628350	-	gi|194172857:365195-365893	1-699/699	===============	0/0	100.0	94.13	victors	gi|194172857:365195-365893	Streptococcus pneumoniae TIGR4 chromosome complete genome		streptococcus_mitis	GCF_018603625.2
data/unzipped_genomes/streptococcus_mitis/ncbi_dataset/data/GCF_018603625.2/GCF_018603625.2_ASM1860362v2_genomic.fna	NZ_CP190759.1	1632583	1633522	-	gi|194172857:355946-356968	1-937/1023	========/=====.	3/9	91.3	88.12	victors	gi|194172857:355946-356968	Streptococcus pneumoniae TIGR4 chromosome complete genome		streptococcus_mitis	GCF_018603625.2
data/unzipped_genomes/streptococcus_mitis/ncbi_dataset/data/GCF_018603625.2/GCF_018603625.2_ASM1860362v2_genomic.fna	NZ_CP190759.1	1634650	1635339	-	gi|194396645:336110-336799	1-690/690	===============	0/0	100.0	87.1	victors	gi|194396645:336110-336799	Streptococcus pneumoniae G54 chromosome complete genome		streptococcus_mitis	GCF_018603625.2
data/unzipped_genomes/streptococcus_mitis/ncbi_dataset/data/GCF_018603625.2/GCF_018603625.2_ASM1860362v2_genomic.fna	NZ_CP190759.1	1682583	1683065	-	gi|194396645:298881-299363	1-483/483	===============	0/0	100.0	94.0	victors	gi|194396645:298881-299363	Streptococcus pneumoniae G54 chromosome complete genome		streptococcus_mitis	GCF_018603625.2
data/unzipped_genomes/streptococcus_mitis/ncbi_dataset/data/GCF_018603625.2/GCF_018603625.2_ASM1860362v2_genomic.fna	NZ_CP190759.1	1683126	1685231	-	gi|194172857:310722-312827	1-2106/2106	========/======	2/2	99.95	88.99	victors	gi|194172857:310722-312827	Streptococcus pneumoniae TIGR4 chromosome complete genome		streptococcus_mitis	GCF_018603625.2
data/unzipped_genomes/streptococcus_mitis/ncbi_dataset/data/GCF_018603625.2/GCF_018603625.2_ASM1860362v2_genomic.fna	NZ_CP190759.1	1689245	1690090	-	gi|116515308:417194-418039	1-846/846	========/======	2/2	99.88	92.44	victors	gi|116515308:417194-418039	Streptococcus pneumoniae D39 complete genome		streptococcus_mitis	GCF_018603625.2
data/unzipped_genomes/streptococcus_mitis/ncbi_dataset/data/GCF_018603625.2/GCF_018603625.2_ASM1860362v2_genomic.fna	NZ_CP190759.1	1690153	1692045	-	gi|194172857:426441-428333	1-1893/1893	===============	0/0	100.0	92.87	victors	gi|194172857:426441-428333	Streptococcus pneumoniae TIGR4 chromosome complete genome		streptococcus_mitis	GCF_018603625.2
data/unzipped_genomes/streptococcus_mitis/ncbi_dataset/data/GCF_018603625.2/GCF_018603625.2_ASM1860362v2_genomic.fna	NZ_CP190759.1	1698662	1700362	-	gi|194172857:417448-419148	1-1701/1701	===============	0/0	100.0	95.12	victors	gi|194172857:417448-419148	Streptococcus pneumoniae TIGR4 chromosome complete genome		streptococcus_mitis	GCF_018603625.2
data/unzipped_genomes/streptococcus_mitis/ncbi_dataset/data/GCF_018603625.2/GCF_018603625.2_ASM1860362v2_genomic.fna	NZ_CP190759.1	1705946	1706683	+	gi|194172857:1905445-1906182	1-738/738	===============	0/0	100.0	88.48	victors	gi|194172857:1905445-1906182	Streptococcus pneumoniae TIGR4 chromosome complete genome		streptococcus_mitis	GCF_018603625.2
data/unzipped_genomes/streptococcus_mitis/ncbi_dataset/data/GCF_018603625.2/GCF_018603625.2_ASM1860362v2_genomic.fna	NZ_CP190759.1	1718090	1719460	+	gi|194172857:1841736-1843106	1-1371/1371	===============	0/0	100.0	90.59	victors	gi|194172857:1841736-1843106	Streptococcus pneumoniae TIGR4 chromosome complete genome		streptococcus_mitis	GCF_018603625.2
data/unzipped_genomes/streptococcus_mitis/ncbi_dataset/data/GCF_018603625.2/GCF_018603625.2_ASM1860362v2_genomic.fna	NZ_CP190759.1	1720784	1722040	+	gi|194172857:1844633-1845889	1-1257/1257	===============	0/0	100.0	93.32	victors	gi|194172857:1844633-1845889	Streptococcus pneumoniae TIGR4 chromosome complete genome		streptococcus_mitis	GCF_018603625.2
data/unzipped_genomes/streptococcus_mitis/ncbi_dataset/data/GCF_018603625.2/GCF_018603625.2_ASM1860362v2_genomic.fna	NZ_CP190759.1	1733298	1736983	-	gi|194172857:242845-246687	215-3843/3843	========/======	8/59	94.41	88.17	victors	gi|194172857:242845-246687	Streptococcus pneumoniae TIGR4 chromosome complete genome		streptococcus_mitis	GCF_018603625.2
data/unzipped_genomes/streptococcus_mitis/ncbi_dataset/data/GCF_018603625.2/GCF_018603625.2_ASM1860362v2_genomic.fna	NZ_CP190759.1	1737186	1738235	-	gi|194172857:241696-242745	1-1050/1050	===============	0/0	100.0	92.0	victors	gi|194172857:241696-242745	Streptococcus pneumoniae TIGR4 chromosome complete genome		streptococcus_mitis	GCF_018603625.2
data/unzipped_genomes/streptococcus_mitis/ncbi_dataset/data/GCF_018603625.2/GCF_018603625.2_ASM1860362v2_genomic.fna	NZ_CP190759.1	1740355	1741734	-	gi|194172857:238197-239576	1-1380/1380	===============	0/0	100.0	94.06	victors	gi|194172857:238197-239576	Streptococcus pneumoniae TIGR4 chromosome complete genome		streptococcus_mitis	GCF_018603625.2
data/unzipped_genomes/streptococcus_mitis/ncbi_dataset/data/GCF_018603625.2/GCF_018603625.2_ASM1860362v2_genomic.fna	NZ_CP190759.1	1752739	1755240	-	gi|194172857:224751-227252	1-2502/2502	===============	0/0	100.0	93.48	victors	gi|194172857:224751-227252	Streptococcus pneumoniae TIGR4 chromosome complete genome		streptococcus_mitis	GCF_018603625.2
data/unzipped_genomes/streptococcus_mitis/ncbi_dataset/data/GCF_018603625.2/GCF_018603625.2_ASM1860362v2_genomic.fna	NZ_CP190759.1	1756612	1757703	-	gi|194172857:212386-213477	1-1092/1092	===============	0/0	100.0	95.24	victors	gi|194172857:212386-213477	Streptococcus pneumoniae TIGR4 chromosome complete genome		streptococcus_mitis	GCF_018603625.2
data/unzipped_genomes/streptococcus_mitis/ncbi_dataset/data/GCF_018603625.2/GCF_018603625.2_ASM1860362v2_genomic.fna	NZ_CP190759.1	1759607	1760299	-	gi|194172857:209956-210648	1-693/693	===============	0/0	100.0	93.51	victors	gi|194172857:209956-210648	Streptococcus pneumoniae TIGR4 chromosome complete genome		streptococcus_mitis	GCF_018603625.2
data/unzipped_genomes/streptococcus_mitis/ncbi_dataset/data/GCF_018603625.2/GCF_018603625.2_ASM1860362v2_genomic.fna	NZ_CP190759.1	1808292	1808748	-	gi|194172857:157863-158321	3-459/459	===============	0/0	99.56	88.18	victors	gi|194172857:157863-158321	Streptococcus pneumoniae TIGR4 chromosome complete genome		streptococcus_mitis	GCF_018603625.2
data/unzipped_genomes/streptococcus_mitis/ncbi_dataset/data/GCF_018603625.2/GCF_018603625.2_ASM1860362v2_genomic.fna	NZ_CP190759.1	1808789	1811323	+	gi|194172857:1984956-1987489	1-2534/2534	========/======	1/1	100.0	93.49	victors	gi|194172857:1984956-1987489	Streptococcus pneumoniae TIGR4 chromosome complete genome		streptococcus_mitis	GCF_018603625.2
data/unzipped_genomes/streptococcus_mitis/ncbi_dataset/data/GCF_018603625.2/GCF_018603625.2_ASM1860362v2_genomic.fna	NZ_CP190759.1	1820193	1821479	-	gi|194172857:153579-154865	1-1287/1287	===============	0/0	100.0	92.93	victors	gi|194172857:153579-154865	Streptococcus pneumoniae TIGR4 chromosome complete genome		streptococcus_mitis	GCF_018603625.2
data/unzipped_genomes/streptococcus_mitis/ncbi_dataset/data/GCF_018603625.2/GCF_018603625.2_ASM1860362v2_genomic.fna	NZ_CP190759.1	1826234	1827607	-	gi|194172857:147450-148823	1-1374/1374	===============	0/0	100.0	93.09	victors	gi|194172857:147450-148823	Streptococcus pneumoniae TIGR4 chromosome complete genome		streptococcus_mitis	GCF_018603625.2
data/unzipped_genomes/streptococcus_mitis/ncbi_dataset/data/GCF_018603625.2/GCF_018603625.2_ASM1860362v2_genomic.fna	NZ_CP190759.1	1830114	1830770	-	gi|194172857:144439-145095	1-657/657	===============	0/0	100.0	91.02	victors	gi|194172857:144439-145095	Streptococcus pneumoniae TIGR4 chromosome complete genome		streptococcus_mitis	GCF_018603625.2
data/unzipped_genomes/streptococcus_mitis/ncbi_dataset/data/GCF_018603625.2/GCF_018603625.2_ASM1860362v2_genomic.fna	NZ_CP190759.1	1832860	1833297	-	gi|194172857:128979-129416	1-438/438	===============	0/0	100.0	91.32	victors	gi|194172857:128979-129416	Streptococcus pneumoniae TIGR4 chromosome complete genome		streptococcus_mitis	GCF_018603625.2
data/unzipped_genomes/streptococcus_mitis/ncbi_dataset/data/GCF_018603625.2/GCF_018603625.2_ASM1860362v2_genomic.fna	NZ_CP190759.1	1834808	1836487	-	gi|194172857:125050-126729	1-1680/1680	===============	0/0	100.0	95.48	victors	gi|194172857:125050-126729	Streptococcus pneumoniae TIGR4 chromosome complete genome		streptococcus_mitis	GCF_018603625.2
data/unzipped_genomes/streptococcus_mitis/ncbi_dataset/data/GCF_018603625.2/GCF_018603625.2_ASM1860362v2_genomic.fna	NZ_CP190759.1	1851775	1852101	-	gi|194172857:101779-102105	1-327/327	===============	0/0	100.0	98.17	victors	gi|194172857:101779-102105	Streptococcus pneumoniae TIGR4 chromosome complete genome		streptococcus_mitis	GCF_018603625.2
data/unzipped_genomes/streptococcus_mitis/ncbi_dataset/data/GCF_018603625.2/GCF_018603625.2_ASM1860362v2_genomic.fna	NZ_CP190759.1	1855954	1856940	-	gi|194172857:96869-97855	1-987/987	===============	0/0	100.0	97.06	victors	gi|194172857:96869-97855	Streptococcus pneumoniae TIGR4 chromosome complete genome		streptococcus_mitis	GCF_018603625.2
data/unzipped_genomes/streptococcus_mitis/ncbi_dataset/data/GCF_018603625.2/GCF_018603625.2_ASM1860362v2_genomic.fna	NZ_CP190759.1	1858351	1859828	-	gi|194172857:95122-96597	1-1475/1476	========/======	2/9	99.73	91.9	victors	gi|194172857:95122-96597	Streptococcus pneumoniae TIGR4 chromosome complete genome		streptococcus_mitis	GCF_018603625.2
data/unzipped_genomes/streptococcus_mitis/ncbi_dataset/data/GCF_018603625.2/GCF_018603625.2_ASM1860362v2_genomic.fna	NZ_CP190759.1	1863879	1864748	+	gi|194172857:2052445-2053314	1-870/870	===============	0/0	100.0	93.22	victors	gi|194172857:2052445-2053314	Streptococcus pneumoniae TIGR4 chromosome complete genome		streptococcus_mitis	GCF_018603625.2
data/unzipped_genomes/streptococcus_mitis/ncbi_dataset/data/GCF_018603625.2/GCF_018603625.2_ASM1860362v2_genomic.fna	NZ_CP190759.1	1864832	1867492	+	gi|194172857:2053397-2056057	1-2661/2661	===============	0/0	100.0	93.39	victors	gi|194172857:2053397-2056057	Streptococcus pneumoniae TIGR4 chromosome complete genome		streptococcus_mitis	GCF_018603625.2
data/unzipped_genomes/streptococcus_mitis/ncbi_dataset/data/GCF_018603625.2/GCF_018603625.2_ASM1860362v2_genomic.fna	NZ_CP190759.1	1869143	1871224	+	gi|194172857:2057585-2059669	1-2082/2085	===============	0/0	99.86	91.02	victors	gi|194172857:2057585-2059669	Streptococcus pneumoniae TIGR4 chromosome complete genome		streptococcus_mitis	GCF_018603625.2
data/unzipped_genomes/streptococcus_mitis/ncbi_dataset/data/GCF_018603625.2/GCF_018603625.2_ASM1860362v2_genomic.fna	NZ_CP190759.1	1874657	1875463	+	gi|194172857:2088331-2089137	1-807/807	===============	0/0	100.0	94.8	victors	gi|194172857:2088331-2089137	Streptococcus pneumoniae TIGR4 chromosome complete genome		streptococcus_mitis	GCF_018603625.2
data/unzipped_genomes/streptococcus_mitis/ncbi_dataset/data/GCF_018603625.2/GCF_018603625.2_ASM1860362v2_genomic.fna	NZ_CP190759.1	1878269	1879510	+	gi|194172857:2091943-2093184	1-1242/1242	===============	0/0	100.0	91.55	victors	gi|194172857:2091943-2093184	Streptococcus pneumoniae TIGR4 chromosome complete genome		streptococcus_mitis	GCF_018603625.2
data/unzipped_genomes/streptococcus_mitis/ncbi_dataset/data/GCF_018603625.2/GCF_018603625.2_ASM1860362v2_genomic.fna	NZ_CP190759.1	1879510	1881060	+	gi|194172857:2093184-2094734	1-1551/1551	===============	0/0	100.0	92.33	victors	gi|194172857:2093184-2094734	Streptococcus pneumoniae TIGR4 chromosome complete genome		streptococcus_mitis	GCF_018603625.2
data/unzipped_genomes/streptococcus_mitis/ncbi_dataset/data/GCF_018603625.2/GCF_018603625.2_ASM1860362v2_genomic.fna	NZ_CP190759.1	1927893	1928810	+	gi|194172857:2130641-2131561	1-918/921	===============	0/0	99.67	94.55	victors	gi|194172857:2130641-2131561	Streptococcus pneumoniae TIGR4 chromosome complete genome		streptococcus_mitis	GCF_018603625.2
data/unzipped_genomes/streptococcus_mitis/ncbi_dataset/data/GCF_018603625.2/GCF_018603625.2_ASM1860362v2_genomic.fna	NZ_CP190759.1	1947929	1950472	+	gi|194172857:2150516-2153068	1-2553/2553	========/======	1/9	99.65	93.18	victors	gi|194172857:2150516-2153068	Streptococcus pneumoniae TIGR4 chromosome complete genome		streptococcus_mitis	GCF_018603625.2
data/unzipped_genomes/streptococcus_mitis/ncbi_dataset/data/GCF_018603625.2/GCF_018603625.2_ASM1860362v2_genomic.fna	NZ_CP190759.1	1954807	1956099	+	gi|194172857:2156413-2157738	1-1293/1326	===============	0/0	97.51	91.88	victors	gi|194172857:2156413-2157738	Streptococcus pneumoniae TIGR4 chromosome complete genome		streptococcus_mitis	GCF_018603625.2
data/unzipped_genomes/streptococcus_mitis/ncbi_dataset/data/GCF_018603625.2/GCF_018603625.2_ASM1860362v2_genomic.fna	NZ_CP190759.1	1957212	1958393	+	gi|194172857:2158828-2160009	1-1182/1182	===============	0/0	100.0	92.98	victors	gi|194172857:2158828-2160009	Streptococcus pneumoniae TIGR4 chromosome complete genome		streptococcus_mitis	GCF_018603625.2
data/unzipped_genomes/streptococcus_oralis/ncbi_dataset/data/GCF_001983955.1/GCF_001983955.1_ASM198395v1_genomic.fna	NZ_CP019562.1	10349	12890	-	gi|194172857:2150516-2153068	1-2551/2553	========/======	3/11	99.53	83.31	victors	gi|194172857:2150516-2153068	Streptococcus pneumoniae TIGR4 chromosome complete genome		streptococcus_oralis	GCF_001983955.1
data/unzipped_genomes/streptococcus_oralis/ncbi_dataset/data/GCF_001983955.1/GCF_001983955.1_ASM198395v1_genomic.fna	NZ_CP019562.1	31871	32788	-	gi|194172857:2130641-2131561	1-918/921	===============	0/0	99.67	87.47	victors	gi|194172857:2130641-2131561	Streptococcus pneumoniae TIGR4 chromosome complete genome		streptococcus_oralis	GCF_001983955.1
data/unzipped_genomes/streptococcus_oralis/ncbi_dataset/data/GCF_001983955.1/GCF_001983955.1_ASM198395v1_genomic.fna	NZ_CP019562.1	82722	84272	-	gi|194172857:2093184-2094734	1-1551/1551	===============	0/0	100.0	88.01	victors	gi|194172857:2093184-2094734	Streptococcus pneumoniae TIGR4 chromosome complete genome		streptococcus_oralis	GCF_001983955.1
data/unzipped_genomes/streptococcus_oralis/ncbi_dataset/data/GCF_001983955.1/GCF_001983955.1_ASM198395v1_genomic.fna	NZ_CP019562.1	84272	85513	-	gi|194172857:2091943-2093184	1-1242/1242	========/======	2/4	99.84	82.15	victors	gi|194172857:2091943-2093184	Streptococcus pneumoniae TIGR4 chromosome complete genome		streptococcus_oralis	GCF_001983955.1
data/unzipped_genomes/streptococcus_oralis/ncbi_dataset/data/GCF_001983955.1/GCF_001983955.1_ASM198395v1_genomic.fna	NZ_CP019562.1	90506	91312	-	gi|194172857:2088331-2089137	1-807/807	========/======	2/2	99.88	85.77	victors	gi|194172857:2088331-2089137	Streptococcus pneumoniae TIGR4 chromosome complete genome		streptococcus_oralis	GCF_001983955.1
data/unzipped_genomes/streptococcus_oralis/ncbi_dataset/data/GCF_001983955.1/GCF_001983955.1_ASM198395v1_genomic.fna	NZ_CP019562.1	93341	95020	-	gi|194172857:2059709-2061388	1-1680/1680	===============	0/0	100.0	85.3	victors	gi|194172857:2059709-2061388	Streptococcus pneumoniae TIGR4 chromosome complete genome		streptococcus_oralis	GCF_001983955.1
data/unzipped_genomes/streptococcus_oralis/ncbi_dataset/data/GCF_001983955.1/GCF_001983955.1_ASM198395v1_genomic.fna	NZ_CP019562.1	95061	97144	-	gi|194172857:2057585-2059669	1-2084/2085	===============	0/0	99.95	88.87	victors	gi|194172857:2057585-2059669	Streptococcus pneumoniae TIGR4 chromosome complete genome		streptococcus_oralis	GCF_001983955.1
data/unzipped_genomes/streptococcus_oralis/ncbi_dataset/data/GCF_001983955.1/GCF_001983955.1_ASM198395v1_genomic.fna	NZ_CP019562.1	98825	101483	-	gi|194172857:2053397-2056057	2-2661/2661	========/======	1/1	99.92	87.48	victors	gi|194172857:2053397-2056057	Streptococcus pneumoniae TIGR4 chromosome complete genome		streptococcus_oralis	GCF_001983955.1
data/unzipped_genomes/streptococcus_oralis/ncbi_dataset/data/GCF_001983955.1/GCF_001983955.1_ASM198395v1_genomic.fna	NZ_CP019562.1	101581	102449	-	gi|194172857:2052445-2053314	2-870/870	========/======	2/2	99.77	86.55	victors	gi|194172857:2052445-2053314	Streptococcus pneumoniae TIGR4 chromosome complete genome		streptococcus_oralis	GCF_001983955.1
data/unzipped_genomes/streptococcus_oralis/ncbi_dataset/data/GCF_001983955.1/GCF_001983955.1_ASM198395v1_genomic.fna	NZ_CP019562.1	106496	107976	+	gi|194172857:95122-96597	1-1475/1476	========/======	1/6	99.93	92.44	victors	gi|194172857:95122-96597	Streptococcus pneumoniae TIGR4 chromosome complete genome		streptococcus_oralis	GCF_001983955.1
data/unzipped_genomes/streptococcus_oralis/ncbi_dataset/data/GCF_001983955.1/GCF_001983955.1_ASM198395v1_genomic.fna	NZ_CP019562.1	109318	110304	+	gi|194172857:96869-97855	1-987/987	===============	0/0	100.0	94.63	victors	gi|194172857:96869-97855	Streptococcus pneumoniae TIGR4 chromosome complete genome		streptococcus_oralis	GCF_001983955.1
data/unzipped_genomes/streptococcus_oralis/ncbi_dataset/data/GCF_001983955.1/GCF_001983955.1_ASM198395v1_genomic.fna	NZ_CP019562.1	113879	114204	+	gi|194172857:101779-102105	2-327/327	===============	0/0	99.69	88.96	victors	gi|194172857:101779-102105	Streptococcus pneumoniae TIGR4 chromosome complete genome		streptococcus_oralis	GCF_001983955.1
data/unzipped_genomes/streptococcus_oralis/ncbi_dataset/data/GCF_001983955.1/GCF_001983955.1_ASM198395v1_genomic.fna	NZ_CP019562.1	124125	126199	+	gi|194172857:111156-113240	1-2075/2085	========/======	2/2	99.47	90.17	victors	gi|194172857:111156-113240	Streptococcus pneumoniae TIGR4 chromosome complete genome		streptococcus_oralis	GCF_001983955.1
data/unzipped_genomes/streptococcus_oralis/ncbi_dataset/data/GCF_001983955.1/GCF_001983955.1_ASM198395v1_genomic.fna	NZ_CP019562.1	135071	136749	+	gi|194172857:125050-126729	2-1680/1680	===============	0/0	99.94	92.73	victors	gi|194172857:125050-126729	Streptococcus pneumoniae TIGR4 chromosome complete genome		streptococcus_oralis	GCF_001983955.1
data/unzipped_genomes/streptococcus_oralis/ncbi_dataset/data/GCF_001983955.1/GCF_001983955.1_ASM198395v1_genomic.fna	NZ_CP019562.1	139214	139651	+	gi|194172857:128979-129416	1-438/438	========/======	2/2	99.77	90.2	victors	gi|194172857:128979-129416	Streptococcus pneumoniae TIGR4 chromosome complete genome		streptococcus_oralis	GCF_001983955.1
data/unzipped_genomes/streptococcus_oralis/ncbi_dataset/data/GCF_001983955.1/GCF_001983955.1_ASM198395v1_genomic.fna	NZ_CP019562.1	144922	145578	+	gi|194172857:144439-145095	1-657/657	===============	0/0	100.0	87.82	victors	gi|194172857:144439-145095	Streptococcus pneumoniae TIGR4 chromosome complete genome		streptococcus_oralis	GCF_001983955.1
data/unzipped_genomes/streptococcus_oralis/ncbi_dataset/data/GCF_001983955.1/GCF_001983955.1_ASM198395v1_genomic.fna	NZ_CP019562.1	147965	149337	+	gi|194172857:147450-148823	2-1374/1374	========/======	2/2	99.85	90.32	victors	gi|194172857:147450-148823	Streptococcus pneumoniae TIGR4 chromosome complete genome		streptococcus_oralis	GCF_001983955.1
data/unzipped_genomes/streptococcus_oralis/ncbi_dataset/data/GCF_001983955.1/GCF_001983955.1_ASM198395v1_genomic.fna	NZ_CP019562.1	163660	166194	-	gi|194172857:1984956-1987489	1-2534/2534	========/======	1/1	100.0	89.59	victors	gi|194172857:1984956-1987489	Streptococcus pneumoniae TIGR4 chromosome complete genome		streptococcus_oralis	GCF_001983955.1
data/unzipped_genomes/streptococcus_oralis/ncbi_dataset/data/GCF_001983955.1/GCF_001983955.1_ASM198395v1_genomic.fna	NZ_CP019562.1	166236	166692	+	gi|194172857:157863-158321	3-459/459	===============	0/0	99.56	87.09	victors	gi|194172857:157863-158321	Streptococcus pneumoniae TIGR4 chromosome complete genome		streptococcus_oralis	GCF_001983955.1
data/unzipped_genomes/streptococcus_oralis/ncbi_dataset/data/GCF_001983955.1/GCF_001983955.1_ASM198395v1_genomic.fna	NZ_CP019562.1	212519	213192	+	gi|194172857:209956-210648	8-681/693	===============	0/0	97.26	85.31	victors	gi|194172857:209956-210648	Streptococcus pneumoniae TIGR4 chromosome complete genome		streptococcus_oralis	GCF_001983955.1
data/unzipped_genomes/streptococcus_oralis/ncbi_dataset/data/GCF_001983955.1/GCF_001983955.1_ASM198395v1_genomic.fna	NZ_CP019562.1	213365	215866	+	gi|194172857:224751-227252	1-2502/2502	===============	0/0	100.0	91.49	victors	gi|194172857:224751-227252	Streptococcus pneumoniae TIGR4 chromosome complete genome		streptococcus_oralis	GCF_001983955.1
data/unzipped_genomes/streptococcus_oralis/ncbi_dataset/data/GCF_001983955.1/GCF_001983955.1_ASM198395v1_genomic.fna	NZ_CP019562.1	224169	225548	+	gi|194172857:238197-239576	1-1380/1380	===============	0/0	100.0	84.28	victors	gi|194172857:238197-239576	Streptococcus pneumoniae TIGR4 chromosome complete genome		streptococcus_oralis	GCF_001983955.1
data/unzipped_genomes/streptococcus_oralis/ncbi_dataset/data/GCF_001983955.1/GCF_001983955.1_ASM198395v1_genomic.fna	NZ_CP019562.1	227963	229007	+	gi|194172857:241696-242745	2-1046/1050	===============	0/0	99.52	91.0	victors	gi|194172857:241696-242745	Streptococcus pneumoniae TIGR4 chromosome complete genome		streptococcus_oralis	GCF_001983955.1
data/unzipped_genomes/streptococcus_oralis/ncbi_dataset/data/GCF_001983955.1/GCF_001983955.1_ASM198395v1_genomic.fna	NZ_CP019562.1	235030	238068	+	gi|194172857:242845-246687	419-3457/3843	.=======/=====.	2/2	79.05	84.31	victors	gi|194172857:242845-246687	Streptococcus pneumoniae TIGR4 chromosome complete genome		streptococcus_oralis	GCF_001983955.1
data/unzipped_genomes/streptococcus_oralis/ncbi_dataset/data/GCF_001983955.1/GCF_001983955.1_ASM198395v1_genomic.fna	NZ_CP019562.1	252847	254216	-	gi|194172857:1841736-1843106	2-1371/1371	===============	0/0	99.93	85.91	victors	gi|194172857:1841736-1843106	Streptococcus pneumoniae TIGR4 chromosome complete genome		streptococcus_oralis	GCF_001983955.1
data/unzipped_genomes/streptococcus_oralis/ncbi_dataset/data/GCF_001983955.1/GCF_001983955.1_ASM198395v1_genomic.fna	NZ_CP019562.1	272688	274388	+	gi|194172857:417448-419148	1-1701/1701	===============	0/0	100.0	87.07	victors	gi|194172857:417448-419148	Streptococcus pneumoniae TIGR4 chromosome complete genome		streptococcus_oralis	GCF_001983955.1
data/unzipped_genomes/streptococcus_oralis/ncbi_dataset/data/GCF_001983955.1/GCF_001983955.1_ASM198395v1_genomic.fna	NZ_CP019562.1	283080	283925	+	gi|116515308:417194-418039	1-846/846	===============	0/0	100.0	82.15	victors	gi|116515308:417194-418039	Streptococcus pneumoniae D39 complete genome		streptococcus_oralis	GCF_001983955.1
data/unzipped_genomes/streptococcus_oralis/ncbi_dataset/data/GCF_001983955.1/GCF_001983955.1_ASM198395v1_genomic.fna	NZ_CP019562.1	301099	303204	+	gi|194172857:310722-312827	1-2106/2106	===============	0/0	100.0	91.07	victors	gi|194172857:310722-312827	Streptococcus pneumoniae TIGR4 chromosome complete genome		streptococcus_oralis	GCF_001983955.1
data/unzipped_genomes/streptococcus_oralis/ncbi_dataset/data/GCF_001983955.1/GCF_001983955.1_ASM198395v1_genomic.fna	NZ_CP019562.1	303264	303746	+	gi|116515308:308501-308983	1-483/483	===============	0/0	100.0	92.34	victors	gi|116515308:308501-308983	Streptococcus pneumoniae D39 complete genome		streptococcus_oralis	GCF_001983955.1
data/unzipped_genomes/streptococcus_oralis/ncbi_dataset/data/GCF_001983955.1/GCF_001983955.1_ASM198395v1_genomic.fna	NZ_CP019562.1	354775	355464	+	gi|194396645:336110-336799	1-690/690	===============	0/0	100.0	86.09	victors	gi|194396645:336110-336799	Streptococcus pneumoniae G54 chromosome complete genome		streptococcus_oralis	GCF_001983955.1
data/unzipped_genomes/streptococcus_oralis/ncbi_dataset/data/GCF_001983955.1/GCF_001983955.1_ASM198395v1_genomic.fna	NZ_CP019562.1	356589	357527	+	gi|194172857:355946-356968	1-936/1023	========/=====.	3/11	91.1	86.96	victors	gi|194172857:355946-356968	Streptococcus pneumoniae TIGR4 chromosome complete genome		streptococcus_oralis	GCF_001983955.1
data/unzipped_genomes/streptococcus_oralis/ncbi_dataset/data/GCF_001983955.1/GCF_001983955.1_ASM198395v1_genomic.fna	NZ_CP019562.1	361685	362383	+	gi|194172857:365195-365893	1-699/699	===============	0/0	100.0	84.98	victors	gi|194172857:365195-365893	Streptococcus pneumoniae TIGR4 chromosome complete genome		streptococcus_oralis	GCF_001983955.1
data/unzipped_genomes/streptococcus_oralis/ncbi_dataset/data/GCF_001983955.1/GCF_001983955.1_ASM198395v1_genomic.fna	NZ_CP019562.1	456068	456934	+	gi|194172857:556411-557277	1-867/867	===============	0/0	100.0	90.2	victors	gi|194172857:556411-557277	Streptococcus pneumoniae TIGR4 chromosome complete genome		streptococcus_oralis	GCF_001983955.1
data/unzipped_genomes/streptococcus_oralis/ncbi_dataset/data/GCF_001983955.1/GCF_001983955.1_ASM198395v1_genomic.fna	NZ_CP019562.1	464511	465640	-	gi|194172857:1485134-1486264	2-1131/1131	===============	0/0	99.91	93.81	victors	gi|194172857:1485134-1486264	Streptococcus pneumoniae TIGR4 chromosome complete genome		streptococcus_oralis	GCF_001983955.1
data/unzipped_genomes/streptococcus_oralis/ncbi_dataset/data/GCF_001983955.1/GCF_001983955.1_ASM198395v1_genomic.fna	NZ_CP019562.1	465780	467994	-	gi|194172857:1541750-1543972	3-2223/2223	========/======	1/6	99.64	86.18	victors	gi|194172857:1541750-1543972	Streptococcus pneumoniae TIGR4 chromosome complete genome		streptococcus_oralis	GCF_001983955.1
data/unzipped_genomes/streptococcus_oralis/ncbi_dataset/data/GCF_001983955.1/GCF_001983955.1_ASM198395v1_genomic.fna	NZ_CP019562.1	470372	471304	-	gi|15902044:1470685-1471614	1-930/930	========/======	3/9	99.68	88.78	victors	gi|15902044:1470685-1471614	Streptococcus pneumoniae R6 complete genome		streptococcus_oralis	GCF_001983955.1
data/unzipped_genomes/streptococcus_oralis/ncbi_dataset/data/GCF_001983955.1/GCF_001983955.1_ASM198395v1_genomic.fna	NZ_CP019562.1	471344	472178	-	gi|116515308:1477336-1478184	1-835/849	===============	0/0	98.35	82.75	victors	gi|116515308:1477336-1478184	Streptococcus pneumoniae D39 complete genome		streptococcus_oralis	GCF_001983955.1
data/unzipped_genomes/streptococcus_oralis/ncbi_dataset/data/GCF_001983955.1/GCF_001983955.1_ASM198395v1_genomic.fna	NZ_CP019562.1	472175	472897	-	gi|116515308:1476617-1477339	1-723/723	===============	0/0	100.0	83.26	victors	gi|116515308:1476617-1477339	Streptococcus pneumoniae D39 complete genome		streptococcus_oralis	GCF_001983955.1
data/unzipped_genomes/streptococcus_oralis/ncbi_dataset/data/GCF_001983955.1/GCF_001983955.1_ASM198395v1_genomic.fna	NZ_CP019562.1	475008	475637	-	gi|194172857:1544931-1545560	1-630/630	===============	0/0	100.0	86.98	victors	gi|194172857:1544931-1545560	Streptococcus pneumoniae TIGR4 chromosome complete genome		streptococcus_oralis	GCF_001983955.1
data/unzipped_genomes/streptococcus_oralis/ncbi_dataset/data/GCF_001983955.1/GCF_001983955.1_ASM198395v1_genomic.fna	NZ_CP019562.1	486878	487555	-	gi|194172857:1533514-1534191	1-678/678	===============	0/0	100.0	85.25	victors	gi|194172857:1533514-1534191	Streptococcus pneumoniae TIGR4 chromosome complete genome		streptococcus_oralis	GCF_001983955.1
data/unzipped_genomes/streptococcus_oralis/ncbi_dataset/data/GCF_001983955.1/GCF_001983955.1_ASM198395v1_genomic.fna	NZ_CP019562.1	497551	498209	+	gi|15902044:532101-532760	2-660/660	===============	0/0	99.85	89.83	victors	gi|15902044:532101-532760	Streptococcus pneumoniae R6 complete genome		streptococcus_oralis	GCF_001983955.1
data/unzipped_genomes/streptococcus_oralis/ncbi_dataset/data/GCF_001983955.1/GCF_001983955.1_ASM198395v1_genomic.fna	NZ_CP019562.1	498219	498896	+	gi|15902044:532770-533447	1-678/678	===============	0/0	100.0	94.54	victors	gi|15902044:532770-533447	Streptococcus pneumoniae R6 complete genome		streptococcus_oralis	GCF_001983955.1
data/unzipped_genomes/streptococcus_oralis/ncbi_dataset/data/GCF_001983955.1/GCF_001983955.1_ASM198395v1_genomic.fna	NZ_CP019562.1	505249	506017	+	gi|194172857:581578-582357	1-769/780	===============	0/0	98.59	82.31	victors	gi|194172857:581578-582357	Streptococcus pneumoniae TIGR4 chromosome complete genome		streptococcus_oralis	GCF_001983955.1
data/unzipped_genomes/streptococcus_oralis/ncbi_dataset/data/GCF_001983955.1/GCF_001983955.1_ASM198395v1_genomic.fna	NZ_CP019562.1	509802	510407	+	gi|194172857:589566-590171	1-606/606	===============	0/0	100.0	91.58	victors	gi|194172857:589566-590171	Streptococcus pneumoniae TIGR4 chromosome complete genome		streptococcus_oralis	GCF_001983955.1
data/unzipped_genomes/streptococcus_oralis/ncbi_dataset/data/GCF_001983955.1/GCF_001983955.1_ASM198395v1_genomic.fna	NZ_CP019562.1	542398	543480	-	gi|194172857:1496623-1497705	1-1083/1083	===============	0/0	100.0	91.32	victors	gi|194172857:1496623-1497705	Streptococcus pneumoniae TIGR4 chromosome complete genome		streptococcus_oralis	GCF_001983955.1
data/unzipped_genomes/streptococcus_oralis/ncbi_dataset/data/GCF_001983955.1/GCF_001983955.1_ASM198395v1_genomic.fna	NZ_CP019562.1	550624	551412	-	gi|116515308:1430266-1431054	1-789/789	===============	0/0	100.0	81.88	victors	gi|116515308:1430266-1431054	Streptococcus pneumoniae D39 complete genome		streptococcus_oralis	GCF_001983955.1
data/unzipped_genomes/streptococcus_oralis/ncbi_dataset/data/GCF_001983955.1/GCF_001983955.1_ASM198395v1_genomic.fna	NZ_CP019562.1	553835	554482	+	gi|194172857:567091-567738	1-648/648	===============	0/0	100.0	93.67	victors	gi|194172857:567091-567738	Streptococcus pneumoniae TIGR4 chromosome complete genome		streptococcus_oralis	GCF_001983955.1
data/unzipped_genomes/streptococcus_oralis/ncbi_dataset/data/GCF_001983955.1/GCF_001983955.1_ASM198395v1_genomic.fna	NZ_CP019562.1	558177	559058	-	gi|15674250:1567023-1567904	1-882/882	========/======	4/8	99.55	87.25	victors	gi|15674250:1567023-1567904	Streptococcus pyogenes M1 GAS chromosome complete genome		streptococcus_oralis	GCF_001983955.1
data/unzipped_genomes/streptococcus_oralis/ncbi_dataset/data/GCF_001983955.1/GCF_001983955.1_ASM198395v1_genomic.fna	NZ_CP019562.1	564066	570518	+	gi|194172857:603894-610316	1-6423/6423	========/======	15/72	99.67	91.81	victors	gi|194172857:603894-610316	Streptococcus pneumoniae TIGR4 chromosome complete genome		streptococcus_oralis	GCF_001983955.1
data/unzipped_genomes/streptococcus_oralis/ncbi_dataset/data/GCF_001983955.1/GCF_001983955.1_ASM198395v1_genomic.fna	NZ_CP019562.1	586210	586887	+	gi|15902044:631043-631720	1-678/678	===============	0/0	100.0	89.23	victors	gi|15902044:631043-631720	Streptococcus pneumoniae R6 complete genome		streptococcus_oralis	GCF_001983955.1
data/unzipped_genomes/streptococcus_oralis/ncbi_dataset/data/GCF_001983955.1/GCF_001983955.1_ASM198395v1_genomic.fna	NZ_CP019562.1	586847	587527	+	gi|15902044:631680-632360	1-681/681	===============	0/0	100.0	87.81	victors	gi|15902044:631680-632360	Streptococcus pneumoniae R6 complete genome		streptococcus_oralis	GCF_001983955.1
data/unzipped_genomes/streptococcus_oralis/ncbi_dataset/data/GCF_001983955.1/GCF_001983955.1_ASM198395v1_genomic.fna	NZ_CP019562.1	590369	590929	+	gi|194172857:684999-685559	1-561/561	===============	0/0	100.0	92.33	victors	gi|194172857:684999-685559	Streptococcus pneumoniae TIGR4 chromosome complete genome		streptococcus_oralis	GCF_001983955.1
data/unzipped_genomes/streptococcus_oralis/ncbi_dataset/data/GCF_001983955.1/GCF_001983955.1_ASM198395v1_genomic.fna	NZ_CP019562.1	590930	592315	+	gi|194172857:685560-686945	1-1386/1386	===============	0/0	100.0	88.89	victors	gi|194172857:685560-686945	Streptococcus pneumoniae TIGR4 chromosome complete genome		streptococcus_oralis	GCF_001983955.1
data/unzipped_genomes/streptococcus_oralis/ncbi_dataset/data/GCF_001983955.1/GCF_001983955.1_ASM198395v1_genomic.fna	NZ_CP019562.1	595674	596465	+	gi|194172857:690467-691258	1-792/792	===============	0/0	100.0	89.77	victors	gi|194172857:690467-691258	Streptococcus pneumoniae TIGR4 chromosome complete genome		streptococcus_oralis	GCF_001983955.1
data/unzipped_genomes/streptococcus_oralis/ncbi_dataset/data/GCF_001983955.1/GCF_001983955.1_ASM198395v1_genomic.fna	NZ_CP019562.1	597238	597609	+	gi|194172857:692030-692401	1-372/372	===============	0/0	100.0	90.05	victors	gi|194172857:692030-692401	Streptococcus pneumoniae TIGR4 chromosome complete genome		streptococcus_oralis	GCF_001983955.1
data/unzipped_genomes/streptococcus_oralis/ncbi_dataset/data/GCF_001983955.1/GCF_001983955.1_ASM198395v1_genomic.fna	NZ_CP019562.1	600055	601830	+	gi|169832377:762997-764772	1-1776/1776	===============	0/0	100.0	94.31	victors	gi|169832377:762997-764772	Streptococcus pneumoniae Hungary19A-6 complete genome		streptococcus_oralis	GCF_001983955.1
data/unzipped_genomes/streptococcus_oralis/ncbi_dataset/data/GCF_001983955.1/GCF_001983955.1_ASM198395v1_genomic.fna	NZ_CP019562.1	616075	616665	+	gi|194172857:706881-707471	1-591/591	===============	0/0	100.0	89.51	victors	gi|194172857:706881-707471	Streptococcus pneumoniae TIGR4 chromosome complete genome		streptococcus_oralis	GCF_001983955.1
data/unzipped_genomes/streptococcus_oralis/ncbi_dataset/data/GCF_001983955.1/GCF_001983955.1_ASM198395v1_genomic.fna	NZ_CP019562.1	637581	638268	+	gi|15902044:726846-727535	3-690/690	===============	0/0	99.71	83.87	victors	gi|15902044:726846-727535	Streptococcus pneumoniae R6 complete genome		streptococcus_oralis	GCF_001983955.1
data/unzipped_genomes/streptococcus_oralis/ncbi_dataset/data/GCF_001983955.1/GCF_001983955.1_ASM198395v1_genomic.fna	NZ_CP019562.1	675492	676870	-	gi|116515308:1316925-1318304	2-1380/1380	===============	0/0	99.93	89.41	victors	gi|116515308:1316925-1318304	Streptococcus pneumoniae D39 complete genome		streptococcus_oralis	GCF_001983955.1
data/unzipped_genomes/streptococcus_oralis/ncbi_dataset/data/GCF_001983955.1/GCF_001983955.1_ASM198395v1_genomic.fna	NZ_CP019562.1	691002	692954	+	gi|194172857:824351-826303	1-1953/1953	===============	0/0	100.0	90.73	victors	gi|194172857:824351-826303	Streptococcus pneumoniae TIGR4 chromosome complete genome		streptococcus_oralis	GCF_001983955.1
data/unzipped_genomes/streptococcus_oralis/ncbi_dataset/data/GCF_001983955.1/GCF_001983955.1_ASM198395v1_genomic.fna	NZ_CP019562.1	704980	706299	-	gi|194172857:1220465-1221784	1-1320/1320	===============	0/0	100.0	88.11	victors	gi|194172857:1220465-1221784	Streptococcus pneumoniae TIGR4 chromosome complete genome		streptococcus_oralis	GCF_001983955.1
data/unzipped_genomes/streptococcus_oralis/ncbi_dataset/data/GCF_001983955.1/GCF_001983955.1_ASM198395v1_genomic.fna	NZ_CP019562.1	706667	707380	-	gi|194172857:1219485-1220198	1-714/714	===============	0/0	100.0	87.67	victors	gi|194172857:1219485-1220198	Streptococcus pneumoniae TIGR4 chromosome complete genome		streptococcus_oralis	GCF_001983955.1
data/unzipped_genomes/streptococcus_oralis/ncbi_dataset/data/GCF_001983955.1/GCF_001983955.1_ASM198395v1_genomic.fna	NZ_CP019562.1	710874	711250	-	gi|194172857:1215723-1216088	1-366/366	========/======	2/13	99.73	83.6	victors	gi|194172857:1215723-1216088	Streptococcus pneumoniae TIGR4 chromosome complete genome		streptococcus_oralis	GCF_001983955.1
data/unzipped_genomes/streptococcus_oralis/ncbi_dataset/data/GCF_001983955.1/GCF_001983955.1_ASM198395v1_genomic.fna	NZ_CP019562.1	712755	713276	-	gi|194172857:1213698-1214219	1-522/522	===============	0/0	100.0	90.42	victors	gi|194172857:1213698-1214219	Streptococcus pneumoniae TIGR4 chromosome complete genome		streptococcus_oralis	GCF_001983955.1
data/unzipped_genomes/streptococcus_oralis/ncbi_dataset/data/GCF_001983955.1/GCF_001983955.1_ASM198395v1_genomic.fna	NZ_CP019562.1	731131	732213	-	gi|194172857:1395292-1396374	1-1083/1083	===============	0/0	100.0	90.31	victors	gi|194172857:1395292-1396374	Streptococcus pneumoniae TIGR4 chromosome complete genome		streptococcus_oralis	GCF_001983955.1
data/unzipped_genomes/streptococcus_oralis/ncbi_dataset/data/GCF_001983955.1/GCF_001983955.1_ASM198395v1_genomic.fna	NZ_CP019562.1	735428	736336	+	gi|194172857:879941-880849	1-909/909	===============	0/0	100.0	90.54	victors	gi|194172857:879941-880849	Streptococcus pneumoniae TIGR4 chromosome complete genome		streptococcus_oralis	GCF_001983955.1
data/unzipped_genomes/streptococcus_oralis/ncbi_dataset/data/GCF_001983955.1/GCF_001983955.1_ASM198395v1_genomic.fna	NZ_CP019562.1	743946	745316	+	gi|194172857:892923-894293	1-1371/1371	===============	0/0	100.0	92.05	victors	gi|194172857:892923-894293	Streptococcus pneumoniae TIGR4 chromosome complete genome		streptococcus_oralis	GCF_001983955.1
data/unzipped_genomes/streptococcus_oralis/ncbi_dataset/data/GCF_001983955.1/GCF_001983955.1_ASM198395v1_genomic.fna	NZ_CP019562.1	770130	772647	+	gi|194172857:749306-751852	1-2518/2547	===============	0/0	98.86	91.5	victors	gi|194172857:749306-751852	Streptococcus pneumoniae TIGR4 chromosome complete genome		streptococcus_oralis	GCF_001983955.1
data/unzipped_genomes/streptococcus_oralis/ncbi_dataset/data/GCF_001983955.1/GCF_001983955.1_ASM198395v1_genomic.fna	NZ_CP019562.1	774966	775639	+	gi|116515308:714756-715496	68-741/741	.==============	0/0	90.96	85.46	victors	gi|116515308:714756-715496	Streptococcus pneumoniae D39 complete genome		streptococcus_oralis	GCF_001983955.1
data/unzipped_genomes/streptococcus_oralis/ncbi_dataset/data/GCF_001983955.1/GCF_001983955.1_ASM198395v1_genomic.fna	NZ_CP019562.1	781319	782529	+	gi|194172857:778425-779636	2-1212/1212	===============	0/0	99.92	92.07	victors	gi|194172857:778425-779636	Streptococcus pneumoniae TIGR4 chromosome complete genome		streptococcus_oralis	GCF_001983955.1
data/unzipped_genomes/streptococcus_oralis/ncbi_dataset/data/GCF_001983955.1/GCF_001983955.1_ASM198395v1_genomic.fna	NZ_CP019562.1	785578	787233	+	gi|194172857:913088-914743	1-1656/1656	===============	0/0	100.0	89.92	victors	gi|194172857:913088-914743	Streptococcus pneumoniae TIGR4 chromosome complete genome		streptococcus_oralis	GCF_001983955.1
data/unzipped_genomes/streptococcus_oralis/ncbi_dataset/data/GCF_001983955.1/GCF_001983955.1_ASM198395v1_genomic.fna	NZ_CP019562.1	798501	800302	+	gi|194172857:924530-926332	2-1803/1803	===============	0/0	99.94	88.35	victors	gi|194172857:924530-926332	Streptococcus pneumoniae TIGR4 chromosome complete genome		streptococcus_oralis	GCF_001983955.1
data/unzipped_genomes/streptococcus_oralis/ncbi_dataset/data/GCF_001983955.1/GCF_001983955.1_ASM198395v1_genomic.fna	NZ_CP019562.1	861749	862439	-	gi|15902044:1337590-1338288	1-691/699	===============	0/0	98.86	82.63	victors	gi|15902044:1337590-1338288	Streptococcus pneumoniae R6 complete genome		streptococcus_oralis	GCF_001983955.1
data/unzipped_genomes/streptococcus_oralis/ncbi_dataset/data/GCF_001983955.1/GCF_001983955.1_ASM198395v1_genomic.fna	NZ_CP019562.1	884673	885170	+	gi|194172857:612683-613180	1-498/498	===============	0/0	100.0	93.17	victors	gi|194172857:612683-613180	Streptococcus pneumoniae TIGR4 chromosome complete genome		streptococcus_oralis	GCF_001983955.1
data/unzipped_genomes/streptococcus_oralis/ncbi_dataset/data/GCF_001983955.1/GCF_001983955.1_ASM198395v1_genomic.fna	NZ_CP019562.1	888336	888761	-	gi|194172857:1129404-1129829	1-426/426	===============	0/0	100.0	95.78	victors	gi|194172857:1129404-1129829	Streptococcus pneumoniae TIGR4 chromosome complete genome		streptococcus_oralis	GCF_001983955.1
data/unzipped_genomes/streptococcus_oralis/ncbi_dataset/data/GCF_001983955.1/GCF_001983955.1_ASM198395v1_genomic.fna	NZ_CP019562.1	925011	925610	+	gi|194172857:962373-962972	1-600/600	===============	0/0	100.0	90.17	victors	gi|194172857:962373-962972	Streptococcus pneumoniae TIGR4 chromosome complete genome		streptococcus_oralis	GCF_001983955.1
data/unzipped_genomes/streptococcus_oralis/ncbi_dataset/data/GCF_001983955.1/GCF_001983955.1_ASM198395v1_genomic.fna	NZ_CP019562.1	928592	929023	+	gi|194172857:965957-966388	1-432/432	===============	0/0	100.0	89.12	victors	gi|194172857:965957-966388	Streptococcus pneumoniae TIGR4 chromosome complete genome		streptococcus_oralis	GCF_001983955.1
data/unzipped_genomes/streptococcus_oralis/ncbi_dataset/data/GCF_001983955.1/GCF_001983955.1_ASM198395v1_genomic.fna	NZ_CP019562.1	933051	934385	+	gi|194172857:970424-972055	2-1336/1632	=============..	0/0	81.8	88.84	victors	gi|194172857:970424-972055	Streptococcus pneumoniae TIGR4 chromosome complete genome		streptococcus_oralis	GCF_001983955.1
data/unzipped_genomes/streptococcus_oralis/ncbi_dataset/data/GCF_001983955.1/GCF_001983955.1_ASM198395v1_genomic.fna	NZ_CP019562.1	943605	944484	+	gi|194172857:984089-984973	1-880/885	===============	0/0	99.44	94.2	victors	gi|194172857:984089-984973	Streptococcus pneumoniae TIGR4 chromosome complete genome		streptococcus_oralis	GCF_001983955.1
data/unzipped_genomes/streptococcus_oralis/ncbi_dataset/data/GCF_001983955.1/GCF_001983955.1_ASM198395v1_genomic.fna	NZ_CP019562.1	950141	951600	+	gi|194172857:869868-871343	2-1461/1476	===============	0/0	98.92	89.73	victors	gi|194172857:869868-871343	Streptococcus pneumoniae TIGR4 chromosome complete genome		streptococcus_oralis	GCF_001983955.1
data/unzipped_genomes/streptococcus_oralis/ncbi_dataset/data/GCF_001983955.1/GCF_001983955.1_ASM198395v1_genomic.fna	NZ_CP019562.1	970109	971286	+	gi|194172857:1082493-1083671	1-1178/1179	========/======	2/2	99.83	85.75	victors	gi|194172857:1082493-1083671	Streptococcus pneumoniae TIGR4 chromosome complete genome		streptococcus_oralis	GCF_001983955.1
data/unzipped_genomes/streptococcus_oralis/ncbi_dataset/data/GCF_001983955.1/GCF_001983955.1_ASM198395v1_genomic.fna	NZ_CP019562.1	972930	973708	+	gi|194172857:1091179-1091958	1-778/780	========/======	1/1	99.74	86.01	victors	gi|194172857:1091179-1091958	Streptococcus pneumoniae TIGR4 chromosome complete genome		streptococcus_oralis	GCF_001983955.1
data/unzipped_genomes/streptococcus_oralis/ncbi_dataset/data/GCF_001983955.1/GCF_001983955.1_ASM198395v1_genomic.fna	NZ_CP019562.1	986160	986624	+	gi|221230948:1049769-1050233	1-465/465	===============	0/0	100.0	92.47	victors	gi|221230948:1049769-1050233	Streptococcus pneumoniae ATCC 700669 complete genome		streptococcus_oralis	GCF_001983955.1
data/unzipped_genomes/streptococcus_oralis/ncbi_dataset/data/GCF_001983955.1/GCF_001983955.1_ASM198395v1_genomic.fna	NZ_CP019562.1	1003341	1005223	-	gi|194172857:1053718-1055646	2-1884/1929	===============	0/0	97.62	80.78	victors	gi|194172857:1053718-1055646	Streptococcus pneumoniae TIGR4 chromosome complete genome		streptococcus_oralis	GCF_001983955.1
data/unzipped_genomes/streptococcus_oralis/ncbi_dataset/data/GCF_001983955.1/GCF_001983955.1_ASM198395v1_genomic.fna	NZ_CP019562.1	1012866	1013722	-	gi|194172857:1044703-1045566	2-858/864	========/======	3/4	98.96	82.65	victors	gi|194172857:1044703-1045566	Streptococcus pneumoniae TIGR4 chromosome complete genome		streptococcus_oralis	GCF_001983955.1
data/unzipped_genomes/streptococcus_oralis/ncbi_dataset/data/GCF_001983955.1/GCF_001983955.1_ASM198395v1_genomic.fna	NZ_CP019562.1	1032092	1032779	-	gi|194172857:1025575-1026264	3-690/690	========/======	2/2	99.57	84.76	victors	gi|194172857:1025575-1026264	Streptococcus pneumoniae TIGR4 chromosome complete genome		streptococcus_oralis	GCF_001983955.1
data/unzipped_genomes/streptococcus_oralis/ncbi_dataset/data/GCF_001983955.1/GCF_001983955.1_ASM198395v1_genomic.fna	NZ_CP019562.1	1050269	1052431	+	gi|194396645:1107757-1109922	1-2166/2166	========/======	1/3	99.86	86.01	victors	gi|194396645:1107757-1109922	Streptococcus pneumoniae G54 chromosome complete genome		streptococcus_oralis	GCF_001983955.1
data/unzipped_genomes/streptococcus_oralis/ncbi_dataset/data/GCF_001983955.1/GCF_001983955.1_ASM198395v1_genomic.fna	NZ_CP019562.1	1091094	1092760	+	gi|194172857:1135215-1136882	2-1668/1668	===============	0/0	99.94	87.22	victors	gi|194172857:1135215-1136882	Streptococcus pneumoniae TIGR4 chromosome complete genome		streptococcus_oralis	GCF_001983955.1
data/unzipped_genomes/streptococcus_oralis/ncbi_dataset/data/GCF_001983955.1/GCF_001983955.1_ASM198395v1_genomic.fna	NZ_CP019562.1	1121949	1122970	-	gi|194172857:803302-804324	2-1023/1023	===============	0/0	99.9	89.14	victors	gi|194172857:803302-804324	Streptococcus pneumoniae TIGR4 chromosome complete genome		streptococcus_oralis	GCF_001983955.1
data/unzipped_genomes/streptococcus_oralis/ncbi_dataset/data/GCF_001983955.1/GCF_001983955.1_ASM198395v1_genomic.fna	NZ_CP019562.1	1136676	1137953	-	gi|194172857:788996-790273	1-1278/1278	===============	0/0	100.0	83.49	victors	gi|194172857:788996-790273	Streptococcus pneumoniae TIGR4 chromosome complete genome		streptococcus_oralis	GCF_001983955.1
data/unzipped_genomes/streptococcus_oralis/ncbi_dataset/data/GCF_001983955.1/GCF_001983955.1_ASM198395v1_genomic.fna	NZ_CP019562.1	1162368	1162895	-	gi|194172857:726140-726652	1-510/513	========/======	3/20	99.22	82.04	victors	gi|194172857:726140-726652	Streptococcus pneumoniae TIGR4 chromosome complete genome		streptococcus_oralis	GCF_001983955.1
data/unzipped_genomes/streptococcus_oralis/ncbi_dataset/data/GCF_001983955.1/GCF_001983955.1_ASM198395v1_genomic.fna	NZ_CP019562.1	1163051	1163656	-	gi|182682970:712398-713003	1-606/606	===============	0/0	100.0	93.4	victors	gi|182682970:712398-713003	Streptococcus pneumoniae CGSP14 complete genome		streptococcus_oralis	GCF_001983955.1
data/unzipped_genomes/streptococcus_oralis/ncbi_dataset/data/GCF_001983955.1/GCF_001983955.1_ASM198395v1_genomic.fna	NZ_CP019562.1	1260787	1261464	+	gi|194172857:1299715-1300392	1-678/678	===============	0/0	100.0	82.01	victors	gi|194172857:1299715-1300392	Streptococcus pneumoniae TIGR4 chromosome complete genome		streptococcus_oralis	GCF_001983955.1
data/unzipped_genomes/streptococcus_oralis/ncbi_dataset/data/GCF_001983955.1/GCF_001983955.1_ASM198395v1_genomic.fna	NZ_CP019562.1	1261461	1262631	+	gi|194172857:1300389-1301561	1-1171/1173	========/======	2/2	99.74	82.51	victors	gi|194172857:1300389-1301561	Streptococcus pneumoniae TIGR4 chromosome complete genome		streptococcus_oralis	GCF_001983955.1
data/unzipped_genomes/streptococcus_oralis/ncbi_dataset/data/GCF_001983955.1/GCF_001983955.1_ASM198395v1_genomic.fna	NZ_CP019562.1	1262898	1264338	+	gi|194172857:1304782-1306236	2-1442/1455	===============	0/0	99.04	86.81	victors	gi|194172857:1304782-1306236	Streptococcus pneumoniae TIGR4 chromosome complete genome		streptococcus_oralis	GCF_001983955.1
data/unzipped_genomes/streptococcus_oralis/ncbi_dataset/data/GCF_001983955.1/GCF_001983955.1_ASM198395v1_genomic.fna	NZ_CP019562.1	1279369	1280439	+	gi|194396645:1294492-1295562	1-1071/1071	===============	0/0	100.0	88.7	victors	gi|194396645:1294492-1295562	Streptococcus pneumoniae G54 chromosome complete genome		streptococcus_oralis	GCF_001983955.1
data/unzipped_genomes/streptococcus_oralis/ncbi_dataset/data/GCF_001983955.1/GCF_001983955.1_ASM198395v1_genomic.fna	NZ_CP019562.1	1293880	1294638	+	gi|194172857:1319683-1320441	1-759/759	===============	0/0	100.0	86.83	victors	gi|194172857:1319683-1320441	Streptococcus pneumoniae TIGR4 chromosome complete genome		streptococcus_oralis	GCF_001983955.1
data/unzipped_genomes/streptococcus_oralis/ncbi_dataset/data/GCF_001983955.1/GCF_001983955.1_ASM198395v1_genomic.fna	NZ_CP019562.1	1295465	1296349	+	gi|194172857:1321268-1322152	1-885/885	===============	0/0	100.0	87.68	victors	gi|194172857:1321268-1322152	Streptococcus pneumoniae TIGR4 chromosome complete genome		streptococcus_oralis	GCF_001983955.1
data/unzipped_genomes/streptococcus_oralis/ncbi_dataset/data/GCF_001983955.1/GCF_001983955.1_ASM198395v1_genomic.fna	NZ_CP019562.1	1296339	1297256	+	gi|194172857:1322142-1323059	1-918/918	===============	0/0	100.0	85.62	victors	gi|194172857:1322142-1323059	Streptococcus pneumoniae TIGR4 chromosome complete genome		streptococcus_oralis	GCF_001983955.1
data/unzipped_genomes/streptococcus_oralis/ncbi_dataset/data/GCF_001983955.1/GCF_001983955.1_ASM198395v1_genomic.fna	NZ_CP019562.1	1327231	1333733	-	gi|194172857:615441-622142	1-6503/6702	========/======	4/6	96.99	87.46	victors	gi|194172857:615441-622142	Streptococcus pneumoniae TIGR4 chromosome complete genome		streptococcus_oralis	GCF_001983955.1
data/unzipped_genomes/streptococcus_oralis/ncbi_dataset/data/GCF_001983955.1/GCF_001983955.1_ASM198395v1_genomic.fna	NZ_CP019562.1	1346683	1348386	-	gi|194172857:640561-642282	1-1704/1722	===============	0/0	98.95	86.44	victors	gi|194172857:640561-642282	Streptococcus pneumoniae TIGR4 chromosome complete genome		streptococcus_oralis	GCF_001983955.1
data/unzipped_genomes/streptococcus_oralis/ncbi_dataset/data/GCF_001983955.1/GCF_001983955.1_ASM198395v1_genomic.fna	NZ_CP019562.1	1354197	1354755	-	gi|194172857:634195-634758	2-560/564	===============	0/0	99.11	86.58	victors	gi|194172857:634195-634758	Streptococcus pneumoniae TIGR4 chromosome complete genome		streptococcus_oralis	GCF_001983955.1
data/unzipped_genomes/streptococcus_oralis/ncbi_dataset/data/GCF_001983955.1/GCF_001983955.1_ASM198395v1_genomic.fna	NZ_CP019562.1	1356554	1357291	-	gi|194172857:631654-632391	1-738/738	===============	0/0	100.0	91.6	victors	gi|194172857:631654-632391	Streptococcus pneumoniae TIGR4 chromosome complete genome		streptococcus_oralis	GCF_001983955.1
data/unzipped_genomes/streptococcus_oralis/ncbi_dataset/data/GCF_001983955.1/GCF_001983955.1_ASM198395v1_genomic.fna	NZ_CP019562.1	1379641	1381229	+	gi|194172857:1439696-1441285	2-1590/1590	========/======	2/4	99.81	81.33	victors	gi|194172857:1439696-1441285	Streptococcus pneumoniae TIGR4 chromosome complete genome		streptococcus_oralis	GCF_001983955.1
data/unzipped_genomes/streptococcus_oralis/ncbi_dataset/data/GCF_001983955.1/GCF_001983955.1_ASM198395v1_genomic.fna	NZ_CP019562.1	1386845	1388243	+	gi|194172857:1446900-1448300	3-1401/1401	===============	0/0	99.86	87.78	victors	gi|194172857:1446900-1448300	Streptococcus pneumoniae TIGR4 chromosome complete genome		streptococcus_oralis	GCF_001983955.1
data/unzipped_genomes/streptococcus_oralis/ncbi_dataset/data/GCF_001983955.1/GCF_001983955.1_ASM198395v1_genomic.fna	NZ_CP019562.1	1399080	1399608	+	gi|221230948:1461838-1462386	1-529/549	========/======	2/2	96.17	90.19	victors	gi|221230948:1461838-1462386	Streptococcus pneumoniae ATCC 700669 complete genome		streptococcus_oralis	GCF_001983955.1
data/unzipped_genomes/streptococcus_oralis/ncbi_dataset/data/GCF_001983955.1/GCF_001983955.1_ASM198395v1_genomic.fna	NZ_CP019562.1	1518874	1520662	+	gi|194172857:1697767-1699563	9-1797/1797	===============	0/0	99.55	91.67	victors	gi|194172857:1697767-1699563	Streptococcus pneumoniae TIGR4 chromosome complete genome		streptococcus_oralis	GCF_001983955.1
data/unzipped_genomes/streptococcus_oralis/ncbi_dataset/data/GCF_001983955.1/GCF_001983955.1_ASM198395v1_genomic.fna	NZ_CP019562.1	1536005	1537009	+	gi|194172857:1727751-1728755	1-1005/1005	===============	0/0	100.0	91.84	victors	gi|194172857:1727751-1728755	Streptococcus pneumoniae TIGR4 chromosome complete genome		streptococcus_oralis	GCF_001983955.1
data/unzipped_genomes/streptococcus_oralis/ncbi_dataset/data/GCF_001983955.1/GCF_001983955.1_ASM198395v1_genomic.fna	NZ_CP019562.1	1537020	1537586	+	gi|194172857:1728766-1729332	1-567/567	===============	0/0	100.0	92.94	victors	gi|194172857:1728766-1729332	Streptococcus pneumoniae TIGR4 chromosome complete genome		streptococcus_oralis	GCF_001983955.1
data/unzipped_genomes/streptococcus_oralis/ncbi_dataset/data/GCF_001983955.1/GCF_001983955.1_ASM198395v1_genomic.fna	NZ_CP019562.1	1537583	1538944	+	gi|194172857:1729329-1730690	1-1362/1362	===============	0/0	100.0	91.78	victors	gi|194172857:1729329-1730690	Streptococcus pneumoniae TIGR4 chromosome complete genome		streptococcus_oralis	GCF_001983955.1
data/unzipped_genomes/streptococcus_oralis/ncbi_dataset/data/GCF_001983955.1/GCF_001983955.1_ASM198395v1_genomic.fna	NZ_CP019562.1	1549849	1550430	+	gi|194172857:1755276-1755857	1-582/582	===============	0/0	100.0	91.41	victors	gi|194172857:1755276-1755857	Streptococcus pneumoniae TIGR4 chromosome complete genome		streptococcus_oralis	GCF_001983955.1
data/unzipped_genomes/streptococcus_oralis/ncbi_dataset/data/GCF_001983955.1/GCF_001983955.1_ASM198395v1_genomic.fna	NZ_CP019562.1	1555697	1556689	+	gi|194172857:1761890-1762897	1-993/1008	===============	0/0	98.51	89.63	victors	gi|194172857:1761890-1762897	Streptococcus pneumoniae TIGR4 chromosome complete genome		streptococcus_oralis	GCF_001983955.1
data/unzipped_genomes/streptococcus_oralis/ncbi_dataset/data/GCF_001983955.1/GCF_001983955.1_ASM198395v1_genomic.fna	NZ_CP019562.1	1558717	1559493	+	gi|194172857:1766304-1767113	26-802/810	===============	0/0	95.93	89.7	victors	gi|194172857:1766304-1767113	Streptococcus pneumoniae TIGR4 chromosome complete genome		streptococcus_oralis	GCF_001983955.1
data/unzipped_genomes/streptococcus_oralis/ncbi_dataset/data/GCF_001983955.1/GCF_001983955.1_ASM198395v1_genomic.fna	NZ_CP019562.1	1561454	1562182	+	gi|194172857:1768968-1769696	1-729/729	===============	0/0	100.0	90.4	victors	gi|194172857:1768968-1769696	Streptococcus pneumoniae TIGR4 chromosome complete genome		streptococcus_oralis	GCF_001983955.1
data/unzipped_genomes/streptococcus_oralis/ncbi_dataset/data/GCF_001983955.1/GCF_001983955.1_ASM198395v1_genomic.fna	NZ_CP019562.1	1583415	1585022	-	gi|194172857:470730-472337	1-1608/1608	===============	0/0	100.0	92.85	victors	gi|194172857:470730-472337	Streptococcus pneumoniae TIGR4 chromosome complete genome		streptococcus_oralis	GCF_001983955.1
data/unzipped_genomes/streptococcus_oralis/ncbi_dataset/data/GCF_001983955.1/GCF_001983955.1_ASM198395v1_genomic.fna	NZ_CP019562.1	1624822	1626167	-	gi|225855735:474717-476063	2-1347/1347	===============	0/0	99.93	92.87	victors	gi|225855735:474717-476063	Streptococcus pneumoniae P1031 complete genome		streptococcus_oralis	GCF_001983955.1
data/unzipped_genomes/streptococcus_oralis/ncbi_dataset/data/GCF_001983955.1/GCF_001983955.1_ASM198395v1_genomic.fna	NZ_CP019562.1	1642082	1642603	+	gi|194172857:1781907-1782428	1-522/522	===============	0/0	100.0	94.25	victors	gi|194172857:1781907-1782428	Streptococcus pneumoniae TIGR4 chromosome complete genome		streptococcus_oralis	GCF_001983955.1
data/unzipped_genomes/streptococcus_oralis/ncbi_dataset/data/GCF_001983955.1/GCF_001983955.1_ASM198395v1_genomic.fna	NZ_CP019562.1	1678289	1679182	+	gi|194172857:1620920-1621813	1-894/894	===============	0/0	100.0	87.25	victors	gi|194172857:1620920-1621813	Streptococcus pneumoniae TIGR4 chromosome complete genome		streptococcus_oralis	GCF_001983955.1
data/unzipped_genomes/streptococcus_oralis/ncbi_dataset/data/GCF_001983955.1/GCF_001983955.1_ASM198395v1_genomic.fna	NZ_CP019562.1	1688268	1689699	-	gi|194172857:459147-460586	9-1440/1440	===============	0/0	99.44	84.01	victors	gi|194172857:459147-460586	Streptococcus pneumoniae TIGR4 chromosome complete genome		streptococcus_oralis	GCF_001983955.1
data/unzipped_genomes/streptococcus_oralis/ncbi_dataset/data/GCF_001983955.1/GCF_001983955.1_ASM198395v1_genomic.fna	NZ_CP019562.1	1691810	1692736	+	gi|194172857:1793112-1794038	1-927/927	===============	0/0	100.0	82.63	victors	gi|194172857:1793112-1794038	Streptococcus pneumoniae TIGR4 chromosome complete genome		streptococcus_oralis	GCF_001983955.1
data/unzipped_genomes/streptococcus_oralis/ncbi_dataset/data/GCF_001983955.1/GCF_001983955.1_ASM198395v1_genomic.fna	NZ_CP019562.1	1692736	1694232	+	gi|194172857:1794038-1795534	1-1497/1497	========/======	2/2	99.93	84.65	victors	gi|194172857:1794038-1795534	Streptococcus pneumoniae TIGR4 chromosome complete genome		streptococcus_oralis	GCF_001983955.1
data/unzipped_genomes/streptococcus_oralis/ncbi_dataset/data/GCF_001983955.1/GCF_001983955.1_ASM198395v1_genomic.fna	NZ_CP019562.1	1698256	1699072	+	gi|194172857:1872209-1873033	9-825/825	===============	0/0	99.03	80.91	victors	gi|194172857:1872209-1873033	Streptococcus pneumoniae TIGR4 chromosome complete genome		streptococcus_oralis	GCF_001983955.1
data/unzipped_genomes/streptococcus_oralis/ncbi_dataset/data/GCF_001983955.1/GCF_001983955.1_ASM198395v1_genomic.fna	NZ_CP019562.1	1702990	1703982	+	gi|194172857:1876951-1877943	1-993/993	===============	0/0	100.0	85.9	victors	gi|194172857:1876951-1877943	Streptococcus pneumoniae TIGR4 chromosome complete genome		streptococcus_oralis	GCF_001983955.1
data/unzipped_genomes/streptococcus_oralis/ncbi_dataset/data/GCF_001983955.1/GCF_001983955.1_ASM198395v1_genomic.fna	NZ_CP019562.1	1706965	1707757	+	gi|194172857:1880925-1881719	3-795/795	===============	0/0	99.75	88.27	victors	gi|194172857:1880925-1881719	Streptococcus pneumoniae TIGR4 chromosome complete genome		streptococcus_oralis	GCF_001983955.1
data/unzipped_genomes/streptococcus_oralis/ncbi_dataset/data/GCF_001983955.1/GCF_001983955.1_ASM198395v1_genomic.fna	NZ_CP019562.1	1732459	1733421	+	gi|194172857:1900695-1901657	1-963/963	===============	0/0	100.0	83.28	victors	gi|194172857:1900695-1901657	Streptococcus pneumoniae TIGR4 chromosome complete genome		streptococcus_oralis	GCF_001983955.1
data/unzipped_genomes/streptococcus_oralis/ncbi_dataset/data/GCF_001983955.1/GCF_001983955.1_ASM198395v1_genomic.fna	NZ_CP019562.1	1733475	1734499	+	gi|15902044:1783326-1784366	1-1025/1041	===============	0/0	98.46	83.51	victors	gi|15902044:1783326-1784366	Streptococcus pneumoniae R6 complete genome		streptococcus_oralis	GCF_001983955.1
data/unzipped_genomes/streptococcus_oralis/ncbi_dataset/data/GCF_001983955.1/GCF_001983955.1_ASM198395v1_genomic.fna	NZ_CP019562.1	1748829	1750163	-	gi|116515308:259029-260363	1-1335/1335	===============	0/0	100.0	93.41	victors	gi|116515308:259029-260363	Streptococcus pneumoniae D39 complete genome		streptococcus_oralis	GCF_001983955.1
data/unzipped_genomes/streptococcus_oralis/ncbi_dataset/data/GCF_001983955.1/GCF_001983955.1_ASM198395v1_genomic.fna	NZ_CP019562.1	1758524	1762915	-	gi|194172857:250617-255008	1-4392/4392	===============	0/0	100.0	89.89	victors	gi|194172857:250617-255008	Streptococcus pneumoniae TIGR4 chromosome complete genome		streptococcus_oralis	GCF_001983955.1
data/unzipped_genomes/streptococcus_oralis/ncbi_dataset/data/GCF_001983955.1/GCF_001983955.1_ASM198395v1_genomic.fna	NZ_CP019562.1	1781802	1782327	+	gi|194172857:1944881-1945504	70-595/624	.==============	0/0	84.29	82.89	victors	gi|194172857:1944881-1945504	Streptococcus pneumoniae TIGR4 chromosome complete genome		streptococcus_oralis	GCF_001983955.1
data/unzipped_genomes/streptococcus_oralis/ncbi_dataset/data/GCF_001983955.1/GCF_001983955.1_ASM198395v1_genomic.fna	NZ_CP019562.1	1789414	1790286	+	gi|194172857:1952670-1953542	1-873/873	========/======	2/6	99.66	86.99	victors	gi|194172857:1952670-1953542	Streptococcus pneumoniae TIGR4 chromosome complete genome		streptococcus_oralis	GCF_001983955.1
data/unzipped_genomes/streptococcus_oralis/ncbi_dataset/data/GCF_001983955.1/GCF_001983955.1_ASM198395v1_genomic.fna	NZ_CP019562.1	1821486	1822025	+	gi|194172857:2003047-2003586	1-540/540	===============	0/0	100.0	85.0	victors	gi|194172857:2003047-2003586	Streptococcus pneumoniae TIGR4 chromosome complete genome		streptococcus_oralis	GCF_001983955.1
data/unzipped_genomes/streptococcus_oralis/ncbi_dataset/data/GCF_001983955.1/GCF_001983955.1_ASM198395v1_genomic.fna	NZ_CP019562.1	1834142	1835413	+	gi|194172857:2020749-2022020	1-1272/1272	========/======	2/2	99.92	89.0	victors	gi|194172857:2020749-2022020	Streptococcus pneumoniae TIGR4 chromosome complete genome		streptococcus_oralis	GCF_001983955.1
data/unzipped_genomes/streptococcus_oralis/ncbi_dataset/data/GCF_001983955.1/GCF_001983955.1_ASM198395v1_genomic.fna	NZ_CP019562.1	1903763	1904576	-	gi|194172857:68134-68949	1-814/816	===============	0/0	99.75	93.98	victors	gi|194172857:68134-68949	Streptococcus pneumoniae TIGR4 chromosome complete genome		streptococcus_oralis	GCF_001983955.1
data/unzipped_genomes/streptococcus_oralis/ncbi_dataset/data/GCF_001983955.1/GCF_001983955.1_ASM198395v1_genomic.fna	NZ_CP019562.1	1909539	1912734	-	gi|194172857:59623-63561	187-3409/3939	========/=====.	8/43	80.93	80.62	victors	gi|194172857:59623-63561	Streptococcus pneumoniae TIGR4 chromosome complete genome		streptococcus_oralis	GCF_001983955.1
data/unzipped_genomes/streptococcus_oralis/ncbi_dataset/data/GCF_001983955.1/GCF_001983955.1_ASM198395v1_genomic.fna	NZ_CP019562.1	1913155	1914453	-	gi|116515308:59174-60472	1-1299/1299	===============	0/0	100.0	92.22	victors	gi|116515308:59174-60472	Streptococcus pneumoniae D39 complete genome		streptococcus_oralis	GCF_001983955.1
data/unzipped_genomes/streptococcus_oralis/ncbi_dataset/data/GCF_001983955.1/GCF_001983955.1_ASM198395v1_genomic.fna	NZ_CP019562.1	1920591	1922138	-	gi|194172857:53070-54617	1-1548/1548	===============	0/0	100.0	89.53	victors	gi|194172857:53070-54617	Streptococcus pneumoniae TIGR4 chromosome complete genome		streptococcus_oralis	GCF_001983955.1
data/unzipped_genomes/streptococcus_oralis/ncbi_dataset/data/GCF_001983955.1/GCF_001983955.1_ASM198395v1_genomic.fna	NZ_CP019562.1	1922679	1923200	-	gi|116515308:52811-53356	1-522/546	===============	0/0	95.6	90.04	victors	gi|116515308:52811-53356	Streptococcus pneumoniae D39 complete genome		streptococcus_oralis	GCF_001983955.1
data/unzipped_genomes/streptococcus_oralis/ncbi_dataset/data/GCF_001983955.1/GCF_001983955.1_ASM198395v1_genomic.fna	NZ_CP019562.1	1925894	1929619	-	gi|194396645:44071-47796	1-3726/3726	===============	0/0	100.0	89.94	victors	gi|194396645:44071-47796	Streptococcus pneumoniae G54 chromosome complete genome		streptococcus_oralis	GCF_001983955.1
data/unzipped_genomes/streptococcus_oralis/ncbi_dataset/data/GCF_001983955.1/GCF_001983955.1_ASM198395v1_genomic.fna	NZ_CP019562.1	1942820	1944182	-	gi|194172857:25916-27307	30-1392/1392	===============	0/0	97.92	91.71	victors	gi|194172857:25916-27307	Streptococcus pneumoniae TIGR4 chromosome complete genome		streptococcus_oralis	GCF_001983955.1
data/unzipped_genomes/streptococcus_oralis/ncbi_dataset/data/GCF_002386345.1/GCF_002386345.1_ASM238634v1_genomic.fna	NZ_CP023507.1	29651	34042	+	gi|194172857:250617-255008	1-4392/4392	===============	0/0	100.0	90.14	victors	gi|194172857:250617-255008	Streptococcus pneumoniae TIGR4 chromosome complete genome		streptococcus_oralis	GCF_002386345.1
data/unzipped_genomes/streptococcus_oralis/ncbi_dataset/data/GCF_002386345.1/GCF_002386345.1_ASM238634v1_genomic.fna	NZ_CP023507.1	42405	43739	+	gi|116515308:259029-260363	1-1335/1335	===============	0/0	100.0	93.33	victors	gi|116515308:259029-260363	Streptococcus pneumoniae D39 complete genome		streptococcus_oralis	GCF_002386345.1
data/unzipped_genomes/streptococcus_oralis/ncbi_dataset/data/GCF_002386345.1/GCF_002386345.1_ASM238634v1_genomic.fna	NZ_CP023507.1	58265	59289	-	gi|15902044:1783326-1784366	1-1025/1041	===============	0/0	98.46	83.42	victors	gi|15902044:1783326-1784366	Streptococcus pneumoniae R6 complete genome		streptococcus_oralis	GCF_002386345.1
data/unzipped_genomes/streptococcus_oralis/ncbi_dataset/data/GCF_002386345.1/GCF_002386345.1_ASM238634v1_genomic.fna	NZ_CP023507.1	59342	60304	-	gi|194172857:1900695-1901657	1-963/963	===============	0/0	100.0	82.66	victors	gi|194172857:1900695-1901657	Streptococcus pneumoniae TIGR4 chromosome complete genome		streptococcus_oralis	GCF_002386345.1
data/unzipped_genomes/streptococcus_oralis/ncbi_dataset/data/GCF_002386345.1/GCF_002386345.1_ASM238634v1_genomic.fna	NZ_CP023507.1	78522	79314	-	gi|194172857:1880925-1881719	3-795/795	===============	0/0	99.75	87.39	victors	gi|194172857:1880925-1881719	Streptococcus pneumoniae TIGR4 chromosome complete genome		streptococcus_oralis	GCF_002386345.1
data/unzipped_genomes/streptococcus_oralis/ncbi_dataset/data/GCF_002386345.1/GCF_002386345.1_ASM238634v1_genomic.fna	NZ_CP023507.1	82296	83288	-	gi|194172857:1876951-1877943	1-993/993	===============	0/0	100.0	86.2	victors	gi|194172857:1876951-1877943	Streptococcus pneumoniae TIGR4 chromosome complete genome		streptococcus_oralis	GCF_002386345.1
data/unzipped_genomes/streptococcus_oralis/ncbi_dataset/data/GCF_002386345.1/GCF_002386345.1_ASM238634v1_genomic.fna	NZ_CP023507.1	87206	88007	-	gi|194172857:1872209-1873033	24-825/825	===============	0/0	97.21	80.92	victors	gi|194172857:1872209-1873033	Streptococcus pneumoniae TIGR4 chromosome complete genome		streptococcus_oralis	GCF_002386345.1
data/unzipped_genomes/streptococcus_oralis/ncbi_dataset/data/GCF_002386345.1/GCF_002386345.1_ASM238634v1_genomic.fna	NZ_CP023507.1	91943	93439	-	gi|194172857:1794038-1795534	1-1497/1497	========/======	3/4	99.87	83.46	victors	gi|194172857:1794038-1795534	Streptococcus pneumoniae TIGR4 chromosome complete genome		streptococcus_oralis	GCF_002386345.1
data/unzipped_genomes/streptococcus_oralis/ncbi_dataset/data/GCF_002386345.1/GCF_002386345.1_ASM238634v1_genomic.fna	NZ_CP023507.1	93439	94365	-	gi|194172857:1793112-1794038	1-927/927	===============	0/0	100.0	82.42	victors	gi|194172857:1793112-1794038	Streptococcus pneumoniae TIGR4 chromosome complete genome		streptococcus_oralis	GCF_002386345.1
data/unzipped_genomes/streptococcus_oralis/ncbi_dataset/data/GCF_002386345.1/GCF_002386345.1_ASM238634v1_genomic.fna	NZ_CP023507.1	96476	97907	+	gi|194172857:459147-460586	9-1440/1440	===============	0/0	99.44	84.01	victors	gi|194172857:459147-460586	Streptococcus pneumoniae TIGR4 chromosome complete genome		streptococcus_oralis	GCF_002386345.1
data/unzipped_genomes/streptococcus_oralis/ncbi_dataset/data/GCF_002386345.1/GCF_002386345.1_ASM238634v1_genomic.fna	NZ_CP023507.1	105883	106776	-	gi|194172857:1620920-1621813	1-894/894	===============	0/0	100.0	87.47	victors	gi|194172857:1620920-1621813	Streptococcus pneumoniae TIGR4 chromosome complete genome		streptococcus_oralis	GCF_002386345.1
data/unzipped_genomes/streptococcus_oralis/ncbi_dataset/data/GCF_002386345.1/GCF_002386345.1_ASM238634v1_genomic.fna	NZ_CP023507.1	189509	190030	-	gi|194172857:1781907-1782428	1-522/522	===============	0/0	100.0	87.17	victors	gi|194172857:1781907-1782428	Streptococcus pneumoniae TIGR4 chromosome complete genome		streptococcus_oralis	GCF_002386345.1
data/unzipped_genomes/streptococcus_oralis/ncbi_dataset/data/GCF_002386345.1/GCF_002386345.1_ASM238634v1_genomic.fna	NZ_CP023507.1	196287	197257	-	gi|194172857:1774496-1775470	1-971/975	===============	0/0	99.59	89.7	victors	gi|194172857:1774496-1775470	Streptococcus pneumoniae TIGR4 chromosome complete genome		streptococcus_oralis	GCF_002386345.1
data/unzipped_genomes/streptococcus_oralis/ncbi_dataset/data/GCF_002386345.1/GCF_002386345.1_ASM238634v1_genomic.fna	NZ_CP023507.1	214780	216111	+	gi|225855735:474717-476063	2-1333/1347	===============	0/0	98.89	93.32	victors	gi|225855735:474717-476063	Streptococcus pneumoniae P1031 complete genome		streptococcus_oralis	GCF_002386345.1
data/unzipped_genomes/streptococcus_oralis/ncbi_dataset/data/GCF_002386345.1/GCF_002386345.1_ASM238634v1_genomic.fna	NZ_CP023507.1	266985	268592	+	gi|194172857:470730-472337	1-1608/1608	===============	0/0	100.0	93.53	victors	gi|194172857:470730-472337	Streptococcus pneumoniae TIGR4 chromosome complete genome		streptococcus_oralis	GCF_002386345.1
data/unzipped_genomes/streptococcus_oralis/ncbi_dataset/data/GCF_002386345.1/GCF_002386345.1_ASM238634v1_genomic.fna	NZ_CP023507.1	286088	288250	-	gi|116515308:1693399-1695561	1-2163/2163	========/======	2/4	99.91	89.75	victors	gi|116515308:1693399-1695561	Streptococcus pneumoniae D39 complete genome		streptococcus_oralis	GCF_002386345.1
data/unzipped_genomes/streptococcus_oralis/ncbi_dataset/data/GCF_002386345.1/GCF_002386345.1_ASM238634v1_genomic.fna	NZ_CP023507.1	294902	295630	-	gi|194172857:1768968-1769696	1-729/729	===============	0/0	100.0	92.45	victors	gi|194172857:1768968-1769696	Streptococcus pneumoniae TIGR4 chromosome complete genome		streptococcus_oralis	GCF_002386345.1
data/unzipped_genomes/streptococcus_oralis/ncbi_dataset/data/GCF_002386345.1/GCF_002386345.1_ASM238634v1_genomic.fna	NZ_CP023507.1	297484	298259	-	gi|194172857:1766304-1767113	27-802/810	===============	0/0	95.8	88.14	victors	gi|194172857:1766304-1767113	Streptococcus pneumoniae TIGR4 chromosome complete genome		streptococcus_oralis	GCF_002386345.1
data/unzipped_genomes/streptococcus_oralis/ncbi_dataset/data/GCF_002386345.1/GCF_002386345.1_ASM238634v1_genomic.fna	NZ_CP023507.1	300443	300796	-	gi|194172857:1763981-1764334	1-354/354	===============	0/0	100.0	93.22	victors	gi|194172857:1763981-1764334	Streptococcus pneumoniae TIGR4 chromosome complete genome		streptococcus_oralis	GCF_002386345.1
data/unzipped_genomes/streptococcus_oralis/ncbi_dataset/data/GCF_002386345.1/GCF_002386345.1_ASM238634v1_genomic.fna	NZ_CP023507.1	300797	301833	-	gi|194172857:1762943-1763980	2-1038/1038	===============	0/0	99.9	82.93	victors	gi|194172857:1762943-1763980	Streptococcus pneumoniae TIGR4 chromosome complete genome		streptococcus_oralis	GCF_002386345.1
data/unzipped_genomes/streptococcus_oralis/ncbi_dataset/data/GCF_002386345.1/GCF_002386345.1_ASM238634v1_genomic.fna	NZ_CP023507.1	301908	302903	-	gi|194172857:1761890-1762897	1-996/1008	===============	0/0	98.81	89.76	victors	gi|194172857:1761890-1762897	Streptococcus pneumoniae TIGR4 chromosome complete genome		streptococcus_oralis	GCF_002386345.1
data/unzipped_genomes/streptococcus_oralis/ncbi_dataset/data/GCF_002386345.1/GCF_002386345.1_ASM238634v1_genomic.fna	NZ_CP023507.1	309585	310166	-	gi|194172857:1755276-1755857	1-582/582	===============	0/0	100.0	91.41	victors	gi|194172857:1755276-1755857	Streptococcus pneumoniae TIGR4 chromosome complete genome		streptococcus_oralis	GCF_002386345.1
data/unzipped_genomes/streptococcus_oralis/ncbi_dataset/data/GCF_002386345.1/GCF_002386345.1_ASM238634v1_genomic.fna	NZ_CP023507.1	320850	322211	-	gi|194172857:1729329-1730690	1-1362/1362	===============	0/0	100.0	91.34	victors	gi|194172857:1729329-1730690	Streptococcus pneumoniae TIGR4 chromosome complete genome		streptococcus_oralis	GCF_002386345.1
data/unzipped_genomes/streptococcus_oralis/ncbi_dataset/data/GCF_002386345.1/GCF_002386345.1_ASM238634v1_genomic.fna	NZ_CP023507.1	322208	322774	-	gi|194172857:1728766-1729332	1-567/567	===============	0/0	100.0	92.77	victors	gi|194172857:1728766-1729332	Streptococcus pneumoniae TIGR4 chromosome complete genome		streptococcus_oralis	GCF_002386345.1
data/unzipped_genomes/streptococcus_oralis/ncbi_dataset/data/GCF_002386345.1/GCF_002386345.1_ASM238634v1_genomic.fna	NZ_CP023507.1	322785	323789	-	gi|194172857:1727751-1728755	1-1005/1005	===============	0/0	100.0	93.43	victors	gi|194172857:1727751-1728755	Streptococcus pneumoniae TIGR4 chromosome complete genome		streptococcus_oralis	GCF_002386345.1
data/unzipped_genomes/streptococcus_oralis/ncbi_dataset/data/GCF_002386345.1/GCF_002386345.1_ASM238634v1_genomic.fna	NZ_CP023507.1	347483	349277	-	gi|194172857:1697767-1699563	3-1797/1797	===============	0/0	99.89	92.53	victors	gi|194172857:1697767-1699563	Streptococcus pneumoniae TIGR4 chromosome complete genome		streptococcus_oralis	GCF_002386345.1
data/unzipped_genomes/streptococcus_oralis/ncbi_dataset/data/GCF_002386345.1/GCF_002386345.1_ASM238634v1_genomic.fna	NZ_CP023507.1	356257	356688	-	gi|194172857:1696967-1697527	3-434/561	============...	0/0	77.01	86.34	victors	gi|194172857:1696967-1697527	Streptococcus pneumoniae TIGR4 chromosome complete genome		streptococcus_oralis	GCF_002386345.1
data/unzipped_genomes/streptococcus_oralis/ncbi_dataset/data/GCF_002386345.1/GCF_002386345.1_ASM238634v1_genomic.fna	NZ_CP023507.1	482005	482526	-	gi|221230948:1461838-1462386	1-522/549	========/======	2/2	94.9	90.44	victors	gi|221230948:1461838-1462386	Streptococcus pneumoniae ATCC 700669 complete genome		streptococcus_oralis	GCF_002386345.1
data/unzipped_genomes/streptococcus_oralis/ncbi_dataset/data/GCF_002386345.1/GCF_002386345.1_ASM238634v1_genomic.fna	NZ_CP023507.1	483670	484813	-	gi|194172857:1451511-1452698	45-1188/1188	========/======	4/4	96.13	80.02	victors	gi|194172857:1451511-1452698	Streptococcus pneumoniae TIGR4 chromosome complete genome		streptococcus_oralis	GCF_002386345.1
data/unzipped_genomes/streptococcus_oralis/ncbi_dataset/data/GCF_002386345.1/GCF_002386345.1_ASM238634v1_genomic.fna	NZ_CP023507.1	493362	494760	-	gi|194172857:1446900-1448300	3-1401/1401	===============	0/0	99.86	86.13	victors	gi|194172857:1446900-1448300	Streptococcus pneumoniae TIGR4 chromosome complete genome		streptococcus_oralis	GCF_002386345.1
data/unzipped_genomes/streptococcus_oralis/ncbi_dataset/data/GCF_002386345.1/GCF_002386345.1_ASM238634v1_genomic.fna	NZ_CP023507.1	500788	502376	-	gi|194172857:1439696-1441285	2-1590/1590	========/======	4/6	99.75	82.79	victors	gi|194172857:1439696-1441285	Streptococcus pneumoniae TIGR4 chromosome complete genome		streptococcus_oralis	GCF_002386345.1
data/unzipped_genomes/streptococcus_oralis/ncbi_dataset/data/GCF_002386345.1/GCF_002386345.1_ASM238634v1_genomic.fna	NZ_CP023507.1	524314	525044	+	gi|194172857:631654-632391	1-731/738	===============	0/0	99.05	92.2	victors	gi|194172857:631654-632391	Streptococcus pneumoniae TIGR4 chromosome complete genome		streptococcus_oralis	GCF_002386345.1
data/unzipped_genomes/streptococcus_oralis/ncbi_dataset/data/GCF_002386345.1/GCF_002386345.1_ASM238634v1_genomic.fna	NZ_CP023507.1	526850	527408	+	gi|194172857:634195-634758	2-560/564	===============	0/0	99.11	86.94	victors	gi|194172857:634195-634758	Streptococcus pneumoniae TIGR4 chromosome complete genome		streptococcus_oralis	GCF_002386345.1
data/unzipped_genomes/streptococcus_oralis/ncbi_dataset/data/GCF_002386345.1/GCF_002386345.1_ASM238634v1_genomic.fna	NZ_CP023507.1	543086	544789	+	gi|194172857:640561-642282	1-1704/1722	===============	0/0	98.95	87.32	victors	gi|194172857:640561-642282	Streptococcus pneumoniae TIGR4 chromosome complete genome		streptococcus_oralis	GCF_002386345.1
data/unzipped_genomes/streptococcus_oralis/ncbi_dataset/data/GCF_002386345.1/GCF_002386345.1_ASM238634v1_genomic.fna	NZ_CP023507.1	555005	561507	+	gi|194172857:615441-622142	1-6503/6702	========/======	4/6	96.99	87.27	victors	gi|194172857:615441-622142	Streptococcus pneumoniae TIGR4 chromosome complete genome		streptococcus_oralis	GCF_002386345.1
data/unzipped_genomes/streptococcus_oralis/ncbi_dataset/data/GCF_002386345.1/GCF_002386345.1_ASM238634v1_genomic.fna	NZ_CP023507.1	595798	596715	-	gi|194172857:1322142-1323059	1-918/918	===============	0/0	100.0	86.17	victors	gi|194172857:1322142-1323059	Streptococcus pneumoniae TIGR4 chromosome complete genome		streptococcus_oralis	GCF_002386345.1
data/unzipped_genomes/streptococcus_oralis/ncbi_dataset/data/GCF_002386345.1/GCF_002386345.1_ASM238634v1_genomic.fna	NZ_CP023507.1	596705	597589	-	gi|194172857:1321268-1322152	1-885/885	===============	0/0	100.0	87.46	victors	gi|194172857:1321268-1322152	Streptococcus pneumoniae TIGR4 chromosome complete genome		streptococcus_oralis	GCF_002386345.1
data/unzipped_genomes/streptococcus_oralis/ncbi_dataset/data/GCF_002386345.1/GCF_002386345.1_ASM238634v1_genomic.fna	NZ_CP023507.1	598416	599174	-	gi|194172857:1319683-1320441	1-759/759	===============	0/0	100.0	86.56	victors	gi|194172857:1319683-1320441	Streptococcus pneumoniae TIGR4 chromosome complete genome		streptococcus_oralis	GCF_002386345.1
data/unzipped_genomes/streptococcus_oralis/ncbi_dataset/data/GCF_002386345.1/GCF_002386345.1_ASM238634v1_genomic.fna	NZ_CP023507.1	607633	608703	-	gi|116515308:1250317-1251387	1-1071/1071	===============	0/0	100.0	88.52	victors	gi|116515308:1250317-1251387	Streptococcus pneumoniae D39 complete genome		streptococcus_oralis	GCF_002386345.1
data/unzipped_genomes/streptococcus_oralis/ncbi_dataset/data/GCF_002386345.1/GCF_002386345.1_ASM238634v1_genomic.fna	NZ_CP023507.1	612181	613620	-	gi|194172857:1304782-1306236	2-1441/1455	========/======	2/6	98.76	87.18	victors	gi|194172857:1304782-1306236	Streptococcus pneumoniae TIGR4 chromosome complete genome		streptococcus_oralis	GCF_002386345.1
data/unzipped_genomes/streptococcus_oralis/ncbi_dataset/data/GCF_002386345.1/GCF_002386345.1_ASM238634v1_genomic.fna	NZ_CP023507.1	613887	615057	-	gi|194172857:1300389-1301561	1-1171/1173	========/======	5/6	99.57	82.79	victors	gi|194172857:1300389-1301561	Streptococcus pneumoniae TIGR4 chromosome complete genome		streptococcus_oralis	GCF_002386345.1
data/unzipped_genomes/streptococcus_oralis/ncbi_dataset/data/GCF_002386345.1/GCF_002386345.1_ASM238634v1_genomic.fna	NZ_CP023507.1	615054	615731	-	gi|194172857:1299715-1300392	1-678/678	===============	0/0	100.0	81.86	victors	gi|194172857:1299715-1300392	Streptococcus pneumoniae TIGR4 chromosome complete genome		streptococcus_oralis	GCF_002386345.1
data/unzipped_genomes/streptococcus_oralis/ncbi_dataset/data/GCF_002386345.1/GCF_002386345.1_ASM238634v1_genomic.fna	NZ_CP023507.1	690958	692114	+	gi|21909536:429670-430827	2-1158/1158	===============	0/0	99.91	85.83	victors	gi|21909536:429670-430827	Streptococcus pyogenes MGAS315 chromosome complete genome		streptococcus_oralis	GCF_002386345.1
data/unzipped_genomes/streptococcus_oralis/ncbi_dataset/data/GCF_002386345.1/GCF_002386345.1_ASM238634v1_genomic.fna	NZ_CP023507.1	704074	704679	+	gi|182682970:712398-713003	1-606/606	===============	0/0	100.0	93.4	victors	gi|182682970:712398-713003	Streptococcus pneumoniae CGSP14 complete genome		streptococcus_oralis	GCF_002386345.1
data/unzipped_genomes/streptococcus_oralis/ncbi_dataset/data/GCF_002386345.1/GCF_002386345.1_ASM238634v1_genomic.fna	NZ_CP023507.1	704833	705360	+	gi|194172857:726140-726652	1-510/513	========/======	3/20	99.22	82.23	victors	gi|194172857:726140-726652	Streptococcus pneumoniae TIGR4 chromosome complete genome		streptococcus_oralis	GCF_002386345.1
data/unzipped_genomes/streptococcus_oralis/ncbi_dataset/data/GCF_002386345.1/GCF_002386345.1_ASM238634v1_genomic.fna	NZ_CP023507.1	727700	728977	+	gi|194172857:788996-790273	1-1278/1278	===============	0/0	100.0	85.37	victors	gi|194172857:788996-790273	Streptococcus pneumoniae TIGR4 chromosome complete genome		streptococcus_oralis	GCF_002386345.1
data/unzipped_genomes/streptococcus_oralis/ncbi_dataset/data/GCF_002386345.1/GCF_002386345.1_ASM238634v1_genomic.fna	NZ_CP023507.1	742755	743776	+	gi|194172857:803302-804324	2-1023/1023	===============	0/0	99.9	88.55	victors	gi|194172857:803302-804324	Streptococcus pneumoniae TIGR4 chromosome complete genome		streptococcus_oralis	GCF_002386345.1
data/unzipped_genomes/streptococcus_oralis/ncbi_dataset/data/GCF_002386345.1/GCF_002386345.1_ASM238634v1_genomic.fna	NZ_CP023507.1	772949	774615	-	gi|194172857:1135215-1136882	2-1668/1668	===============	0/0	99.94	87.4	victors	gi|194172857:1135215-1136882	Streptococcus pneumoniae TIGR4 chromosome complete genome		streptococcus_oralis	GCF_002386345.1
data/unzipped_genomes/streptococcus_oralis/ncbi_dataset/data/GCF_002386345.1/GCF_002386345.1_ASM238634v1_genomic.fna	NZ_CP023507.1	816979	819144	-	gi|194396645:1107757-1109922	1-2166/2166	===============	0/0	100.0	86.29	victors	gi|194396645:1107757-1109922	Streptococcus pneumoniae G54 chromosome complete genome		streptococcus_oralis	GCF_002386345.1
data/unzipped_genomes/streptococcus_oralis/ncbi_dataset/data/GCF_002386345.1/GCF_002386345.1_ASM238634v1_genomic.fna	NZ_CP023507.1	838625	839313	+	gi|194172857:1025575-1026264	2-690/690	========/======	2/2	99.71	84.64	victors	gi|194172857:1025575-1026264	Streptococcus pneumoniae TIGR4 chromosome complete genome		streptococcus_oralis	GCF_002386345.1
data/unzipped_genomes/streptococcus_oralis/ncbi_dataset/data/GCF_002386345.1/GCF_002386345.1_ASM238634v1_genomic.fna	NZ_CP023507.1	856846	857702	+	gi|194172857:1044703-1045566	2-858/864	========/======	3/4	98.96	83.35	victors	gi|194172857:1044703-1045566	Streptococcus pneumoniae TIGR4 chromosome complete genome		streptococcus_oralis	GCF_002386345.1
data/unzipped_genomes/streptococcus_oralis/ncbi_dataset/data/GCF_002386345.1/GCF_002386345.1_ASM238634v1_genomic.fna	NZ_CP023507.1	865359	867233	+	gi|194172857:1053718-1055646	2-1876/1929	===============	0/0	97.2	80.11	victors	gi|194172857:1053718-1055646	Streptococcus pneumoniae TIGR4 chromosome complete genome		streptococcus_oralis	GCF_002386345.1
data/unzipped_genomes/streptococcus_oralis/ncbi_dataset/data/GCF_002386345.1/GCF_002386345.1_ASM238634v1_genomic.fna	NZ_CP023507.1	881431	881895	+	gi|182682970:1099619-1100083	1-465/465	===============	0/0	100.0	92.9	victors	gi|182682970:1099619-1100083	Streptococcus pneumoniae CGSP14 complete genome		streptococcus_oralis	GCF_002386345.1
data/unzipped_genomes/streptococcus_oralis/ncbi_dataset/data/GCF_002386345.1/GCF_002386345.1_ASM238634v1_genomic.fna	NZ_CP023507.1	900252	901030	-	gi|194172857:1091179-1091958	1-778/780	========/======	1/1	99.74	86.65	victors	gi|194172857:1091179-1091958	Streptococcus pneumoniae TIGR4 chromosome complete genome		streptococcus_oralis	GCF_002386345.1
data/unzipped_genomes/streptococcus_oralis/ncbi_dataset/data/GCF_002386345.1/GCF_002386345.1_ASM238634v1_genomic.fna	NZ_CP023507.1	902674	903851	-	gi|194172857:1082493-1083671	1-1178/1179	========/======	4/4	99.75	86.53	victors	gi|194172857:1082493-1083671	Streptococcus pneumoniae TIGR4 chromosome complete genome		streptococcus_oralis	GCF_002386345.1
data/unzipped_genomes/streptococcus_oralis/ncbi_dataset/data/GCF_002386345.1/GCF_002386345.1_ASM238634v1_genomic.fna	NZ_CP023507.1	918869	920328	-	gi|194172857:869868-871343	2-1461/1476	===============	0/0	98.92	89.31	victors	gi|194172857:869868-871343	Streptococcus pneumoniae TIGR4 chromosome complete genome		streptococcus_oralis	GCF_002386345.1
data/unzipped_genomes/streptococcus_oralis/ncbi_dataset/data/GCF_002386345.1/GCF_002386345.1_ASM238634v1_genomic.fna	NZ_CP023507.1	925978	926857	-	gi|194172857:984089-984973	1-880/885	===============	0/0	99.44	92.5	victors	gi|194172857:984089-984973	Streptococcus pneumoniae TIGR4 chromosome complete genome		streptococcus_oralis	GCF_002386345.1
data/unzipped_genomes/streptococcus_oralis/ncbi_dataset/data/GCF_002386345.1/GCF_002386345.1_ASM238634v1_genomic.fna	NZ_CP023507.1	942455	943789	-	gi|194172857:970424-972055	2-1336/1632	=============..	0/0	81.8	89.96	victors	gi|194172857:970424-972055	Streptococcus pneumoniae TIGR4 chromosome complete genome		streptococcus_oralis	GCF_002386345.1
data/unzipped_genomes/streptococcus_oralis/ncbi_dataset/data/GCF_002386345.1/GCF_002386345.1_ASM238634v1_genomic.fna	NZ_CP023507.1	947827	948258	-	gi|194172857:965957-966388	1-432/432	===============	0/0	100.0	91.44	victors	gi|194172857:965957-966388	Streptococcus pneumoniae TIGR4 chromosome complete genome		streptococcus_oralis	GCF_002386345.1
data/unzipped_genomes/streptococcus_oralis/ncbi_dataset/data/GCF_002386345.1/GCF_002386345.1_ASM238634v1_genomic.fna	NZ_CP023507.1	951239	951838	-	gi|194172857:962373-962972	1-600/600	===============	0/0	100.0	90.33	victors	gi|194172857:962373-962972	Streptococcus pneumoniae TIGR4 chromosome complete genome		streptococcus_oralis	GCF_002386345.1
data/unzipped_genomes/streptococcus_oralis/ncbi_dataset/data/GCF_002386345.1/GCF_002386345.1_ASM238634v1_genomic.fna	NZ_CP023507.1	985213	985638	+	gi|194172857:1129404-1129829	1-426/426	===============	0/0	100.0	92.96	victors	gi|194172857:1129404-1129829	Streptococcus pneumoniae TIGR4 chromosome complete genome		streptococcus_oralis	GCF_002386345.1
data/unzipped_genomes/streptococcus_oralis/ncbi_dataset/data/GCF_002386345.1/GCF_002386345.1_ASM238634v1_genomic.fna	NZ_CP023507.1	988804	989301	-	gi|194172857:612683-613180	1-498/498	===============	0/0	100.0	93.78	victors	gi|194172857:612683-613180	Streptococcus pneumoniae TIGR4 chromosome complete genome		streptococcus_oralis	GCF_002386345.1
data/unzipped_genomes/streptococcus_oralis/ncbi_dataset/data/GCF_002386345.1/GCF_002386345.1_ASM238634v1_genomic.fna	NZ_CP023507.1	1006684	1007374	+	gi|15902044:1337590-1338288	1-691/699	===============	0/0	98.86	83.21	victors	gi|15902044:1337590-1338288	Streptococcus pneumoniae R6 complete genome		streptococcus_oralis	GCF_002386345.1
data/unzipped_genomes/streptococcus_oralis/ncbi_dataset/data/GCF_002386345.1/GCF_002386345.1_ASM238634v1_genomic.fna	NZ_CP023507.1	1068033	1069834	-	gi|194172857:924530-926332	2-1803/1803	===============	0/0	99.94	87.85	victors	gi|194172857:924530-926332	Streptococcus pneumoniae TIGR4 chromosome complete genome		streptococcus_oralis	GCF_002386345.1
data/unzipped_genomes/streptococcus_oralis/ncbi_dataset/data/GCF_002386345.1/GCF_002386345.1_ASM238634v1_genomic.fna	NZ_CP023507.1	1080947	1082602	-	gi|194172857:913088-914743	1-1656/1656	===============	0/0	100.0	90.28	victors	gi|194172857:913088-914743	Streptococcus pneumoniae TIGR4 chromosome complete genome		streptococcus_oralis	GCF_002386345.1
data/unzipped_genomes/streptococcus_oralis/ncbi_dataset/data/GCF_002386345.1/GCF_002386345.1_ASM238634v1_genomic.fna	NZ_CP023507.1	1085901	1087111	-	gi|194172857:778425-779636	2-1212/1212	===============	0/0	99.92	92.07	victors	gi|194172857:778425-779636	Streptococcus pneumoniae TIGR4 chromosome complete genome		streptococcus_oralis	GCF_002386345.1
data/unzipped_genomes/streptococcus_oralis/ncbi_dataset/data/GCF_002386345.1/GCF_002386345.1_ASM238634v1_genomic.fna	NZ_CP023507.1	1092792	1093527	-	gi|116515308:714756-715496	6-741/741	===============	0/0	99.33	87.23	victors	gi|116515308:714756-715496	Streptococcus pneumoniae D39 complete genome		streptococcus_oralis	GCF_002386345.1
data/unzipped_genomes/streptococcus_oralis/ncbi_dataset/data/GCF_002386345.1/GCF_002386345.1_ASM238634v1_genomic.fna	NZ_CP023507.1	1093594	1096119	-	gi|194172857:749306-751852	1-2526/2547	===============	0/0	99.18	89.67	victors	gi|194172857:749306-751852	Streptococcus pneumoniae TIGR4 chromosome complete genome		streptococcus_oralis	GCF_002386345.1
data/unzipped_genomes/streptococcus_oralis/ncbi_dataset/data/GCF_002386345.1/GCF_002386345.1_ASM238634v1_genomic.fna	NZ_CP023507.1	1129943	1131311	-	gi|194172857:892923-894293	3-1371/1371	===============	0/0	99.85	91.09	victors	gi|194172857:892923-894293	Streptococcus pneumoniae TIGR4 chromosome complete genome		streptococcus_oralis	GCF_002386345.1
data/unzipped_genomes/streptococcus_oralis/ncbi_dataset/data/GCF_002386345.1/GCF_002386345.1_ASM238634v1_genomic.fna	NZ_CP023507.1	1139031	1139939	-	gi|194172857:879941-880849	1-909/909	===============	0/0	100.0	89.88	victors	gi|194172857:879941-880849	Streptococcus pneumoniae TIGR4 chromosome complete genome		streptococcus_oralis	GCF_002386345.1
data/unzipped_genomes/streptococcus_oralis/ncbi_dataset/data/GCF_002386345.1/GCF_002386345.1_ASM238634v1_genomic.fna	NZ_CP023507.1	1143188	1144270	+	gi|194172857:1395292-1396374	1-1083/1083	===============	0/0	100.0	89.01	victors	gi|194172857:1395292-1396374	Streptococcus pneumoniae TIGR4 chromosome complete genome		streptococcus_oralis	GCF_002386345.1
data/unzipped_genomes/streptococcus_oralis/ncbi_dataset/data/GCF_002386345.1/GCF_002386345.1_ASM238634v1_genomic.fna	NZ_CP023507.1	1170262	1170783	+	gi|194172857:1213698-1214219	1-522/522	===============	0/0	100.0	89.27	victors	gi|194172857:1213698-1214219	Streptococcus pneumoniae TIGR4 chromosome complete genome		streptococcus_oralis	GCF_002386345.1
data/unzipped_genomes/streptococcus_oralis/ncbi_dataset/data/GCF_002386345.1/GCF_002386345.1_ASM238634v1_genomic.fna	NZ_CP023507.1	1172288	1172664	+	gi|194172857:1215723-1216088	1-366/366	========/======	2/13	99.73	82.8	victors	gi|194172857:1215723-1216088	Streptococcus pneumoniae TIGR4 chromosome complete genome		streptococcus_oralis	GCF_002386345.1
data/unzipped_genomes/streptococcus_oralis/ncbi_dataset/data/GCF_002386345.1/GCF_002386345.1_ASM238634v1_genomic.fna	NZ_CP023507.1	1176158	1176871	+	gi|194172857:1219485-1220198	1-714/714	===============	0/0	100.0	86.69	victors	gi|194172857:1219485-1220198	Streptococcus pneumoniae TIGR4 chromosome complete genome		streptococcus_oralis	GCF_002386345.1
data/unzipped_genomes/streptococcus_oralis/ncbi_dataset/data/GCF_002386345.1/GCF_002386345.1_ASM238634v1_genomic.fna	NZ_CP023507.1	1177208	1178527	+	gi|194172857:1220465-1221784	1-1320/1320	===============	0/0	100.0	88.56	victors	gi|194172857:1220465-1221784	Streptococcus pneumoniae TIGR4 chromosome complete genome		streptococcus_oralis	GCF_002386345.1
data/unzipped_genomes/streptococcus_oralis/ncbi_dataset/data/GCF_002386345.1/GCF_002386345.1_ASM238634v1_genomic.fna	NZ_CP023507.1	1191340	1193292	-	gi|194172857:824351-826303	1-1953/1953	===============	0/0	100.0	91.3	victors	gi|194172857:824351-826303	Streptococcus pneumoniae TIGR4 chromosome complete genome		streptococcus_oralis	GCF_002386345.1
data/unzipped_genomes/streptococcus_oralis/ncbi_dataset/data/GCF_002386345.1/GCF_002386345.1_ASM238634v1_genomic.fna	NZ_CP023507.1	1208574	1209951	+	gi|221230948:1390887-1392266	3-1380/1380	===============	0/0	99.86	89.19	victors	gi|221230948:1390887-1392266	Streptococcus pneumoniae ATCC 700669 complete genome		streptococcus_oralis	GCF_002386345.1
data/unzipped_genomes/streptococcus_oralis/ncbi_dataset/data/GCF_002386345.1/GCF_002386345.1_ASM238634v1_genomic.fna	NZ_CP023507.1	1243844	1244531	-	gi|15902044:726846-727535	3-690/690	===============	0/0	99.71	84.45	victors	gi|15902044:726846-727535	Streptococcus pneumoniae R6 complete genome		streptococcus_oralis	GCF_002386345.1
data/unzipped_genomes/streptococcus_oralis/ncbi_dataset/data/GCF_002386345.1/GCF_002386345.1_ASM238634v1_genomic.fna	NZ_CP023507.1	1267051	1267641	-	gi|194172857:706881-707471	1-591/591	===============	0/0	100.0	90.53	victors	gi|194172857:706881-707471	Streptococcus pneumoniae TIGR4 chromosome complete genome		streptococcus_oralis	GCF_002386345.1
data/unzipped_genomes/streptococcus_oralis/ncbi_dataset/data/GCF_002386345.1/GCF_002386345.1_ASM238634v1_genomic.fna	NZ_CP023507.1	1280760	1282535	-	gi|169832377:762997-764772	1-1776/1776	===============	0/0	100.0	95.83	victors	gi|169832377:762997-764772	Streptococcus pneumoniae Hungary19A-6 complete genome		streptococcus_oralis	GCF_002386345.1
data/unzipped_genomes/streptococcus_oralis/ncbi_dataset/data/GCF_002386345.1/GCF_002386345.1_ASM238634v1_genomic.fna	NZ_CP023507.1	1282748	1284729	-	gi|194172857:692672-694654	2-1983/1983	========/======	2/2	99.9	90.17	victors	gi|194172857:692672-694654	Streptococcus pneumoniae TIGR4 chromosome complete genome		streptococcus_oralis	GCF_002386345.1
data/unzipped_genomes/streptococcus_oralis/ncbi_dataset/data/GCF_002386345.1/GCF_002386345.1_ASM238634v1_genomic.fna	NZ_CP023507.1	1285001	1285372	-	gi|194172857:692030-692401	1-372/372	===============	0/0	100.0	90.32	victors	gi|194172857:692030-692401	Streptococcus pneumoniae TIGR4 chromosome complete genome		streptococcus_oralis	GCF_002386345.1
data/unzipped_genomes/streptococcus_oralis/ncbi_dataset/data/GCF_002386345.1/GCF_002386345.1_ASM238634v1_genomic.fna	NZ_CP023507.1	1286145	1286936	-	gi|194172857:690467-691258	1-792/792	===============	0/0	100.0	88.76	victors	gi|194172857:690467-691258	Streptococcus pneumoniae TIGR4 chromosome complete genome		streptococcus_oralis	GCF_002386345.1
data/unzipped_genomes/streptococcus_oralis/ncbi_dataset/data/GCF_002386345.1/GCF_002386345.1_ASM238634v1_genomic.fna	NZ_CP023507.1	1290298	1291679	-	gi|194172857:685560-686945	1-1382/1386	===============	0/0	99.71	88.5	victors	gi|194172857:685560-686945	Streptococcus pneumoniae TIGR4 chromosome complete genome		streptococcus_oralis	GCF_002386345.1
data/unzipped_genomes/streptococcus_oralis/ncbi_dataset/data/GCF_002386345.1/GCF_002386345.1_ASM238634v1_genomic.fna	NZ_CP023507.1	1291680	1292240	-	gi|194172857:684999-685559	1-561/561	===============	0/0	100.0	92.69	victors	gi|194172857:684999-685559	Streptococcus pneumoniae TIGR4 chromosome complete genome		streptococcus_oralis	GCF_002386345.1
data/unzipped_genomes/streptococcus_oralis/ncbi_dataset/data/GCF_002386345.1/GCF_002386345.1_ASM238634v1_genomic.fna	NZ_CP023507.1	1319485	1325919	-	gi|194172857:603894-610316	1-6423/6423	========/======	15/44	99.75	92.19	victors	gi|194172857:603894-610316	Streptococcus pneumoniae TIGR4 chromosome complete genome		streptococcus_oralis	GCF_002386345.1
data/unzipped_genomes/streptococcus_oralis/ncbi_dataset/data/GCF_002386345.1/GCF_002386345.1_ASM238634v1_genomic.fna	NZ_CP023507.1	1330864	1331730	+	gi|15674250:1567023-1567904	16-882/882	========/======	4/8	97.85	87.49	victors	gi|15674250:1567023-1567904	Streptococcus pyogenes M1 GAS chromosome complete genome		streptococcus_oralis	GCF_002386345.1
data/unzipped_genomes/streptococcus_oralis/ncbi_dataset/data/GCF_002386345.1/GCF_002386345.1_ASM238634v1_genomic.fna	NZ_CP023507.1	1335535	1336182	-	gi|194172857:567091-567738	1-648/648	===============	0/0	100.0	94.14	victors	gi|194172857:567091-567738	Streptococcus pneumoniae TIGR4 chromosome complete genome		streptococcus_oralis	GCF_002386345.1
data/unzipped_genomes/streptococcus_oralis/ncbi_dataset/data/GCF_002386345.1/GCF_002386345.1_ASM238634v1_genomic.fna	NZ_CP023507.1	1338605	1339393	+	gi|116515308:1430266-1431054	1-789/789	===============	0/0	100.0	82.13	victors	gi|116515308:1430266-1431054	Streptococcus pneumoniae D39 complete genome		streptococcus_oralis	GCF_002386345.1
data/unzipped_genomes/streptococcus_oralis/ncbi_dataset/data/GCF_002386345.1/GCF_002386345.1_ASM238634v1_genomic.fna	NZ_CP023507.1	1345376	1346458	+	gi|194172857:1496623-1497705	1-1083/1083	===============	0/0	100.0	92.7	victors	gi|194172857:1496623-1497705	Streptococcus pneumoniae TIGR4 chromosome complete genome		streptococcus_oralis	GCF_002386345.1
data/unzipped_genomes/streptococcus_oralis/ncbi_dataset/data/GCF_002386345.1/GCF_002386345.1_ASM238634v1_genomic.fna	NZ_CP023507.1	1363315	1363920	-	gi|194172857:589566-590171	1-606/606	===============	0/0	100.0	91.75	victors	gi|194172857:589566-590171	Streptococcus pneumoniae TIGR4 chromosome complete genome		streptococcus_oralis	GCF_002386345.1
data/unzipped_genomes/streptococcus_oralis/ncbi_dataset/data/GCF_002386345.1/GCF_002386345.1_ASM238634v1_genomic.fna	NZ_CP023507.1	1371080	1371848	-	gi|194172857:581578-582357	1-769/780	========/======	2/2	98.46	82.99	victors	gi|194172857:581578-582357	Streptococcus pneumoniae TIGR4 chromosome complete genome		streptococcus_oralis	GCF_002386345.1
data/unzipped_genomes/streptococcus_oralis/ncbi_dataset/data/GCF_002386345.1/GCF_002386345.1_ASM238634v1_genomic.fna	NZ_CP023507.1	1378982	1379659	-	gi|15902044:532770-533447	1-678/678	===============	0/0	100.0	93.95	victors	gi|15902044:532770-533447	Streptococcus pneumoniae R6 complete genome		streptococcus_oralis	GCF_002386345.1
data/unzipped_genomes/streptococcus_oralis/ncbi_dataset/data/GCF_002386345.1/GCF_002386345.1_ASM238634v1_genomic.fna	NZ_CP023507.1	1379669	1380327	-	gi|15902044:532101-532760	2-660/660	===============	0/0	99.85	90.74	victors	gi|15902044:532101-532760	Streptococcus pneumoniae R6 complete genome		streptococcus_oralis	GCF_002386345.1
data/unzipped_genomes/streptococcus_oralis/ncbi_dataset/data/GCF_002386345.1/GCF_002386345.1_ASM238634v1_genomic.fna	NZ_CP023507.1	1388466	1389143	+	gi|194172857:1533514-1534191	1-678/678	===============	0/0	100.0	87.32	victors	gi|194172857:1533514-1534191	Streptococcus pneumoniae TIGR4 chromosome complete genome		streptococcus_oralis	GCF_002386345.1
data/unzipped_genomes/streptococcus_oralis/ncbi_dataset/data/GCF_002386345.1/GCF_002386345.1_ASM238634v1_genomic.fna	NZ_CP023507.1	1401595	1402224	+	gi|194172857:1544931-1545560	1-630/630	===============	0/0	100.0	87.14	victors	gi|194172857:1544931-1545560	Streptococcus pneumoniae TIGR4 chromosome complete genome		streptococcus_oralis	GCF_002386345.1
data/unzipped_genomes/streptococcus_oralis/ncbi_dataset/data/GCF_002386345.1/GCF_002386345.1_ASM238634v1_genomic.fna	NZ_CP023507.1	1404335	1405057	+	gi|116515308:1476617-1477339	1-723/723	===============	0/0	100.0	83.4	victors	gi|116515308:1476617-1477339	Streptococcus pneumoniae D39 complete genome		streptococcus_oralis	GCF_002386345.1
data/unzipped_genomes/streptococcus_oralis/ncbi_dataset/data/GCF_002386345.1/GCF_002386345.1_ASM238634v1_genomic.fna	NZ_CP023507.1	1405054	1405888	+	gi|116515308:1477336-1478184	1-835/849	===============	0/0	98.35	82.87	victors	gi|116515308:1477336-1478184	Streptococcus pneumoniae D39 complete genome		streptococcus_oralis	GCF_002386345.1
data/unzipped_genomes/streptococcus_oralis/ncbi_dataset/data/GCF_002386345.1/GCF_002386345.1_ASM238634v1_genomic.fna	NZ_CP023507.1	1405928	1406860	+	gi|15902044:1470685-1471614	1-930/930	========/======	3/9	99.68	89.0	victors	gi|15902044:1470685-1471614	Streptococcus pneumoniae R6 complete genome		streptococcus_oralis	GCF_002386345.1
data/unzipped_genomes/streptococcus_oralis/ncbi_dataset/data/GCF_002386345.1/GCF_002386345.1_ASM238634v1_genomic.fna	NZ_CP023507.1	1409232	1411446	+	gi|194172857:1541750-1543972	3-2223/2223	========/======	1/6	99.64	86.54	victors	gi|194172857:1541750-1543972	Streptococcus pneumoniae TIGR4 chromosome complete genome		streptococcus_oralis	GCF_002386345.1
data/unzipped_genomes/streptococcus_oralis/ncbi_dataset/data/GCF_002386345.1/GCF_002386345.1_ASM238634v1_genomic.fna	NZ_CP023507.1	1411587	1412716	+	gi|194172857:1485134-1486264	2-1131/1131	===============	0/0	99.91	94.16	victors	gi|194172857:1485134-1486264	Streptococcus pneumoniae TIGR4 chromosome complete genome		streptococcus_oralis	GCF_002386345.1
data/unzipped_genomes/streptococcus_oralis/ncbi_dataset/data/GCF_002386345.1/GCF_002386345.1_ASM238634v1_genomic.fna	NZ_CP023507.1	1420346	1421212	-	gi|194172857:556411-557277	1-867/867	===============	0/0	100.0	91.0	victors	gi|194172857:556411-557277	Streptococcus pneumoniae TIGR4 chromosome complete genome		streptococcus_oralis	GCF_002386345.1
data/unzipped_genomes/streptococcus_oralis/ncbi_dataset/data/GCF_002386345.1/GCF_002386345.1_ASM238634v1_genomic.fna	NZ_CP023507.1	1519680	1520378	-	gi|194172857:365195-365893	1-699/699	===============	0/0	100.0	84.55	victors	gi|194172857:365195-365893	Streptococcus pneumoniae TIGR4 chromosome complete genome		streptococcus_oralis	GCF_002386345.1
data/unzipped_genomes/streptococcus_oralis/ncbi_dataset/data/GCF_002386345.1/GCF_002386345.1_ASM238634v1_genomic.fna	NZ_CP023507.1	1525509	1526198	-	gi|194396645:336110-336799	1-690/690	===============	0/0	100.0	85.8	victors	gi|194396645:336110-336799	Streptococcus pneumoniae G54 chromosome complete genome		streptococcus_oralis	GCF_002386345.1
data/unzipped_genomes/streptococcus_oralis/ncbi_dataset/data/GCF_002386345.1/GCF_002386345.1_ASM238634v1_genomic.fna	NZ_CP023507.1	1577732	1578214	-	gi|225860012:351195-351677	1-483/483	===============	0/0	100.0	92.34	victors	gi|225860012:351195-351677	Streptococcus pneumoniae Taiwan19F-14 complete genome		streptococcus_oralis	GCF_002386345.1
data/unzipped_genomes/streptococcus_oralis/ncbi_dataset/data/GCF_002386345.1/GCF_002386345.1_ASM238634v1_genomic.fna	NZ_CP023507.1	1578380	1580485	-	gi|194172857:310722-312827	1-2106/2106	===============	0/0	100.0	91.64	victors	gi|194172857:310722-312827	Streptococcus pneumoniae TIGR4 chromosome complete genome		streptococcus_oralis	GCF_002386345.1
data/unzipped_genomes/streptococcus_oralis/ncbi_dataset/data/GCF_002386345.1/GCF_002386345.1_ASM238634v1_genomic.fna	NZ_CP023507.1	1584552	1585397	-	gi|116515308:417194-418039	1-846/846	===============	0/0	100.0	81.56	victors	gi|116515308:417194-418039	Streptococcus pneumoniae D39 complete genome		streptococcus_oralis	GCF_002386345.1
data/unzipped_genomes/streptococcus_oralis/ncbi_dataset/data/GCF_002386345.1/GCF_002386345.1_ASM238634v1_genomic.fna	NZ_CP023507.1	1594077	1595777	-	gi|194172857:417448-419148	1-1701/1701	===============	0/0	100.0	87.24	victors	gi|194172857:417448-419148	Streptococcus pneumoniae TIGR4 chromosome complete genome		streptococcus_oralis	GCF_002386345.1
data/unzipped_genomes/streptococcus_oralis/ncbi_dataset/data/GCF_002386345.1/GCF_002386345.1_ASM238634v1_genomic.fna	NZ_CP023507.1	1626149	1627518	+	gi|194172857:1841736-1843106	2-1371/1371	===============	0/0	99.93	87.52	victors	gi|194172857:1841736-1843106	Streptococcus pneumoniae TIGR4 chromosome complete genome		streptococcus_oralis	GCF_002386345.1
data/unzipped_genomes/streptococcus_oralis/ncbi_dataset/data/GCF_002386345.1/GCF_002386345.1_ASM238634v1_genomic.fna	NZ_CP023507.1	1642717	1645755	-	gi|194172857:242845-246687	419-3457/3843	.=======/=====.	2/2	79.05	84.21	victors	gi|194172857:242845-246687	Streptococcus pneumoniae TIGR4 chromosome complete genome		streptococcus_oralis	GCF_002386345.1
data/unzipped_genomes/streptococcus_oralis/ncbi_dataset/data/GCF_002386345.1/GCF_002386345.1_ASM238634v1_genomic.fna	NZ_CP023507.1	1653014	1654058	-	gi|194172857:241696-242745	2-1046/1050	===============	0/0	99.52	88.13	victors	gi|194172857:241696-242745	Streptococcus pneumoniae TIGR4 chromosome complete genome		streptococcus_oralis	GCF_002386345.1
data/unzipped_genomes/streptococcus_oralis/ncbi_dataset/data/GCF_002386345.1/GCF_002386345.1_ASM238634v1_genomic.fna	NZ_CP023507.1	1656646	1658025	-	gi|194172857:238197-239576	1-1380/1380	===============	0/0	100.0	84.64	victors	gi|194172857:238197-239576	Streptococcus pneumoniae TIGR4 chromosome complete genome		streptococcus_oralis	GCF_002386345.1
data/unzipped_genomes/streptococcus_oralis/ncbi_dataset/data/GCF_002386345.1/GCF_002386345.1_ASM238634v1_genomic.fna	NZ_CP023507.1	1666293	1668794	-	gi|194172857:224751-227252	1-2502/2502	===============	0/0	100.0	92.37	victors	gi|194172857:224751-227252	Streptococcus pneumoniae TIGR4 chromosome complete genome		streptococcus_oralis	GCF_002386345.1
data/unzipped_genomes/streptococcus_oralis/ncbi_dataset/data/GCF_002386345.1/GCF_002386345.1_ASM238634v1_genomic.fna	NZ_CP023507.1	1669835	1670503	-	gi|194172857:209956-210648	8-676/693	===============	0/0	96.54	85.05	victors	gi|194172857:209956-210648	Streptococcus pneumoniae TIGR4 chromosome complete genome		streptococcus_oralis	GCF_002386345.1
data/unzipped_genomes/streptococcus_oralis/ncbi_dataset/data/GCF_002386345.1/GCF_002386345.1_ASM238634v1_genomic.fna	NZ_CP023507.1	1722741	1723197	-	gi|194172857:157863-158321	3-459/459	===============	0/0	99.56	87.31	victors	gi|194172857:157863-158321	Streptococcus pneumoniae TIGR4 chromosome complete genome		streptococcus_oralis	GCF_002386345.1
data/unzipped_genomes/streptococcus_oralis/ncbi_dataset/data/GCF_002386345.1/GCF_002386345.1_ASM238634v1_genomic.fna	NZ_CP023507.1	1723239	1725773	+	gi|194172857:1984956-1987489	1-2534/2534	========/======	1/1	100.0	88.13	victors	gi|194172857:1984956-1987489	Streptococcus pneumoniae TIGR4 chromosome complete genome		streptococcus_oralis	GCF_002386345.1
data/unzipped_genomes/streptococcus_oralis/ncbi_dataset/data/GCF_002386345.1/GCF_002386345.1_ASM238634v1_genomic.fna	NZ_CP023507.1	1737289	1738661	-	gi|194172857:147450-148823	2-1374/1374	========/======	2/2	99.85	89.52	victors	gi|194172857:147450-148823	Streptococcus pneumoniae TIGR4 chromosome complete genome		streptococcus_oralis	GCF_002386345.1
data/unzipped_genomes/streptococcus_oralis/ncbi_dataset/data/GCF_002386345.1/GCF_002386345.1_ASM238634v1_genomic.fna	NZ_CP023507.1	1741048	1741704	-	gi|194172857:144439-145095	1-657/657	===============	0/0	100.0	86.61	victors	gi|194172857:144439-145095	Streptococcus pneumoniae TIGR4 chromosome complete genome		streptococcus_oralis	GCF_002386345.1
data/unzipped_genomes/streptococcus_oralis/ncbi_dataset/data/GCF_002386345.1/GCF_002386345.1_ASM238634v1_genomic.fna	NZ_CP023507.1	1743555	1743992	-	gi|194172857:128979-129416	1-438/438	===============	0/0	100.0	90.18	victors	gi|194172857:128979-129416	Streptococcus pneumoniae TIGR4 chromosome complete genome		streptococcus_oralis	GCF_002386345.1
data/unzipped_genomes/streptococcus_oralis/ncbi_dataset/data/GCF_002386345.1/GCF_002386345.1_ASM238634v1_genomic.fna	NZ_CP023507.1	1746457	1748135	-	gi|194172857:125050-126729	2-1680/1680	===============	0/0	99.94	92.97	victors	gi|194172857:125050-126729	Streptococcus pneumoniae TIGR4 chromosome complete genome		streptococcus_oralis	GCF_002386345.1
data/unzipped_genomes/streptococcus_oralis/ncbi_dataset/data/GCF_002386345.1/GCF_002386345.1_ASM238634v1_genomic.fna	NZ_CP023507.1	1764054	1764379	-	gi|194172857:101779-102105	2-327/327	===============	0/0	99.69	89.26	victors	gi|194172857:101779-102105	Streptococcus pneumoniae TIGR4 chromosome complete genome		streptococcus_oralis	GCF_002386345.1
data/unzipped_genomes/streptococcus_oralis/ncbi_dataset/data/GCF_002386345.1/GCF_002386345.1_ASM238634v1_genomic.fna	NZ_CP023507.1	1767951	1768937	-	gi|194172857:96869-97855	1-987/987	===============	0/0	100.0	96.05	victors	gi|194172857:96869-97855	Streptococcus pneumoniae TIGR4 chromosome complete genome		streptococcus_oralis	GCF_002386345.1
data/unzipped_genomes/streptococcus_oralis/ncbi_dataset/data/GCF_002386345.1/GCF_002386345.1_ASM238634v1_genomic.fna	NZ_CP023507.1	1770288	1771768	-	gi|194172857:95122-96597	1-1475/1476	========/======	1/6	99.93	92.71	victors	gi|194172857:95122-96597	Streptococcus pneumoniae TIGR4 chromosome complete genome		streptococcus_oralis	GCF_002386345.1
data/unzipped_genomes/streptococcus_oralis/ncbi_dataset/data/GCF_002386345.1/GCF_002386345.1_ASM238634v1_genomic.fna	NZ_CP023507.1	1775816	1776685	+	gi|194172857:2052445-2053314	1-870/870	========/======	2/2	99.89	89.32	victors	gi|194172857:2052445-2053314	Streptococcus pneumoniae TIGR4 chromosome complete genome		streptococcus_oralis	GCF_002386345.1
data/unzipped_genomes/streptococcus_oralis/ncbi_dataset/data/GCF_002386345.1/GCF_002386345.1_ASM238634v1_genomic.fna	NZ_CP023507.1	1776785	1779444	+	gi|194172857:2053397-2056057	2-2661/2661	===============	0/0	99.96	87.74	victors	gi|194172857:2053397-2056057	Streptococcus pneumoniae TIGR4 chromosome complete genome		streptococcus_oralis	GCF_002386345.1
data/unzipped_genomes/streptococcus_oralis/ncbi_dataset/data/GCF_002386345.1/GCF_002386345.1_ASM238634v1_genomic.fna	NZ_CP023507.1	1780935	1783017	+	gi|194172857:2057585-2059669	2-2084/2085	========/======	2/2	99.86	87.09	victors	gi|194172857:2057585-2059669	Streptococcus pneumoniae TIGR4 chromosome complete genome		streptococcus_oralis	GCF_002386345.1
data/unzipped_genomes/streptococcus_oralis/ncbi_dataset/data/GCF_002386345.1/GCF_002386345.1_ASM238634v1_genomic.fna	NZ_CP023507.1	1783058	1784737	+	gi|194172857:2059709-2061388	1-1680/1680	===============	0/0	100.0	84.17	victors	gi|194172857:2059709-2061388	Streptococcus pneumoniae TIGR4 chromosome complete genome		streptococcus_oralis	GCF_002386345.1
data/unzipped_genomes/streptococcus_oralis/ncbi_dataset/data/GCF_002386345.1/GCF_002386345.1_ASM238634v1_genomic.fna	NZ_CP023507.1	1786766	1787572	+	gi|194172857:2088331-2089137	1-807/807	========/======	2/2	99.88	85.64	victors	gi|194172857:2088331-2089137	Streptococcus pneumoniae TIGR4 chromosome complete genome		streptococcus_oralis	GCF_002386345.1
data/unzipped_genomes/streptococcus_oralis/ncbi_dataset/data/GCF_002386345.1/GCF_002386345.1_ASM238634v1_genomic.fna	NZ_CP023507.1	1792567	1793808	+	gi|194172857:2091943-2093184	1-1242/1242	========/======	2/4	99.84	82.15	victors	gi|194172857:2091943-2093184	Streptococcus pneumoniae TIGR4 chromosome complete genome		streptococcus_oralis	GCF_002386345.1
data/unzipped_genomes/streptococcus_oralis/ncbi_dataset/data/GCF_002386345.1/GCF_002386345.1_ASM238634v1_genomic.fna	NZ_CP023507.1	1793819	1795358	+	gi|194172857:2093184-2094734	12-1551/1551	===============	0/0	99.29	87.92	victors	gi|194172857:2093184-2094734	Streptococcus pneumoniae TIGR4 chromosome complete genome		streptococcus_oralis	GCF_002386345.1
data/unzipped_genomes/streptococcus_oralis/ncbi_dataset/data/GCF_002386345.1/GCF_002386345.1_ASM238634v1_genomic.fna	NZ_CP023507.1	1835940	1836857	+	gi|194172857:2130641-2131561	1-918/921	===============	0/0	99.67	87.58	victors	gi|194172857:2130641-2131561	Streptococcus pneumoniae TIGR4 chromosome complete genome		streptococcus_oralis	GCF_002386345.1
data/unzipped_genomes/streptococcus_oralis/ncbi_dataset/data/GCF_002386345.1/GCF_002386345.1_ASM238634v1_genomic.fna	NZ_CP023507.1	1854374	1856915	+	gi|194172857:2150516-2153068	1-2551/2553	========/======	3/11	99.53	83.54	victors	gi|194172857:2150516-2153068	Streptococcus pneumoniae TIGR4 chromosome complete genome		streptococcus_oralis	GCF_002386345.1
data/unzipped_genomes/streptococcus_oralis/ncbi_dataset/data/GCF_002386345.1/GCF_002386345.1_ASM238634v1_genomic.fna	NZ_CP023507.1	1889395	1890771	+	gi|194172857:25916-27307	16-1392/1392	===============	0/0	98.92	90.05	victors	gi|194172857:25916-27307	Streptococcus pneumoniae TIGR4 chromosome complete genome		streptococcus_oralis	GCF_002386345.1
data/unzipped_genomes/streptococcus_oralis/ncbi_dataset/data/GCF_002386345.1/GCF_002386345.1_ASM238634v1_genomic.fna	NZ_CP023507.1	1904078	1907803	+	gi|194396645:44071-47796	1-3726/3726	===============	0/0	100.0	89.86	victors	gi|194396645:44071-47796	Streptococcus pneumoniae G54 chromosome complete genome		streptococcus_oralis	GCF_002386345.1
data/unzipped_genomes/streptococcus_oralis/ncbi_dataset/data/GCF_002386345.1/GCF_002386345.1_ASM238634v1_genomic.fna	NZ_CP023507.1	1910318	1910839	+	gi|116515308:52811-53356	1-522/546	===============	0/0	95.6	89.46	victors	gi|116515308:52811-53356	Streptococcus pneumoniae D39 complete genome		streptococcus_oralis	GCF_002386345.1
data/unzipped_genomes/streptococcus_oralis/ncbi_dataset/data/GCF_002386345.1/GCF_002386345.1_ASM238634v1_genomic.fna	NZ_CP023507.1	1911380	1912927	+	gi|194172857:53070-54617	1-1548/1548	===============	0/0	100.0	89.86	victors	gi|194172857:53070-54617	Streptococcus pneumoniae TIGR4 chromosome complete genome		streptococcus_oralis	GCF_002386345.1
data/unzipped_genomes/streptococcus_oralis/ncbi_dataset/data/GCF_002386345.1/GCF_002386345.1_ASM238634v1_genomic.fna	NZ_CP023507.1	1920959	1922257	+	gi|116515308:59174-60472	1-1299/1299	===============	0/0	100.0	90.45	victors	gi|116515308:59174-60472	Streptococcus pneumoniae D39 complete genome		streptococcus_oralis	GCF_002386345.1
data/unzipped_genomes/streptococcus_oralis/ncbi_dataset/data/GCF_002386345.1/GCF_002386345.1_ASM238634v1_genomic.fna	NZ_CP023507.1	1922472	1925634	+	gi|194172857:59623-63561	257-3419/3939	========/=====.	7/14	80.12	81.73	victors	gi|194172857:59623-63561	Streptococcus pneumoniae TIGR4 chromosome complete genome		streptococcus_oralis	GCF_002386345.1
data/unzipped_genomes/streptococcus_oralis/ncbi_dataset/data/GCF_002386345.1/GCF_002386345.1_ASM238634v1_genomic.fna	NZ_CP023507.1	1930590	1931403	+	gi|194172857:68134-68949	1-814/816	===============	0/0	99.75	93.98	victors	gi|194172857:68134-68949	Streptococcus pneumoniae TIGR4 chromosome complete genome		streptococcus_oralis	GCF_002386345.1
data/unzipped_genomes/streptococcus_oralis/ncbi_dataset/data/GCF_002386345.1/GCF_002386345.1_ASM238634v1_genomic.fna	NZ_CP023507.1	1987168	1988439	-	gi|194172857:2020749-2022020	1-1272/1272	========/======	2/2	99.92	88.92	victors	gi|194172857:2020749-2022020	Streptococcus pneumoniae TIGR4 chromosome complete genome		streptococcus_oralis	GCF_002386345.1
data/unzipped_genomes/streptococcus_oralis/ncbi_dataset/data/GCF_002386345.1/GCF_002386345.1_ASM238634v1_genomic.fna	NZ_CP023507.1	1994561	1996622	-	gi|194172857:2010641-2012704	3-2064/2064	===============	0/0	99.9	94.08	victors	gi|194172857:2010641-2012704	Streptococcus pneumoniae TIGR4 chromosome complete genome		streptococcus_oralis	GCF_002386345.1
data/unzipped_genomes/streptococcus_oralis/ncbi_dataset/data/GCF_002386345.1/GCF_002386345.1_ASM238634v1_genomic.fna	NZ_CP023507.1	2003620	2004159	-	gi|194172857:2003047-2003586	1-540/540	===============	0/0	100.0	85.19	victors	gi|194172857:2003047-2003586	Streptococcus pneumoniae TIGR4 chromosome complete genome		streptococcus_oralis	GCF_002386345.1
data/unzipped_genomes/streptococcus_oralis/ncbi_dataset/data/GCF_002386345.1/GCF_002386345.1_ASM238634v1_genomic.fna	NZ_CP023507.1	2047729	2048599	-	gi|194172857:1952670-1953542	1-871/873	========/======	3/4	99.54	86.94	victors	gi|194172857:1952670-1953542	Streptococcus pneumoniae TIGR4 chromosome complete genome		streptococcus_oralis	GCF_002386345.1
data/unzipped_genomes/streptococcus_oralis/ncbi_dataset/data/GCF_007475365.1/GCF_007475365.1_ASM747536v1_genomic.fna	NZ_CP034442.1	16785	17867	-	gi|194172857:1496623-1497705	1-1083/1083	===============	0/0	100.0	92.24	victors	gi|194172857:1496623-1497705	Streptococcus pneumoniae TIGR4 chromosome complete genome		streptococcus_oralis	GCF_007475365.1
data/unzipped_genomes/streptococcus_oralis/ncbi_dataset/data/GCF_007475365.1/GCF_007475365.1_ASM747536v1_genomic.fna	NZ_CP034442.1	25287	26075	-	gi|116515308:1430266-1431054	1-789/789	===============	0/0	100.0	84.54	victors	gi|116515308:1430266-1431054	Streptococcus pneumoniae D39 complete genome		streptococcus_oralis	GCF_007475365.1
data/unzipped_genomes/streptococcus_oralis/ncbi_dataset/data/GCF_007475365.1/GCF_007475365.1_ASM747536v1_genomic.fna	NZ_CP034442.1	28374	29021	+	gi|194172857:567091-567738	1-648/648	===============	0/0	100.0	93.36	victors	gi|194172857:567091-567738	Streptococcus pneumoniae TIGR4 chromosome complete genome		streptococcus_oralis	GCF_007475365.1
data/unzipped_genomes/streptococcus_oralis/ncbi_dataset/data/GCF_007475365.1/GCF_007475365.1_ASM747536v1_genomic.fna	NZ_CP034442.1	32719	33585	-	gi|15674250:1567023-1567904	16-882/882	========/======	2/2	98.19	86.41	victors	gi|15674250:1567023-1567904	Streptococcus pyogenes M1 GAS chromosome complete genome		streptococcus_oralis	GCF_007475365.1
data/unzipped_genomes/streptococcus_oralis/ncbi_dataset/data/GCF_007475365.1/GCF_007475365.1_ASM747536v1_genomic.fna	NZ_CP034442.1	47322	47903	-	gi|194172857:1755276-1755857	1-582/582	===============	0/0	100.0	90.89	victors	gi|194172857:1755276-1755857	Streptococcus pneumoniae TIGR4 chromosome complete genome		streptococcus_oralis	GCF_007475365.1
data/unzipped_genomes/streptococcus_oralis/ncbi_dataset/data/GCF_007475365.1/GCF_007475365.1_ASM747536v1_genomic.fna	NZ_CP034442.1	58386	59747	-	gi|194172857:1729329-1730690	1-1362/1362	===============	0/0	100.0	92.29	victors	gi|194172857:1729329-1730690	Streptococcus pneumoniae TIGR4 chromosome complete genome		streptococcus_oralis	GCF_007475365.1
data/unzipped_genomes/streptococcus_oralis/ncbi_dataset/data/GCF_007475365.1/GCF_007475365.1_ASM747536v1_genomic.fna	NZ_CP034442.1	59744	60310	-	gi|194172857:1728766-1729332	1-567/567	===============	0/0	100.0	93.65	victors	gi|194172857:1728766-1729332	Streptococcus pneumoniae TIGR4 chromosome complete genome		streptococcus_oralis	GCF_007475365.1
data/unzipped_genomes/streptococcus_oralis/ncbi_dataset/data/GCF_007475365.1/GCF_007475365.1_ASM747536v1_genomic.fna	NZ_CP034442.1	60321	61325	-	gi|194172857:1727751-1728755	1-1005/1005	===============	0/0	100.0	92.54	victors	gi|194172857:1727751-1728755	Streptococcus pneumoniae TIGR4 chromosome complete genome		streptococcus_oralis	GCF_007475365.1
data/unzipped_genomes/streptococcus_oralis/ncbi_dataset/data/GCF_007475365.1/GCF_007475365.1_ASM747536v1_genomic.fna	NZ_CP034442.1	77784	79580	-	gi|194172857:1697767-1699563	1-1797/1797	===============	0/0	100.0	91.65	victors	gi|194172857:1697767-1699563	Streptococcus pneumoniae TIGR4 chromosome complete genome		streptococcus_oralis	GCF_007475365.1
data/unzipped_genomes/streptococcus_oralis/ncbi_dataset/data/GCF_007475365.1/GCF_007475365.1_ASM747536v1_genomic.fna	NZ_CP034442.1	175154	175682	-	gi|221230948:1461838-1462386	1-529/549	========/======	2/2	96.17	90.94	victors	gi|221230948:1461838-1462386	Streptococcus pneumoniae ATCC 700669 complete genome		streptococcus_oralis	GCF_007475365.1
data/unzipped_genomes/streptococcus_oralis/ncbi_dataset/data/GCF_007475365.1/GCF_007475365.1_ASM747536v1_genomic.fna	NZ_CP034442.1	182228	183626	-	gi|194172857:1446900-1448300	3-1401/1401	===============	0/0	99.86	86.13	victors	gi|194172857:1446900-1448300	Streptococcus pneumoniae TIGR4 chromosome complete genome		streptococcus_oralis	GCF_007475365.1
data/unzipped_genomes/streptococcus_oralis/ncbi_dataset/data/GCF_007475365.1/GCF_007475365.1_ASM747536v1_genomic.fna	NZ_CP034442.1	189210	190788	-	gi|194172857:1439696-1441285	12-1590/1590	========/======	4/6	99.12	82.3	victors	gi|194172857:1439696-1441285	Streptococcus pneumoniae TIGR4 chromosome complete genome		streptococcus_oralis	GCF_007475365.1
data/unzipped_genomes/streptococcus_oralis/ncbi_dataset/data/GCF_007475365.1/GCF_007475365.1_ASM747536v1_genomic.fna	NZ_CP034442.1	211019	211936	-	gi|194172857:1322142-1323059	1-918/918	===============	0/0	100.0	86.17	victors	gi|194172857:1322142-1323059	Streptococcus pneumoniae TIGR4 chromosome complete genome		streptococcus_oralis	GCF_007475365.1
data/unzipped_genomes/streptococcus_oralis/ncbi_dataset/data/GCF_007475365.1/GCF_007475365.1_ASM747536v1_genomic.fna	NZ_CP034442.1	211926	212810	-	gi|194172857:1321268-1322152	1-885/885	===============	0/0	100.0	87.12	victors	gi|194172857:1321268-1322152	Streptococcus pneumoniae TIGR4 chromosome complete genome		streptococcus_oralis	GCF_007475365.1
data/unzipped_genomes/streptococcus_oralis/ncbi_dataset/data/GCF_007475365.1/GCF_007475365.1_ASM747536v1_genomic.fna	NZ_CP034442.1	213637	214395	-	gi|194172857:1319683-1320441	1-759/759	===============	0/0	100.0	86.69	victors	gi|194172857:1319683-1320441	Streptococcus pneumoniae TIGR4 chromosome complete genome		streptococcus_oralis	GCF_007475365.1
data/unzipped_genomes/streptococcus_oralis/ncbi_dataset/data/GCF_007475365.1/GCF_007475365.1_ASM747536v1_genomic.fna	NZ_CP034442.1	227319	228389	-	gi|221230948:1324319-1325389	1-1071/1071	===============	0/0	100.0	88.14	victors	gi|221230948:1324319-1325389	Streptococcus pneumoniae ATCC 700669 complete genome		streptococcus_oralis	GCF_007475365.1
data/unzipped_genomes/streptococcus_oralis/ncbi_dataset/data/GCF_007475365.1/GCF_007475365.1_ASM747536v1_genomic.fna	NZ_CP034442.1	231854	233307	-	gi|194172857:1304782-1306236	2-1455/1455	===============	0/0	99.93	84.11	victors	gi|194172857:1304782-1306236	Streptococcus pneumoniae TIGR4 chromosome complete genome		streptococcus_oralis	GCF_007475365.1
data/unzipped_genomes/streptococcus_oralis/ncbi_dataset/data/GCF_007475365.1/GCF_007475365.1_ASM747536v1_genomic.fna	NZ_CP034442.1	233572	234742	-	gi|194172857:1300389-1301561	1-1171/1173	========/======	5/10	99.4	82.65	victors	gi|194172857:1300389-1301561	Streptococcus pneumoniae TIGR4 chromosome complete genome		streptococcus_oralis	GCF_007475365.1
data/unzipped_genomes/streptococcus_oralis/ncbi_dataset/data/GCF_007475365.1/GCF_007475365.1_ASM747536v1_genomic.fna	NZ_CP034442.1	234739	235416	-	gi|194172857:1299715-1300392	1-678/678	===============	0/0	100.0	81.12	victors	gi|194172857:1299715-1300392	Streptococcus pneumoniae TIGR4 chromosome complete genome		streptococcus_oralis	GCF_007475365.1
data/unzipped_genomes/streptococcus_oralis/ncbi_dataset/data/GCF_007475365.1/GCF_007475365.1_ASM747536v1_genomic.fna	NZ_CP034442.1	267872	268477	+	gi|182682970:712398-713003	1-606/606	===============	0/0	100.0	93.73	victors	gi|182682970:712398-713003	Streptococcus pneumoniae CGSP14 complete genome		streptococcus_oralis	GCF_007475365.1
data/unzipped_genomes/streptococcus_oralis/ncbi_dataset/data/GCF_007475365.1/GCF_007475365.1_ASM747536v1_genomic.fna	NZ_CP034442.1	268631	269158	+	gi|194172857:726140-726652	1-510/513	========/======	3/20	99.22	84.31	victors	gi|194172857:726140-726652	Streptococcus pneumoniae TIGR4 chromosome complete genome		streptococcus_oralis	GCF_007475365.1
data/unzipped_genomes/streptococcus_oralis/ncbi_dataset/data/GCF_007475365.1/GCF_007475365.1_ASM747536v1_genomic.fna	NZ_CP034442.1	277524	277686	+	gi|194172857:731418-731627	1-163/210	============...	0/0	77.62	80.37	victors	gi|194172857:731418-731627	Streptococcus pneumoniae TIGR4 chromosome complete genome		streptococcus_oralis	GCF_007475365.1
data/unzipped_genomes/streptococcus_oralis/ncbi_dataset/data/GCF_007475365.1/GCF_007475365.1_ASM747536v1_genomic.fna	NZ_CP034442.1	294799	296076	+	gi|194172857:788996-790273	1-1278/1278	===============	0/0	100.0	83.57	victors	gi|194172857:788996-790273	Streptococcus pneumoniae TIGR4 chromosome complete genome		streptococcus_oralis	GCF_007475365.1
data/unzipped_genomes/streptococcus_oralis/ncbi_dataset/data/GCF_007475365.1/GCF_007475365.1_ASM747536v1_genomic.fna	NZ_CP034442.1	313280	314301	+	gi|194172857:803302-804324	2-1023/1023	===============	0/0	99.9	85.71	victors	gi|194172857:803302-804324	Streptococcus pneumoniae TIGR4 chromosome complete genome		streptococcus_oralis	GCF_007475365.1
data/unzipped_genomes/streptococcus_oralis/ncbi_dataset/data/GCF_007475365.1/GCF_007475365.1_ASM747536v1_genomic.fna	NZ_CP034442.1	347173	348840	-	gi|194172857:1135215-1136882	1-1668/1668	===============	0/0	100.0	85.67	victors	gi|194172857:1135215-1136882	Streptococcus pneumoniae TIGR4 chromosome complete genome		streptococcus_oralis	GCF_007475365.1
data/unzipped_genomes/streptococcus_oralis/ncbi_dataset/data/GCF_007475365.1/GCF_007475365.1_ASM747536v1_genomic.fna	NZ_CP034442.1	414701	415390	+	gi|194172857:1025575-1026264	1-690/690	========/======	2/2	99.86	84.81	victors	gi|194172857:1025575-1026264	Streptococcus pneumoniae TIGR4 chromosome complete genome		streptococcus_oralis	GCF_007475365.1
data/unzipped_genomes/streptococcus_oralis/ncbi_dataset/data/GCF_007475365.1/GCF_007475365.1_ASM747536v1_genomic.fna	NZ_CP034442.1	431431	432287	+	gi|194172857:1044703-1045566	2-858/864	========/======	3/4	98.96	81.84	victors	gi|194172857:1044703-1045566	Streptococcus pneumoniae TIGR4 chromosome complete genome		streptococcus_oralis	GCF_007475365.1
data/unzipped_genomes/streptococcus_oralis/ncbi_dataset/data/GCF_007475365.1/GCF_007475365.1_ASM747536v1_genomic.fna	NZ_CP034442.1	439923	441850	+	gi|194172857:1053718-1055646	2-1929/1929	===============	0/0	99.95	82.88	victors	gi|194172857:1053718-1055646	Streptococcus pneumoniae TIGR4 chromosome complete genome		streptococcus_oralis	GCF_007475365.1
data/unzipped_genomes/streptococcus_oralis/ncbi_dataset/data/GCF_007475365.1/GCF_007475365.1_ASM747536v1_genomic.fna	NZ_CP034442.1	455759	456223	-	gi|221230948:1049769-1050233	1-465/465	===============	0/0	100.0	93.76	victors	gi|221230948:1049769-1050233	Streptococcus pneumoniae ATCC 700669 complete genome		streptococcus_oralis	GCF_007475365.1
data/unzipped_genomes/streptococcus_oralis/ncbi_dataset/data/GCF_007475365.1/GCF_007475365.1_ASM747536v1_genomic.fna	NZ_CP034442.1	468505	469284	-	gi|194172857:1091179-1091958	1-780/780	===============	0/0	100.0	81.67	victors	gi|194172857:1091179-1091958	Streptococcus pneumoniae TIGR4 chromosome complete genome		streptococcus_oralis	GCF_007475365.1
data/unzipped_genomes/streptococcus_oralis/ncbi_dataset/data/GCF_007475365.1/GCF_007475365.1_ASM747536v1_genomic.fna	NZ_CP034442.1	470919	472096	-	gi|194172857:1082493-1083671	1-1178/1179	===============	0/0	99.92	83.7	victors	gi|194172857:1082493-1083671	Streptococcus pneumoniae TIGR4 chromosome complete genome		streptococcus_oralis	GCF_007475365.1
data/unzipped_genomes/streptococcus_oralis/ncbi_dataset/data/GCF_007475365.1/GCF_007475365.1_ASM747536v1_genomic.fna	NZ_CP034442.1	490614	492073	-	gi|194172857:869868-871343	2-1461/1476	========/======	2/2	98.85	88.98	victors	gi|194172857:869868-871343	Streptococcus pneumoniae TIGR4 chromosome complete genome		streptococcus_oralis	GCF_007475365.1
data/unzipped_genomes/streptococcus_oralis/ncbi_dataset/data/GCF_007475365.1/GCF_007475365.1_ASM747536v1_genomic.fna	NZ_CP034442.1	562454	563782	-	gi|194172857:970424-972055	2-1330/1632	=============..	0/0	81.43	88.86	victors	gi|194172857:970424-972055	Streptococcus pneumoniae TIGR4 chromosome complete genome		streptococcus_oralis	GCF_007475365.1
data/unzipped_genomes/streptococcus_oralis/ncbi_dataset/data/GCF_007475365.1/GCF_007475365.1_ASM747536v1_genomic.fna	NZ_CP034442.1	567814	568245	-	gi|194172857:965957-966388	1-432/432	===============	0/0	100.0	89.35	victors	gi|194172857:965957-966388	Streptococcus pneumoniae TIGR4 chromosome complete genome		streptococcus_oralis	GCF_007475365.1
data/unzipped_genomes/streptococcus_oralis/ncbi_dataset/data/GCF_007475365.1/GCF_007475365.1_ASM747536v1_genomic.fna	NZ_CP034442.1	571227	571826	-	gi|194172857:962373-962972	1-600/600	===============	0/0	100.0	92.33	victors	gi|194172857:962373-962972	Streptococcus pneumoniae TIGR4 chromosome complete genome		streptococcus_oralis	GCF_007475365.1
data/unzipped_genomes/streptococcus_oralis/ncbi_dataset/data/GCF_007475365.1/GCF_007475365.1_ASM747536v1_genomic.fna	NZ_CP034442.1	603486	603911	+	gi|194172857:1129404-1129829	1-426/426	===============	0/0	100.0	91.78	victors	gi|194172857:1129404-1129829	Streptococcus pneumoniae TIGR4 chromosome complete genome		streptococcus_oralis	GCF_007475365.1
data/unzipped_genomes/streptococcus_oralis/ncbi_dataset/data/GCF_007475365.1/GCF_007475365.1_ASM747536v1_genomic.fna	NZ_CP034442.1	607071	607568	-	gi|194172857:612683-613180	1-498/498	===============	0/0	100.0	91.77	victors	gi|194172857:612683-613180	Streptococcus pneumoniae TIGR4 chromosome complete genome		streptococcus_oralis	GCF_007475365.1
data/unzipped_genomes/streptococcus_oralis/ncbi_dataset/data/GCF_007475365.1/GCF_007475365.1_ASM747536v1_genomic.fna	NZ_CP034442.1	629879	630569	+	gi|15902044:1337590-1338288	1-691/699	===============	0/0	98.86	88.13	victors	gi|15902044:1337590-1338288	Streptococcus pneumoniae R6 complete genome		streptococcus_oralis	GCF_007475365.1
data/unzipped_genomes/streptococcus_oralis/ncbi_dataset/data/GCF_007475365.1/GCF_007475365.1_ASM747536v1_genomic.fna	NZ_CP034442.1	660837	661386	-	gi|194172857:634195-634758	2-546/564	========/======	3/9	96.28	80.98	victors	gi|194172857:634195-634758	Streptococcus pneumoniae TIGR4 chromosome complete genome		streptococcus_oralis	GCF_007475365.1
data/unzipped_genomes/streptococcus_oralis/ncbi_dataset/data/GCF_007475365.1/GCF_007475365.1_ASM747536v1_genomic.fna	NZ_CP034442.1	663185	663922	-	gi|194172857:631654-632391	1-738/738	===============	0/0	100.0	92.55	victors	gi|194172857:631654-632391	Streptococcus pneumoniae TIGR4 chromosome complete genome		streptococcus_oralis	GCF_007475365.1
data/unzipped_genomes/streptococcus_oralis/ncbi_dataset/data/GCF_007475365.1/GCF_007475365.1_ASM747536v1_genomic.fna	NZ_CP034442.1	696540	698341	-	gi|194172857:924530-926332	2-1803/1803	===============	0/0	99.94	87.07	victors	gi|194172857:924530-926332	Streptococcus pneumoniae TIGR4 chromosome complete genome		streptococcus_oralis	GCF_007475365.1
data/unzipped_genomes/streptococcus_oralis/ncbi_dataset/data/GCF_007475365.1/GCF_007475365.1_ASM747536v1_genomic.fna	NZ_CP034442.1	709563	711218	-	gi|194172857:913088-914743	1-1656/1656	===============	0/0	100.0	89.13	victors	gi|194172857:913088-914743	Streptococcus pneumoniae TIGR4 chromosome complete genome		streptococcus_oralis	GCF_007475365.1
data/unzipped_genomes/streptococcus_oralis/ncbi_dataset/data/GCF_007475365.1/GCF_007475365.1_ASM747536v1_genomic.fna	NZ_CP034442.1	714969	716179	-	gi|194172857:778425-779636	2-1212/1212	===============	0/0	99.92	92.07	victors	gi|194172857:778425-779636	Streptococcus pneumoniae TIGR4 chromosome complete genome		streptococcus_oralis	GCF_007475365.1
data/unzipped_genomes/streptococcus_oralis/ncbi_dataset/data/GCF_007475365.1/GCF_007475365.1_ASM747536v1_genomic.fna	NZ_CP034442.1	721849	722584	-	gi|116515308:714756-715496	6-741/741	===============	0/0	99.33	87.09	victors	gi|116515308:714756-715496	Streptococcus pneumoniae D39 complete genome		streptococcus_oralis	GCF_007475365.1
data/unzipped_genomes/streptococcus_oralis/ncbi_dataset/data/GCF_007475365.1/GCF_007475365.1_ASM747536v1_genomic.fna	NZ_CP034442.1	722654	725179	-	gi|194172857:749306-751852	1-2526/2547	===============	0/0	99.18	89.79	victors	gi|194172857:749306-751852	Streptococcus pneumoniae TIGR4 chromosome complete genome		streptococcus_oralis	GCF_007475365.1
data/unzipped_genomes/streptococcus_oralis/ncbi_dataset/data/GCF_007475365.1/GCF_007475365.1_ASM747536v1_genomic.fna	NZ_CP034442.1	745572	746904	-	gi|194172857:892923-894293	39-1371/1371	===============	0/0	97.23	90.7	victors	gi|194172857:892923-894293	Streptococcus pneumoniae TIGR4 chromosome complete genome		streptococcus_oralis	GCF_007475365.1
data/unzipped_genomes/streptococcus_oralis/ncbi_dataset/data/GCF_007475365.1/GCF_007475365.1_ASM747536v1_genomic.fna	NZ_CP034442.1	770202	771110	-	gi|194172857:879941-880849	1-909/909	===============	0/0	100.0	90.98	victors	gi|194172857:879941-880849	Streptococcus pneumoniae TIGR4 chromosome complete genome		streptococcus_oralis	GCF_007475365.1
data/unzipped_genomes/streptococcus_oralis/ncbi_dataset/data/GCF_007475365.1/GCF_007475365.1_ASM747536v1_genomic.fna	NZ_CP034442.1	774360	775442	+	gi|194172857:1395292-1396374	1-1083/1083	===============	0/0	100.0	89.94	victors	gi|194172857:1395292-1396374	Streptococcus pneumoniae TIGR4 chromosome complete genome		streptococcus_oralis	GCF_007475365.1
data/unzipped_genomes/streptococcus_oralis/ncbi_dataset/data/GCF_007475365.1/GCF_007475365.1_ASM747536v1_genomic.fna	NZ_CP034442.1	798584	799098	+	gi|194172857:1213698-1214219	3-517/522	===============	0/0	98.66	86.8	victors	gi|194172857:1213698-1214219	Streptococcus pneumoniae TIGR4 chromosome complete genome		streptococcus_oralis	GCF_007475365.1
data/unzipped_genomes/streptococcus_oralis/ncbi_dataset/data/GCF_007475365.1/GCF_007475365.1_ASM747536v1_genomic.fna	NZ_CP034442.1	800607	800983	+	gi|194172857:1215723-1216088	1-366/366	========/======	2/13	99.73	82.8	victors	gi|194172857:1215723-1216088	Streptococcus pneumoniae TIGR4 chromosome complete genome		streptococcus_oralis	GCF_007475365.1
data/unzipped_genomes/streptococcus_oralis/ncbi_dataset/data/GCF_007475365.1/GCF_007475365.1_ASM747536v1_genomic.fna	NZ_CP034442.1	804481	805194	+	gi|194172857:1219485-1220198	1-714/714	===============	0/0	100.0	87.67	victors	gi|194172857:1219485-1220198	Streptococcus pneumoniae TIGR4 chromosome complete genome		streptococcus_oralis	GCF_007475365.1
data/unzipped_genomes/streptococcus_oralis/ncbi_dataset/data/GCF_007475365.1/GCF_007475365.1_ASM747536v1_genomic.fna	NZ_CP034442.1	805417	806736	+	gi|194172857:1220465-1221784	1-1320/1320	===============	0/0	100.0	87.58	victors	gi|194172857:1220465-1221784	Streptococcus pneumoniae TIGR4 chromosome complete genome		streptococcus_oralis	GCF_007475365.1
data/unzipped_genomes/streptococcus_oralis/ncbi_dataset/data/GCF_007475365.1/GCF_007475365.1_ASM747536v1_genomic.fna	NZ_CP034442.1	819712	821664	-	gi|194172857:824351-826303	1-1953/1953	===============	0/0	100.0	91.7	victors	gi|194172857:824351-826303	Streptococcus pneumoniae TIGR4 chromosome complete genome		streptococcus_oralis	GCF_007475365.1
data/unzipped_genomes/streptococcus_oralis/ncbi_dataset/data/GCF_007475365.1/GCF_007475365.1_ASM747536v1_genomic.fna	NZ_CP034442.1	837319	838696	+	gi|221230948:1390887-1392266	3-1380/1380	===============	0/0	99.86	89.55	victors	gi|221230948:1390887-1392266	Streptococcus pneumoniae ATCC 700669 complete genome		streptococcus_oralis	GCF_007475365.1
data/unzipped_genomes/streptococcus_oralis/ncbi_dataset/data/GCF_007475365.1/GCF_007475365.1_ASM747536v1_genomic.fna	NZ_CP034442.1	861573	862256	-	gi|15902044:726846-727535	7-690/690	========/======	2/2	98.99	81.31	victors	gi|15902044:726846-727535	Streptococcus pneumoniae R6 complete genome		streptococcus_oralis	GCF_007475365.1
data/unzipped_genomes/streptococcus_oralis/ncbi_dataset/data/GCF_007475365.1/GCF_007475365.1_ASM747536v1_genomic.fna	NZ_CP034442.1	893885	894475	-	gi|194172857:706881-707471	1-591/591	===============	0/0	100.0	88.33	victors	gi|194172857:706881-707471	Streptococcus pneumoniae TIGR4 chromosome complete genome		streptococcus_oralis	GCF_007475365.1
data/unzipped_genomes/streptococcus_oralis/ncbi_dataset/data/GCF_007475365.1/GCF_007475365.1_ASM747536v1_genomic.fna	NZ_CP034442.1	951873	958329	-	gi|194172857:615441-622142	1-6457/6702	========/======	4/6	96.3	86.7	victors	gi|194172857:615441-622142	Streptococcus pneumoniae TIGR4 chromosome complete genome		streptococcus_oralis	GCF_007475365.1
data/unzipped_genomes/streptococcus_oralis/ncbi_dataset/data/GCF_007475365.1/GCF_007475365.1_ASM747536v1_genomic.fna	NZ_CP034442.1	967964	969667	-	gi|194172857:640561-642282	1-1704/1722	===============	0/0	98.95	86.39	victors	gi|194172857:640561-642282	Streptococcus pneumoniae TIGR4 chromosome complete genome		streptococcus_oralis	GCF_007475365.1
data/unzipped_genomes/streptococcus_oralis/ncbi_dataset/data/GCF_007475365.1/GCF_007475365.1_ASM747536v1_genomic.fna	NZ_CP034442.1	976239	976776	-	gi|194172857:634195-634758	22-559/564	===============	0/0	95.39	80.11	victors	gi|194172857:634195-634758	Streptococcus pneumoniae TIGR4 chromosome complete genome		streptococcus_oralis	GCF_007475365.1
data/unzipped_genomes/streptococcus_oralis/ncbi_dataset/data/GCF_007475365.1/GCF_007475365.1_ASM747536v1_genomic.fna	NZ_CP034442.1	981539	983314	-	gi|169832377:762997-764772	1-1776/1776	===============	0/0	100.0	95.72	victors	gi|169832377:762997-764772	Streptococcus pneumoniae Hungary19A-6 complete genome		streptococcus_oralis	GCF_007475365.1
data/unzipped_genomes/streptococcus_oralis/ncbi_dataset/data/GCF_007475365.1/GCF_007475365.1_ASM747536v1_genomic.fna	NZ_CP034442.1	983528	985509	-	gi|194172857:692672-694654	2-1983/1983	========/======	2/2	99.9	90.97	victors	gi|194172857:692672-694654	Streptococcus pneumoniae TIGR4 chromosome complete genome		streptococcus_oralis	GCF_007475365.1
data/unzipped_genomes/streptococcus_oralis/ncbi_dataset/data/GCF_007475365.1/GCF_007475365.1_ASM747536v1_genomic.fna	NZ_CP034442.1	985781	986152	-	gi|194172857:692030-692401	1-372/372	===============	0/0	100.0	90.32	victors	gi|194172857:692030-692401	Streptococcus pneumoniae TIGR4 chromosome complete genome		streptococcus_oralis	GCF_007475365.1
data/unzipped_genomes/streptococcus_oralis/ncbi_dataset/data/GCF_007475365.1/GCF_007475365.1_ASM747536v1_genomic.fna	NZ_CP034442.1	986919	987709	-	gi|194172857:690467-691258	2-792/792	===============	0/0	99.87	89.63	victors	gi|194172857:690467-691258	Streptococcus pneumoniae TIGR4 chromosome complete genome		streptococcus_oralis	GCF_007475365.1
data/unzipped_genomes/streptococcus_oralis/ncbi_dataset/data/GCF_007475365.1/GCF_007475365.1_ASM747536v1_genomic.fna	NZ_CP034442.1	991071	992452	-	gi|194172857:685560-686945	1-1382/1386	===============	0/0	99.71	89.65	victors	gi|194172857:685560-686945	Streptococcus pneumoniae TIGR4 chromosome complete genome		streptococcus_oralis	GCF_007475365.1
data/unzipped_genomes/streptococcus_oralis/ncbi_dataset/data/GCF_007475365.1/GCF_007475365.1_ASM747536v1_genomic.fna	NZ_CP034442.1	992453	993013	-	gi|194172857:684999-685559	1-561/561	===============	0/0	100.0	93.05	victors	gi|194172857:684999-685559	Streptococcus pneumoniae TIGR4 chromosome complete genome		streptococcus_oralis	GCF_007475365.1
data/unzipped_genomes/streptococcus_oralis/ncbi_dataset/data/GCF_007475365.1/GCF_007475365.1_ASM747536v1_genomic.fna	NZ_CP034442.1	994761	995441	-	gi|15902044:631680-632360	1-681/681	===============	0/0	100.0	93.69	victors	gi|15902044:631680-632360	Streptococcus pneumoniae R6 complete genome		streptococcus_oralis	GCF_007475365.1
data/unzipped_genomes/streptococcus_oralis/ncbi_dataset/data/GCF_007475365.1/GCF_007475365.1_ASM747536v1_genomic.fna	NZ_CP034442.1	995401	996078	-	gi|15902044:631043-631720	1-678/678	===============	0/0	100.0	93.22	victors	gi|15902044:631043-631720	Streptococcus pneumoniae R6 complete genome		streptococcus_oralis	GCF_007475365.1
data/unzipped_genomes/streptococcus_oralis/ncbi_dataset/data/GCF_007475365.1/GCF_007475365.1_ASM747536v1_genomic.fna	NZ_CP034442.1	1007207	1008199	+	gi|194172857:1761890-1762897	1-993/1008	===============	0/0	98.51	90.63	victors	gi|194172857:1761890-1762897	Streptococcus pneumoniae TIGR4 chromosome complete genome		streptococcus_oralis	GCF_007475365.1
data/unzipped_genomes/streptococcus_oralis/ncbi_dataset/data/GCF_007475365.1/GCF_007475365.1_ASM747536v1_genomic.fna	NZ_CP034442.1	1011786	1012514	+	gi|194172857:1768968-1769696	1-729/729	===============	0/0	100.0	90.4	victors	gi|194172857:1768968-1769696	Streptococcus pneumoniae TIGR4 chromosome complete genome		streptococcus_oralis	GCF_007475365.1
data/unzipped_genomes/streptococcus_oralis/ncbi_dataset/data/GCF_007475365.1/GCF_007475365.1_ASM747536v1_genomic.fna	NZ_CP034442.1	1019954	1022110	+	gi|194172857:1804474-1806636	10-2163/2163	========/======	4/5	99.54	90.73	victors	gi|194172857:1804474-1806636	Streptococcus pneumoniae TIGR4 chromosome complete genome		streptococcus_oralis	GCF_007475365.1
data/unzipped_genomes/streptococcus_oralis/ncbi_dataset/data/GCF_007475365.1/GCF_007475365.1_ASM747536v1_genomic.fna	NZ_CP034442.1	1072556	1073901	-	gi|116515308:456040-457386	2-1347/1347	========/======	2/2	99.85	93.1	victors	gi|116515308:456040-457386	Streptococcus pneumoniae D39 complete genome		streptococcus_oralis	GCF_007475365.1
data/unzipped_genomes/streptococcus_oralis/ncbi_dataset/data/GCF_007475365.1/GCF_007475365.1_ASM747536v1_genomic.fna	NZ_CP034442.1	1085079	1086049	+	gi|194172857:1774496-1775470	1-971/975	===============	0/0	99.59	89.91	victors	gi|194172857:1774496-1775470	Streptococcus pneumoniae TIGR4 chromosome complete genome		streptococcus_oralis	GCF_007475365.1
data/unzipped_genomes/streptococcus_oralis/ncbi_dataset/data/GCF_007475365.1/GCF_007475365.1_ASM747536v1_genomic.fna	NZ_CP034442.1	1092306	1092827	+	gi|194172857:1781907-1782428	1-522/522	===============	0/0	100.0	86.97	victors	gi|194172857:1781907-1782428	Streptococcus pneumoniae TIGR4 chromosome complete genome		streptococcus_oralis	GCF_007475365.1
data/unzipped_genomes/streptococcus_oralis/ncbi_dataset/data/GCF_007475365.1/GCF_007475365.1_ASM747536v1_genomic.fna	NZ_CP034442.1	1110057	1110599	-	gi|194172857:304678-305220	1-543/543	===============	0/0	100.0	89.32	victors	gi|194172857:304678-305220	Streptococcus pneumoniae TIGR4 chromosome complete genome		streptococcus_oralis	GCF_007475365.1
data/unzipped_genomes/streptococcus_oralis/ncbi_dataset/data/GCF_007475365.1/GCF_007475365.1_ASM747536v1_genomic.fna	NZ_CP034442.1	1127201	1128200	+	gi|15902044:1611987-1612988	3-1002/1002	===============	0/0	99.8	82.0	victors	gi|15902044:1611987-1612988	Streptococcus pneumoniae R6 complete genome		streptococcus_oralis	GCF_007475365.1
data/unzipped_genomes/streptococcus_oralis/ncbi_dataset/data/GCF_007475365.1/GCF_007475365.1_ASM747536v1_genomic.fna	NZ_CP034442.1	1150834	1151727	+	gi|194172857:1620920-1621813	1-894/894	===============	0/0	100.0	88.81	victors	gi|194172857:1620920-1621813	Streptococcus pneumoniae TIGR4 chromosome complete genome		streptococcus_oralis	GCF_007475365.1
data/unzipped_genomes/streptococcus_oralis/ncbi_dataset/data/GCF_007475365.1/GCF_007475365.1_ASM747536v1_genomic.fna	NZ_CP034442.1	1159707	1161138	-	gi|194172857:459147-460586	9-1440/1440	===============	0/0	99.44	84.78	victors	gi|194172857:459147-460586	Streptococcus pneumoniae TIGR4 chromosome complete genome		streptococcus_oralis	GCF_007475365.1
data/unzipped_genomes/streptococcus_oralis/ncbi_dataset/data/GCF_007475365.1/GCF_007475365.1_ASM747536v1_genomic.fna	NZ_CP034442.1	1163248	1164174	+	gi|194172857:1793112-1794038	1-927/927	===============	0/0	100.0	83.06	victors	gi|194172857:1793112-1794038	Streptococcus pneumoniae TIGR4 chromosome complete genome		streptococcus_oralis	GCF_007475365.1
data/unzipped_genomes/streptococcus_oralis/ncbi_dataset/data/GCF_007475365.1/GCF_007475365.1_ASM747536v1_genomic.fna	NZ_CP034442.1	1164174	1165670	+	gi|194172857:1794038-1795534	1-1497/1497	========/======	2/2	99.93	84.51	victors	gi|194172857:1794038-1795534	Streptococcus pneumoniae TIGR4 chromosome complete genome		streptococcus_oralis	GCF_007475365.1
data/unzipped_genomes/streptococcus_oralis/ncbi_dataset/data/GCF_007475365.1/GCF_007475365.1_ASM747536v1_genomic.fna	NZ_CP034442.1	1169725	1170538	+	gi|194172857:1872209-1873033	12-825/825	===============	0/0	98.67	80.96	victors	gi|194172857:1872209-1873033	Streptococcus pneumoniae TIGR4 chromosome complete genome		streptococcus_oralis	GCF_007475365.1
data/unzipped_genomes/streptococcus_oralis/ncbi_dataset/data/GCF_007475365.1/GCF_007475365.1_ASM747536v1_genomic.fna	NZ_CP034442.1	1174449	1175440	+	gi|194172857:1876951-1877943	2-993/993	===============	0/0	99.9	84.68	victors	gi|194172857:1876951-1877943	Streptococcus pneumoniae TIGR4 chromosome complete genome		streptococcus_oralis	GCF_007475365.1
data/unzipped_genomes/streptococcus_oralis/ncbi_dataset/data/GCF_007475365.1/GCF_007475365.1_ASM747536v1_genomic.fna	NZ_CP034442.1	1178414	1179206	+	gi|194172857:1880925-1881719	3-795/795	===============	0/0	99.75	87.77	victors	gi|194172857:1880925-1881719	Streptococcus pneumoniae TIGR4 chromosome complete genome		streptococcus_oralis	GCF_007475365.1
data/unzipped_genomes/streptococcus_oralis/ncbi_dataset/data/GCF_007475365.1/GCF_007475365.1_ASM747536v1_genomic.fna	NZ_CP034442.1	1197742	1198704	+	gi|194172857:1900695-1901657	1-963/963	===============	0/0	100.0	82.35	victors	gi|194172857:1900695-1901657	Streptococcus pneumoniae TIGR4 chromosome complete genome		streptococcus_oralis	GCF_007475365.1
data/unzipped_genomes/streptococcus_oralis/ncbi_dataset/data/GCF_007475365.1/GCF_007475365.1_ASM747536v1_genomic.fna	NZ_CP034442.1	1198758	1199782	+	gi|15902044:1783326-1784366	1-1025/1041	========/======	2/2	98.37	82.26	victors	gi|15902044:1783326-1784366	Streptococcus pneumoniae R6 complete genome		streptococcus_oralis	GCF_007475365.1
data/unzipped_genomes/streptococcus_oralis/ncbi_dataset/data/GCF_007475365.1/GCF_007475365.1_ASM747536v1_genomic.fna	NZ_CP034442.1	1212816	1214150	-	gi|116515308:259029-260363	1-1335/1335	===============	0/0	100.0	92.73	victors	gi|116515308:259029-260363	Streptococcus pneumoniae D39 complete genome		streptococcus_oralis	GCF_007475365.1
data/unzipped_genomes/streptococcus_oralis/ncbi_dataset/data/GCF_007475365.1/GCF_007475365.1_ASM747536v1_genomic.fna	NZ_CP034442.1	1216729	1221120	-	gi|194172857:250617-255008	1-4392/4392	===============	0/0	100.0	89.62	victors	gi|194172857:250617-255008	Streptococcus pneumoniae TIGR4 chromosome complete genome		streptococcus_oralis	GCF_007475365.1
data/unzipped_genomes/streptococcus_oralis/ncbi_dataset/data/GCF_007475365.1/GCF_007475365.1_ASM747536v1_genomic.fna	NZ_CP034442.1	1221308	1222687	-	gi|194172857:238197-239576	1-1380/1380	===============	0/0	100.0	84.28	victors	gi|194172857:238197-239576	Streptococcus pneumoniae TIGR4 chromosome complete genome		streptococcus_oralis	GCF_007475365.1
data/unzipped_genomes/streptococcus_oralis/ncbi_dataset/data/GCF_007475365.1/GCF_007475365.1_ASM747536v1_genomic.fna	NZ_CP034442.1	1246485	1248986	-	gi|194172857:224751-227252	1-2502/2502	===============	0/0	100.0	91.61	victors	gi|194172857:224751-227252	Streptococcus pneumoniae TIGR4 chromosome complete genome		streptococcus_oralis	GCF_007475365.1
data/unzipped_genomes/streptococcus_oralis/ncbi_dataset/data/GCF_007475365.1/GCF_007475365.1_ASM747536v1_genomic.fna	NZ_CP034442.1	1249159	1249833	-	gi|194172857:209956-210648	8-682/693	===============	0/0	97.4	84.59	victors	gi|194172857:209956-210648	Streptococcus pneumoniae TIGR4 chromosome complete genome		streptococcus_oralis	GCF_007475365.1
data/unzipped_genomes/streptococcus_oralis/ncbi_dataset/data/GCF_007475365.1/GCF_007475365.1_ASM747536v1_genomic.fna	NZ_CP034442.1	1295453	1295909	-	gi|194172857:157863-158321	3-459/459	===============	0/0	99.56	87.97	victors	gi|194172857:157863-158321	Streptococcus pneumoniae TIGR4 chromosome complete genome		streptococcus_oralis	GCF_007475365.1
data/unzipped_genomes/streptococcus_oralis/ncbi_dataset/data/GCF_007475365.1/GCF_007475365.1_ASM747536v1_genomic.fna	NZ_CP034442.1	1295950	1298484	+	gi|194172857:1984956-1987489	1-2534/2534	========/======	1/1	100.0	88.95	victors	gi|194172857:1984956-1987489	Streptococcus pneumoniae TIGR4 chromosome complete genome		streptococcus_oralis	GCF_007475365.1
data/unzipped_genomes/streptococcus_oralis/ncbi_dataset/data/GCF_007475365.1/GCF_007475365.1_ASM747536v1_genomic.fna	NZ_CP034442.1	1312950	1314323	-	gi|194172857:147450-148823	1-1374/1374	===============	0/0	100.0	90.9	victors	gi|194172857:147450-148823	Streptococcus pneumoniae TIGR4 chromosome complete genome		streptococcus_oralis	GCF_007475365.1
data/unzipped_genomes/streptococcus_oralis/ncbi_dataset/data/GCF_007475365.1/GCF_007475365.1_ASM747536v1_genomic.fna	NZ_CP034442.1	1316692	1317348	-	gi|194172857:144439-145095	1-657/657	===============	0/0	100.0	89.5	victors	gi|194172857:144439-145095	Streptococcus pneumoniae TIGR4 chromosome complete genome		streptococcus_oralis	GCF_007475365.1
data/unzipped_genomes/streptococcus_oralis/ncbi_dataset/data/GCF_007475365.1/GCF_007475365.1_ASM747536v1_genomic.fna	NZ_CP034442.1	1318322	1319548	-	gi|194172857:142668-143894	1-1227/1227	===============	0/0	100.0	85.0	victors	gi|194172857:142668-143894	Streptococcus pneumoniae TIGR4 chromosome complete genome		streptococcus_oralis	GCF_007475365.1
data/unzipped_genomes/streptococcus_oralis/ncbi_dataset/data/GCF_007475365.1/GCF_007475365.1_ASM747536v1_genomic.fna	NZ_CP034442.1	1320401	1321263	-	gi|194172857:139838-140701	2-864/864	========/======	2/2	99.77	88.08	victors	gi|194172857:139838-140701	Streptococcus pneumoniae TIGR4 chromosome complete genome		streptococcus_oralis	GCF_007475365.1
data/unzipped_genomes/streptococcus_oralis/ncbi_dataset/data/GCF_007475365.1/GCF_007475365.1_ASM747536v1_genomic.fna	NZ_CP034442.1	1322361	1322798	-	gi|194172857:128979-129416	1-438/438	===============	0/0	100.0	91.1	victors	gi|194172857:128979-129416	Streptococcus pneumoniae TIGR4 chromosome complete genome		streptococcus_oralis	GCF_007475365.1
data/unzipped_genomes/streptococcus_oralis/ncbi_dataset/data/GCF_007475365.1/GCF_007475365.1_ASM747536v1_genomic.fna	NZ_CP034442.1	1324681	1326359	-	gi|194172857:125050-126729	2-1680/1680	===============	0/0	99.94	92.32	victors	gi|194172857:125050-126729	Streptococcus pneumoniae TIGR4 chromosome complete genome		streptococcus_oralis	GCF_007475365.1
data/unzipped_genomes/streptococcus_oralis/ncbi_dataset/data/GCF_007475365.1/GCF_007475365.1_ASM747536v1_genomic.fna	NZ_CP034442.1	1334503	1336577	-	gi|194172857:111156-113240	1-2075/2085	===============	0/0	99.52	89.49	victors	gi|194172857:111156-113240	Streptococcus pneumoniae TIGR4 chromosome complete genome		streptococcus_oralis	GCF_007475365.1
data/unzipped_genomes/streptococcus_oralis/ncbi_dataset/data/GCF_007475365.1/GCF_007475365.1_ASM747536v1_genomic.fna	NZ_CP034442.1	1348263	1348588	-	gi|194172857:101779-102105	2-327/327	===============	0/0	99.69	89.26	victors	gi|194172857:101779-102105	Streptococcus pneumoniae TIGR4 chromosome complete genome		streptococcus_oralis	GCF_007475365.1
data/unzipped_genomes/streptococcus_oralis/ncbi_dataset/data/GCF_007475365.1/GCF_007475365.1_ASM747536v1_genomic.fna	NZ_CP034442.1	1352163	1353149	-	gi|194172857:96869-97855	1-987/987	===============	0/0	100.0	93.92	victors	gi|194172857:96869-97855	Streptococcus pneumoniae TIGR4 chromosome complete genome		streptococcus_oralis	GCF_007475365.1
data/unzipped_genomes/streptococcus_oralis/ncbi_dataset/data/GCF_007475365.1/GCF_007475365.1_ASM747536v1_genomic.fna	NZ_CP034442.1	1354498	1355978	-	gi|194172857:95122-96597	1-1475/1476	========/======	1/6	99.93	92.44	victors	gi|194172857:95122-96597	Streptococcus pneumoniae TIGR4 chromosome complete genome		streptococcus_oralis	GCF_007475365.1
data/unzipped_genomes/streptococcus_oralis/ncbi_dataset/data/GCF_007475365.1/GCF_007475365.1_ASM747536v1_genomic.fna	NZ_CP034442.1	1361259	1362128	+	gi|194172857:2052445-2053314	1-870/870	===============	0/0	100.0	89.08	victors	gi|194172857:2052445-2053314	Streptococcus pneumoniae TIGR4 chromosome complete genome		streptococcus_oralis	GCF_007475365.1
data/unzipped_genomes/streptococcus_oralis/ncbi_dataset/data/GCF_007475365.1/GCF_007475365.1_ASM747536v1_genomic.fna	NZ_CP034442.1	1362225	1364883	+	gi|194172857:2053397-2056057	2-2661/2661	========/======	1/1	99.92	87.74	victors	gi|194172857:2053397-2056057	Streptococcus pneumoniae TIGR4 chromosome complete genome		streptococcus_oralis	GCF_007475365.1
data/unzipped_genomes/streptococcus_oralis/ncbi_dataset/data/GCF_007475365.1/GCF_007475365.1_ASM747536v1_genomic.fna	NZ_CP034442.1	1366376	1368459	+	gi|194172857:2057585-2059669	1-2084/2085	===============	0/0	99.95	87.57	victors	gi|194172857:2057585-2059669	Streptococcus pneumoniae TIGR4 chromosome complete genome		streptococcus_oralis	GCF_007475365.1
data/unzipped_genomes/streptococcus_oralis/ncbi_dataset/data/GCF_007475365.1/GCF_007475365.1_ASM747536v1_genomic.fna	NZ_CP034442.1	1368500	1370179	+	gi|194172857:2059709-2061388	1-1680/1680	===============	0/0	100.0	86.19	victors	gi|194172857:2059709-2061388	Streptococcus pneumoniae TIGR4 chromosome complete genome		streptococcus_oralis	GCF_007475365.1
data/unzipped_genomes/streptococcus_oralis/ncbi_dataset/data/GCF_007475365.1/GCF_007475365.1_ASM747536v1_genomic.fna	NZ_CP034442.1	1379001	1379807	+	gi|194172857:2088331-2089137	1-807/807	========/======	2/2	99.88	85.15	victors	gi|194172857:2088331-2089137	Streptococcus pneumoniae TIGR4 chromosome complete genome		streptococcus_oralis	GCF_007475365.1
data/unzipped_genomes/streptococcus_oralis/ncbi_dataset/data/GCF_007475365.1/GCF_007475365.1_ASM747536v1_genomic.fna	NZ_CP034442.1	1382598	1383839	+	gi|194172857:2091943-2093184	1-1242/1242	========/======	4/4	99.84	82.07	victors	gi|194172857:2091943-2093184	Streptococcus pneumoniae TIGR4 chromosome complete genome		streptococcus_oralis	GCF_007475365.1
data/unzipped_genomes/streptococcus_oralis/ncbi_dataset/data/GCF_007475365.1/GCF_007475365.1_ASM747536v1_genomic.fna	NZ_CP034442.1	1383839	1385389	+	gi|194172857:2093184-2094734	1-1551/1551	===============	0/0	100.0	88.52	victors	gi|194172857:2093184-2094734	Streptococcus pneumoniae TIGR4 chromosome complete genome		streptococcus_oralis	GCF_007475365.1
data/unzipped_genomes/streptococcus_oralis/ncbi_dataset/data/GCF_007475365.1/GCF_007475365.1_ASM747536v1_genomic.fna	NZ_CP034442.1	1417461	1418378	+	gi|194172857:2130641-2131561	1-918/921	===============	0/0	99.67	88.34	victors	gi|194172857:2130641-2131561	Streptococcus pneumoniae TIGR4 chromosome complete genome		streptococcus_oralis	GCF_007475365.1
data/unzipped_genomes/streptococcus_oralis/ncbi_dataset/data/GCF_007475365.1/GCF_007475365.1_ASM747536v1_genomic.fna	NZ_CP034442.1	1435905	1438446	+	gi|194172857:2150516-2153068	1-2551/2553	========/======	3/11	99.53	83.35	victors	gi|194172857:2150516-2153068	Streptococcus pneumoniae TIGR4 chromosome complete genome		streptococcus_oralis	GCF_007475365.1
data/unzipped_genomes/streptococcus_oralis/ncbi_dataset/data/GCF_007475365.1/GCF_007475365.1_ASM747536v1_genomic.fna	NZ_CP034442.1	1472344	1473735	+	gi|194172857:25916-27307	1-1392/1392	===============	0/0	100.0	90.95	victors	gi|194172857:25916-27307	Streptococcus pneumoniae TIGR4 chromosome complete genome		streptococcus_oralis	GCF_007475365.1
data/unzipped_genomes/streptococcus_oralis/ncbi_dataset/data/GCF_007475365.1/GCF_007475365.1_ASM747536v1_genomic.fna	NZ_CP034442.1	1489354	1493079	+	gi|194396645:44071-47796	1-3726/3726	===============	0/0	100.0	89.91	victors	gi|194396645:44071-47796	Streptococcus pneumoniae G54 chromosome complete genome		streptococcus_oralis	GCF_007475365.1
data/unzipped_genomes/streptococcus_oralis/ncbi_dataset/data/GCF_007475365.1/GCF_007475365.1_ASM747536v1_genomic.fna	NZ_CP034442.1	1495594	1496115	+	gi|116515308:52811-53356	1-522/546	===============	0/0	95.6	89.85	victors	gi|116515308:52811-53356	Streptococcus pneumoniae D39 complete genome		streptococcus_oralis	GCF_007475365.1
data/unzipped_genomes/streptococcus_oralis/ncbi_dataset/data/GCF_007475365.1/GCF_007475365.1_ASM747536v1_genomic.fna	NZ_CP034442.1	1496156	1497702	+	gi|194172857:53070-54617	2-1548/1548	===============	0/0	99.94	89.4	victors	gi|194172857:53070-54617	Streptococcus pneumoniae TIGR4 chromosome complete genome		streptococcus_oralis	GCF_007475365.1
data/unzipped_genomes/streptococcus_oralis/ncbi_dataset/data/GCF_007475365.1/GCF_007475365.1_ASM747536v1_genomic.fna	NZ_CP034442.1	1504762	1506041	+	gi|116515308:59174-60472	20-1299/1299	===============	0/0	98.54	89.69	victors	gi|116515308:59174-60472	Streptococcus pneumoniae D39 complete genome		streptococcus_oralis	GCF_007475365.1
data/unzipped_genomes/streptococcus_oralis/ncbi_dataset/data/GCF_007475365.1/GCF_007475365.1_ASM747536v1_genomic.fna	NZ_CP034442.1	1506462	1509694	+	gi|194172857:59623-63561	187-3419/3939	========/=====.	2/2	82.05	82.84	victors	gi|194172857:59623-63561	Streptococcus pneumoniae TIGR4 chromosome complete genome		streptococcus_oralis	GCF_007475365.1
data/unzipped_genomes/streptococcus_oralis/ncbi_dataset/data/GCF_007475365.1/GCF_007475365.1_ASM747536v1_genomic.fna	NZ_CP034442.1	1514643	1515456	+	gi|194172857:68134-68949	1-814/816	===============	0/0	99.75	93.86	victors	gi|194172857:68134-68949	Streptococcus pneumoniae TIGR4 chromosome complete genome		streptococcus_oralis	GCF_007475365.1
data/unzipped_genomes/streptococcus_oralis/ncbi_dataset/data/GCF_007475365.1/GCF_007475365.1_ASM747536v1_genomic.fna	NZ_CP034442.1	1570062	1571330	-	gi|194172857:2020749-2022020	1-1272/1272	========/======	3/5	99.69	86.96	victors	gi|194172857:2020749-2022020	Streptococcus pneumoniae TIGR4 chromosome complete genome		streptococcus_oralis	GCF_007475365.1
data/unzipped_genomes/streptococcus_oralis/ncbi_dataset/data/GCF_007475365.1/GCF_007475365.1_ASM747536v1_genomic.fna	NZ_CP034442.1	1576950	1579002	-	gi|194172857:2010641-2012704	12-2064/2064	===============	0/0	99.47	95.37	victors	gi|194172857:2010641-2012704	Streptococcus pneumoniae TIGR4 chromosome complete genome		streptococcus_oralis	GCF_007475365.1
data/unzipped_genomes/streptococcus_oralis/ncbi_dataset/data/GCF_007475365.1/GCF_007475365.1_ASM747536v1_genomic.fna	NZ_CP034442.1	1585933	1586472	-	gi|194172857:2003047-2003586	1-540/540	===============	0/0	100.0	84.81	victors	gi|194172857:2003047-2003586	Streptococcus pneumoniae TIGR4 chromosome complete genome		streptococcus_oralis	GCF_007475365.1
data/unzipped_genomes/streptococcus_oralis/ncbi_dataset/data/GCF_007475365.1/GCF_007475365.1_ASM747536v1_genomic.fna	NZ_CP034442.1	1650412	1651282	-	gi|194172857:1952670-1953542	1-871/873	========/======	2/2	99.66	87.16	victors	gi|194172857:1952670-1953542	Streptococcus pneumoniae TIGR4 chromosome complete genome		streptococcus_oralis	GCF_007475365.1
data/unzipped_genomes/streptococcus_oralis/ncbi_dataset/data/GCF_007475365.1/GCF_007475365.1_ASM747536v1_genomic.fna	NZ_CP034442.1	1693777	1695146	-	gi|194172857:1841736-1843106	2-1371/1371	===============	0/0	99.93	87.37	victors	gi|194172857:1841736-1843106	Streptococcus pneumoniae TIGR4 chromosome complete genome		streptococcus_oralis	GCF_007475365.1
data/unzipped_genomes/streptococcus_oralis/ncbi_dataset/data/GCF_007475365.1/GCF_007475365.1_ASM747536v1_genomic.fna	NZ_CP034442.1	1713160	1714860	+	gi|194172857:417448-419148	1-1701/1701	===============	0/0	100.0	85.89	victors	gi|194172857:417448-419148	Streptococcus pneumoniae TIGR4 chromosome complete genome		streptococcus_oralis	GCF_007475365.1
data/unzipped_genomes/streptococcus_oralis/ncbi_dataset/data/GCF_007475365.1/GCF_007475365.1_ASM747536v1_genomic.fna	NZ_CP034442.1	1723518	1724363	+	gi|116515308:417194-418039	1-846/846	===============	0/0	100.0	82.86	victors	gi|116515308:417194-418039	Streptococcus pneumoniae D39 complete genome		streptococcus_oralis	GCF_007475365.1
data/unzipped_genomes/streptococcus_oralis/ncbi_dataset/data/GCF_007475365.1/GCF_007475365.1_ASM747536v1_genomic.fna	NZ_CP034442.1	1728411	1730500	+	gi|194172857:310722-312827	17-2106/2106	===============	0/0	99.24	90.72	victors	gi|194172857:310722-312827	Streptococcus pneumoniae TIGR4 chromosome complete genome		streptococcus_oralis	GCF_007475365.1
data/unzipped_genomes/streptococcus_oralis/ncbi_dataset/data/GCF_007475365.1/GCF_007475365.1_ASM747536v1_genomic.fna	NZ_CP034442.1	1730559	1731041	+	gi|116515308:308501-308983	1-483/483	===============	0/0	100.0	91.92	victors	gi|116515308:308501-308983	Streptococcus pneumoniae D39 complete genome		streptococcus_oralis	GCF_007475365.1
data/unzipped_genomes/streptococcus_oralis/ncbi_dataset/data/GCF_007475365.1/GCF_007475365.1_ASM747536v1_genomic.fna	NZ_CP034442.1	1744516	1745247	+	gi|194396645:305221-305952	1-732/732	========/======	2/2	99.86	81.45	victors	gi|194396645:305221-305952	Streptococcus pneumoniae G54 chromosome complete genome		streptococcus_oralis	GCF_007475365.1
data/unzipped_genomes/streptococcus_oralis/ncbi_dataset/data/GCF_007475365.1/GCF_007475365.1_ASM747536v1_genomic.fna	NZ_CP034442.1	1770542	1771231	+	gi|194396645:336110-336799	1-690/690	===============	0/0	100.0	85.65	victors	gi|194396645:336110-336799	Streptococcus pneumoniae G54 chromosome complete genome		streptococcus_oralis	GCF_007475365.1
data/unzipped_genomes/streptococcus_oralis/ncbi_dataset/data/GCF_007475365.1/GCF_007475365.1_ASM747536v1_genomic.fna	NZ_CP034442.1	1776388	1777086	+	gi|194172857:365195-365893	1-699/699	===============	0/0	100.0	85.84	victors	gi|194172857:365195-365893	Streptococcus pneumoniae TIGR4 chromosome complete genome		streptococcus_oralis	GCF_007475365.1
data/unzipped_genomes/streptococcus_oralis/ncbi_dataset/data/GCF_007475365.1/GCF_007475365.1_ASM747536v1_genomic.fna	NZ_CP034442.1	1873860	1874726	+	gi|194172857:556411-557277	1-867/867	===============	0/0	100.0	88.81	victors	gi|194172857:556411-557277	Streptococcus pneumoniae TIGR4 chromosome complete genome		streptococcus_oralis	GCF_007475365.1
data/unzipped_genomes/streptococcus_oralis/ncbi_dataset/data/GCF_007475365.1/GCF_007475365.1_ASM747536v1_genomic.fna	NZ_CP034442.1	1881996	1883125	-	gi|194172857:1485134-1486264	2-1131/1131	===============	0/0	99.91	93.54	victors	gi|194172857:1485134-1486264	Streptococcus pneumoniae TIGR4 chromosome complete genome		streptococcus_oralis	GCF_007475365.1
data/unzipped_genomes/streptococcus_oralis/ncbi_dataset/data/GCF_007475365.1/GCF_007475365.1_ASM747536v1_genomic.fna	NZ_CP034442.1	1883270	1885484	-	gi|194172857:1541750-1543972	3-2223/2223	========/======	1/6	99.64	87.53	victors	gi|194172857:1541750-1543972	Streptococcus pneumoniae TIGR4 chromosome complete genome		streptococcus_oralis	GCF_007475365.1
data/unzipped_genomes/streptococcus_oralis/ncbi_dataset/data/GCF_007475365.1/GCF_007475365.1_ASM747536v1_genomic.fna	NZ_CP034442.1	1887846	1888775	-	gi|15902044:1470685-1471614	1-930/930	========/======	2/6	99.68	89.92	victors	gi|15902044:1470685-1471614	Streptococcus pneumoniae R6 complete genome		streptococcus_oralis	GCF_007475365.1
data/unzipped_genomes/streptococcus_oralis/ncbi_dataset/data/GCF_007475365.1/GCF_007475365.1_ASM747536v1_genomic.fna	NZ_CP034442.1	1888816	1889650	-	gi|116515308:1477336-1478184	1-835/849	===============	0/0	98.35	83.47	victors	gi|116515308:1477336-1478184	Streptococcus pneumoniae D39 complete genome		streptococcus_oralis	GCF_007475365.1
data/unzipped_genomes/streptococcus_oralis/ncbi_dataset/data/GCF_007475365.1/GCF_007475365.1_ASM747536v1_genomic.fna	NZ_CP034442.1	1889647	1890369	-	gi|116515308:1476617-1477339	1-723/723	===============	0/0	100.0	82.02	victors	gi|116515308:1476617-1477339	Streptococcus pneumoniae D39 complete genome		streptococcus_oralis	GCF_007475365.1
data/unzipped_genomes/streptococcus_oralis/ncbi_dataset/data/GCF_007475365.1/GCF_007475365.1_ASM747536v1_genomic.fna	NZ_CP034442.1	1892536	1893165	-	gi|194172857:1544931-1545560	1-630/630	===============	0/0	100.0	83.97	victors	gi|194172857:1544931-1545560	Streptococcus pneumoniae TIGR4 chromosome complete genome		streptococcus_oralis	GCF_007475365.1
data/unzipped_genomes/streptococcus_oralis/ncbi_dataset/data/GCF_007475365.1/GCF_007475365.1_ASM747536v1_genomic.fna	NZ_CP034442.1	1896185	1896862	-	gi|194172857:1533514-1534191	1-678/678	===============	0/0	100.0	86.28	victors	gi|194172857:1533514-1534191	Streptococcus pneumoniae TIGR4 chromosome complete genome		streptococcus_oralis	GCF_007475365.1
data/unzipped_genomes/streptococcus_oralis/ncbi_dataset/data/GCF_007475365.1/GCF_007475365.1_ASM747536v1_genomic.fna	NZ_CP034442.1	1906884	1907542	+	gi|15902044:532101-532760	2-660/660	===============	0/0	99.85	90.44	victors	gi|15902044:532101-532760	Streptococcus pneumoniae R6 complete genome		streptococcus_oralis	GCF_007475365.1
data/unzipped_genomes/streptococcus_oralis/ncbi_dataset/data/GCF_007475365.1/GCF_007475365.1_ASM747536v1_genomic.fna	NZ_CP034442.1	1907552	1908229	+	gi|15902044:532770-533447	1-678/678	===============	0/0	100.0	93.07	victors	gi|15902044:532770-533447	Streptococcus pneumoniae R6 complete genome		streptococcus_oralis	GCF_007475365.1
data/unzipped_genomes/streptococcus_oralis/ncbi_dataset/data/GCF_007475365.1/GCF_007475365.1_ASM747536v1_genomic.fna	NZ_CP034442.1	1914108	1914876	+	gi|194172857:581578-582357	1-769/780	===============	0/0	98.59	82.31	victors	gi|194172857:581578-582357	Streptococcus pneumoniae TIGR4 chromosome complete genome		streptococcus_oralis	GCF_007475365.1
data/unzipped_genomes/streptococcus_oralis/ncbi_dataset/data/GCF_007475365.1/GCF_007475365.1_ASM747536v1_genomic.fna	NZ_CP034442.1	1921929	1922534	+	gi|194172857:589566-590171	1-606/606	===============	0/0	100.0	92.08	victors	gi|194172857:589566-590171	Streptococcus pneumoniae TIGR4 chromosome complete genome		streptococcus_oralis	GCF_007475365.1
data/unzipped_genomes/streptococcus_oralis/ncbi_dataset/data/GCF_016028175.1/GCF_016028175.1_ASM1602817v1_genomic.fna	NZ_CP065706.1	33017	33473	-	gi|194172857:157863-158321	3-459/459	===============	0/0	99.56	86.21	victors	gi|194172857:157863-158321	Streptococcus pneumoniae TIGR4 chromosome complete genome		streptococcus_oralis	GCF_016028175.1
data/unzipped_genomes/streptococcus_oralis/ncbi_dataset/data/GCF_016028175.1/GCF_016028175.1_ASM1602817v1_genomic.fna	NZ_CP065706.1	33513	36047	+	gi|194172857:1984956-1987489	1-2534/2534	========/======	1/1	100.0	88.44	victors	gi|194172857:1984956-1987489	Streptococcus pneumoniae TIGR4 chromosome complete genome		streptococcus_oralis	GCF_016028175.1
data/unzipped_genomes/streptococcus_oralis/ncbi_dataset/data/GCF_016028175.1/GCF_016028175.1_ASM1602817v1_genomic.fna	NZ_CP065706.1	50402	51774	-	gi|194172857:147450-148823	2-1374/1374	========/======	2/2	99.85	89.74	victors	gi|194172857:147450-148823	Streptococcus pneumoniae TIGR4 chromosome complete genome		streptococcus_oralis	GCF_016028175.1
data/unzipped_genomes/streptococcus_oralis/ncbi_dataset/data/GCF_016028175.1/GCF_016028175.1_ASM1602817v1_genomic.fna	NZ_CP065706.1	54233	54889	-	gi|194172857:144439-145095	1-657/657	===============	0/0	100.0	92.85	victors	gi|194172857:144439-145095	Streptococcus pneumoniae TIGR4 chromosome complete genome		streptococcus_oralis	GCF_016028175.1
data/unzipped_genomes/streptococcus_oralis/ncbi_dataset/data/GCF_016028175.1/GCF_016028175.1_ASM1602817v1_genomic.fna	NZ_CP065706.1	55981	57207	-	gi|194172857:142668-143894	1-1227/1227	===============	0/0	100.0	92.91	victors	gi|194172857:142668-143894	Streptococcus pneumoniae TIGR4 chromosome complete genome		streptococcus_oralis	GCF_016028175.1
data/unzipped_genomes/streptococcus_oralis/ncbi_dataset/data/GCF_016028175.1/GCF_016028175.1_ASM1602817v1_genomic.fna	NZ_CP065706.1	57844	58707	-	gi|194172857:139838-140701	1-864/864	===============	0/0	100.0	87.15	victors	gi|194172857:139838-140701	Streptococcus pneumoniae TIGR4 chromosome complete genome		streptococcus_oralis	GCF_016028175.1
data/unzipped_genomes/streptococcus_oralis/ncbi_dataset/data/GCF_016028175.1/GCF_016028175.1_ASM1602817v1_genomic.fna	NZ_CP065706.1	59811	60248	-	gi|194172857:128979-129416	1-438/438	===============	0/0	100.0	92.69	victors	gi|194172857:128979-129416	Streptococcus pneumoniae TIGR4 chromosome complete genome		streptococcus_oralis	GCF_016028175.1
data/unzipped_genomes/streptococcus_oralis/ncbi_dataset/data/GCF_016028175.1/GCF_016028175.1_ASM1602817v1_genomic.fna	NZ_CP065706.1	62149	63827	-	gi|194172857:125050-126729	2-1680/1680	===============	0/0	99.94	92.5	victors	gi|194172857:125050-126729	Streptococcus pneumoniae TIGR4 chromosome complete genome		streptococcus_oralis	GCF_016028175.1
data/unzipped_genomes/streptococcus_oralis/ncbi_dataset/data/GCF_016028175.1/GCF_016028175.1_ASM1602817v1_genomic.fna	NZ_CP065706.1	72913	74997	-	gi|194172857:111156-113240	1-2085/2085	========/======	2/2	99.95	88.78	victors	gi|194172857:111156-113240	Streptococcus pneumoniae TIGR4 chromosome complete genome		streptococcus_oralis	GCF_016028175.1
data/unzipped_genomes/streptococcus_oralis/ncbi_dataset/data/GCF_016028175.1/GCF_016028175.1_ASM1602817v1_genomic.fna	NZ_CP065706.1	87978	88303	-	gi|194172857:101779-102105	2-327/327	===============	0/0	99.69	88.96	victors	gi|194172857:101779-102105	Streptococcus pneumoniae TIGR4 chromosome complete genome		streptococcus_oralis	GCF_016028175.1
data/unzipped_genomes/streptococcus_oralis/ncbi_dataset/data/GCF_016028175.1/GCF_016028175.1_ASM1602817v1_genomic.fna	NZ_CP065706.1	91878	92864	-	gi|194172857:96869-97855	1-987/987	===============	0/0	100.0	94.63	victors	gi|194172857:96869-97855	Streptococcus pneumoniae TIGR4 chromosome complete genome		streptococcus_oralis	GCF_016028175.1
data/unzipped_genomes/streptococcus_oralis/ncbi_dataset/data/GCF_016028175.1/GCF_016028175.1_ASM1602817v1_genomic.fna	NZ_CP065706.1	93180	94660	-	gi|194172857:95122-96597	1-1475/1476	========/======	1/6	99.93	92.98	victors	gi|194172857:95122-96597	Streptococcus pneumoniae TIGR4 chromosome complete genome		streptococcus_oralis	GCF_016028175.1
data/unzipped_genomes/streptococcus_oralis/ncbi_dataset/data/GCF_016028175.1/GCF_016028175.1_ASM1602817v1_genomic.fna	NZ_CP065706.1	99947	100815	+	gi|194172857:2052445-2053314	2-870/870	========/======	2/2	99.77	88.39	victors	gi|194172857:2052445-2053314	Streptococcus pneumoniae TIGR4 chromosome complete genome		streptococcus_oralis	GCF_016028175.1
data/unzipped_genomes/streptococcus_oralis/ncbi_dataset/data/GCF_016028175.1/GCF_016028175.1_ASM1602817v1_genomic.fna	NZ_CP065706.1	100915	103573	+	gi|194172857:2053397-2056057	2-2661/2661	========/======	1/1	99.92	87.89	victors	gi|194172857:2053397-2056057	Streptococcus pneumoniae TIGR4 chromosome complete genome		streptococcus_oralis	GCF_016028175.1
data/unzipped_genomes/streptococcus_oralis/ncbi_dataset/data/GCF_016028175.1/GCF_016028175.1_ASM1602817v1_genomic.fna	NZ_CP065706.1	105066	107149	+	gi|194172857:2057585-2059669	1-2084/2085	===============	0/0	99.95	87.28	victors	gi|194172857:2057585-2059669	Streptococcus pneumoniae TIGR4 chromosome complete genome		streptococcus_oralis	GCF_016028175.1
data/unzipped_genomes/streptococcus_oralis/ncbi_dataset/data/GCF_016028175.1/GCF_016028175.1_ASM1602817v1_genomic.fna	NZ_CP065706.1	107190	108866	+	gi|194172857:2059709-2061388	1-1675/1680	========/======	1/2	99.7	83.96	victors	gi|194172857:2059709-2061388	Streptococcus pneumoniae TIGR4 chromosome complete genome		streptococcus_oralis	GCF_016028175.1
data/unzipped_genomes/streptococcus_oralis/ncbi_dataset/data/GCF_016028175.1/GCF_016028175.1_ASM1602817v1_genomic.fna	NZ_CP065706.1	117700	118506	+	gi|194172857:2088331-2089137	1-807/807	========/======	2/2	99.88	87.13	victors	gi|194172857:2088331-2089137	Streptococcus pneumoniae TIGR4 chromosome complete genome		streptococcus_oralis	GCF_016028175.1
data/unzipped_genomes/streptococcus_oralis/ncbi_dataset/data/GCF_016028175.1/GCF_016028175.1_ASM1602817v1_genomic.fna	NZ_CP065706.1	121299	122540	+	gi|194172857:2091943-2093184	1-1242/1242	===============	0/0	100.0	82.53	victors	gi|194172857:2091943-2093184	Streptococcus pneumoniae TIGR4 chromosome complete genome		streptococcus_oralis	GCF_016028175.1
data/unzipped_genomes/streptococcus_oralis/ncbi_dataset/data/GCF_016028175.1/GCF_016028175.1_ASM1602817v1_genomic.fna	NZ_CP065706.1	122540	124090	+	gi|194172857:2093184-2094734	1-1551/1551	===============	0/0	100.0	87.3	victors	gi|194172857:2093184-2094734	Streptococcus pneumoniae TIGR4 chromosome complete genome		streptococcus_oralis	GCF_016028175.1
data/unzipped_genomes/streptococcus_oralis/ncbi_dataset/data/GCF_016028175.1/GCF_016028175.1_ASM1602817v1_genomic.fna	NZ_CP065706.1	150140	151057	+	gi|194172857:2130641-2131561	1-918/921	===============	0/0	99.67	88.13	victors	gi|194172857:2130641-2131561	Streptococcus pneumoniae TIGR4 chromosome complete genome		streptococcus_oralis	GCF_016028175.1
data/unzipped_genomes/streptococcus_oralis/ncbi_dataset/data/GCF_016028175.1/GCF_016028175.1_ASM1602817v1_genomic.fna	NZ_CP065706.1	168579	171120	+	gi|194172857:2150516-2153068	1-2551/2553	========/======	3/11	99.53	83.42	victors	gi|194172857:2150516-2153068	Streptococcus pneumoniae TIGR4 chromosome complete genome		streptococcus_oralis	GCF_016028175.1
data/unzipped_genomes/streptococcus_oralis/ncbi_dataset/data/GCF_016028175.1/GCF_016028175.1_ASM1602817v1_genomic.fna	NZ_CP065706.1	205578	206969	+	gi|194172857:25916-27307	1-1392/1392	===============	0/0	100.0	91.09	victors	gi|194172857:25916-27307	Streptococcus pneumoniae TIGR4 chromosome complete genome		streptococcus_oralis	GCF_016028175.1
data/unzipped_genomes/streptococcus_oralis/ncbi_dataset/data/GCF_016028175.1/GCF_016028175.1_ASM1602817v1_genomic.fna	NZ_CP065706.1	220820	224545	+	gi|194396645:44071-47796	1-3726/3726	===============	0/0	100.0	91.04	victors	gi|194396645:44071-47796	Streptococcus pneumoniae G54 chromosome complete genome		streptococcus_oralis	GCF_016028175.1
data/unzipped_genomes/streptococcus_oralis/ncbi_dataset/data/GCF_016028175.1/GCF_016028175.1_ASM1602817v1_genomic.fna	NZ_CP065706.1	227133	227647	+	gi|116515308:52811-53356	1-515/546	===============	0/0	94.32	91.26	victors	gi|116515308:52811-53356	Streptococcus pneumoniae D39 complete genome		streptococcus_oralis	GCF_016028175.1
data/unzipped_genomes/streptococcus_oralis/ncbi_dataset/data/GCF_016028175.1/GCF_016028175.1_ASM1602817v1_genomic.fna	NZ_CP065706.1	227695	229241	+	gi|194172857:53070-54617	2-1548/1548	========/======	2/2	99.87	88.95	victors	gi|194172857:53070-54617	Streptococcus pneumoniae TIGR4 chromosome complete genome		streptococcus_oralis	GCF_016028175.1
data/unzipped_genomes/streptococcus_oralis/ncbi_dataset/data/GCF_016028175.1/GCF_016028175.1_ASM1602817v1_genomic.fna	NZ_CP065706.1	234590	235887	+	gi|116515308:59174-60472	2-1299/1299	===============	0/0	99.92	92.14	victors	gi|116515308:59174-60472	Streptococcus pneumoniae D39 complete genome		streptococcus_oralis	GCF_016028175.1
data/unzipped_genomes/streptococcus_oralis/ncbi_dataset/data/GCF_016028175.1/GCF_016028175.1_ASM1602817v1_genomic.fna	NZ_CP065706.1	236309	239525	+	gi|194172857:59623-63561	187-3403/3939	========/=====.	3/10	81.54	82.5	victors	gi|194172857:59623-63561	Streptococcus pneumoniae TIGR4 chromosome complete genome		streptococcus_oralis	GCF_016028175.1
data/unzipped_genomes/streptococcus_oralis/ncbi_dataset/data/GCF_016028175.1/GCF_016028175.1_ASM1602817v1_genomic.fna	NZ_CP065706.1	244456	245269	+	gi|194172857:68134-68949	1-814/816	===============	0/0	99.75	94.1	victors	gi|194172857:68134-68949	Streptococcus pneumoniae TIGR4 chromosome complete genome		streptococcus_oralis	GCF_016028175.1
data/unzipped_genomes/streptococcus_oralis/ncbi_dataset/data/GCF_016028175.1/GCF_016028175.1_ASM1602817v1_genomic.fna	NZ_CP065706.1	309253	310524	-	gi|194172857:2020749-2022020	1-1272/1272	========/======	2/2	99.92	89.0	victors	gi|194172857:2020749-2022020	Streptococcus pneumoniae TIGR4 chromosome complete genome		streptococcus_oralis	GCF_016028175.1
data/unzipped_genomes/streptococcus_oralis/ncbi_dataset/data/GCF_016028175.1/GCF_016028175.1_ASM1602817v1_genomic.fna	NZ_CP065706.1	316143	318206	-	gi|194172857:2010641-2012704	1-2064/2064	===============	0/0	100.0	97.48	victors	gi|194172857:2010641-2012704	Streptococcus pneumoniae TIGR4 chromosome complete genome		streptococcus_oralis	GCF_016028175.1
data/unzipped_genomes/streptococcus_oralis/ncbi_dataset/data/GCF_016028175.1/GCF_016028175.1_ASM1602817v1_genomic.fna	NZ_CP065706.1	325129	325668	-	gi|194172857:2003047-2003586	1-540/540	===============	0/0	100.0	83.15	victors	gi|194172857:2003047-2003586	Streptococcus pneumoniae TIGR4 chromosome complete genome		streptococcus_oralis	GCF_016028175.1
data/unzipped_genomes/streptococcus_oralis/ncbi_dataset/data/GCF_016028175.1/GCF_016028175.1_ASM1602817v1_genomic.fna	NZ_CP065706.1	364111	364983	-	gi|194172857:1952670-1953542	1-873/873	========/======	4/4	99.77	87.89	victors	gi|194172857:1952670-1953542	Streptococcus pneumoniae TIGR4 chromosome complete genome		streptococcus_oralis	GCF_016028175.1
data/unzipped_genomes/streptococcus_oralis/ncbi_dataset/data/GCF_016028175.1/GCF_016028175.1_ASM1602817v1_genomic.fna	NZ_CP065706.1	393117	396155	+	gi|194172857:242845-246687	419-3457/3843	.=======/=====.	2/2	79.05	84.41	victors	gi|194172857:242845-246687	Streptococcus pneumoniae TIGR4 chromosome complete genome		streptococcus_oralis	GCF_016028175.1
data/unzipped_genomes/streptococcus_oralis/ncbi_dataset/data/GCF_016028175.1/GCF_016028175.1_ASM1602817v1_genomic.fna	NZ_CP065706.1	410505	411874	-	gi|194172857:1841736-1843106	2-1371/1371	===============	0/0	99.93	87.88	victors	gi|194172857:1841736-1843106	Streptococcus pneumoniae TIGR4 chromosome complete genome		streptococcus_oralis	GCF_016028175.1
data/unzipped_genomes/streptococcus_oralis/ncbi_dataset/data/GCF_016028175.1/GCF_016028175.1_ASM1602817v1_genomic.fna	NZ_CP065706.1	429590	431290	+	gi|194172857:417448-419148	1-1701/1701	===============	0/0	100.0	85.95	victors	gi|194172857:417448-419148	Streptococcus pneumoniae TIGR4 chromosome complete genome		streptococcus_oralis	GCF_016028175.1
data/unzipped_genomes/streptococcus_oralis/ncbi_dataset/data/GCF_016028175.1/GCF_016028175.1_ASM1602817v1_genomic.fna	NZ_CP065706.1	439974	440819	+	gi|116515308:417194-418039	1-846/846	===============	0/0	100.0	82.74	victors	gi|116515308:417194-418039	Streptococcus pneumoniae D39 complete genome		streptococcus_oralis	GCF_016028175.1
data/unzipped_genomes/streptococcus_oralis/ncbi_dataset/data/GCF_016028175.1/GCF_016028175.1_ASM1602817v1_genomic.fna	NZ_CP065706.1	444858	446963	+	gi|194172857:310722-312827	1-2106/2106	===============	0/0	100.0	90.98	victors	gi|194172857:310722-312827	Streptococcus pneumoniae TIGR4 chromosome complete genome		streptococcus_oralis	GCF_016028175.1
data/unzipped_genomes/streptococcus_oralis/ncbi_dataset/data/GCF_016028175.1/GCF_016028175.1_ASM1602817v1_genomic.fna	NZ_CP065706.1	447021	447503	+	gi|169832377:399677-400159	1-483/483	===============	0/0	100.0	93.58	victors	gi|169832377:399677-400159	Streptococcus pneumoniae Hungary19A-6 complete genome		streptococcus_oralis	GCF_016028175.1
data/unzipped_genomes/streptococcus_oralis/ncbi_dataset/data/GCF_016028175.1/GCF_016028175.1_ASM1602817v1_genomic.fna	NZ_CP065706.1	460993	461724	+	gi|194396645:305221-305952	1-732/732	========/======	2/2	99.86	81.99	victors	gi|194396645:305221-305952	Streptococcus pneumoniae G54 chromosome complete genome		streptococcus_oralis	GCF_016028175.1
data/unzipped_genomes/streptococcus_oralis/ncbi_dataset/data/GCF_016028175.1/GCF_016028175.1_ASM1602817v1_genomic.fna	NZ_CP065706.1	503137	503826	+	gi|194396645:336110-336799	1-690/690	===============	0/0	100.0	85.51	victors	gi|194396645:336110-336799	Streptococcus pneumoniae G54 chromosome complete genome		streptococcus_oralis	GCF_016028175.1
data/unzipped_genomes/streptococcus_oralis/ncbi_dataset/data/GCF_016028175.1/GCF_016028175.1_ASM1602817v1_genomic.fna	NZ_CP065706.1	509026	509724	+	gi|194172857:365195-365893	1-699/699	===============	0/0	100.0	84.41	victors	gi|194172857:365195-365893	Streptococcus pneumoniae TIGR4 chromosome complete genome		streptococcus_oralis	GCF_016028175.1
data/unzipped_genomes/streptococcus_oralis/ncbi_dataset/data/GCF_016028175.1/GCF_016028175.1_ASM1602817v1_genomic.fna	NZ_CP065706.1	606443	607309	+	gi|194172857:556411-557277	1-867/867	===============	0/0	100.0	88.23	victors	gi|194172857:556411-557277	Streptococcus pneumoniae TIGR4 chromosome complete genome		streptococcus_oralis	GCF_016028175.1
data/unzipped_genomes/streptococcus_oralis/ncbi_dataset/data/GCF_016028175.1/GCF_016028175.1_ASM1602817v1_genomic.fna	NZ_CP065706.1	614790	615919	-	gi|194172857:1485134-1486264	2-1131/1131	===============	0/0	99.91	93.98	victors	gi|194172857:1485134-1486264	Streptococcus pneumoniae TIGR4 chromosome complete genome		streptococcus_oralis	GCF_016028175.1
data/unzipped_genomes/streptococcus_oralis/ncbi_dataset/data/GCF_016028175.1/GCF_016028175.1_ASM1602817v1_genomic.fna	NZ_CP065706.1	616065	618279	-	gi|194172857:1541750-1543972	3-2223/2223	========/======	1/6	99.64	85.32	victors	gi|194172857:1541750-1543972	Streptococcus pneumoniae TIGR4 chromosome complete genome		streptococcus_oralis	GCF_016028175.1
data/unzipped_genomes/streptococcus_oralis/ncbi_dataset/data/GCF_016028175.1/GCF_016028175.1_ASM1602817v1_genomic.fna	NZ_CP065706.1	620647	621579	-	gi|15902044:1470685-1471614	1-930/930	========/======	3/9	99.68	88.57	victors	gi|15902044:1470685-1471614	Streptococcus pneumoniae R6 complete genome		streptococcus_oralis	GCF_016028175.1
data/unzipped_genomes/streptococcus_oralis/ncbi_dataset/data/GCF_016028175.1/GCF_016028175.1_ASM1602817v1_genomic.fna	NZ_CP065706.1	621621	622455	-	gi|116515308:1477336-1478184	1-835/849	===============	0/0	98.35	82.75	victors	gi|116515308:1477336-1478184	Streptococcus pneumoniae D39 complete genome		streptococcus_oralis	GCF_016028175.1
data/unzipped_genomes/streptococcus_oralis/ncbi_dataset/data/GCF_016028175.1/GCF_016028175.1_ASM1602817v1_genomic.fna	NZ_CP065706.1	622452	623174	-	gi|116515308:1476617-1477339	1-723/723	===============	0/0	100.0	84.09	victors	gi|116515308:1476617-1477339	Streptococcus pneumoniae D39 complete genome		streptococcus_oralis	GCF_016028175.1
data/unzipped_genomes/streptococcus_oralis/ncbi_dataset/data/GCF_016028175.1/GCF_016028175.1_ASM1602817v1_genomic.fna	NZ_CP065706.1	625283	625912	-	gi|194172857:1544931-1545560	1-630/630	===============	0/0	100.0	84.76	victors	gi|194172857:1544931-1545560	Streptococcus pneumoniae TIGR4 chromosome complete genome		streptococcus_oralis	GCF_016028175.1
data/unzipped_genomes/streptococcus_oralis/ncbi_dataset/data/GCF_016028175.1/GCF_016028175.1_ASM1602817v1_genomic.fna	NZ_CP065706.1	628935	629612	-	gi|194172857:1533514-1534191	1-678/678	===============	0/0	100.0	85.25	victors	gi|194172857:1533514-1534191	Streptococcus pneumoniae TIGR4 chromosome complete genome		streptococcus_oralis	GCF_016028175.1
data/unzipped_genomes/streptococcus_oralis/ncbi_dataset/data/GCF_016028175.1/GCF_016028175.1_ASM1602817v1_genomic.fna	NZ_CP065706.1	636891	637234	-	gi|194172857:1535881-1536318	95-438/438	...============	0/0	78.54	81.98	victors	gi|194172857:1535881-1536318	Streptococcus pneumoniae TIGR4 chromosome complete genome		streptococcus_oralis	GCF_016028175.1
data/unzipped_genomes/streptococcus_oralis/ncbi_dataset/data/GCF_016028175.1/GCF_016028175.1_ASM1602817v1_genomic.fna	NZ_CP065706.1	639400	640058	+	gi|15902044:532101-532760	2-660/660	===============	0/0	99.85	89.38	victors	gi|15902044:532101-532760	Streptococcus pneumoniae R6 complete genome		streptococcus_oralis	GCF_016028175.1
data/unzipped_genomes/streptococcus_oralis/ncbi_dataset/data/GCF_016028175.1/GCF_016028175.1_ASM1602817v1_genomic.fna	NZ_CP065706.1	640068	640745	+	gi|15902044:532770-533447	1-678/678	===============	0/0	100.0	91.44	victors	gi|15902044:532770-533447	Streptococcus pneumoniae R6 complete genome		streptococcus_oralis	GCF_016028175.1
data/unzipped_genomes/streptococcus_oralis/ncbi_dataset/data/GCF_016028175.1/GCF_016028175.1_ASM1602817v1_genomic.fna	NZ_CP065706.1	646625	647380	+	gi|194172857:581578-582357	1-756/780	===============	0/0	96.92	81.88	victors	gi|194172857:581578-582357	Streptococcus pneumoniae TIGR4 chromosome complete genome		streptococcus_oralis	GCF_016028175.1
data/unzipped_genomes/streptococcus_oralis/ncbi_dataset/data/GCF_016028175.1/GCF_016028175.1_ASM1602817v1_genomic.fna	NZ_CP065706.1	655243	655848	+	gi|194172857:589566-590171	1-606/606	===============	0/0	100.0	90.1	victors	gi|194172857:589566-590171	Streptococcus pneumoniae TIGR4 chromosome complete genome		streptococcus_oralis	GCF_016028175.1
data/unzipped_genomes/streptococcus_oralis/ncbi_dataset/data/GCF_016028175.1/GCF_016028175.1_ASM1602817v1_genomic.fna	NZ_CP065706.1	676631	677713	-	gi|194172857:1496623-1497705	1-1083/1083	===============	0/0	100.0	92.89	victors	gi|194172857:1496623-1497705	Streptococcus pneumoniae TIGR4 chromosome complete genome		streptococcus_oralis	GCF_016028175.1
data/unzipped_genomes/streptococcus_oralis/ncbi_dataset/data/GCF_016028175.1/GCF_016028175.1_ASM1602817v1_genomic.fna	NZ_CP065706.1	685106	685894	-	gi|116515308:1430266-1431054	1-789/789	===============	0/0	100.0	84.79	victors	gi|116515308:1430266-1431054	Streptococcus pneumoniae D39 complete genome		streptococcus_oralis	GCF_016028175.1
data/unzipped_genomes/streptococcus_oralis/ncbi_dataset/data/GCF_016028175.1/GCF_016028175.1_ASM1602817v1_genomic.fna	NZ_CP065706.1	688191	688838	+	gi|194172857:567091-567738	1-648/648	===============	0/0	100.0	93.52	victors	gi|194172857:567091-567738	Streptococcus pneumoniae TIGR4 chromosome complete genome		streptococcus_oralis	GCF_016028175.1
data/unzipped_genomes/streptococcus_oralis/ncbi_dataset/data/GCF_016028175.1/GCF_016028175.1_ASM1602817v1_genomic.fna	NZ_CP065706.1	692532	693398	-	gi|15674250:1567023-1567904	16-882/882	========/======	2/2	98.19	86.41	victors	gi|15674250:1567023-1567904	Streptococcus pyogenes M1 GAS chromosome complete genome		streptococcus_oralis	GCF_016028175.1
data/unzipped_genomes/streptococcus_oralis/ncbi_dataset/data/GCF_016028175.1/GCF_016028175.1_ASM1602817v1_genomic.fna	NZ_CP065706.1	700339	706696	+	gi|194172857:603894-610316	78-6423/6423	========/======	11/36	98.61	91.4	victors	gi|194172857:603894-610316	Streptococcus pneumoniae TIGR4 chromosome complete genome		streptococcus_oralis	GCF_016028175.1
data/unzipped_genomes/streptococcus_oralis/ncbi_dataset/data/GCF_016028175.1/GCF_016028175.1_ASM1602817v1_genomic.fna	NZ_CP065706.1	717167	717748	-	gi|194172857:1755276-1755857	1-582/582	===============	0/0	100.0	91.41	victors	gi|194172857:1755276-1755857	Streptococcus pneumoniae TIGR4 chromosome complete genome		streptococcus_oralis	GCF_016028175.1
data/unzipped_genomes/streptococcus_oralis/ncbi_dataset/data/GCF_016028175.1/GCF_016028175.1_ASM1602817v1_genomic.fna	NZ_CP065706.1	728075	729436	-	gi|194172857:1729329-1730690	1-1362/1362	===============	0/0	100.0	92.0	victors	gi|194172857:1729329-1730690	Streptococcus pneumoniae TIGR4 chromosome complete genome		streptococcus_oralis	GCF_016028175.1
data/unzipped_genomes/streptococcus_oralis/ncbi_dataset/data/GCF_016028175.1/GCF_016028175.1_ASM1602817v1_genomic.fna	NZ_CP065706.1	729433	729999	-	gi|194172857:1728766-1729332	1-567/567	===============	0/0	100.0	92.42	victors	gi|194172857:1728766-1729332	Streptococcus pneumoniae TIGR4 chromosome complete genome		streptococcus_oralis	GCF_016028175.1
data/unzipped_genomes/streptococcus_oralis/ncbi_dataset/data/GCF_016028175.1/GCF_016028175.1_ASM1602817v1_genomic.fna	NZ_CP065706.1	730010	731014	-	gi|194172857:1727751-1728755	1-1005/1005	===============	0/0	100.0	93.53	victors	gi|194172857:1727751-1728755	Streptococcus pneumoniae TIGR4 chromosome complete genome		streptococcus_oralis	GCF_016028175.1
data/unzipped_genomes/streptococcus_oralis/ncbi_dataset/data/GCF_016028175.1/GCF_016028175.1_ASM1602817v1_genomic.fna	NZ_CP065706.1	749171	750965	-	gi|194172857:1697767-1699563	3-1797/1797	===============	0/0	99.89	91.64	victors	gi|194172857:1697767-1699563	Streptococcus pneumoniae TIGR4 chromosome complete genome		streptococcus_oralis	GCF_016028175.1
data/unzipped_genomes/streptococcus_oralis/ncbi_dataset/data/GCF_016028175.1/GCF_016028175.1_ASM1602817v1_genomic.fna	NZ_CP065706.1	783626	784309	+	gi|15902044:726846-727535	7-690/690	========/======	2/2	98.99	80.44	victors	gi|15902044:726846-727535	Streptococcus pneumoniae R6 complete genome		streptococcus_oralis	GCF_016028175.1
data/unzipped_genomes/streptococcus_oralis/ncbi_dataset/data/GCF_016028175.1/GCF_016028175.1_ASM1602817v1_genomic.fna	NZ_CP065706.1	820285	821664	-	gi|116515308:1316925-1318304	1-1380/1380	===============	0/0	100.0	89.2	victors	gi|116515308:1316925-1318304	Streptococcus pneumoniae D39 complete genome		streptococcus_oralis	GCF_016028175.1
data/unzipped_genomes/streptococcus_oralis/ncbi_dataset/data/GCF_016028175.1/GCF_016028175.1_ASM1602817v1_genomic.fna	NZ_CP065706.1	835887	837839	+	gi|194172857:824351-826303	1-1953/1953	===============	0/0	100.0	92.73	victors	gi|194172857:824351-826303	Streptococcus pneumoniae TIGR4 chromosome complete genome		streptococcus_oralis	GCF_016028175.1
data/unzipped_genomes/streptococcus_oralis/ncbi_dataset/data/GCF_016028175.1/GCF_016028175.1_ASM1602817v1_genomic.fna	NZ_CP065706.1	850786	852105	-	gi|194172857:1220465-1221784	1-1320/1320	===============	0/0	100.0	88.79	victors	gi|194172857:1220465-1221784	Streptococcus pneumoniae TIGR4 chromosome complete genome		streptococcus_oralis	GCF_016028175.1
data/unzipped_genomes/streptococcus_oralis/ncbi_dataset/data/GCF_016028175.1/GCF_016028175.1_ASM1602817v1_genomic.fna	NZ_CP065706.1	852452	853165	-	gi|194172857:1219485-1220198	1-714/714	===============	0/0	100.0	88.52	victors	gi|194172857:1219485-1220198	Streptococcus pneumoniae TIGR4 chromosome complete genome		streptococcus_oralis	GCF_016028175.1
data/unzipped_genomes/streptococcus_oralis/ncbi_dataset/data/GCF_016028175.1/GCF_016028175.1_ASM1602817v1_genomic.fna	NZ_CP065706.1	856658	857034	-	gi|194172857:1215723-1216088	1-366/366	========/======	2/13	99.73	83.07	victors	gi|194172857:1215723-1216088	Streptococcus pneumoniae TIGR4 chromosome complete genome		streptococcus_oralis	GCF_016028175.1
data/unzipped_genomes/streptococcus_oralis/ncbi_dataset/data/GCF_016028175.1/GCF_016028175.1_ASM1602817v1_genomic.fna	NZ_CP065706.1	858538	859057	-	gi|194172857:1213698-1214219	3-522/522	===============	0/0	99.62	86.35	victors	gi|194172857:1213698-1214219	Streptococcus pneumoniae TIGR4 chromosome complete genome		streptococcus_oralis	GCF_016028175.1
data/unzipped_genomes/streptococcus_oralis/ncbi_dataset/data/GCF_016028175.1/GCF_016028175.1_ASM1602817v1_genomic.fna	NZ_CP065706.1	908696	909777	-	gi|194172857:1395292-1396374	2-1083/1083	===============	0/0	99.91	89.56	victors	gi|194172857:1395292-1396374	Streptococcus pneumoniae TIGR4 chromosome complete genome		streptococcus_oralis	GCF_016028175.1
data/unzipped_genomes/streptococcus_oralis/ncbi_dataset/data/GCF_016028175.1/GCF_016028175.1_ASM1602817v1_genomic.fna	NZ_CP065706.1	913024	913932	+	gi|194172857:879941-880849	1-909/909	===============	0/0	100.0	89.44	victors	gi|194172857:879941-880849	Streptococcus pneumoniae TIGR4 chromosome complete genome		streptococcus_oralis	GCF_016028175.1
data/unzipped_genomes/streptococcus_oralis/ncbi_dataset/data/GCF_016028175.1/GCF_016028175.1_ASM1602817v1_genomic.fna	NZ_CP065706.1	924817	926185	+	gi|194172857:892923-894293	3-1371/1371	===============	0/0	99.85	91.53	victors	gi|194172857:892923-894293	Streptococcus pneumoniae TIGR4 chromosome complete genome		streptococcus_oralis	GCF_016028175.1
data/unzipped_genomes/streptococcus_oralis/ncbi_dataset/data/GCF_016028175.1/GCF_016028175.1_ASM1602817v1_genomic.fna	NZ_CP065706.1	944896	947421	+	gi|194172857:749306-751852	1-2526/2547	===============	0/0	99.18	89.94	victors	gi|194172857:749306-751852	Streptococcus pneumoniae TIGR4 chromosome complete genome		streptococcus_oralis	GCF_016028175.1
data/unzipped_genomes/streptococcus_oralis/ncbi_dataset/data/GCF_016028175.1/GCF_016028175.1_ASM1602817v1_genomic.fna	NZ_CP065706.1	947495	948228	+	gi|116515308:714756-715496	8-741/741	===============	0/0	99.06	86.92	victors	gi|116515308:714756-715496	Streptococcus pneumoniae D39 complete genome		streptococcus_oralis	GCF_016028175.1
data/unzipped_genomes/streptococcus_oralis/ncbi_dataset/data/GCF_016028175.1/GCF_016028175.1_ASM1602817v1_genomic.fna	NZ_CP065706.1	953912	955122	+	gi|194172857:778425-779636	2-1212/1212	===============	0/0	99.92	91.74	victors	gi|194172857:778425-779636	Streptococcus pneumoniae TIGR4 chromosome complete genome		streptococcus_oralis	GCF_016028175.1
data/unzipped_genomes/streptococcus_oralis/ncbi_dataset/data/GCF_016028175.1/GCF_016028175.1_ASM1602817v1_genomic.fna	NZ_CP065706.1	958311	959966	+	gi|194172857:913088-914743	1-1656/1656	========/======	2/2	99.94	90.83	victors	gi|194172857:913088-914743	Streptococcus pneumoniae TIGR4 chromosome complete genome		streptococcus_oralis	GCF_016028175.1
data/unzipped_genomes/streptococcus_oralis/ncbi_dataset/data/GCF_016028175.1/GCF_016028175.1_ASM1602817v1_genomic.fna	NZ_CP065706.1	971174	972975	+	gi|194172857:924530-926332	2-1803/1803	===============	0/0	99.94	87.51	victors	gi|194172857:924530-926332	Streptococcus pneumoniae TIGR4 chromosome complete genome		streptococcus_oralis	GCF_016028175.1
data/unzipped_genomes/streptococcus_oralis/ncbi_dataset/data/GCF_016028175.1/GCF_016028175.1_ASM1602817v1_genomic.fna	NZ_CP065706.1	1005481	1006218	+	gi|194172857:631654-632391	1-738/738	===============	0/0	100.0	91.46	victors	gi|194172857:631654-632391	Streptococcus pneumoniae TIGR4 chromosome complete genome		streptococcus_oralis	GCF_016028175.1
data/unzipped_genomes/streptococcus_oralis/ncbi_dataset/data/GCF_016028175.1/GCF_016028175.1_ASM1602817v1_genomic.fna	NZ_CP065706.1	1008032	1008561	+	gi|194172857:634195-634758	17-546/564	========/======	2/2	93.79	83.99	victors	gi|194172857:634195-634758	Streptococcus pneumoniae TIGR4 chromosome complete genome		streptococcus_oralis	GCF_016028175.1
data/unzipped_genomes/streptococcus_oralis/ncbi_dataset/data/GCF_016028175.1/GCF_016028175.1_ASM1602817v1_genomic.fna	NZ_CP065706.1	1042523	1043213	-	gi|15902044:1337590-1338288	1-691/699	===============	0/0	98.86	88.71	victors	gi|15902044:1337590-1338288	Streptococcus pneumoniae R6 complete genome		streptococcus_oralis	GCF_016028175.1
data/unzipped_genomes/streptococcus_oralis/ncbi_dataset/data/GCF_016028175.1/GCF_016028175.1_ASM1602817v1_genomic.fna	NZ_CP065706.1	1080499	1081186	+	gi|194172857:1025575-1026264	3-690/690	========/======	4/4	99.42	83.77	victors	gi|194172857:1025575-1026264	Streptococcus pneumoniae TIGR4 chromosome complete genome		streptococcus_oralis	GCF_016028175.1
data/unzipped_genomes/streptococcus_oralis/ncbi_dataset/data/GCF_016028175.1/GCF_016028175.1_ASM1602817v1_genomic.fna	NZ_CP065706.1	1097189	1098045	+	gi|194172857:1044703-1045566	2-858/864	========/======	2/6	98.84	81.86	victors	gi|194172857:1044703-1045566	Streptococcus pneumoniae TIGR4 chromosome complete genome		streptococcus_oralis	GCF_016028175.1
data/unzipped_genomes/streptococcus_oralis/ncbi_dataset/data/GCF_016028175.1/GCF_016028175.1_ASM1602817v1_genomic.fna	NZ_CP065706.1	1105696	1107623	+	gi|194172857:1053718-1055646	2-1929/1929	===============	0/0	99.95	82.36	victors	gi|194172857:1053718-1055646	Streptococcus pneumoniae TIGR4 chromosome complete genome		streptococcus_oralis	GCF_016028175.1
data/unzipped_genomes/streptococcus_oralis/ncbi_dataset/data/GCF_016028175.1/GCF_016028175.1_ASM1602817v1_genomic.fna	NZ_CP065706.1	1121433	1121897	-	gi|221230948:1049769-1050233	1-465/465	===============	0/0	100.0	94.41	victors	gi|221230948:1049769-1050233	Streptococcus pneumoniae ATCC 700669 complete genome		streptococcus_oralis	GCF_016028175.1
data/unzipped_genomes/streptococcus_oralis/ncbi_dataset/data/GCF_016028175.1/GCF_016028175.1_ASM1602817v1_genomic.fna	NZ_CP065706.1	1138025	1138803	-	gi|194172857:1091179-1091958	1-778/780	========/======	1/1	99.74	86.39	victors	gi|194172857:1091179-1091958	Streptococcus pneumoniae TIGR4 chromosome complete genome		streptococcus_oralis	GCF_016028175.1
data/unzipped_genomes/streptococcus_oralis/ncbi_dataset/data/GCF_016028175.1/GCF_016028175.1_ASM1602817v1_genomic.fna	NZ_CP065706.1	1140442	1141619	-	gi|194172857:1082493-1083671	1-1178/1179	===============	0/0	99.92	87.1	victors	gi|194172857:1082493-1083671	Streptococcus pneumoniae TIGR4 chromosome complete genome		streptococcus_oralis	GCF_016028175.1
data/unzipped_genomes/streptococcus_oralis/ncbi_dataset/data/GCF_016028175.1/GCF_016028175.1_ASM1602817v1_genomic.fna	NZ_CP065706.1	1160126	1161585	-	gi|194172857:869868-871343	2-1461/1476	===============	0/0	98.92	89.73	victors	gi|194172857:869868-871343	Streptococcus pneumoniae TIGR4 chromosome complete genome		streptococcus_oralis	GCF_016028175.1
data/unzipped_genomes/streptococcus_oralis/ncbi_dataset/data/GCF_016028175.1/GCF_016028175.1_ASM1602817v1_genomic.fna	NZ_CP065706.1	1167256	1168135	-	gi|194172857:984089-984973	1-880/885	===============	0/0	99.44	90.34	victors	gi|194172857:984089-984973	Streptococcus pneumoniae TIGR4 chromosome complete genome		streptococcus_oralis	GCF_016028175.1
data/unzipped_genomes/streptococcus_oralis/ncbi_dataset/data/GCF_016028175.1/GCF_016028175.1_ASM1602817v1_genomic.fna	NZ_CP065706.1	1185274	1186602	-	gi|194172857:970424-972055	2-1330/1632	=============..	0/0	81.43	87.96	victors	gi|194172857:970424-972055	Streptococcus pneumoniae TIGR4 chromosome complete genome		streptococcus_oralis	GCF_016028175.1
data/unzipped_genomes/streptococcus_oralis/ncbi_dataset/data/GCF_016028175.1/GCF_016028175.1_ASM1602817v1_genomic.fna	NZ_CP065706.1	1190632	1191063	-	gi|194172857:965957-966388	1-432/432	===============	0/0	100.0	89.12	victors	gi|194172857:965957-966388	Streptococcus pneumoniae TIGR4 chromosome complete genome		streptococcus_oralis	GCF_016028175.1
data/unzipped_genomes/streptococcus_oralis/ncbi_dataset/data/GCF_016028175.1/GCF_016028175.1_ASM1602817v1_genomic.fna	NZ_CP065706.1	1193593	1194153	-	gi|194172857:962373-962972	1-561/600	===============	0/0	93.5	91.09	victors	gi|194172857:962373-962972	Streptococcus pneumoniae TIGR4 chromosome complete genome		streptococcus_oralis	GCF_016028175.1
data/unzipped_genomes/streptococcus_oralis/ncbi_dataset/data/GCF_016028175.1/GCF_016028175.1_ASM1602817v1_genomic.fna	NZ_CP065706.1	1225627	1226052	+	gi|194172857:1129404-1129829	1-426/426	===============	0/0	100.0	95.07	victors	gi|194172857:1129404-1129829	Streptococcus pneumoniae TIGR4 chromosome complete genome		streptococcus_oralis	GCF_016028175.1
data/unzipped_genomes/streptococcus_oralis/ncbi_dataset/data/GCF_016028175.1/GCF_016028175.1_ASM1602817v1_genomic.fna	NZ_CP065706.1	1229209	1229706	-	gi|194172857:612683-613180	1-498/498	===============	0/0	100.0	91.97	victors	gi|194172857:612683-613180	Streptococcus pneumoniae TIGR4 chromosome complete genome		streptococcus_oralis	GCF_016028175.1
data/unzipped_genomes/streptococcus_oralis/ncbi_dataset/data/GCF_016028175.1/GCF_016028175.1_ASM1602817v1_genomic.fna	NZ_CP065706.1	1249389	1252664	-	gi|194172857:840199-843474	1-3276/3276	========/======	2/2	99.97	85.99	victors	gi|194172857:840199-843474	Streptococcus pneumoniae TIGR4 chromosome complete genome		streptococcus_oralis	GCF_016028175.1
data/unzipped_genomes/streptococcus_oralis/ncbi_dataset/data/GCF_016028175.1/GCF_016028175.1_ASM1602817v1_genomic.fna	NZ_CP065706.1	1256915	1258408	-	gi|194172857:835074-836567	1-1494/1494	===============	0/0	100.0	89.76	victors	gi|194172857:835074-836567	Streptococcus pneumoniae TIGR4 chromosome complete genome		streptococcus_oralis	GCF_016028175.1
data/unzipped_genomes/streptococcus_oralis/ncbi_dataset/data/GCF_016028175.1/GCF_016028175.1_ASM1602817v1_genomic.fna	NZ_CP065706.1	1284283	1285949	+	gi|194172857:1135215-1136882	2-1668/1668	===============	0/0	99.94	85.54	victors	gi|194172857:1135215-1136882	Streptococcus pneumoniae TIGR4 chromosome complete genome		streptococcus_oralis	GCF_016028175.1
data/unzipped_genomes/streptococcus_oralis/ncbi_dataset/data/GCF_016028175.1/GCF_016028175.1_ASM1602817v1_genomic.fna	NZ_CP065706.1	1315391	1316412	-	gi|194172857:803302-804324	2-1023/1023	===============	0/0	99.9	87.67	victors	gi|194172857:803302-804324	Streptococcus pneumoniae TIGR4 chromosome complete genome		streptococcus_oralis	GCF_016028175.1
data/unzipped_genomes/streptococcus_oralis/ncbi_dataset/data/GCF_016028175.1/GCF_016028175.1_ASM1602817v1_genomic.fna	NZ_CP065706.1	1330836	1332113	-	gi|194172857:788996-790273	1-1278/1278	===============	0/0	100.0	85.99	victors	gi|194172857:788996-790273	Streptococcus pneumoniae TIGR4 chromosome complete genome		streptococcus_oralis	GCF_016028175.1
data/unzipped_genomes/streptococcus_oralis/ncbi_dataset/data/GCF_016028175.1/GCF_016028175.1_ASM1602817v1_genomic.fna	NZ_CP065706.1	1348413	1348575	-	gi|194172857:731418-731627	1-163/210	============...	0/0	77.62	80.98	victors	gi|194172857:731418-731627	Streptococcus pneumoniae TIGR4 chromosome complete genome		streptococcus_oralis	GCF_016028175.1
data/unzipped_genomes/streptococcus_oralis/ncbi_dataset/data/GCF_016028175.1/GCF_016028175.1_ASM1602817v1_genomic.fna	NZ_CP065706.1	1356981	1357508	-	gi|194172857:726140-726652	1-510/513	========/======	1/18	99.42	81.63	victors	gi|194172857:726140-726652	Streptococcus pneumoniae TIGR4 chromosome complete genome		streptococcus_oralis	GCF_016028175.1
data/unzipped_genomes/streptococcus_oralis/ncbi_dataset/data/GCF_016028175.1/GCF_016028175.1_ASM1602817v1_genomic.fna	NZ_CP065706.1	1357663	1358268	-	gi|182682970:712398-713003	1-606/606	===============	0/0	100.0	93.73	victors	gi|182682970:712398-713003	Streptococcus pneumoniae CGSP14 complete genome		streptococcus_oralis	GCF_016028175.1
data/unzipped_genomes/streptococcus_oralis/ncbi_dataset/data/GCF_016028175.1/GCF_016028175.1_ASM1602817v1_genomic.fna	NZ_CP065706.1	1394447	1395124	+	gi|194172857:1299715-1300392	1-678/678	===============	0/0	100.0	80.83	victors	gi|194172857:1299715-1300392	Streptococcus pneumoniae TIGR4 chromosome complete genome		streptococcus_oralis	GCF_016028175.1
data/unzipped_genomes/streptococcus_oralis/ncbi_dataset/data/GCF_016028175.1/GCF_016028175.1_ASM1602817v1_genomic.fna	NZ_CP065706.1	1395121	1396291	+	gi|194172857:1300389-1301561	1-1171/1173	========/======	2/2	99.74	83.02	victors	gi|194172857:1300389-1301561	Streptococcus pneumoniae TIGR4 chromosome complete genome		streptococcus_oralis	GCF_016028175.1
data/unzipped_genomes/streptococcus_oralis/ncbi_dataset/data/GCF_016028175.1/GCF_016028175.1_ASM1602817v1_genomic.fna	NZ_CP065706.1	1396558	1397997	+	gi|194172857:1304782-1306236	2-1441/1455	===============	0/0	98.97	86.04	victors	gi|194172857:1304782-1306236	Streptococcus pneumoniae TIGR4 chromosome complete genome		streptococcus_oralis	GCF_016028175.1
data/unzipped_genomes/streptococcus_oralis/ncbi_dataset/data/GCF_016028175.1/GCF_016028175.1_ASM1602817v1_genomic.fna	NZ_CP065706.1	1401476	1402546	+	gi|221230948:1324319-1325389	1-1071/1071	===============	0/0	100.0	87.67	victors	gi|221230948:1324319-1325389	Streptococcus pneumoniae ATCC 700669 complete genome		streptococcus_oralis	GCF_016028175.1
data/unzipped_genomes/streptococcus_oralis/ncbi_dataset/data/GCF_016028175.1/GCF_016028175.1_ASM1602817v1_genomic.fna	NZ_CP065706.1	1415472	1416230	+	gi|194172857:1319683-1320441	1-759/759	===============	0/0	100.0	86.43	victors	gi|194172857:1319683-1320441	Streptococcus pneumoniae TIGR4 chromosome complete genome		streptococcus_oralis	GCF_016028175.1
data/unzipped_genomes/streptococcus_oralis/ncbi_dataset/data/GCF_016028175.1/GCF_016028175.1_ASM1602817v1_genomic.fna	NZ_CP065706.1	1417054	1417938	+	gi|194172857:1321268-1322152	1-885/885	===============	0/0	100.0	87.01	victors	gi|194172857:1321268-1322152	Streptococcus pneumoniae TIGR4 chromosome complete genome		streptococcus_oralis	GCF_016028175.1
data/unzipped_genomes/streptococcus_oralis/ncbi_dataset/data/GCF_016028175.1/GCF_016028175.1_ASM1602817v1_genomic.fna	NZ_CP065706.1	1417928	1418845	+	gi|194172857:1322142-1323059	1-918/918	===============	0/0	100.0	86.06	victors	gi|194172857:1322142-1323059	Streptococcus pneumoniae TIGR4 chromosome complete genome		streptococcus_oralis	GCF_016028175.1
data/unzipped_genomes/streptococcus_oralis/ncbi_dataset/data/GCF_016028175.1/GCF_016028175.1_ASM1602817v1_genomic.fna	NZ_CP065706.1	1439690	1441268	+	gi|194172857:1439696-1441285	12-1590/1590	========/======	4/6	99.12	82.74	victors	gi|194172857:1439696-1441285	Streptococcus pneumoniae TIGR4 chromosome complete genome		streptococcus_oralis	GCF_016028175.1
data/unzipped_genomes/streptococcus_oralis/ncbi_dataset/data/GCF_016028175.1/GCF_016028175.1_ASM1602817v1_genomic.fna	NZ_CP065706.1	1448344	1449742	+	gi|194172857:1446900-1448300	3-1401/1401	===============	0/0	99.86	86.63	victors	gi|194172857:1446900-1448300	Streptococcus pneumoniae TIGR4 chromosome complete genome		streptococcus_oralis	GCF_016028175.1
data/unzipped_genomes/streptococcus_oralis/ncbi_dataset/data/GCF_016028175.1/GCF_016028175.1_ASM1602817v1_genomic.fna	NZ_CP065706.1	1456891	1457413	+	gi|221230948:1461838-1462386	1-523/549	========/======	2/4	94.9	88.0	victors	gi|221230948:1461838-1462386	Streptococcus pneumoniae ATCC 700669 complete genome		streptococcus_oralis	GCF_016028175.1
data/unzipped_genomes/streptococcus_oralis/ncbi_dataset/data/GCF_016028175.1/GCF_016028175.1_ASM1602817v1_genomic.fna	NZ_CP065706.1	1556212	1556802	-	gi|194172857:706881-707471	1-591/591	===============	0/0	100.0	89.68	victors	gi|194172857:706881-707471	Streptococcus pneumoniae TIGR4 chromosome complete genome		streptococcus_oralis	GCF_016028175.1
data/unzipped_genomes/streptococcus_oralis/ncbi_dataset/data/GCF_016028175.1/GCF_016028175.1_ASM1602817v1_genomic.fna	NZ_CP065706.1	1612565	1619064	-	gi|194172857:615441-622142	1-6500/6702	========/======	4/6	96.94	86.33	victors	gi|194172857:615441-622142	Streptococcus pneumoniae TIGR4 chromosome complete genome		streptococcus_oralis	GCF_016028175.1
data/unzipped_genomes/streptococcus_oralis/ncbi_dataset/data/GCF_016028175.1/GCF_016028175.1_ASM1602817v1_genomic.fna	NZ_CP065706.1	1628703	1630406	-	gi|194172857:640561-642282	1-1704/1722	===============	0/0	98.95	86.15	victors	gi|194172857:640561-642282	Streptococcus pneumoniae TIGR4 chromosome complete genome		streptococcus_oralis	GCF_016028175.1
data/unzipped_genomes/streptococcus_oralis/ncbi_dataset/data/GCF_016028175.1/GCF_016028175.1_ASM1602817v1_genomic.fna	NZ_CP065706.1	1636321	1636858	-	gi|194172857:634195-634758	22-559/564	===============	0/0	95.39	80.11	victors	gi|194172857:634195-634758	Streptococcus pneumoniae TIGR4 chromosome complete genome		streptococcus_oralis	GCF_016028175.1
data/unzipped_genomes/streptococcus_oralis/ncbi_dataset/data/GCF_016028175.1/GCF_016028175.1_ASM1602817v1_genomic.fna	NZ_CP065706.1	1642308	1644083	-	gi|169832377:762997-764772	1-1776/1776	===============	0/0	100.0	96.0	victors	gi|169832377:762997-764772	Streptococcus pneumoniae Hungary19A-6 complete genome		streptococcus_oralis	GCF_016028175.1
data/unzipped_genomes/streptococcus_oralis/ncbi_dataset/data/GCF_016028175.1/GCF_016028175.1_ASM1602817v1_genomic.fna	NZ_CP065706.1	1644410	1646370	-	gi|194172857:692672-694654	2-1983/1983	========/======	3/23	98.84	89.16	victors	gi|194172857:692672-694654	Streptococcus pneumoniae TIGR4 chromosome complete genome		streptococcus_oralis	GCF_016028175.1
data/unzipped_genomes/streptococcus_oralis/ncbi_dataset/data/GCF_016028175.1/GCF_016028175.1_ASM1602817v1_genomic.fna	NZ_CP065706.1	1646642	1647012	-	gi|194172857:692030-692401	2-372/372	===============	0/0	99.73	80.86	victors	gi|194172857:692030-692401	Streptococcus pneumoniae TIGR4 chromosome complete genome		streptococcus_oralis	GCF_016028175.1
data/unzipped_genomes/streptococcus_oralis/ncbi_dataset/data/GCF_016028175.1/GCF_016028175.1_ASM1602817v1_genomic.fna	NZ_CP065706.1	1647785	1648576	-	gi|194172857:690467-691258	1-792/792	===============	0/0	100.0	88.64	victors	gi|194172857:690467-691258	Streptococcus pneumoniae TIGR4 chromosome complete genome		streptococcus_oralis	GCF_016028175.1
data/unzipped_genomes/streptococcus_oralis/ncbi_dataset/data/GCF_016028175.1/GCF_016028175.1_ASM1602817v1_genomic.fna	NZ_CP065706.1	1651939	1653320	-	gi|194172857:685560-686945	1-1382/1386	===============	0/0	99.71	89.0	victors	gi|194172857:685560-686945	Streptococcus pneumoniae TIGR4 chromosome complete genome		streptococcus_oralis	GCF_016028175.1
data/unzipped_genomes/streptococcus_oralis/ncbi_dataset/data/GCF_016028175.1/GCF_016028175.1_ASM1602817v1_genomic.fna	NZ_CP065706.1	1653321	1653881	-	gi|194172857:684999-685559	1-561/561	===============	0/0	100.0	92.69	victors	gi|194172857:684999-685559	Streptococcus pneumoniae TIGR4 chromosome complete genome		streptococcus_oralis	GCF_016028175.1
data/unzipped_genomes/streptococcus_oralis/ncbi_dataset/data/GCF_016028175.1/GCF_016028175.1_ASM1602817v1_genomic.fna	NZ_CP065706.1	1658350	1659030	-	gi|15902044:631680-632360	1-681/681	===============	0/0	100.0	86.34	victors	gi|15902044:631680-632360	Streptococcus pneumoniae R6 complete genome		streptococcus_oralis	GCF_016028175.1
data/unzipped_genomes/streptococcus_oralis/ncbi_dataset/data/GCF_016028175.1/GCF_016028175.1_ASM1602817v1_genomic.fna	NZ_CP065706.1	1658990	1659667	-	gi|15902044:631043-631720	1-678/678	===============	0/0	100.0	87.61	victors	gi|15902044:631043-631720	Streptococcus pneumoniae R6 complete genome		streptococcus_oralis	GCF_016028175.1
data/unzipped_genomes/streptococcus_oralis/ncbi_dataset/data/GCF_016028175.1/GCF_016028175.1_ASM1602817v1_genomic.fna	NZ_CP065706.1	1670128	1671120	+	gi|194172857:1761890-1762897	1-993/1008	===============	0/0	98.51	89.12	victors	gi|194172857:1761890-1762897	Streptococcus pneumoniae TIGR4 chromosome complete genome		streptococcus_oralis	GCF_016028175.1
data/unzipped_genomes/streptococcus_oralis/ncbi_dataset/data/GCF_016028175.1/GCF_016028175.1_ASM1602817v1_genomic.fna	NZ_CP065706.1	1671197	1672225	+	gi|194172857:1762943-1763980	1-1029/1038	===============	0/0	99.13	82.22	victors	gi|194172857:1762943-1763980	Streptococcus pneumoniae TIGR4 chromosome complete genome		streptococcus_oralis	GCF_016028175.1
data/unzipped_genomes/streptococcus_oralis/ncbi_dataset/data/GCF_016028175.1/GCF_016028175.1_ASM1602817v1_genomic.fna	NZ_CP065706.1	1676534	1677262	+	gi|194172857:1768968-1769696	1-729/729	===============	0/0	100.0	92.04	victors	gi|194172857:1768968-1769696	Streptococcus pneumoniae TIGR4 chromosome complete genome		streptococcus_oralis	GCF_016028175.1
data/unzipped_genomes/streptococcus_oralis/ncbi_dataset/data/GCF_016028175.1/GCF_016028175.1_ASM1602817v1_genomic.fna	NZ_CP065706.1	1683984	1686140	+	gi|194172857:1804474-1806636	10-2163/2163	========/======	2/3	99.58	89.34	victors	gi|194172857:1804474-1806636	Streptococcus pneumoniae TIGR4 chromosome complete genome		streptococcus_oralis	GCF_016028175.1
data/unzipped_genomes/streptococcus_oralis/ncbi_dataset/data/GCF_016028175.1/GCF_016028175.1_ASM1602817v1_genomic.fna	NZ_CP065706.1	1705144	1706751	-	gi|194172857:470730-472337	1-1608/1608	===============	0/0	100.0	93.66	victors	gi|194172857:470730-472337	Streptococcus pneumoniae TIGR4 chromosome complete genome		streptococcus_oralis	GCF_016028175.1
data/unzipped_genomes/streptococcus_oralis/ncbi_dataset/data/GCF_016028175.1/GCF_016028175.1_ASM1602817v1_genomic.fna	NZ_CP065706.1	1737670	1739015	-	gi|116515308:456040-457386	2-1347/1347	===============	0/0	99.93	92.72	victors	gi|116515308:456040-457386	Streptococcus pneumoniae D39 complete genome		streptococcus_oralis	GCF_016028175.1
data/unzipped_genomes/streptococcus_oralis/ncbi_dataset/data/GCF_016028175.1/GCF_016028175.1_ASM1602817v1_genomic.fna	NZ_CP065706.1	1750649	1751623	+	gi|194172857:1774496-1775470	1-975/975	===============	0/0	100.0	89.23	victors	gi|194172857:1774496-1775470	Streptococcus pneumoniae TIGR4 chromosome complete genome		streptococcus_oralis	GCF_016028175.1
data/unzipped_genomes/streptococcus_oralis/ncbi_dataset/data/GCF_016028175.1/GCF_016028175.1_ASM1602817v1_genomic.fna	NZ_CP065706.1	1757870	1758391	+	gi|194172857:1781907-1782428	1-522/522	===============	0/0	100.0	86.97	victors	gi|194172857:1781907-1782428	Streptococcus pneumoniae TIGR4 chromosome complete genome		streptococcus_oralis	GCF_016028175.1
data/unzipped_genomes/streptococcus_oralis/ncbi_dataset/data/GCF_016028175.1/GCF_016028175.1_ASM1602817v1_genomic.fna	NZ_CP065706.1	1792051	1792944	+	gi|194172857:1620920-1621813	1-894/894	===============	0/0	100.0	88.03	victors	gi|194172857:1620920-1621813	Streptococcus pneumoniae TIGR4 chromosome complete genome		streptococcus_oralis	GCF_016028175.1
data/unzipped_genomes/streptococcus_oralis/ncbi_dataset/data/GCF_016028175.1/GCF_016028175.1_ASM1602817v1_genomic.fna	NZ_CP065706.1	1801864	1803295	-	gi|194172857:459147-460586	9-1440/1440	===============	0/0	99.44	85.41	victors	gi|194172857:459147-460586	Streptococcus pneumoniae TIGR4 chromosome complete genome		streptococcus_oralis	GCF_016028175.1
data/unzipped_genomes/streptococcus_oralis/ncbi_dataset/data/GCF_016028175.1/GCF_016028175.1_ASM1602817v1_genomic.fna	NZ_CP065706.1	1805405	1806331	+	gi|194172857:1793112-1794038	1-927/927	===============	0/0	100.0	82.2	victors	gi|194172857:1793112-1794038	Streptococcus pneumoniae TIGR4 chromosome complete genome		streptococcus_oralis	GCF_016028175.1
data/unzipped_genomes/streptococcus_oralis/ncbi_dataset/data/GCF_016028175.1/GCF_016028175.1_ASM1602817v1_genomic.fna	NZ_CP065706.1	1806331	1807827	+	gi|194172857:1794038-1795534	1-1497/1497	========/======	2/2	99.93	84.98	victors	gi|194172857:1794038-1795534	Streptococcus pneumoniae TIGR4 chromosome complete genome		streptococcus_oralis	GCF_016028175.1
data/unzipped_genomes/streptococcus_oralis/ncbi_dataset/data/GCF_016028175.1/GCF_016028175.1_ASM1602817v1_genomic.fna	NZ_CP065706.1	1811866	1812682	+	gi|194172857:1872209-1873033	9-825/825	===============	0/0	99.03	80.91	victors	gi|194172857:1872209-1873033	Streptococcus pneumoniae TIGR4 chromosome complete genome		streptococcus_oralis	GCF_016028175.1
data/unzipped_genomes/streptococcus_oralis/ncbi_dataset/data/GCF_016028175.1/GCF_016028175.1_ASM1602817v1_genomic.fna	NZ_CP065706.1	1816612	1817603	+	gi|194172857:1876951-1877943	2-993/993	===============	0/0	99.9	84.68	victors	gi|194172857:1876951-1877943	Streptococcus pneumoniae TIGR4 chromosome complete genome		streptococcus_oralis	GCF_016028175.1
data/unzipped_genomes/streptococcus_oralis/ncbi_dataset/data/GCF_016028175.1/GCF_016028175.1_ASM1602817v1_genomic.fna	NZ_CP065706.1	1820577	1821369	+	gi|194172857:1880925-1881719	3-795/795	===============	0/0	99.75	87.77	victors	gi|194172857:1880925-1881719	Streptococcus pneumoniae TIGR4 chromosome complete genome		streptococcus_oralis	GCF_016028175.1
data/unzipped_genomes/streptococcus_oralis/ncbi_dataset/data/GCF_016028175.1/GCF_016028175.1_ASM1602817v1_genomic.fna	NZ_CP065706.1	1839916	1840851	+	gi|194172857:1900695-1901657	1-936/963	===============	0/0	97.2	82.69	victors	gi|194172857:1900695-1901657	Streptococcus pneumoniae TIGR4 chromosome complete genome		streptococcus_oralis	GCF_016028175.1
data/unzipped_genomes/streptococcus_oralis/ncbi_dataset/data/GCF_016028175.1/GCF_016028175.1_ASM1602817v1_genomic.fna	NZ_CP065706.1	1840919	1841943	+	gi|15902044:1783326-1784366	1-1025/1041	========/======	2/2	98.37	82.65	victors	gi|15902044:1783326-1784366	Streptococcus pneumoniae R6 complete genome		streptococcus_oralis	GCF_016028175.1
data/unzipped_genomes/streptococcus_oralis/ncbi_dataset/data/GCF_016028175.1/GCF_016028175.1_ASM1602817v1_genomic.fna	NZ_CP065706.1	1856277	1857611	-	gi|116515308:259029-260363	1-1335/1335	===============	0/0	100.0	93.56	victors	gi|116515308:259029-260363	Streptococcus pneumoniae D39 complete genome		streptococcus_oralis	GCF_016028175.1
data/unzipped_genomes/streptococcus_oralis/ncbi_dataset/data/GCF_016028175.1/GCF_016028175.1_ASM1602817v1_genomic.fna	NZ_CP065706.1	1860191	1864582	-	gi|194172857:250617-255008	1-4392/4392	===============	0/0	100.0	90.5	victors	gi|194172857:250617-255008	Streptococcus pneumoniae TIGR4 chromosome complete genome		streptococcus_oralis	GCF_016028175.1
data/unzipped_genomes/streptococcus_oralis/ncbi_dataset/data/GCF_016028175.1/GCF_016028175.1_ASM1602817v1_genomic.fna	NZ_CP065706.1	1864759	1866138	-	gi|194172857:238197-239576	1-1380/1380	===============	0/0	100.0	85.44	victors	gi|194172857:238197-239576	Streptococcus pneumoniae TIGR4 chromosome complete genome		streptococcus_oralis	GCF_016028175.1
data/unzipped_genomes/streptococcus_oralis/ncbi_dataset/data/GCF_016028175.1/GCF_016028175.1_ASM1602817v1_genomic.fna	NZ_CP065706.1	1878167	1879211	-	gi|194172857:241696-242745	2-1046/1050	========/======	2/4	99.33	88.16	victors	gi|194172857:241696-242745	Streptococcus pneumoniae TIGR4 chromosome complete genome		streptococcus_oralis	GCF_016028175.1
data/unzipped_genomes/streptococcus_oralis/ncbi_dataset/data/GCF_016028175.1/GCF_016028175.1_ASM1602817v1_genomic.fna	NZ_CP065706.1	1891529	1894030	-	gi|194172857:224751-227252	1-2502/2502	===============	0/0	100.0	91.53	victors	gi|194172857:224751-227252	Streptococcus pneumoniae TIGR4 chromosome complete genome		streptococcus_oralis	GCF_016028175.1
data/unzipped_genomes/streptococcus_oralis/ncbi_dataset/data/GCF_016028175.1/GCF_016028175.1_ASM1602817v1_genomic.fna	NZ_CP065706.1	1894203	1894877	-	gi|194172857:209956-210648	8-682/693	===============	0/0	97.4	84.0	victors	gi|194172857:209956-210648	Streptococcus pneumoniae TIGR4 chromosome complete genome		streptococcus_oralis	GCF_016028175.1
data/unzipped_genomes/streptococcus_oralis/ncbi_dataset/data/GCF_016028255.1/GCF_016028255.1_ASM1602825v1_genomic.fna	NZ_CP065707.1	11828	13981	-	gi|194172857:509279-511436	1-2158/2158	========/======	1/4	99.81	94.25	victors	gi|194172857:509279-511436	Streptococcus pneumoniae TIGR4 chromosome complete genome		streptococcus_oralis	GCF_016028255.1
data/unzipped_genomes/streptococcus_oralis/ncbi_dataset/data/GCF_016028255.1/GCF_016028255.1_ASM1602825v1_genomic.fna	NZ_CP065707.1	29167	30512	-	gi|116515308:456040-457386	2-1347/1347	===============	0/0	99.93	92.2	victors	gi|116515308:456040-457386	Streptococcus pneumoniae D39 complete genome		streptococcus_oralis	GCF_016028255.1
data/unzipped_genomes/streptococcus_oralis/ncbi_dataset/data/GCF_016028255.1/GCF_016028255.1_ASM1602825v1_genomic.fna	NZ_CP065707.1	43027	43997	+	gi|194172857:1774496-1775470	1-971/975	===============	0/0	99.59	90.01	victors	gi|194172857:1774496-1775470	Streptococcus pneumoniae TIGR4 chromosome complete genome		streptococcus_oralis	GCF_016028255.1
data/unzipped_genomes/streptococcus_oralis/ncbi_dataset/data/GCF_016028255.1/GCF_016028255.1_ASM1602825v1_genomic.fna	NZ_CP065707.1	50250	50771	+	gi|194172857:1781907-1782428	1-522/522	===============	0/0	100.0	87.17	victors	gi|194172857:1781907-1782428	Streptococcus pneumoniae TIGR4 chromosome complete genome		streptococcus_oralis	GCF_016028255.1
data/unzipped_genomes/streptococcus_oralis/ncbi_dataset/data/GCF_016028255.1/GCF_016028255.1_ASM1602825v1_genomic.fna	NZ_CP065707.1	98528	99421	+	gi|194172857:1620920-1621813	1-894/894	===============	0/0	100.0	87.81	victors	gi|194172857:1620920-1621813	Streptococcus pneumoniae TIGR4 chromosome complete genome		streptococcus_oralis	GCF_016028255.1
data/unzipped_genomes/streptococcus_oralis/ncbi_dataset/data/GCF_016028255.1/GCF_016028255.1_ASM1602825v1_genomic.fna	NZ_CP065707.1	108838	110269	-	gi|194172857:459147-460586	9-1440/1440	===============	0/0	99.44	85.61	victors	gi|194172857:459147-460586	Streptococcus pneumoniae TIGR4 chromosome complete genome		streptococcus_oralis	GCF_016028255.1
data/unzipped_genomes/streptococcus_oralis/ncbi_dataset/data/GCF_016028255.1/GCF_016028255.1_ASM1602825v1_genomic.fna	NZ_CP065707.1	112380	113306	+	gi|194172857:1793112-1794038	1-927/927	===============	0/0	100.0	82.09	victors	gi|194172857:1793112-1794038	Streptococcus pneumoniae TIGR4 chromosome complete genome		streptococcus_oralis	GCF_016028255.1
data/unzipped_genomes/streptococcus_oralis/ncbi_dataset/data/GCF_016028255.1/GCF_016028255.1_ASM1602825v1_genomic.fna	NZ_CP065707.1	113306	114802	+	gi|194172857:1794038-1795534	1-1497/1497	========/======	2/2	99.93	85.25	victors	gi|194172857:1794038-1795534	Streptococcus pneumoniae TIGR4 chromosome complete genome		streptococcus_oralis	GCF_016028255.1
data/unzipped_genomes/streptococcus_oralis/ncbi_dataset/data/GCF_016028255.1/GCF_016028255.1_ASM1602825v1_genomic.fna	NZ_CP065707.1	118854	119670	+	gi|194172857:1872209-1873033	9-825/825	===============	0/0	99.03	81.39	victors	gi|194172857:1872209-1873033	Streptococcus pneumoniae TIGR4 chromosome complete genome		streptococcus_oralis	GCF_016028255.1
data/unzipped_genomes/streptococcus_oralis/ncbi_dataset/data/GCF_016028255.1/GCF_016028255.1_ASM1602825v1_genomic.fna	NZ_CP065707.1	123585	124576	+	gi|194172857:1876951-1877943	2-993/993	===============	0/0	99.9	85.28	victors	gi|194172857:1876951-1877943	Streptococcus pneumoniae TIGR4 chromosome complete genome		streptococcus_oralis	GCF_016028255.1
data/unzipped_genomes/streptococcus_oralis/ncbi_dataset/data/GCF_016028255.1/GCF_016028255.1_ASM1602825v1_genomic.fna	NZ_CP065707.1	127551	128343	+	gi|194172857:1880925-1881719	3-795/795	===============	0/0	99.75	88.53	victors	gi|194172857:1880925-1881719	Streptococcus pneumoniae TIGR4 chromosome complete genome		streptococcus_oralis	GCF_016028255.1
data/unzipped_genomes/streptococcus_oralis/ncbi_dataset/data/GCF_016028255.1/GCF_016028255.1_ASM1602825v1_genomic.fna	NZ_CP065707.1	146798	147760	+	gi|194172857:1900695-1901657	1-963/963	===============	0/0	100.0	83.18	victors	gi|194172857:1900695-1901657	Streptococcus pneumoniae TIGR4 chromosome complete genome		streptococcus_oralis	GCF_016028255.1
data/unzipped_genomes/streptococcus_oralis/ncbi_dataset/data/GCF_016028255.1/GCF_016028255.1_ASM1602825v1_genomic.fna	NZ_CP065707.1	147814	148837	+	gi|15902044:1783326-1784366	2-1025/1041	========/======	2/2	98.27	82.44	victors	gi|15902044:1783326-1784366	Streptococcus pneumoniae R6 complete genome		streptococcus_oralis	GCF_016028255.1
data/unzipped_genomes/streptococcus_oralis/ncbi_dataset/data/GCF_016028255.1/GCF_016028255.1_ASM1602825v1_genomic.fna	NZ_CP065707.1	161876	163210	-	gi|116515308:259029-260363	1-1335/1335	===============	0/0	100.0	91.54	victors	gi|116515308:259029-260363	Streptococcus pneumoniae D39 complete genome		streptococcus_oralis	GCF_016028255.1
data/unzipped_genomes/streptococcus_oralis/ncbi_dataset/data/GCF_016028255.1/GCF_016028255.1_ASM1602825v1_genomic.fna	NZ_CP065707.1	165787	170178	-	gi|194172857:250617-255008	1-4392/4392	===============	0/0	100.0	90.16	victors	gi|194172857:250617-255008	Streptococcus pneumoniae TIGR4 chromosome complete genome		streptococcus_oralis	GCF_016028255.1
data/unzipped_genomes/streptococcus_oralis/ncbi_dataset/data/GCF_016028255.1/GCF_016028255.1_ASM1602825v1_genomic.fna	NZ_CP065707.1	170355	171734	-	gi|194172857:238197-239576	1-1380/1380	===============	0/0	100.0	84.35	victors	gi|194172857:238197-239576	Streptococcus pneumoniae TIGR4 chromosome complete genome		streptococcus_oralis	GCF_016028255.1
data/unzipped_genomes/streptococcus_oralis/ncbi_dataset/data/GCF_016028255.1/GCF_016028255.1_ASM1602825v1_genomic.fna	NZ_CP065707.1	182522	183565	-	gi|194172857:241696-242745	2-1046/1050	========/======	5/7	99.14	85.78	victors	gi|194172857:241696-242745	Streptococcus pneumoniae TIGR4 chromosome complete genome		streptococcus_oralis	GCF_016028255.1
data/unzipped_genomes/streptococcus_oralis/ncbi_dataset/data/GCF_016028255.1/GCF_016028255.1_ASM1602825v1_genomic.fna	NZ_CP065707.1	191070	193571	-	gi|194172857:224751-227252	1-2502/2502	===============	0/0	100.0	90.97	victors	gi|194172857:224751-227252	Streptococcus pneumoniae TIGR4 chromosome complete genome		streptococcus_oralis	GCF_016028255.1
data/unzipped_genomes/streptococcus_oralis/ncbi_dataset/data/GCF_016028255.1/GCF_016028255.1_ASM1602825v1_genomic.fna	NZ_CP065707.1	193742	194416	-	gi|194172857:209956-210648	8-682/693	===============	0/0	97.4	83.7	victors	gi|194172857:209956-210648	Streptococcus pneumoniae TIGR4 chromosome complete genome		streptococcus_oralis	GCF_016028255.1
data/unzipped_genomes/streptococcus_oralis/ncbi_dataset/data/GCF_016028255.1/GCF_016028255.1_ASM1602825v1_genomic.fna	NZ_CP065707.1	240077	240533	-	gi|194172857:157863-158321	3-459/459	===============	0/0	99.56	88.62	victors	gi|194172857:157863-158321	Streptococcus pneumoniae TIGR4 chromosome complete genome		streptococcus_oralis	GCF_016028255.1
data/unzipped_genomes/streptococcus_oralis/ncbi_dataset/data/GCF_016028255.1/GCF_016028255.1_ASM1602825v1_genomic.fna	NZ_CP065707.1	240574	243108	+	gi|194172857:1984956-1987489	1-2534/2534	========/======	1/1	100.0	89.23	victors	gi|194172857:1984956-1987489	Streptococcus pneumoniae TIGR4 chromosome complete genome		streptococcus_oralis	GCF_016028255.1
data/unzipped_genomes/streptococcus_oralis/ncbi_dataset/data/GCF_016028255.1/GCF_016028255.1_ASM1602825v1_genomic.fna	NZ_CP065707.1	248902	250178	-	gi|194172857:153579-154865	1-1277/1287	===============	0/0	99.22	80.03	victors	gi|194172857:153579-154865	Streptococcus pneumoniae TIGR4 chromosome complete genome		streptococcus_oralis	GCF_016028255.1
data/unzipped_genomes/streptococcus_oralis/ncbi_dataset/data/GCF_016028255.1/GCF_016028255.1_ASM1602825v1_genomic.fna	NZ_CP065707.1	257626	258999	-	gi|194172857:147450-148823	1-1374/1374	========/======	2/2	99.93	90.4	victors	gi|194172857:147450-148823	Streptococcus pneumoniae TIGR4 chromosome complete genome		streptococcus_oralis	GCF_016028255.1
data/unzipped_genomes/streptococcus_oralis/ncbi_dataset/data/GCF_016028255.1/GCF_016028255.1_ASM1602825v1_genomic.fna	NZ_CP065707.1	261365	262020	-	gi|194172857:144439-145095	2-657/657	===============	0/0	99.85	87.35	victors	gi|194172857:144439-145095	Streptococcus pneumoniae TIGR4 chromosome complete genome		streptococcus_oralis	GCF_016028255.1
data/unzipped_genomes/streptococcus_oralis/ncbi_dataset/data/GCF_016028255.1/GCF_016028255.1_ASM1602825v1_genomic.fna	NZ_CP065707.1	262994	264220	-	gi|194172857:142668-143894	1-1227/1227	===============	0/0	100.0	84.52	victors	gi|194172857:142668-143894	Streptococcus pneumoniae TIGR4 chromosome complete genome		streptococcus_oralis	GCF_016028255.1
data/unzipped_genomes/streptococcus_oralis/ncbi_dataset/data/GCF_016028255.1/GCF_016028255.1_ASM1602825v1_genomic.fna	NZ_CP065707.1	266741	267601	-	gi|194172857:139838-140701	2-862/864	========/======	3/4	99.42	87.83	victors	gi|194172857:139838-140701	Streptococcus pneumoniae TIGR4 chromosome complete genome		streptococcus_oralis	GCF_016028255.1
data/unzipped_genomes/streptococcus_oralis/ncbi_dataset/data/GCF_016028255.1/GCF_016028255.1_ASM1602825v1_genomic.fna	NZ_CP065707.1	268713	269150	-	gi|194172857:128979-129416	1-438/438	===============	0/0	100.0	91.1	victors	gi|194172857:128979-129416	Streptococcus pneumoniae TIGR4 chromosome complete genome		streptococcus_oralis	GCF_016028255.1
data/unzipped_genomes/streptococcus_oralis/ncbi_dataset/data/GCF_016028255.1/GCF_016028255.1_ASM1602825v1_genomic.fna	NZ_CP065707.1	270911	272589	-	gi|194172857:125050-126729	2-1680/1680	===============	0/0	99.94	92.79	victors	gi|194172857:125050-126729	Streptococcus pneumoniae TIGR4 chromosome complete genome		streptococcus_oralis	GCF_016028255.1
data/unzipped_genomes/streptococcus_oralis/ncbi_dataset/data/GCF_016028255.1/GCF_016028255.1_ASM1602825v1_genomic.fna	NZ_CP065707.1	280734	282808	-	gi|194172857:111156-113240	1-2075/2085	========/======	2/2	99.47	89.79	victors	gi|194172857:111156-113240	Streptococcus pneumoniae TIGR4 chromosome complete genome		streptococcus_oralis	GCF_016028255.1
data/unzipped_genomes/streptococcus_oralis/ncbi_dataset/data/GCF_016028255.1/GCF_016028255.1_ASM1602825v1_genomic.fna	NZ_CP065707.1	295406	295731	-	gi|194172857:101779-102105	2-327/327	===============	0/0	99.69	88.96	victors	gi|194172857:101779-102105	Streptococcus pneumoniae TIGR4 chromosome complete genome		streptococcus_oralis	GCF_016028255.1
data/unzipped_genomes/streptococcus_oralis/ncbi_dataset/data/GCF_016028255.1/GCF_016028255.1_ASM1602825v1_genomic.fna	NZ_CP065707.1	307511	308479	-	gi|194172857:96869-97855	1-969/987	===============	0/0	98.18	94.63	victors	gi|194172857:96869-97855	Streptococcus pneumoniae TIGR4 chromosome complete genome		streptococcus_oralis	GCF_016028255.1
data/unzipped_genomes/streptococcus_oralis/ncbi_dataset/data/GCF_016028255.1/GCF_016028255.1_ASM1602825v1_genomic.fna	NZ_CP065707.1	309828	311308	-	gi|194172857:95122-96597	1-1475/1476	========/======	1/6	99.93	92.91	victors	gi|194172857:95122-96597	Streptococcus pneumoniae TIGR4 chromosome complete genome		streptococcus_oralis	GCF_016028255.1
data/unzipped_genomes/streptococcus_oralis/ncbi_dataset/data/GCF_016028255.1/GCF_016028255.1_ASM1602825v1_genomic.fna	NZ_CP065707.1	316594	317462	+	gi|194172857:2052445-2053314	2-870/870	========/======	2/2	99.77	88.16	victors	gi|194172857:2052445-2053314	Streptococcus pneumoniae TIGR4 chromosome complete genome		streptococcus_oralis	GCF_016028255.1
data/unzipped_genomes/streptococcus_oralis/ncbi_dataset/data/GCF_016028255.1/GCF_016028255.1_ASM1602825v1_genomic.fna	NZ_CP065707.1	317563	320222	+	gi|194172857:2053397-2056057	2-2661/2661	===============	0/0	99.96	87.82	victors	gi|194172857:2053397-2056057	Streptococcus pneumoniae TIGR4 chromosome complete genome		streptococcus_oralis	GCF_016028255.1
data/unzipped_genomes/streptococcus_oralis/ncbi_dataset/data/GCF_016028255.1/GCF_016028255.1_ASM1602825v1_genomic.fna	NZ_CP065707.1	321714	323798	+	gi|194172857:2057585-2059669	1-2085/2085	===============	0/0	100.0	88.2	victors	gi|194172857:2057585-2059669	Streptococcus pneumoniae TIGR4 chromosome complete genome		streptococcus_oralis	GCF_016028255.1
data/unzipped_genomes/streptococcus_oralis/ncbi_dataset/data/GCF_016028255.1/GCF_016028255.1_ASM1602825v1_genomic.fna	NZ_CP065707.1	323843	325522	+	gi|194172857:2059709-2061388	1-1680/1680	===============	0/0	100.0	85.59	victors	gi|194172857:2059709-2061388	Streptococcus pneumoniae TIGR4 chromosome complete genome		streptococcus_oralis	GCF_016028255.1
data/unzipped_genomes/streptococcus_oralis/ncbi_dataset/data/GCF_016028255.1/GCF_016028255.1_ASM1602825v1_genomic.fna	NZ_CP065707.1	334353	335159	+	gi|194172857:2088331-2089137	1-807/807	========/======	2/2	99.88	85.4	victors	gi|194172857:2088331-2089137	Streptococcus pneumoniae TIGR4 chromosome complete genome		streptococcus_oralis	GCF_016028255.1
data/unzipped_genomes/streptococcus_oralis/ncbi_dataset/data/GCF_016028255.1/GCF_016028255.1_ASM1602825v1_genomic.fna	NZ_CP065707.1	340138	341379	+	gi|194172857:2091943-2093184	1-1242/1242	===============	0/0	100.0	81.8	victors	gi|194172857:2091943-2093184	Streptococcus pneumoniae TIGR4 chromosome complete genome		streptococcus_oralis	GCF_016028255.1
data/unzipped_genomes/streptococcus_oralis/ncbi_dataset/data/GCF_016028255.1/GCF_016028255.1_ASM1602825v1_genomic.fna	NZ_CP065707.1	341379	342929	+	gi|194172857:2093184-2094734	1-1551/1551	===============	0/0	100.0	89.04	victors	gi|194172857:2093184-2094734	Streptococcus pneumoniae TIGR4 chromosome complete genome		streptococcus_oralis	GCF_016028255.1
data/unzipped_genomes/streptococcus_oralis/ncbi_dataset/data/GCF_016028255.1/GCF_016028255.1_ASM1602825v1_genomic.fna	NZ_CP065707.1	375905	376822	+	gi|194172857:2130641-2131561	1-918/921	===============	0/0	99.67	87.91	victors	gi|194172857:2130641-2131561	Streptococcus pneumoniae TIGR4 chromosome complete genome		streptococcus_oralis	GCF_016028255.1
data/unzipped_genomes/streptococcus_oralis/ncbi_dataset/data/GCF_016028255.1/GCF_016028255.1_ASM1602825v1_genomic.fna	NZ_CP065707.1	394348	396889	+	gi|194172857:2150516-2153068	1-2551/2553	========/======	3/11	99.53	83.93	victors	gi|194172857:2150516-2153068	Streptococcus pneumoniae TIGR4 chromosome complete genome		streptococcus_oralis	GCF_016028255.1
data/unzipped_genomes/streptococcus_oralis/ncbi_dataset/data/GCF_016028255.1/GCF_016028255.1_ASM1602825v1_genomic.fna	NZ_CP065707.1	463080	464471	+	gi|194172857:25916-27307	1-1392/1392	===============	0/0	100.0	91.31	victors	gi|194172857:25916-27307	Streptococcus pneumoniae TIGR4 chromosome complete genome		streptococcus_oralis	GCF_016028255.1
data/unzipped_genomes/streptococcus_oralis/ncbi_dataset/data/GCF_016028255.1/GCF_016028255.1_ASM1602825v1_genomic.fna	NZ_CP065707.1	478296	482021	+	gi|194396645:44071-47796	1-3726/3726	===============	0/0	100.0	89.59	victors	gi|194396645:44071-47796	Streptococcus pneumoniae G54 chromosome complete genome		streptococcus_oralis	GCF_016028255.1
data/unzipped_genomes/streptococcus_oralis/ncbi_dataset/data/GCF_016028255.1/GCF_016028255.1_ASM1602825v1_genomic.fna	NZ_CP065707.1	484793	485314	+	gi|116515308:52811-53356	1-522/546	===============	0/0	95.6	91.0	victors	gi|116515308:52811-53356	Streptococcus pneumoniae D39 complete genome		streptococcus_oralis	GCF_016028255.1
data/unzipped_genomes/streptococcus_oralis/ncbi_dataset/data/GCF_016028255.1/GCF_016028255.1_ASM1602825v1_genomic.fna	NZ_CP065707.1	485540	487086	+	gi|194172857:53070-54617	2-1548/1548	===============	0/0	99.94	89.01	victors	gi|194172857:53070-54617	Streptococcus pneumoniae TIGR4 chromosome complete genome		streptococcus_oralis	GCF_016028255.1
data/unzipped_genomes/streptococcus_oralis/ncbi_dataset/data/GCF_016028255.1/GCF_016028255.1_ASM1602825v1_genomic.fna	NZ_CP065707.1	495775	497054	+	gi|116515308:59174-60472	20-1299/1299	===============	0/0	98.54	91.33	victors	gi|116515308:59174-60472	Streptococcus pneumoniae D39 complete genome		streptococcus_oralis	GCF_016028255.1
data/unzipped_genomes/streptococcus_oralis/ncbi_dataset/data/GCF_016028255.1/GCF_016028255.1_ASM1602825v1_genomic.fna	NZ_CP065707.1	497472	500688	+	gi|194172857:59623-63561	187-3403/3939	========/=====.	5/12	81.52	82.59	victors	gi|194172857:59623-63561	Streptococcus pneumoniae TIGR4 chromosome complete genome		streptococcus_oralis	GCF_016028255.1
data/unzipped_genomes/streptococcus_oralis/ncbi_dataset/data/GCF_016028255.1/GCF_016028255.1_ASM1602825v1_genomic.fna	NZ_CP065707.1	505616	506429	+	gi|194172857:68134-68949	1-814/816	===============	0/0	99.75	94.59	victors	gi|194172857:68134-68949	Streptococcus pneumoniae TIGR4 chromosome complete genome		streptococcus_oralis	GCF_016028255.1
data/unzipped_genomes/streptococcus_oralis/ncbi_dataset/data/GCF_016028255.1/GCF_016028255.1_ASM1602825v1_genomic.fna	NZ_CP065707.1	595714	596982	-	gi|194172857:2020749-2022020	1-1272/1272	========/======	3/5	99.69	85.94	victors	gi|194172857:2020749-2022020	Streptococcus pneumoniae TIGR4 chromosome complete genome		streptococcus_oralis	GCF_016028255.1
data/unzipped_genomes/streptococcus_oralis/ncbi_dataset/data/GCF_016028255.1/GCF_016028255.1_ASM1602825v1_genomic.fna	NZ_CP065707.1	602598	604650	-	gi|194172857:2010641-2012704	12-2064/2064	===============	0/0	99.47	94.4	victors	gi|194172857:2010641-2012704	Streptococcus pneumoniae TIGR4 chromosome complete genome		streptococcus_oralis	GCF_016028255.1
data/unzipped_genomes/streptococcus_oralis/ncbi_dataset/data/GCF_016028255.1/GCF_016028255.1_ASM1602825v1_genomic.fna	NZ_CP065707.1	611578	612117	-	gi|194172857:2003047-2003586	1-540/540	===============	0/0	100.0	85.19	victors	gi|194172857:2003047-2003586	Streptococcus pneumoniae TIGR4 chromosome complete genome		streptococcus_oralis	GCF_016028255.1
data/unzipped_genomes/streptococcus_oralis/ncbi_dataset/data/GCF_016028255.1/GCF_016028255.1_ASM1602825v1_genomic.fna	NZ_CP065707.1	650620	651490	-	gi|194172857:1952670-1953542	1-871/873	========/======	2/6	99.43	86.04	victors	gi|194172857:1952670-1953542	Streptococcus pneumoniae TIGR4 chromosome complete genome		streptococcus_oralis	GCF_016028255.1
data/unzipped_genomes/streptococcus_oralis/ncbi_dataset/data/GCF_016028255.1/GCF_016028255.1_ASM1602825v1_genomic.fna	NZ_CP065707.1	658584	659097	-	gi|194172857:1944881-1945504	70-583/624	.==============	0/0	82.37	81.91	victors	gi|194172857:1944881-1945504	Streptococcus pneumoniae TIGR4 chromosome complete genome		streptococcus_oralis	GCF_016028255.1
data/unzipped_genomes/streptococcus_oralis/ncbi_dataset/data/GCF_016028255.1/GCF_016028255.1_ASM1602825v1_genomic.fna	NZ_CP065707.1	679642	682680	+	gi|194172857:242845-246687	419-3457/3843	.=======/=====.	2/2	79.05	84.14	victors	gi|194172857:242845-246687	Streptococcus pneumoniae TIGR4 chromosome complete genome		streptococcus_oralis	GCF_016028255.1
data/unzipped_genomes/streptococcus_oralis/ncbi_dataset/data/GCF_016028255.1/GCF_016028255.1_ASM1602825v1_genomic.fna	NZ_CP065707.1	693920	695176	-	gi|194172857:1844633-1845889	1-1257/1257	========/======	4/4	99.84	80.06	victors	gi|194172857:1844633-1845889	Streptococcus pneumoniae TIGR4 chromosome complete genome		streptococcus_oralis	GCF_016028255.1
data/unzipped_genomes/streptococcus_oralis/ncbi_dataset/data/GCF_016028255.1/GCF_016028255.1_ASM1602825v1_genomic.fna	NZ_CP065707.1	697103	698472	-	gi|194172857:1841736-1843106	2-1371/1371	========/======	2/2	99.85	89.42	victors	gi|194172857:1841736-1843106	Streptococcus pneumoniae TIGR4 chromosome complete genome		streptococcus_oralis	GCF_016028255.1
data/unzipped_genomes/streptococcus_oralis/ncbi_dataset/data/GCF_016028255.1/GCF_016028255.1_ASM1602825v1_genomic.fna	NZ_CP065707.1	716515	718215	+	gi|194172857:417448-419148	1-1701/1701	===============	0/0	100.0	85.83	victors	gi|194172857:417448-419148	Streptococcus pneumoniae TIGR4 chromosome complete genome		streptococcus_oralis	GCF_016028255.1
data/unzipped_genomes/streptococcus_oralis/ncbi_dataset/data/GCF_016028255.1/GCF_016028255.1_ASM1602825v1_genomic.fna	NZ_CP065707.1	726872	727717	+	gi|116515308:417194-418039	1-846/846	========/======	2/8	99.53	82.82	victors	gi|116515308:417194-418039	Streptococcus pneumoniae D39 complete genome		streptococcus_oralis	GCF_016028255.1
data/unzipped_genomes/streptococcus_oralis/ncbi_dataset/data/GCF_016028255.1/GCF_016028255.1_ASM1602825v1_genomic.fna	NZ_CP065707.1	731758	733863	+	gi|194172857:310722-312827	1-2106/2106	===============	0/0	100.0	90.88	victors	gi|194172857:310722-312827	Streptococcus pneumoniae TIGR4 chromosome complete genome		streptococcus_oralis	GCF_016028255.1
data/unzipped_genomes/streptococcus_oralis/ncbi_dataset/data/GCF_016028255.1/GCF_016028255.1_ASM1602825v1_genomic.fna	NZ_CP065707.1	733921	734403	+	gi|116515308:308501-308983	1-483/483	===============	0/0	100.0	91.72	victors	gi|116515308:308501-308983	Streptococcus pneumoniae D39 complete genome		streptococcus_oralis	GCF_016028255.1
data/unzipped_genomes/streptococcus_oralis/ncbi_dataset/data/GCF_016028255.1/GCF_016028255.1_ASM1602825v1_genomic.fna	NZ_CP065707.1	747878	748609	+	gi|194396645:305221-305952	1-732/732	========/======	2/2	99.86	81.58	victors	gi|194396645:305221-305952	Streptococcus pneumoniae G54 chromosome complete genome		streptococcus_oralis	GCF_016028255.1
data/unzipped_genomes/streptococcus_oralis/ncbi_dataset/data/GCF_016028255.1/GCF_016028255.1_ASM1602825v1_genomic.fna	NZ_CP065707.1	787566	788255	+	gi|194396645:336110-336799	1-690/690	===============	0/0	100.0	85.51	victors	gi|194396645:336110-336799	Streptococcus pneumoniae G54 chromosome complete genome		streptococcus_oralis	GCF_016028255.1
data/unzipped_genomes/streptococcus_oralis/ncbi_dataset/data/GCF_016028255.1/GCF_016028255.1_ASM1602825v1_genomic.fna	NZ_CP065707.1	793409	794107	+	gi|194172857:365195-365893	1-699/699	===============	0/0	100.0	84.55	victors	gi|194172857:365195-365893	Streptococcus pneumoniae TIGR4 chromosome complete genome		streptococcus_oralis	GCF_016028255.1
data/unzipped_genomes/streptococcus_oralis/ncbi_dataset/data/GCF_016028255.1/GCF_016028255.1_ASM1602825v1_genomic.fna	NZ_CP065707.1	894011	894877	+	gi|194172857:556411-557277	1-867/867	===============	0/0	100.0	89.27	victors	gi|194172857:556411-557277	Streptococcus pneumoniae TIGR4 chromosome complete genome		streptococcus_oralis	GCF_016028255.1
data/unzipped_genomes/streptococcus_oralis/ncbi_dataset/data/GCF_016028255.1/GCF_016028255.1_ASM1602825v1_genomic.fna	NZ_CP065707.1	902358	903487	-	gi|194172857:1485134-1486264	2-1131/1131	===============	0/0	99.91	93.36	victors	gi|194172857:1485134-1486264	Streptococcus pneumoniae TIGR4 chromosome complete genome		streptococcus_oralis	GCF_016028255.1
data/unzipped_genomes/streptococcus_oralis/ncbi_dataset/data/GCF_016028255.1/GCF_016028255.1_ASM1602825v1_genomic.fna	NZ_CP065707.1	903632	905846	-	gi|194172857:1541750-1543972	3-2223/2223	========/======	1/6	99.64	85.46	victors	gi|194172857:1541750-1543972	Streptococcus pneumoniae TIGR4 chromosome complete genome		streptococcus_oralis	GCF_016028255.1
data/unzipped_genomes/streptococcus_oralis/ncbi_dataset/data/GCF_016028255.1/GCF_016028255.1_ASM1602825v1_genomic.fna	NZ_CP065707.1	908208	909140	-	gi|15902044:1470685-1471614	1-930/930	========/======	3/9	99.68	88.46	victors	gi|15902044:1470685-1471614	Streptococcus pneumoniae R6 complete genome		streptococcus_oralis	GCF_016028255.1
data/unzipped_genomes/streptococcus_oralis/ncbi_dataset/data/GCF_016028255.1/GCF_016028255.1_ASM1602825v1_genomic.fna	NZ_CP065707.1	909181	910015	-	gi|116515308:1477336-1478184	1-835/849	===============	0/0	98.35	83.83	victors	gi|116515308:1477336-1478184	Streptococcus pneumoniae D39 complete genome		streptococcus_oralis	GCF_016028255.1
data/unzipped_genomes/streptococcus_oralis/ncbi_dataset/data/GCF_016028255.1/GCF_016028255.1_ASM1602825v1_genomic.fna	NZ_CP065707.1	910012	910734	-	gi|116515308:1476617-1477339	1-723/723	===============	0/0	100.0	82.57	victors	gi|116515308:1476617-1477339	Streptococcus pneumoniae D39 complete genome		streptococcus_oralis	GCF_016028255.1
data/unzipped_genomes/streptococcus_oralis/ncbi_dataset/data/GCF_016028255.1/GCF_016028255.1_ASM1602825v1_genomic.fna	NZ_CP065707.1	912845	913474	-	gi|194172857:1544931-1545560	1-630/630	===============	0/0	100.0	85.08	victors	gi|194172857:1544931-1545560	Streptococcus pneumoniae TIGR4 chromosome complete genome		streptococcus_oralis	GCF_016028255.1
data/unzipped_genomes/streptococcus_oralis/ncbi_dataset/data/GCF_016028255.1/GCF_016028255.1_ASM1602825v1_genomic.fna	NZ_CP065707.1	916500	917177	-	gi|194172857:1533514-1534191	1-678/678	===============	0/0	100.0	86.58	victors	gi|194172857:1533514-1534191	Streptococcus pneumoniae TIGR4 chromosome complete genome		streptococcus_oralis	GCF_016028255.1
data/unzipped_genomes/streptococcus_oralis/ncbi_dataset/data/GCF_016028255.1/GCF_016028255.1_ASM1602825v1_genomic.fna	NZ_CP065707.1	924400	924746	-	gi|194172857:1535881-1536318	92-438/438	...============	0/0	79.22	81.27	victors	gi|194172857:1535881-1536318	Streptococcus pneumoniae TIGR4 chromosome complete genome		streptococcus_oralis	GCF_016028255.1
data/unzipped_genomes/streptococcus_oralis/ncbi_dataset/data/GCF_016028255.1/GCF_016028255.1_ASM1602825v1_genomic.fna	NZ_CP065707.1	926908	927566	+	gi|15902044:532101-532760	2-660/660	===============	0/0	99.85	89.38	victors	gi|15902044:532101-532760	Streptococcus pneumoniae R6 complete genome		streptococcus_oralis	GCF_016028255.1
data/unzipped_genomes/streptococcus_oralis/ncbi_dataset/data/GCF_016028255.1/GCF_016028255.1_ASM1602825v1_genomic.fna	NZ_CP065707.1	927576	928253	+	gi|15902044:532770-533447	1-678/678	===============	0/0	100.0	92.33	victors	gi|15902044:532770-533447	Streptococcus pneumoniae R6 complete genome		streptococcus_oralis	GCF_016028255.1
data/unzipped_genomes/streptococcus_oralis/ncbi_dataset/data/GCF_016028255.1/GCF_016028255.1_ASM1602825v1_genomic.fna	NZ_CP065707.1	934133	934901	+	gi|194172857:581578-582357	1-769/780	===============	0/0	98.59	82.31	victors	gi|194172857:581578-582357	Streptococcus pneumoniae TIGR4 chromosome complete genome		streptococcus_oralis	GCF_016028255.1
data/unzipped_genomes/streptococcus_oralis/ncbi_dataset/data/GCF_016028255.1/GCF_016028255.1_ASM1602825v1_genomic.fna	NZ_CP065707.1	943652	944257	+	gi|194172857:589566-590171	1-606/606	===============	0/0	100.0	89.11	victors	gi|194172857:589566-590171	Streptococcus pneumoniae TIGR4 chromosome complete genome		streptococcus_oralis	GCF_016028255.1
data/unzipped_genomes/streptococcus_oralis/ncbi_dataset/data/GCF_016028255.1/GCF_016028255.1_ASM1602825v1_genomic.fna	NZ_CP065707.1	965697	966779	-	gi|194172857:1496623-1497705	1-1083/1083	===============	0/0	100.0	93.63	victors	gi|194172857:1496623-1497705	Streptococcus pneumoniae TIGR4 chromosome complete genome		streptococcus_oralis	GCF_016028255.1
data/unzipped_genomes/streptococcus_oralis/ncbi_dataset/data/GCF_016028255.1/GCF_016028255.1_ASM1602825v1_genomic.fna	NZ_CP065707.1	974211	974999	-	gi|116515308:1430266-1431054	1-789/789	===============	0/0	100.0	85.04	victors	gi|116515308:1430266-1431054	Streptococcus pneumoniae D39 complete genome		streptococcus_oralis	GCF_016028255.1
data/unzipped_genomes/streptococcus_oralis/ncbi_dataset/data/GCF_016028255.1/GCF_016028255.1_ASM1602825v1_genomic.fna	NZ_CP065707.1	977297	977925	+	gi|194172857:567091-567738	1-629/648	===============	0/0	97.07	94.12	victors	gi|194172857:567091-567738	Streptococcus pneumoniae TIGR4 chromosome complete genome		streptococcus_oralis	GCF_016028255.1
data/unzipped_genomes/streptococcus_oralis/ncbi_dataset/data/GCF_016028255.1/GCF_016028255.1_ASM1602825v1_genomic.fna	NZ_CP065707.1	981859	982725	-	gi|15674250:1567023-1567904	16-882/882	========/======	2/2	98.19	86.41	victors	gi|15674250:1567023-1567904	Streptococcus pyogenes M1 GAS chromosome complete genome		streptococcus_oralis	GCF_016028255.1
data/unzipped_genomes/streptococcus_oralis/ncbi_dataset/data/GCF_016028255.1/GCF_016028255.1_ASM1602825v1_genomic.fna	NZ_CP065707.1	989536	995988	+	gi|194172857:603894-610316	1-6423/6423	========/======	14/60	99.77	91.64	victors	gi|194172857:603894-610316	Streptococcus pneumoniae TIGR4 chromosome complete genome		streptococcus_oralis	GCF_016028255.1
data/unzipped_genomes/streptococcus_oralis/ncbi_dataset/data/GCF_016028255.1/GCF_016028255.1_ASM1602825v1_genomic.fna	NZ_CP065707.1	1006292	1006873	-	gi|194172857:1755276-1755857	1-582/582	===============	0/0	100.0	94.67	victors	gi|194172857:1755276-1755857	Streptococcus pneumoniae TIGR4 chromosome complete genome		streptococcus_oralis	GCF_016028255.1
data/unzipped_genomes/streptococcus_oralis/ncbi_dataset/data/GCF_016028255.1/GCF_016028255.1_ASM1602825v1_genomic.fna	NZ_CP065707.1	1017180	1018541	-	gi|194172857:1729329-1730690	1-1362/1362	===============	0/0	100.0	92.36	victors	gi|194172857:1729329-1730690	Streptococcus pneumoniae TIGR4 chromosome complete genome		streptococcus_oralis	GCF_016028255.1
data/unzipped_genomes/streptococcus_oralis/ncbi_dataset/data/GCF_016028255.1/GCF_016028255.1_ASM1602825v1_genomic.fna	NZ_CP065707.1	1018538	1019104	-	gi|194172857:1728766-1729332	1-567/567	===============	0/0	100.0	93.47	victors	gi|194172857:1728766-1729332	Streptococcus pneumoniae TIGR4 chromosome complete genome		streptococcus_oralis	GCF_016028255.1
data/unzipped_genomes/streptococcus_oralis/ncbi_dataset/data/GCF_016028255.1/GCF_016028255.1_ASM1602825v1_genomic.fna	NZ_CP065707.1	1019115	1020119	-	gi|194172857:1727751-1728755	1-1005/1005	===============	0/0	100.0	93.83	victors	gi|194172857:1727751-1728755	Streptococcus pneumoniae TIGR4 chromosome complete genome		streptococcus_oralis	GCF_016028255.1
data/unzipped_genomes/streptococcus_oralis/ncbi_dataset/data/GCF_016028255.1/GCF_016028255.1_ASM1602825v1_genomic.fna	NZ_CP065707.1	1036209	1038003	-	gi|194172857:1697767-1699563	3-1797/1797	===============	0/0	99.89	90.7	victors	gi|194172857:1697767-1699563	Streptococcus pneumoniae TIGR4 chromosome complete genome		streptococcus_oralis	GCF_016028255.1
data/unzipped_genomes/streptococcus_oralis/ncbi_dataset/data/GCF_016028255.1/GCF_016028255.1_ASM1602825v1_genomic.fna	NZ_CP065707.1	1070853	1071536	+	gi|15902044:726846-727535	7-690/690	========/======	2/2	98.99	82.04	victors	gi|15902044:726846-727535	Streptococcus pneumoniae R6 complete genome		streptococcus_oralis	GCF_016028255.1
data/unzipped_genomes/streptococcus_oralis/ncbi_dataset/data/GCF_016028255.1/GCF_016028255.1_ASM1602825v1_genomic.fna	NZ_CP065707.1	1113439	1114816	-	gi|116515308:1316925-1318304	3-1380/1380	===============	0/0	99.86	89.26	victors	gi|116515308:1316925-1318304	Streptococcus pneumoniae D39 complete genome		streptococcus_oralis	GCF_016028255.1
data/unzipped_genomes/streptococcus_oralis/ncbi_dataset/data/GCF_016028255.1/GCF_016028255.1_ASM1602825v1_genomic.fna	NZ_CP065707.1	1130188	1132140	+	gi|194172857:824351-826303	1-1953/1953	===============	0/0	100.0	93.19	victors	gi|194172857:824351-826303	Streptococcus pneumoniae TIGR4 chromosome complete genome		streptococcus_oralis	GCF_016028255.1
data/unzipped_genomes/streptococcus_oralis/ncbi_dataset/data/GCF_016028255.1/GCF_016028255.1_ASM1602825v1_genomic.fna	NZ_CP065707.1	1145125	1146444	-	gi|194172857:1220465-1221784	1-1320/1320	===============	0/0	100.0	91.89	victors	gi|194172857:1220465-1221784	Streptococcus pneumoniae TIGR4 chromosome complete genome		streptococcus_oralis	GCF_016028255.1
data/unzipped_genomes/streptococcus_oralis/ncbi_dataset/data/GCF_016028255.1/GCF_016028255.1_ASM1602825v1_genomic.fna	NZ_CP065707.1	1146791	1147504	-	gi|194172857:1219485-1220198	1-714/714	===============	0/0	100.0	88.94	victors	gi|194172857:1219485-1220198	Streptococcus pneumoniae TIGR4 chromosome complete genome		streptococcus_oralis	GCF_016028255.1
data/unzipped_genomes/streptococcus_oralis/ncbi_dataset/data/GCF_016028255.1/GCF_016028255.1_ASM1602825v1_genomic.fna	NZ_CP065707.1	1150996	1151372	-	gi|194172857:1215723-1216088	1-366/366	========/======	2/13	99.73	83.6	victors	gi|194172857:1215723-1216088	Streptococcus pneumoniae TIGR4 chromosome complete genome		streptococcus_oralis	GCF_016028255.1
data/unzipped_genomes/streptococcus_oralis/ncbi_dataset/data/GCF_016028255.1/GCF_016028255.1_ASM1602825v1_genomic.fna	NZ_CP065707.1	1152880	1153394	-	gi|194172857:1213698-1214219	3-517/522	===============	0/0	98.66	85.05	victors	gi|194172857:1213698-1214219	Streptococcus pneumoniae TIGR4 chromosome complete genome		streptococcus_oralis	GCF_016028255.1
data/unzipped_genomes/streptococcus_oralis/ncbi_dataset/data/GCF_016028255.1/GCF_016028255.1_ASM1602825v1_genomic.fna	NZ_CP065707.1	1183307	1184389	-	gi|194172857:1395292-1396374	1-1083/1083	===============	0/0	100.0	91.04	victors	gi|194172857:1395292-1396374	Streptococcus pneumoniae TIGR4 chromosome complete genome		streptococcus_oralis	GCF_016028255.1
data/unzipped_genomes/streptococcus_oralis/ncbi_dataset/data/GCF_016028255.1/GCF_016028255.1_ASM1602825v1_genomic.fna	NZ_CP065707.1	1187608	1188516	+	gi|194172857:879941-880849	1-909/909	===============	0/0	100.0	89.88	victors	gi|194172857:879941-880849	Streptococcus pneumoniae TIGR4 chromosome complete genome		streptococcus_oralis	GCF_016028255.1
data/unzipped_genomes/streptococcus_oralis/ncbi_dataset/data/GCF_016028255.1/GCF_016028255.1_ASM1602825v1_genomic.fna	NZ_CP065707.1	1197184	1198554	+	gi|194172857:892923-894293	1-1371/1371	===============	0/0	100.0	91.17	victors	gi|194172857:892923-894293	Streptococcus pneumoniae TIGR4 chromosome complete genome		streptococcus_oralis	GCF_016028255.1
data/unzipped_genomes/streptococcus_oralis/ncbi_dataset/data/GCF_016028255.1/GCF_016028255.1_ASM1602825v1_genomic.fna	NZ_CP065707.1	1216661	1219186	+	gi|194172857:749306-751852	1-2526/2547	===============	0/0	99.18	89.83	victors	gi|194172857:749306-751852	Streptococcus pneumoniae TIGR4 chromosome complete genome		streptococcus_oralis	GCF_016028255.1
data/unzipped_genomes/streptococcus_oralis/ncbi_dataset/data/GCF_016028255.1/GCF_016028255.1_ASM1602825v1_genomic.fna	NZ_CP065707.1	1219256	1219991	+	gi|116515308:714756-715496	6-741/741	===============	0/0	99.33	87.09	victors	gi|116515308:714756-715496	Streptococcus pneumoniae D39 complete genome		streptococcus_oralis	GCF_016028255.1
data/unzipped_genomes/streptococcus_oralis/ncbi_dataset/data/GCF_016028255.1/GCF_016028255.1_ASM1602825v1_genomic.fna	NZ_CP065707.1	1225670	1226880	+	gi|194172857:778425-779636	2-1212/1212	===============	0/0	99.92	92.49	victors	gi|194172857:778425-779636	Streptococcus pneumoniae TIGR4 chromosome complete genome		streptococcus_oralis	GCF_016028255.1
data/unzipped_genomes/streptococcus_oralis/ncbi_dataset/data/GCF_016028255.1/GCF_016028255.1_ASM1602825v1_genomic.fna	NZ_CP065707.1	1230680	1232335	+	gi|194172857:913088-914743	1-1656/1656	===============	0/0	100.0	89.19	victors	gi|194172857:913088-914743	Streptococcus pneumoniae TIGR4 chromosome complete genome		streptococcus_oralis	GCF_016028255.1
data/unzipped_genomes/streptococcus_oralis/ncbi_dataset/data/GCF_016028255.1/GCF_016028255.1_ASM1602825v1_genomic.fna	NZ_CP065707.1	1243553	1245354	+	gi|194172857:924530-926332	2-1803/1803	===============	0/0	99.94	87.74	victors	gi|194172857:924530-926332	Streptococcus pneumoniae TIGR4 chromosome complete genome		streptococcus_oralis	GCF_016028255.1
data/unzipped_genomes/streptococcus_oralis/ncbi_dataset/data/GCF_016028255.1/GCF_016028255.1_ASM1602825v1_genomic.fna	NZ_CP065707.1	1280154	1280891	+	gi|194172857:631654-632391	1-738/738	===============	0/0	100.0	92.55	victors	gi|194172857:631654-632391	Streptococcus pneumoniae TIGR4 chromosome complete genome		streptococcus_oralis	GCF_016028255.1
data/unzipped_genomes/streptococcus_oralis/ncbi_dataset/data/GCF_016028255.1/GCF_016028255.1_ASM1602825v1_genomic.fna	NZ_CP065707.1	1282706	1283235	+	gi|194172857:634195-634758	17-546/564	========/======	3/8	93.26	81.46	victors	gi|194172857:634195-634758	Streptococcus pneumoniae TIGR4 chromosome complete genome		streptococcus_oralis	GCF_016028255.1
data/unzipped_genomes/streptococcus_oralis/ncbi_dataset/data/GCF_016028255.1/GCF_016028255.1_ASM1602825v1_genomic.fna	NZ_CP065707.1	1312078	1312768	-	gi|15902044:1337590-1338288	1-691/699	===============	0/0	98.86	88.86	victors	gi|15902044:1337590-1338288	Streptococcus pneumoniae R6 complete genome		streptococcus_oralis	GCF_016028255.1
data/unzipped_genomes/streptococcus_oralis/ncbi_dataset/data/GCF_016028255.1/GCF_016028255.1_ASM1602825v1_genomic.fna	NZ_CP065707.1	1359832	1360519	+	gi|194172857:1025575-1026264	3-690/690	===============	0/0	99.71	82.99	victors	gi|194172857:1025575-1026264	Streptococcus pneumoniae TIGR4 chromosome complete genome		streptococcus_oralis	GCF_016028255.1
data/unzipped_genomes/streptococcus_oralis/ncbi_dataset/data/GCF_016028255.1/GCF_016028255.1_ASM1602825v1_genomic.fna	NZ_CP065707.1	1377909	1378765	+	gi|194172857:1044703-1045566	2-858/864	========/======	3/4	98.96	81.96	victors	gi|194172857:1044703-1045566	Streptococcus pneumoniae TIGR4 chromosome complete genome		streptococcus_oralis	GCF_016028255.1
data/unzipped_genomes/streptococcus_oralis/ncbi_dataset/data/GCF_016028255.1/GCF_016028255.1_ASM1602825v1_genomic.fna	NZ_CP065707.1	1386415	1388342	+	gi|194172857:1053718-1055646	2-1929/1929	===============	0/0	99.95	82.83	victors	gi|194172857:1053718-1055646	Streptococcus pneumoniae TIGR4 chromosome complete genome		streptococcus_oralis	GCF_016028255.1
data/unzipped_genomes/streptococcus_oralis/ncbi_dataset/data/GCF_016028255.1/GCF_016028255.1_ASM1602825v1_genomic.fna	NZ_CP065707.1	1410922	1411386	-	gi|221230948:1049769-1050233	1-465/465	===============	0/0	100.0	92.04	victors	gi|221230948:1049769-1050233	Streptococcus pneumoniae ATCC 700669 complete genome		streptococcus_oralis	GCF_016028255.1
data/unzipped_genomes/streptococcus_oralis/ncbi_dataset/data/GCF_016028255.1/GCF_016028255.1_ASM1602825v1_genomic.fna	NZ_CP065707.1	1426383	1427161	-	gi|194172857:1091179-1091958	1-779/780	===============	0/0	99.87	86.14	victors	gi|194172857:1091179-1091958	Streptococcus pneumoniae TIGR4 chromosome complete genome		streptococcus_oralis	GCF_016028255.1
data/unzipped_genomes/streptococcus_oralis/ncbi_dataset/data/GCF_016028255.1/GCF_016028255.1_ASM1602825v1_genomic.fna	NZ_CP065707.1	1428819	1429980	-	gi|194172857:1082493-1083671	3-1164/1179	========/======	2/2	98.47	85.38	victors	gi|194172857:1082493-1083671	Streptococcus pneumoniae TIGR4 chromosome complete genome		streptococcus_oralis	GCF_016028255.1
data/unzipped_genomes/streptococcus_oralis/ncbi_dataset/data/GCF_016028255.1/GCF_016028255.1_ASM1602825v1_genomic.fna	NZ_CP065707.1	1448641	1450100	-	gi|194172857:869868-871343	2-1461/1476	========/======	2/2	98.85	89.19	victors	gi|194172857:869868-871343	Streptococcus pneumoniae TIGR4 chromosome complete genome		streptococcus_oralis	GCF_016028255.1
data/unzipped_genomes/streptococcus_oralis/ncbi_dataset/data/GCF_016028255.1/GCF_016028255.1_ASM1602825v1_genomic.fna	NZ_CP065707.1	1468451	1469779	-	gi|194172857:970424-972055	2-1330/1632	=============..	0/0	81.43	89.77	victors	gi|194172857:970424-972055	Streptococcus pneumoniae TIGR4 chromosome complete genome		streptococcus_oralis	GCF_016028255.1
data/unzipped_genomes/streptococcus_oralis/ncbi_dataset/data/GCF_016028255.1/GCF_016028255.1_ASM1602825v1_genomic.fna	NZ_CP065707.1	1473813	1474244	-	gi|194172857:965957-966388	1-432/432	===============	0/0	100.0	89.35	victors	gi|194172857:965957-966388	Streptococcus pneumoniae TIGR4 chromosome complete genome		streptococcus_oralis	GCF_016028255.1
data/unzipped_genomes/streptococcus_oralis/ncbi_dataset/data/GCF_016028255.1/GCF_016028255.1_ASM1602825v1_genomic.fna	NZ_CP065707.1	1476774	1477334	-	gi|194172857:962373-962972	1-561/600	===============	0/0	93.5	89.84	victors	gi|194172857:962373-962972	Streptococcus pneumoniae TIGR4 chromosome complete genome		streptococcus_oralis	GCF_016028255.1
data/unzipped_genomes/streptococcus_oralis/ncbi_dataset/data/GCF_016028255.1/GCF_016028255.1_ASM1602825v1_genomic.fna	NZ_CP065707.1	1508942	1509367	+	gi|194172857:1129404-1129829	1-426/426	===============	0/0	100.0	94.84	victors	gi|194172857:1129404-1129829	Streptococcus pneumoniae TIGR4 chromosome complete genome		streptococcus_oralis	GCF_016028255.1
data/unzipped_genomes/streptococcus_oralis/ncbi_dataset/data/GCF_016028255.1/GCF_016028255.1_ASM1602825v1_genomic.fna	NZ_CP065707.1	1512524	1513021	-	gi|194172857:612683-613180	1-498/498	===============	0/0	100.0	91.57	victors	gi|194172857:612683-613180	Streptococcus pneumoniae TIGR4 chromosome complete genome		streptococcus_oralis	GCF_016028255.1
data/unzipped_genomes/streptococcus_oralis/ncbi_dataset/data/GCF_016028255.1/GCF_016028255.1_ASM1602825v1_genomic.fna	NZ_CP065707.1	1541644	1544919	-	gi|194172857:840199-843474	1-3276/3276	========/======	2/2	99.97	85.84	victors	gi|194172857:840199-843474	Streptococcus pneumoniae TIGR4 chromosome complete genome		streptococcus_oralis	GCF_016028255.1
data/unzipped_genomes/streptococcus_oralis/ncbi_dataset/data/GCF_016028255.1/GCF_016028255.1_ASM1602825v1_genomic.fna	NZ_CP065707.1	1548616	1550109	-	gi|194172857:835074-836567	1-1494/1494	===============	0/0	100.0	89.29	victors	gi|194172857:835074-836567	Streptococcus pneumoniae TIGR4 chromosome complete genome		streptococcus_oralis	GCF_016028255.1
data/unzipped_genomes/streptococcus_oralis/ncbi_dataset/data/GCF_016028255.1/GCF_016028255.1_ASM1602825v1_genomic.fna	NZ_CP065707.1	1574111	1575777	+	gi|194172857:1135215-1136882	2-1668/1668	===============	0/0	99.94	86.2	victors	gi|194172857:1135215-1136882	Streptococcus pneumoniae TIGR4 chromosome complete genome		streptococcus_oralis	GCF_016028255.1
data/unzipped_genomes/streptococcus_oralis/ncbi_dataset/data/GCF_016028255.1/GCF_016028255.1_ASM1602825v1_genomic.fna	NZ_CP065707.1	1607345	1608366	-	gi|194172857:803302-804324	2-1023/1023	===============	0/0	99.9	88.55	victors	gi|194172857:803302-804324	Streptococcus pneumoniae TIGR4 chromosome complete genome		streptococcus_oralis	GCF_016028255.1
data/unzipped_genomes/streptococcus_oralis/ncbi_dataset/data/GCF_016028255.1/GCF_016028255.1_ASM1602825v1_genomic.fna	NZ_CP065707.1	1624083	1625360	-	gi|194172857:788996-790273	1-1278/1278	===============	0/0	100.0	86.31	victors	gi|194172857:788996-790273	Streptococcus pneumoniae TIGR4 chromosome complete genome		streptococcus_oralis	GCF_016028255.1
data/unzipped_genomes/streptococcus_oralis/ncbi_dataset/data/GCF_016028255.1/GCF_016028255.1_ASM1602825v1_genomic.fna	NZ_CP065707.1	1640119	1640281	-	gi|194172857:731418-731627	1-163/210	============...	0/0	77.62	80.37	victors	gi|194172857:731418-731627	Streptococcus pneumoniae TIGR4 chromosome complete genome		streptococcus_oralis	GCF_016028255.1
data/unzipped_genomes/streptococcus_oralis/ncbi_dataset/data/GCF_016028255.1/GCF_016028255.1_ASM1602825v1_genomic.fna	NZ_CP065707.1	1648648	1649175	-	gi|194172857:726140-726652	1-510/513	========/======	3/20	99.22	82.99	victors	gi|194172857:726140-726652	Streptococcus pneumoniae TIGR4 chromosome complete genome		streptococcus_oralis	GCF_016028255.1
data/unzipped_genomes/streptococcus_oralis/ncbi_dataset/data/GCF_016028255.1/GCF_016028255.1_ASM1602825v1_genomic.fna	NZ_CP065707.1	1649331	1649936	-	gi|182682970:712398-713003	1-606/606	===============	0/0	100.0	93.07	victors	gi|182682970:712398-713003	Streptococcus pneumoniae CGSP14 complete genome		streptococcus_oralis	GCF_016028255.1
data/unzipped_genomes/streptococcus_oralis/ncbi_dataset/data/GCF_016028255.1/GCF_016028255.1_ASM1602825v1_genomic.fna	NZ_CP065707.1	1686442	1687119	+	gi|194172857:1299715-1300392	1-678/678	===============	0/0	100.0	80.38	victors	gi|194172857:1299715-1300392	Streptococcus pneumoniae TIGR4 chromosome complete genome		streptococcus_oralis	GCF_016028255.1
data/unzipped_genomes/streptococcus_oralis/ncbi_dataset/data/GCF_016028255.1/GCF_016028255.1_ASM1602825v1_genomic.fna	NZ_CP065707.1	1687116	1688286	+	gi|194172857:1300389-1301561	1-1171/1173	========/======	2/2	99.74	82.77	victors	gi|194172857:1300389-1301561	Streptococcus pneumoniae TIGR4 chromosome complete genome		streptococcus_oralis	GCF_016028255.1
data/unzipped_genomes/streptococcus_oralis/ncbi_dataset/data/GCF_016028255.1/GCF_016028255.1_ASM1602825v1_genomic.fna	NZ_CP065707.1	1688553	1689997	+	gi|194172857:1304782-1306236	2-1446/1455	===============	0/0	99.31	86.85	victors	gi|194172857:1304782-1306236	Streptococcus pneumoniae TIGR4 chromosome complete genome		streptococcus_oralis	GCF_016028255.1
data/unzipped_genomes/streptococcus_oralis/ncbi_dataset/data/GCF_016028255.1/GCF_016028255.1_ASM1602825v1_genomic.fna	NZ_CP065707.1	1693870	1694940	+	gi|221230948:1324319-1325389	1-1071/1071	========/======	2/4	99.81	88.26	victors	gi|221230948:1324319-1325389	Streptococcus pneumoniae ATCC 700669 complete genome		streptococcus_oralis	GCF_016028255.1
data/unzipped_genomes/streptococcus_oralis/ncbi_dataset/data/GCF_016028255.1/GCF_016028255.1_ASM1602825v1_genomic.fna	NZ_CP065707.1	1703399	1704157	+	gi|194172857:1319683-1320441	1-759/759	===============	0/0	100.0	86.56	victors	gi|194172857:1319683-1320441	Streptococcus pneumoniae TIGR4 chromosome complete genome		streptococcus_oralis	GCF_016028255.1
data/unzipped_genomes/streptococcus_oralis/ncbi_dataset/data/GCF_016028255.1/GCF_016028255.1_ASM1602825v1_genomic.fna	NZ_CP065707.1	1704984	1705868	+	gi|194172857:1321268-1322152	1-885/885	===============	0/0	100.0	86.1	victors	gi|194172857:1321268-1322152	Streptococcus pneumoniae TIGR4 chromosome complete genome		streptococcus_oralis	GCF_016028255.1
data/unzipped_genomes/streptococcus_oralis/ncbi_dataset/data/GCF_016028255.1/GCF_016028255.1_ASM1602825v1_genomic.fna	NZ_CP065707.1	1705858	1706775	+	gi|194172857:1322142-1323059	1-918/918	===============	0/0	100.0	85.84	victors	gi|194172857:1322142-1323059	Streptococcus pneumoniae TIGR4 chromosome complete genome		streptococcus_oralis	GCF_016028255.1
data/unzipped_genomes/streptococcus_oralis/ncbi_dataset/data/GCF_016028255.1/GCF_016028255.1_ASM1602825v1_genomic.fna	NZ_CP065707.1	1727006	1728584	+	gi|194172857:1439696-1441285	12-1590/1590	========/======	4/6	99.12	83.31	victors	gi|194172857:1439696-1441285	Streptococcus pneumoniae TIGR4 chromosome complete genome		streptococcus_oralis	GCF_016028255.1
data/unzipped_genomes/streptococcus_oralis/ncbi_dataset/data/GCF_016028255.1/GCF_016028255.1_ASM1602825v1_genomic.fna	NZ_CP065707.1	1734175	1735573	+	gi|194172857:1446900-1448300	3-1401/1401	===============	0/0	99.86	88.49	victors	gi|194172857:1446900-1448300	Streptococcus pneumoniae TIGR4 chromosome complete genome		streptococcus_oralis	GCF_016028255.1
data/unzipped_genomes/streptococcus_oralis/ncbi_dataset/data/GCF_016028255.1/GCF_016028255.1_ASM1602825v1_genomic.fna	NZ_CP065707.1	1742720	1743248	+	gi|221230948:1461838-1462386	1-529/549	========/======	2/2	96.17	89.06	victors	gi|221230948:1461838-1462386	Streptococcus pneumoniae ATCC 700669 complete genome		streptococcus_oralis	GCF_016028255.1
data/unzipped_genomes/streptococcus_oralis/ncbi_dataset/data/GCF_016028255.1/GCF_016028255.1_ASM1602825v1_genomic.fna	NZ_CP065707.1	1845915	1846505	-	gi|194172857:706881-707471	1-591/591	===============	0/0	100.0	89.68	victors	gi|194172857:706881-707471	Streptococcus pneumoniae TIGR4 chromosome complete genome		streptococcus_oralis	GCF_016028255.1
data/unzipped_genomes/streptococcus_oralis/ncbi_dataset/data/GCF_016028255.1/GCF_016028255.1_ASM1602825v1_genomic.fna	NZ_CP065707.1	1902726	1909225	-	gi|194172857:615441-622142	1-6500/6702	========/======	6/6	96.94	86.5	victors	gi|194172857:615441-622142	Streptococcus pneumoniae TIGR4 chromosome complete genome		streptococcus_oralis	GCF_016028255.1
data/unzipped_genomes/streptococcus_oralis/ncbi_dataset/data/GCF_016028255.1/GCF_016028255.1_ASM1602825v1_genomic.fna	NZ_CP065707.1	1918986	1920689	-	gi|194172857:640561-642282	1-1704/1722	===============	0/0	98.95	86.27	victors	gi|194172857:640561-642282	Streptococcus pneumoniae TIGR4 chromosome complete genome		streptococcus_oralis	GCF_016028255.1
data/unzipped_genomes/streptococcus_oralis/ncbi_dataset/data/GCF_016028255.1/GCF_016028255.1_ASM1602825v1_genomic.fna	NZ_CP065707.1	1926928	1927470	-	gi|194172857:634195-634758	17-559/564	========/======	3/8	95.57	82.27	victors	gi|194172857:634195-634758	Streptococcus pneumoniae TIGR4 chromosome complete genome		streptococcus_oralis	GCF_016028255.1
data/unzipped_genomes/streptococcus_oralis/ncbi_dataset/data/GCF_016028255.1/GCF_016028255.1_ASM1602825v1_genomic.fna	NZ_CP065707.1	1934400	1936175	-	gi|169832377:762997-764772	1-1776/1776	===============	0/0	100.0	94.99	victors	gi|169832377:762997-764772	Streptococcus pneumoniae Hungary19A-6 complete genome		streptococcus_oralis	GCF_016028255.1
data/unzipped_genomes/streptococcus_oralis/ncbi_dataset/data/GCF_016028255.1/GCF_016028255.1_ASM1602825v1_genomic.fna	NZ_CP065707.1	1936389	1938370	-	gi|194172857:692672-694654	2-1983/1983	========/======	2/2	99.9	90.27	victors	gi|194172857:692672-694654	Streptococcus pneumoniae TIGR4 chromosome complete genome		streptococcus_oralis	GCF_016028255.1
data/unzipped_genomes/streptococcus_oralis/ncbi_dataset/data/GCF_016028255.1/GCF_016028255.1_ASM1602825v1_genomic.fna	NZ_CP065707.1	1938642	1939013	-	gi|194172857:692030-692401	1-372/372	===============	0/0	100.0	90.59	victors	gi|194172857:692030-692401	Streptococcus pneumoniae TIGR4 chromosome complete genome		streptococcus_oralis	GCF_016028255.1
data/unzipped_genomes/streptococcus_oralis/ncbi_dataset/data/GCF_016028255.1/GCF_016028255.1_ASM1602825v1_genomic.fna	NZ_CP065707.1	1939786	1940577	-	gi|194172857:690467-691258	1-792/792	===============	0/0	100.0	88.0	victors	gi|194172857:690467-691258	Streptococcus pneumoniae TIGR4 chromosome complete genome		streptococcus_oralis	GCF_016028255.1
data/unzipped_genomes/streptococcus_oralis/ncbi_dataset/data/GCF_016028255.1/GCF_016028255.1_ASM1602825v1_genomic.fna	NZ_CP065707.1	1943935	1945320	-	gi|194172857:685560-686945	1-1386/1386	===============	0/0	100.0	88.31	victors	gi|194172857:685560-686945	Streptococcus pneumoniae TIGR4 chromosome complete genome		streptococcus_oralis	GCF_016028255.1
data/unzipped_genomes/streptococcus_oralis/ncbi_dataset/data/GCF_016028255.1/GCF_016028255.1_ASM1602825v1_genomic.fna	NZ_CP065707.1	1945321	1945881	-	gi|194172857:684999-685559	1-561/561	===============	0/0	100.0	92.16	victors	gi|194172857:684999-685559	Streptococcus pneumoniae TIGR4 chromosome complete genome		streptococcus_oralis	GCF_016028255.1
data/unzipped_genomes/streptococcus_oralis/ncbi_dataset/data/GCF_016028255.1/GCF_016028255.1_ASM1602825v1_genomic.fna	NZ_CP065707.1	1947623	1948303	-	gi|15902044:631680-632360	1-681/681	===============	0/0	100.0	86.78	victors	gi|15902044:631680-632360	Streptococcus pneumoniae R6 complete genome		streptococcus_oralis	GCF_016028255.1
data/unzipped_genomes/streptococcus_oralis/ncbi_dataset/data/GCF_016028255.1/GCF_016028255.1_ASM1602825v1_genomic.fna	NZ_CP065707.1	1948263	1948940	-	gi|15902044:631043-631720	1-678/678	===============	0/0	100.0	88.79	victors	gi|15902044:631043-631720	Streptococcus pneumoniae R6 complete genome		streptococcus_oralis	GCF_016028255.1
data/unzipped_genomes/streptococcus_oralis/ncbi_dataset/data/GCF_016028255.1/GCF_016028255.1_ASM1602825v1_genomic.fna	NZ_CP065707.1	1960064	1961056	+	gi|194172857:1761890-1762897	1-993/1008	===============	0/0	98.51	90.43	victors	gi|194172857:1761890-1762897	Streptococcus pneumoniae TIGR4 chromosome complete genome		streptococcus_oralis	GCF_016028255.1
data/unzipped_genomes/streptococcus_oralis/ncbi_dataset/data/GCF_016028255.1/GCF_016028255.1_ASM1602825v1_genomic.fna	NZ_CP065707.1	1968758	1969486	+	gi|194172857:1768968-1769696	1-729/729	===============	0/0	100.0	91.63	victors	gi|194172857:1768968-1769696	Streptococcus pneumoniae TIGR4 chromosome complete genome		streptococcus_oralis	GCF_016028255.1
data/unzipped_genomes/streptococcus_oralis/ncbi_dataset/data/GCF_016028255.1/GCF_016028255.1_ASM1602825v1_genomic.fna	NZ_CP065707.1	1977870	1980026	+	gi|116515308:1693399-1695561	10-2163/2163	========/======	4/5	99.54	90.08	victors	gi|116515308:1693399-1695561	Streptococcus pneumoniae D39 complete genome		streptococcus_oralis	GCF_016028255.1
data/unzipped_genomes/streptococcus_oralis/ncbi_dataset/data/GCF_016028255.1/GCF_016028255.1_ASM1602825v1_genomic.fna	NZ_CP065707.1	1999613	2001214	-	gi|194172857:470730-472337	1-1602/1608	===============	0/0	99.63	92.7	victors	gi|194172857:470730-472337	Streptococcus pneumoniae TIGR4 chromosome complete genome		streptococcus_oralis	GCF_016028255.1
data/unzipped_genomes/streptococcus_sanguinis/ncbi_dataset/data/GCF_013343115.1/GCF_013343115.1_ASM1334311v1_genomic.fna	NZ_CP054570.1	17874	19352	+	gi|194172857:1716677-1718158	4-1482/1482	===============	0/0	99.8	80.73	victors	gi|194172857:1716677-1718158	Streptococcus pneumoniae TIGR4 chromosome complete genome		streptococcus_sanguinis	GCF_013343115.1
data/unzipped_genomes/streptococcus_sanguinis/ncbi_dataset/data/GCF_013343115.1/GCF_013343115.1_ASM1334311v1_genomic.fna	NZ_CP054570.1	122769	124830	-	gi|194172857:2010641-2012704	3-2064/2064	===============	0/0	99.9	80.8	victors	gi|194172857:2010641-2012704	Streptococcus pneumoniae TIGR4 chromosome complete genome		streptococcus_sanguinis	GCF_013343115.1
data/unzipped_genomes/streptococcus_sanguinis/ncbi_dataset/data/GCF_013343115.1/GCF_013343115.1_ASM1334311v1_genomic.fna	NZ_CP054570.1	173832	174698	-	gi|94993396:1598694-1599575	16-882/882	========/======	4/8	97.85	85.65	victors	gi|94993396:1598694-1599575	Streptococcus pyogenes MGAS10750 chromosome complete genome		streptococcus_sanguinis	GCF_013343115.1
data/unzipped_genomes/streptococcus_sanguinis/ncbi_dataset/data/GCF_013343115.1/GCF_013343115.1_ASM1334311v1_genomic.fna	NZ_CP054570.1	434028	434598	+	gi|116515308:668966-669556	2-572/591	===============	0/0	96.62	81.09	victors	gi|116515308:668966-669556	Streptococcus pneumoniae D39 complete genome		streptococcus_sanguinis	GCF_013343115.1
data/unzipped_genomes/streptococcus_sanguinis/ncbi_dataset/data/GCF_013343115.1/GCF_013343115.1_ASM1334311v1_genomic.fna	NZ_CP054570.1	876533	876997	+	gi|182682970:1099619-1100083	1-465/465	===============	0/0	100.0	81.08	victors	gi|182682970:1099619-1100083	Streptococcus pneumoniae CGSP14 complete genome		streptococcus_sanguinis	GCF_013343115.1
data/unzipped_genomes/streptococcus_sanguinis/ncbi_dataset/data/GCF_013343115.1/GCF_013343115.1_ASM1334311v1_genomic.fna	NZ_CP054570.1	926829	928135	+	gi|194172857:892923-894293	32-1338/1371	========/======	2/6	95.11	80.23	victors	gi|194172857:892923-894293	Streptococcus pneumoniae TIGR4 chromosome complete genome		streptococcus_sanguinis	GCF_013343115.1
data/unzipped_genomes/streptococcus_sanguinis/ncbi_dataset/data/GCF_013343115.1/GCF_013343115.1_ASM1334311v1_genomic.fna	NZ_CP054570.1	1162621	1163505	+	gi|194172857:1321268-1322152	1-885/885	========/======	2/2	99.89	80.14	victors	gi|194172857:1321268-1322152	Streptococcus pneumoniae TIGR4 chromosome complete genome		streptococcus_sanguinis	GCF_013343115.1
data/unzipped_genomes/streptococcus_sanguinis/ncbi_dataset/data/GCF_013343115.1/GCF_013343115.1_ASM1334311v1_genomic.fna	NZ_CP054570.1	1410279	1410883	-	gi|182682970:712398-713003	2-606/606	===============	0/0	99.83	81.82	victors	gi|182682970:712398-713003	Streptococcus pneumoniae CGSP14 complete genome		streptococcus_sanguinis	GCF_013343115.1
data/unzipped_genomes/streptococcus_sanguinis/ncbi_dataset/data/GCF_013343115.1/GCF_013343115.1_ASM1334311v1_genomic.fna	NZ_CP054570.1	1530565	1531533	-	gi|194172857:96869-97855	1-969/987	===============	0/0	98.18	83.08	victors	gi|194172857:96869-97855	Streptococcus pneumoniae TIGR4 chromosome complete genome		streptococcus_sanguinis	GCF_013343115.1
data/unzipped_genomes/streptococcus_sanguinis/ncbi_dataset/data/GCF_013343115.1/GCF_013343115.1_ASM1334311v1_genomic.fna	NZ_CP054570.1	1596881	1597134	+	gi|29374661:1580186-1580476	29-282/291	.==============	0/0	87.29	80.31	victors	gi|29374661:1580186-1580476	Enterococcus faecalis V583 chromosome complete genome		streptococcus_sanguinis	GCF_013343115.1
data/unzipped_genomes/streptococcus_sanguinis/ncbi_dataset/data/GCF_013343115.1/GCF_013343115.1_ASM1334311v1_genomic.fna	NZ_CP054570.1	1597225	1597471	+	gi|29374661:1580186-1580476	36-282/291	.==============	0/0	84.88	80.57	victors	gi|29374661:1580186-1580476	Enterococcus faecalis V583 chromosome complete genome		streptococcus_sanguinis	GCF_013343115.1
data/unzipped_genomes/streptococcus_sanguinis/ncbi_dataset/data/GCF_013343115.1/GCF_013343115.1_ASM1334311v1_genomic.fna	NZ_CP054570.1	1727113	1728888	-	gi|169832377:762997-764772	1-1776/1776	===============	0/0	100.0	94.59	victors	gi|169832377:762997-764772	Streptococcus pneumoniae Hungary19A-6 complete genome		streptococcus_sanguinis	GCF_013343115.1
data/unzipped_genomes/streptococcus_sanguinis/ncbi_dataset/data/GCF_013343115.1/GCF_013343115.1_ASM1334311v1_genomic.fna	NZ_CP054570.1	1804099	1805773	-	gi|194172857:125050-126729	6-1680/1680	===============	0/0	99.7	80.48	victors	gi|194172857:125050-126729	Streptococcus pneumoniae TIGR4 chromosome complete genome		streptococcus_sanguinis	GCF_013343115.1
data/unzipped_genomes/streptococcus_sanguinis/ncbi_dataset/data/GCF_013343115.1/GCF_013343115.1_ASM1334311v1_genomic.fna	NZ_CP054570.1	1809495	1810840	-	gi|116515308:456040-457386	2-1347/1347	===============	0/0	99.93	82.17	victors	gi|116515308:456040-457386	Streptococcus pneumoniae D39 complete genome		streptococcus_sanguinis	GCF_013343115.1
data/unzipped_genomes/streptococcus_sanguinis/ncbi_dataset/data/GCF_013343115.1/GCF_013343115.1_ASM1334311v1_genomic.fna	NZ_CP054570.1	1825261	1827756	-	gi|194172857:224751-227252	7-2502/2502	========/======	2/2	99.72	80.34	victors	gi|194172857:224751-227252	Streptococcus pneumoniae TIGR4 chromosome complete genome		streptococcus_sanguinis	GCF_013343115.1
data/unzipped_genomes/streptococcus_sanguinis/ncbi_dataset/data/GCF_013343115.1/GCF_013343115.1_ASM1334311v1_genomic.fna	NZ_CP054570.1	1853306	1854141	+	gi|15902044:1470685-1471614	95-930/930	.==============	0/0	89.89	80.5	victors	gi|15902044:1470685-1471614	Streptococcus pneumoniae R6 complete genome		streptococcus_sanguinis	GCF_013343115.1
data/unzipped_genomes/streptococcus_sanguinis/ncbi_dataset/data/GCF_013343115.1/GCF_013343115.1_ASM1334311v1_genomic.fna	NZ_CP054570.1	2052414	2053178	-	gi|194172857:68134-68949	1-765/816	===============	0/0	93.75	82.88	victors	gi|194172857:68134-68949	Streptococcus pneumoniae TIGR4 chromosome complete genome		streptococcus_sanguinis	GCF_013343115.1
data/unzipped_genomes/streptococcus_sanguinis/ncbi_dataset/data/GCF_013343115.1/GCF_013343115.1_ASM1334311v1_genomic.fna	NZ_CP054570.1	2061081	2062354	-	gi|116515308:59174-60472	2-1275/1299	===============	0/0	98.08	85.87	victors	gi|116515308:59174-60472	Streptococcus pneumoniae D39 complete genome		streptococcus_sanguinis	GCF_013343115.1
data/unzipped_genomes/streptococcus_sanguinis/ncbi_dataset/data/GCF_013343115.1/GCF_013343115.1_ASM1334311v1_genomic.fna	NZ_CP054570.1	2078338	2078841	-	gi|116515308:52811-53356	1-504/546	==============.	0/0	92.31	80.36	victors	gi|116515308:52811-53356	Streptococcus pneumoniae D39 complete genome		streptococcus_sanguinis	GCF_013343115.1
data/unzipped_genomes/streptococcus_sanguinis/ncbi_dataset/data/GCF_013378355.1/GCF_013378355.1_ASM1337835v1_genomic.fna	NZ_CP040798.1	55546	56820	+	gi|116515308:59174-60472	1-1275/1299	===============	0/0	98.15	82.98	victors	gi|116515308:59174-60472	Streptococcus pneumoniae D39 complete genome		streptococcus_sanguinis	GCF_013378355.1
data/unzipped_genomes/streptococcus_sanguinis/ncbi_dataset/data/GCF_013378355.1/GCF_013378355.1_ASM1337835v1_genomic.fna	NZ_CP040798.1	64706	65470	+	gi|194172857:68134-68949	1-765/816	===============	0/0	93.75	82.48	victors	gi|194172857:68134-68949	Streptococcus pneumoniae TIGR4 chromosome complete genome		streptococcus_sanguinis	GCF_013378355.1
data/unzipped_genomes/streptococcus_sanguinis/ncbi_dataset/data/GCF_013378355.1/GCF_013378355.1_ASM1337835v1_genomic.fna	NZ_CP040798.1	214370	215850	+	gi|194172857:1716677-1718158	2-1482/1482	===============	0/0	99.93	80.28	victors	gi|194172857:1716677-1718158	Streptococcus pneumoniae TIGR4 chromosome complete genome		streptococcus_sanguinis	GCF_013378355.1
data/unzipped_genomes/streptococcus_sanguinis/ncbi_dataset/data/GCF_013378355.1/GCF_013378355.1_ASM1337835v1_genomic.fna	NZ_CP040798.1	265852	268185	-	gi|194172857:491795-494128	1-2334/2334	===============	0/0	100.0	92.84	victors	gi|194172857:491795-494128	Streptococcus pneumoniae TIGR4 chromosome complete genome		streptococcus_sanguinis	GCF_013378355.1
data/unzipped_genomes/streptococcus_sanguinis/ncbi_dataset/data/GCF_013378355.1/GCF_013378355.1_ASM1337835v1_genomic.fna	NZ_CP040798.1	374215	375081	-	gi|15674250:1567023-1567904	16-882/882	===============	0/0	98.3	86.16	victors	gi|15674250:1567023-1567904	Streptococcus pyogenes M1 GAS chromosome complete genome		streptococcus_sanguinis	GCF_013378355.1
data/unzipped_genomes/streptococcus_sanguinis/ncbi_dataset/data/GCF_013378355.1/GCF_013378355.1_ASM1337835v1_genomic.fna	NZ_CP040798.1	637673	638243	+	gi|116515308:668966-669556	2-572/591	===============	0/0	96.62	80.03	victors	gi|116515308:668966-669556	Streptococcus pneumoniae D39 complete genome		streptococcus_sanguinis	GCF_013378355.1
data/unzipped_genomes/streptococcus_sanguinis/ncbi_dataset/data/GCF_013378355.1/GCF_013378355.1_ASM1337835v1_genomic.fna	NZ_CP040798.1	1083559	1084023	+	gi|182682970:1099619-1100083	1-465/465	===============	0/0	100.0	81.29	victors	gi|182682970:1099619-1100083	Streptococcus pneumoniae CGSP14 complete genome		streptococcus_sanguinis	GCF_013378355.1
data/unzipped_genomes/streptococcus_sanguinis/ncbi_dataset/data/GCF_013378355.1/GCF_013378355.1_ASM1337835v1_genomic.fna	NZ_CP040798.1	1631125	1631729	-	gi|182682970:712398-713003	2-606/606	===============	0/0	99.83	80.83	victors	gi|182682970:712398-713003	Streptococcus pneumoniae CGSP14 complete genome		streptococcus_sanguinis	GCF_013378355.1
data/unzipped_genomes/streptococcus_sanguinis/ncbi_dataset/data/GCF_013378355.1/GCF_013378355.1_ASM1337835v1_genomic.fna	NZ_CP040798.1	1755076	1756044	-	gi|194172857:96869-97855	1-969/987	===============	0/0	98.18	82.87	victors	gi|194172857:96869-97855	Streptococcus pneumoniae TIGR4 chromosome complete genome		streptococcus_sanguinis	GCF_013378355.1
data/unzipped_genomes/streptococcus_sanguinis/ncbi_dataset/data/GCF_013378355.1/GCF_013378355.1_ASM1337835v1_genomic.fna	NZ_CP040798.1	1880469	1882244	-	gi|169832377:762997-764772	1-1776/1776	===============	0/0	100.0	94.37	victors	gi|169832377:762997-764772	Streptococcus pneumoniae Hungary19A-6 complete genome		streptococcus_sanguinis	GCF_013378355.1
data/unzipped_genomes/streptococcus_sanguinis/ncbi_dataset/data/GCF_013378355.1/GCF_013378355.1_ASM1337835v1_genomic.fna	NZ_CP040798.1	1953845	1955519	-	gi|194172857:125050-126729	6-1680/1680	===============	0/0	99.7	81.02	victors	gi|194172857:125050-126729	Streptococcus pneumoniae TIGR4 chromosome complete genome		streptococcus_sanguinis	GCF_013378355.1
data/unzipped_genomes/streptococcus_sanguinis/ncbi_dataset/data/GCF_013378355.1/GCF_013378355.1_ASM1337835v1_genomic.fna	NZ_CP040798.1	1958637	1959982	-	gi|225857809:511798-513144	2-1347/1347	===============	0/0	99.93	81.58	victors	gi|225857809:511798-513144	Streptococcus pneumoniae 70585 complete genome		streptococcus_sanguinis	GCF_013378355.1
data/unzipped_genomes/streptococcus_sanguinis/ncbi_dataset/data/GCF_013378355.1/GCF_013378355.1_ASM1337835v1_genomic.fna	NZ_CP040798.1	1969349	1971844	-	gi|194172857:224751-227252	7-2502/2502	========/======	2/2	99.72	81.06	victors	gi|194172857:224751-227252	Streptococcus pneumoniae TIGR4 chromosome complete genome		streptococcus_sanguinis	GCF_013378355.1
data/unzipped_genomes/streptococcus_sanguinis/ncbi_dataset/data/GCF_050220005.1/GCF_050220005.1_x_genomic.fna	NZ_CP071413.1	50265	51538	+	gi|116515308:59174-60472	2-1275/1299	===============	0/0	98.08	83.67	victors	gi|116515308:59174-60472	Streptococcus pneumoniae D39 complete genome		streptococcus_sanguinis	GCF_050220005.1
data/unzipped_genomes/streptococcus_sanguinis/ncbi_dataset/data/GCF_050220005.1/GCF_050220005.1_x_genomic.fna	NZ_CP071413.1	59294	60058	+	gi|194172857:68134-68949	1-765/816	===============	0/0	93.75	82.48	victors	gi|194172857:68134-68949	Streptococcus pneumoniae TIGR4 chromosome complete genome		streptococcus_sanguinis	GCF_050220005.1
data/unzipped_genomes/streptococcus_sanguinis/ncbi_dataset/data/GCF_050220005.1/GCF_050220005.1_x_genomic.fna	NZ_CP071413.1	209520	210998	+	gi|194172857:1716677-1718158	4-1482/1482	========/======	4/6	99.6	80.3	victors	gi|194172857:1716677-1718158	Streptococcus pneumoniae TIGR4 chromosome complete genome		streptococcus_sanguinis	GCF_050220005.1
data/unzipped_genomes/streptococcus_sanguinis/ncbi_dataset/data/GCF_050220005.1/GCF_050220005.1_x_genomic.fna	NZ_CP071413.1	331581	333642	-	gi|194172857:2010641-2012704	3-2064/2064	===============	0/0	99.9	80.8	victors	gi|194172857:2010641-2012704	Streptococcus pneumoniae TIGR4 chromosome complete genome		streptococcus_sanguinis	GCF_050220005.1
data/unzipped_genomes/streptococcus_sanguinis/ncbi_dataset/data/GCF_050220005.1/GCF_050220005.1_x_genomic.fna	NZ_CP071413.1	380670	381536	-	gi|15674250:1567023-1567904	16-882/882	========/======	4/8	97.85	85.53	victors	gi|15674250:1567023-1567904	Streptococcus pyogenes M1 GAS chromosome complete genome		streptococcus_sanguinis	GCF_050220005.1
data/unzipped_genomes/streptococcus_sanguinis/ncbi_dataset/data/GCF_050220005.1/GCF_050220005.1_x_genomic.fna	NZ_CP071413.1	574391	575359	+	gi|194172857:96869-97855	1-969/987	===============	0/0	98.18	82.46	victors	gi|194172857:96869-97855	Streptococcus pneumoniae TIGR4 chromosome complete genome		streptococcus_sanguinis	GCF_050220005.1
data/unzipped_genomes/streptococcus_sanguinis/ncbi_dataset/data/GCF_050220005.1/GCF_050220005.1_x_genomic.fna	NZ_CP071413.1	690176	690780	+	gi|182682970:712398-713003	2-606/606	===============	0/0	99.83	81.65	victors	gi|182682970:712398-713003	Streptococcus pneumoniae CGSP14 complete genome		streptococcus_sanguinis	GCF_050220005.1
data/unzipped_genomes/streptococcus_sanguinis/ncbi_dataset/data/GCF_050220005.1/GCF_050220005.1_x_genomic.fna	NZ_CP071413.1	961310	962194	-	gi|194172857:1321268-1322152	1-885/885	===============	0/0	100.0	80.0	victors	gi|194172857:1321268-1322152	Streptococcus pneumoniae TIGR4 chromosome complete genome		streptococcus_sanguinis	GCF_050220005.1
data/unzipped_genomes/streptococcus_sanguinis/ncbi_dataset/data/GCF_050220005.1/GCF_050220005.1_x_genomic.fna	NZ_CP071413.1	1244919	1245378	+	gi|116515308:1057871-1058335	2-461/465	===============	0/0	98.92	81.74	victors	gi|116515308:1057871-1058335	Streptococcus pneumoniae D39 complete genome		streptococcus_sanguinis	GCF_050220005.1
data/unzipped_genomes/streptococcus_sanguinis/ncbi_dataset/data/GCF_050220005.1/GCF_050220005.1_x_genomic.fna	NZ_CP071413.1	1753124	1753694	-	gi|116515308:668966-669556	2-572/591	===============	0/0	96.62	81.09	victors	gi|116515308:668966-669556	Streptococcus pneumoniae D39 complete genome		streptococcus_sanguinis	GCF_050220005.1
data/unzipped_genomes/streptococcus_sanguinis/ncbi_dataset/data/GCF_050220005.1/GCF_050220005.1_x_genomic.fna	NZ_CP071413.1	2003079	2004854	-	gi|225860012:710638-712413	1-1776/1776	===============	0/0	100.0	94.54	victors	gi|225860012:710638-712413	Streptococcus pneumoniae Taiwan19F-14 complete genome		streptococcus_sanguinis	GCF_050220005.1
data/unzipped_genomes/streptococcus_sanguinis/ncbi_dataset/data/GCF_050220005.1/GCF_050220005.1_x_genomic.fna	NZ_CP071413.1	2078276	2079950	-	gi|194172857:125050-126729	6-1680/1680	===============	0/0	99.7	80.24	victors	gi|194172857:125050-126729	Streptococcus pneumoniae TIGR4 chromosome complete genome		streptococcus_sanguinis	GCF_050220005.1
data/unzipped_genomes/streptococcus_sanguinis/ncbi_dataset/data/GCF_050220005.1/GCF_050220005.1_x_genomic.fna	NZ_CP071413.1	2082278	2083623	-	gi|225857809:511798-513144	2-1347/1347	===============	0/0	99.93	82.09	victors	gi|225857809:511798-513144	Streptococcus pneumoniae 70585 complete genome		streptococcus_sanguinis	GCF_050220005.1
data/unzipped_genomes/streptococcus_sanguinis/ncbi_dataset/data/GCF_050220005.1/GCF_050220005.1_x_genomic.fna	NZ_CP071413.1	2092836	2095331	-	gi|194172857:224751-227252	7-2502/2502	========/======	2/2	99.72	80.38	victors	gi|194172857:224751-227252	Streptococcus pneumoniae TIGR4 chromosome complete genome		streptococcus_sanguinis	GCF_050220005.1
data/unzipped_genomes/streptococcus_sanguinis/ncbi_dataset/data/GCF_050220455.1/GCF_050220455.1_x_genomic.fna	NZ_CP071414.1	55754	57027	+	gi|116515308:59174-60472	2-1275/1299	===============	0/0	98.08	83.2	victors	gi|116515308:59174-60472	Streptococcus pneumoniae D39 complete genome		streptococcus_sanguinis	GCF_050220455.1
data/unzipped_genomes/streptococcus_sanguinis/ncbi_dataset/data/GCF_050220455.1/GCF_050220455.1_x_genomic.fna	NZ_CP071414.1	64930	65694	+	gi|194172857:68134-68949	1-765/816	===============	0/0	93.75	82.09	victors	gi|194172857:68134-68949	Streptococcus pneumoniae TIGR4 chromosome complete genome		streptococcus_sanguinis	GCF_050220455.1
data/unzipped_genomes/streptococcus_sanguinis/ncbi_dataset/data/GCF_050220455.1/GCF_050220455.1_x_genomic.fna	NZ_CP071414.1	220539	222017	+	gi|194172857:1716677-1718158	4-1482/1482	===============	0/0	99.8	80.66	victors	gi|194172857:1716677-1718158	Streptococcus pneumoniae TIGR4 chromosome complete genome		streptococcus_sanguinis	GCF_050220455.1
data/unzipped_genomes/streptococcus_sanguinis/ncbi_dataset/data/GCF_050220455.1/GCF_050220455.1_x_genomic.fna	NZ_CP071414.1	339532	341593	-	gi|194172857:2010641-2012704	3-2064/2064	===============	0/0	99.9	80.8	victors	gi|194172857:2010641-2012704	Streptococcus pneumoniae TIGR4 chromosome complete genome		streptococcus_sanguinis	GCF_050220455.1
data/unzipped_genomes/streptococcus_sanguinis/ncbi_dataset/data/GCF_050220455.1/GCF_050220455.1_x_genomic.fna	NZ_CP071414.1	389350	390216	-	gi|15674250:1567023-1567904	16-882/882	========/======	4/8	97.85	85.19	victors	gi|15674250:1567023-1567904	Streptococcus pyogenes M1 GAS chromosome complete genome		streptococcus_sanguinis	GCF_050220455.1
data/unzipped_genomes/streptococcus_sanguinis/ncbi_dataset/data/GCF_050220455.1/GCF_050220455.1_x_genomic.fna	NZ_CP071414.1	531414	531660	-	gi|29374661:1580186-1580476	36-282/291	.==============	0/0	84.88	80.57	victors	gi|29374661:1580186-1580476	Enterococcus faecalis V583 chromosome complete genome		streptococcus_sanguinis	GCF_050220455.1
data/unzipped_genomes/streptococcus_sanguinis/ncbi_dataset/data/GCF_050220455.1/GCF_050220455.1_x_genomic.fna	NZ_CP071414.1	591683	592651	+	gi|194172857:96869-97855	1-969/987	===============	0/0	98.18	82.04	victors	gi|194172857:96869-97855	Streptococcus pneumoniae TIGR4 chromosome complete genome		streptococcus_sanguinis	GCF_050220455.1
data/unzipped_genomes/streptococcus_sanguinis/ncbi_dataset/data/GCF_050220455.1/GCF_050220455.1_x_genomic.fna	NZ_CP071414.1	712989	713593	+	gi|182682970:712398-713003	2-606/606	===============	0/0	99.83	81.82	victors	gi|182682970:712398-713003	Streptococcus pneumoniae CGSP14 complete genome		streptococcus_sanguinis	GCF_050220455.1
data/unzipped_genomes/streptococcus_sanguinis/ncbi_dataset/data/GCF_050220455.1/GCF_050220455.1_x_genomic.fna	NZ_CP071414.1	1263283	1263742	+	gi|116515308:1057871-1058335	2-461/465	===============	0/0	98.92	81.52	victors	gi|116515308:1057871-1058335	Streptococcus pneumoniae D39 complete genome		streptococcus_sanguinis	GCF_050220455.1
data/unzipped_genomes/streptococcus_sanguinis/ncbi_dataset/data/GCF_050220455.1/GCF_050220455.1_x_genomic.fna	NZ_CP071414.1	1740520	1741090	-	gi|116515308:668966-669556	2-572/591	===============	0/0	96.62	81.26	victors	gi|116515308:668966-669556	Streptococcus pneumoniae D39 complete genome		streptococcus_sanguinis	GCF_050220455.1
data/unzipped_genomes/streptococcus_sanguinis/ncbi_dataset/data/GCF_050220455.1/GCF_050220455.1_x_genomic.fna	NZ_CP071414.1	1989283	1991058	-	gi|194396645:649534-651309	1-1776/1776	===============	0/0	100.0	94.88	victors	gi|194396645:649534-651309	Streptococcus pneumoniae G54 chromosome complete genome		streptococcus_sanguinis	GCF_050220455.1
data/unzipped_genomes/streptococcus_sanguinis/ncbi_dataset/data/GCF_050220455.1/GCF_050220455.1_x_genomic.fna	NZ_CP071414.1	2070660	2072334	-	gi|194172857:125050-126729	6-1680/1680	===============	0/0	99.7	81.02	victors	gi|194172857:125050-126729	Streptococcus pneumoniae TIGR4 chromosome complete genome		streptococcus_sanguinis	GCF_050220455.1
data/unzipped_genomes/streptococcus_sanguinis/ncbi_dataset/data/GCF_050220455.1/GCF_050220455.1_x_genomic.fna	NZ_CP071414.1	2074665	2076010	-	gi|116515308:456040-457386	2-1347/1347	===============	0/0	99.93	81.8	victors	gi|116515308:456040-457386	Streptococcus pneumoniae D39 complete genome		streptococcus_sanguinis	GCF_050220455.1
data/unzipped_genomes/streptococcus_sanguinis/ncbi_dataset/data/GCF_050220455.1/GCF_050220455.1_x_genomic.fna	NZ_CP071414.1	2085216	2087711	-	gi|194172857:224751-227252	7-2502/2502	========/======	2/2	99.72	80.34	victors	gi|194172857:224751-227252	Streptococcus pneumoniae TIGR4 chromosome complete genome		streptococcus_sanguinis	GCF_050220455.1
data/unzipped_genomes/streptococcus_sanguinis/ncbi_dataset/data/GCF_900475505.1/GCF_900475505.1_42925_G01_genomic.fna	NZ_LS483385.1	51137	52392	+	gi|116515308:59174-60472	20-1275/1299	===============	0/0	96.69	83.04	victors	gi|116515308:59174-60472	Streptococcus pneumoniae D39 complete genome		streptococcus_sanguinis	GCF_900475505.1
data/unzipped_genomes/streptococcus_sanguinis/ncbi_dataset/data/GCF_900475505.1/GCF_900475505.1_42925_G01_genomic.fna	NZ_LS483385.1	60148	60912	+	gi|194172857:68134-68949	1-765/816	===============	0/0	93.75	82.09	victors	gi|194172857:68134-68949	Streptococcus pneumoniae TIGR4 chromosome complete genome		streptococcus_sanguinis	GCF_900475505.1
data/unzipped_genomes/streptococcus_sanguinis/ncbi_dataset/data/GCF_900475505.1/GCF_900475505.1_42925_G01_genomic.fna	NZ_LS483385.1	196239	197717	+	gi|194172857:1716677-1718158	4-1482/1482	========/======	4/8	99.53	80.98	victors	gi|194172857:1716677-1718158	Streptococcus pneumoniae TIGR4 chromosome complete genome		streptococcus_sanguinis	GCF_900475505.1
data/unzipped_genomes/streptococcus_sanguinis/ncbi_dataset/data/GCF_900475505.1/GCF_900475505.1_42925_G01_genomic.fna	NZ_LS483385.1	361504	362370	-	gi|15674250:1567023-1567904	16-882/882	========/======	4/8	97.85	85.99	victors	gi|15674250:1567023-1567904	Streptococcus pyogenes M1 GAS chromosome complete genome		streptococcus_sanguinis	GCF_900475505.1
data/unzipped_genomes/streptococcus_sanguinis/ncbi_dataset/data/GCF_900475505.1/GCF_900475505.1_42925_G01_genomic.fna	NZ_LS483385.1	512258	512504	-	gi|29374661:1580186-1580476	36-282/291	.==============	0/0	84.88	80.57	victors	gi|29374661:1580186-1580476	Enterococcus faecalis V583 chromosome complete genome		streptococcus_sanguinis	GCF_900475505.1
data/unzipped_genomes/streptococcus_sanguinis/ncbi_dataset/data/GCF_900475505.1/GCF_900475505.1_42925_G01_genomic.fna	NZ_LS483385.1	560444	561412	+	gi|194172857:96869-97855	1-969/987	===============	0/0	98.18	82.04	victors	gi|194172857:96869-97855	Streptococcus pneumoniae TIGR4 chromosome complete genome		streptococcus_sanguinis	GCF_900475505.1
data/unzipped_genomes/streptococcus_sanguinis/ncbi_dataset/data/GCF_900475505.1/GCF_900475505.1_42925_G01_genomic.fna	NZ_LS483385.1	680659	681263	+	gi|182682970:712398-713003	2-606/606	===============	0/0	99.83	81.82	victors	gi|182682970:712398-713003	Streptococcus pneumoniae CGSP14 complete genome		streptococcus_sanguinis	GCF_900475505.1
data/unzipped_genomes/streptococcus_sanguinis/ncbi_dataset/data/GCF_900475505.1/GCF_900475505.1_42925_G01_genomic.fna	NZ_LS483385.1	1177689	1179000	-	gi|194172857:892923-894293	32-1344/1371	========/======	3/7	95.48	80.32	victors	gi|194172857:892923-894293	Streptococcus pneumoniae TIGR4 chromosome complete genome		streptococcus_sanguinis	GCF_900475505.1
data/unzipped_genomes/streptococcus_sanguinis/ncbi_dataset/data/GCF_900475505.1/GCF_900475505.1_42925_G01_genomic.fna	NZ_LS483385.1	1230465	1230929	-	gi|182682970:1099619-1100083	1-465/465	===============	0/0	100.0	80.22	victors	gi|182682970:1099619-1100083	Streptococcus pneumoniae CGSP14 complete genome		streptococcus_sanguinis	GCF_900475505.1
data/unzipped_genomes/streptococcus_sanguinis/ncbi_dataset/data/GCF_900475505.1/GCF_900475505.1_42925_G01_genomic.fna	NZ_LS483385.1	1661845	1662415	-	gi|116515308:668966-669556	2-572/591	===============	0/0	96.62	80.39	victors	gi|116515308:668966-669556	Streptococcus pneumoniae D39 complete genome		streptococcus_sanguinis	GCF_900475505.1
data/unzipped_genomes/streptococcus_sanguinis/ncbi_dataset/data/GCF_900475505.1/GCF_900475505.1_42925_G01_genomic.fna	NZ_LS483385.1	1927424	1929198	-	gi|225860012:710638-712413	2-1776/1776	===============	0/0	99.94	94.42	victors	gi|225860012:710638-712413	Streptococcus pneumoniae Taiwan19F-14 complete genome		streptococcus_sanguinis	GCF_900475505.1
data/unzipped_genomes/streptococcus_sanguinis/ncbi_dataset/data/GCF_900475505.1/GCF_900475505.1_42925_G01_genomic.fna	NZ_LS483385.1	2011442	2013116	-	gi|194172857:125050-126729	6-1680/1680	===============	0/0	99.7	80.48	victors	gi|194172857:125050-126729	Streptococcus pneumoniae TIGR4 chromosome complete genome		streptococcus_sanguinis	GCF_900475505.1
data/unzipped_genomes/streptococcus_sanguinis/ncbi_dataset/data/GCF_900475505.1/GCF_900475505.1_42925_G01_genomic.fna	NZ_LS483385.1	2014954	2016299	-	gi|225857809:511798-513144	2-1347/1347	===============	0/0	99.93	82.24	victors	gi|225857809:511798-513144	Streptococcus pneumoniae 70585 complete genome		streptococcus_sanguinis	GCF_900475505.1
data/unzipped_genomes/streptococcus_sanguinis/ncbi_dataset/data/GCF_900475505.1/GCF_900475505.1_42925_G01_genomic.fna	NZ_LS483385.1	2030909	2033404	-	gi|194172857:224751-227252	7-2502/2502	========/======	2/2	99.72	80.54	victors	gi|194172857:224751-227252	Streptococcus pneumoniae TIGR4 chromosome complete genome		streptococcus_sanguinis	GCF_900475505.1
