relative_path,bytes,sha256
data/accessions/actinomyces_naeslundii_accessions.txt,64,2ba14035cd69c775a43bebd23d33446ca328f9a6231815dcd1747941dca04b4c
data/accessions/corynebacterium_striatum_accessions.txt,80,0a13063dd853609a29f6e9fec47f8421fcb01b393b5a3337fc24e51ab03f2df9
data/accessions/cutibacterium_acnes_accessions.txt,80,ec6c8ccbb9cd7f551fef631ccc38165210c519b849e6088f5d1f0c042137dcc0
data/accessions/enterococcus_faecalis_accessions.txt,80,2f0506a70474e8e9aa2de37bf2228b95e58976e84f2e640acb2ad4192316fc80
data/accessions/fusobacterium_nucleatum_accessions.txt,80,c2c2b5ebf0d533840c85f8495cf4c6062ecb53a5ce320fc0c8f40e7c3f3547a5
data/accessions/porphyromonas_gingivalis_accessions.txt,80,76a7b06a4cf6ede8782c0c729e575525973a45552d49a7a28188b757c8ed361c
data/accessions/prevotella_intermedia_accessions.txt,80,84c7a009f46c7391158fc5916153d2bbbc12c2959dfd1db4616c036267b45311
data/accessions/staphylococcus_capitis_accessions.txt,80,fb0f2e82eb919e6950c7decc306c3f371928d1b664b3393c3c41d353c91d043e
data/accessions/staphylococcus_epidermidis_accessions.txt,80,61c753dd95b9bea1916b100ecb47d8ee627e78fb43e5d8b25c7103147064b803
data/accessions/staphylococcus_haemolyticus_accessions.txt,80,8a0d4cf9809f06f8c8e855dcb0b89298ab8d839dc730a367fb53cdecf682bb6a
data/accessions/streptococcus_anginosus_accessions.txt,80,4f360b61e3f39e46f1b3e54f34060d4af7df3526419b4399b10a8278d343c732
data/accessions/streptococcus_mitis_accessions.txt,80,f2e38fc6c93e59c8bebebd7a116a33fc86795c178fe8916319c933d2ada293ec
data/accessions/streptococcus_oralis_accessions.txt,80,fe7337512ab02d5b268df33ddf69742c8b26634e5fea1b3e698fa8ea657880c1
data/accessions/streptococcus_sanguinis_accessions.txt,80,297ab9465adddbfaeed8612dccf25bdf760e7bfdc022fd93846de11895036fba
data/accessions/tannerella_forsythia_accessions.txt,48,e172148375702824825028cd2f8b0bd7b5f59772976725b9631b0d9668e4fe61
data/accessions/treponema_denticola_accessions.txt,80,7f6a8662c5dcfa2fa3ceca0aec34e686a7b722534fd15fdd6efc5a79f9df566d
data/accessions/veillonella_parvula_accessions.txt,80,4f9c07ed214b28a88f39b241714859a11905a7e936f7a304a14b417ab25d32de
data/curated_targets/biofilm_adhesion_targets.tsv,2673,d63f95852f4b7298d1df16ca880468841cbc50975fea79a4bf49b5c4df6ef1aa
data/unzipped_genomes/actinomyces_naeslundii/ncbi_dataset/data/assembly_data_report.jsonl,15485,a80d813689625bd8557270f8be81177a69dd3dd2d6fbb91ef551170e482c0662
data/unzipped_genomes/actinomyces_naeslundii/ncbi_dataset/data/GCF_016127855.1/GCF_016127855.1_ASM1612785v1_genomic.fna,3191612,88c9ab50641aa35d5f969f72f4fd0a3668bc2ba0ffb4f0687d5a89ff1bd698b1
data/unzipped_genomes/actinomyces_naeslundii/ncbi_dataset/data/GCF_016127855.1/genomic.gff,1798821,92bc69eeece6abd7528681bf4aa31cf1a345cd91643a1cd17b0fd22705ed4ef5
data/unzipped_genomes/actinomyces_naeslundii/ncbi_dataset/data/GCF_016127855.1/protein.faa,1111348,c3097593abd623b2f98aeee2753dac5524cf267f97ca7a02163532e905c5a78a
data/unzipped_genomes/actinomyces_naeslundii/ncbi_dataset/data/GCF_963265035.1/GCF_963265035.1_NZ_220527_assembly_041_genomic.fna,3212199,3f2b31575c81180e3fc4dc318457a3fa043311e3bc9a25891a2e7dc0fa3da2a6
data/unzipped_genomes/actinomyces_naeslundii/ncbi_dataset/data/GCF_963265035.1/genomic.gff,1733679,35903b12f79446cf629452ecaafd143148912f025692ccdb3c7263bc75a91202
data/unzipped_genomes/actinomyces_naeslundii/ncbi_dataset/data/GCF_963265035.1/protein.faa,1119475,907702699bf492c02113273f32d8165088dbbe8b5f38eab4c5257a508bc02935
data/unzipped_genomes/actinomyces_naeslundii/ncbi_dataset/data/GCF_963340285.1/GCF_963340285.1_bc1019_genomic.fna,3212177,2a1ef598f511af28fb8f45fc584940b34bc24d1a3bb2493d609de0105e8b9f83
data/unzipped_genomes/actinomyces_naeslundii/ncbi_dataset/data/GCF_963340285.1/genomic.gff,1736597,9db28a0803e1bb2c1b4775ada4112d2b668330b2b5648488c893efe1fe0d7533
data/unzipped_genomes/actinomyces_naeslundii/ncbi_dataset/data/GCF_963340285.1/protein.faa,1119637,6500f0370cfef3e52a7b5fe4e417d8d049eaca86ceadef8ea5554f81fda01e73
data/unzipped_genomes/actinomyces_naeslundii/ncbi_dataset/data/GCF_963340415.1/GCF_963340415.1_bc1017_genomic.fna,3212147,1bd575905df000c9eb00b695d95454b383dc3d99d92ef7ca1a6582d826aadc79
data/unzipped_genomes/actinomyces_naeslundii/ncbi_dataset/data/GCF_963340415.1/genomic.gff,1738517,ab61ed6f7d97ee2db5261a08e838be173a36e2ee82c72e90f457e4e22748ebfb
data/unzipped_genomes/actinomyces_naeslundii/ncbi_dataset/data/GCF_963340415.1/protein.faa,1119675,3bf1ea4c4b538d16eafe40189589696bd9f6333629efd76ba7ca8f9d6254dfde
data/unzipped_genomes/corynebacterium_striatum/ncbi_dataset/data/assembly_data_report.jsonl,20456,480968585e2711e2a63c05ab4529d3fa97c3127c62af0a7d9919081ca0c2c41d
data/unzipped_genomes/corynebacterium_striatum/ncbi_dataset/data/GCF_002156805.1/GCF_002156805.1_ASM215680v1_genomic.fna,2832932,86650749c25a580876800e963ee7e1410987aa85536d58f20c1903ed941d2185
data/unzipped_genomes/corynebacterium_striatum/ncbi_dataset/data/GCF_002156805.1/genomic.gff,1671989,d5f959acc7d1f58545afbc8da62d0c391cd54c04be9050e9773decef9253ca10
data/unzipped_genomes/corynebacterium_striatum/ncbi_dataset/data/GCF_002156805.1/protein.faa,1015103,fda325d14b50b401ab6bb1884a7a963ed7e5f4eb586314e12160cd8a5783f42b
data/unzipped_genomes/corynebacterium_striatum/ncbi_dataset/data/GCF_002803965.1/GCF_002803965.1_ASM280396v1_genomic.fna,3031487,155ec2a4236d63205b9d9213e7f730e3d10b5c411c1536967fce0dc6d7a3c041
data/unzipped_genomes/corynebacterium_striatum/ncbi_dataset/data/GCF_002803965.1/genomic.gff,1768542,34a6d56cb1c3c3b616e4f2013f3fe5b72207a7cd7bed92878257ee075cd13b72
data/unzipped_genomes/corynebacterium_striatum/ncbi_dataset/data/GCF_002803965.1/protein.faa,1058053,055e84abd98274962f9de40317a3dd1b6f0cb2e00b9079a4934e520b5a30353a
data/unzipped_genomes/corynebacterium_striatum/ncbi_dataset/data/GCF_002804085.1/GCF_002804085.1_ASM280408v1_genomic.fna,3069461,9cbbf0050ceb80c96935c13fd5d54711308ffc5aaad3523b7a24cb41cca5f757
data/unzipped_genomes/corynebacterium_striatum/ncbi_dataset/data/GCF_002804085.1/genomic.gff,1795156,f713b88e9abae3d47ad9e18bc54d08264610d1443a686c4dbad7247f53173bf4
data/unzipped_genomes/corynebacterium_striatum/ncbi_dataset/data/GCF_002804085.1/protein.faa,1055658,82d45a2d05cd8abaf04a704e513fd3338d0488946e0e711a57390a0394470f80
data/unzipped_genomes/corynebacterium_striatum/ncbi_dataset/data/GCF_016728105.1/GCF_016728105.1_ASM1672810v1_genomic.fna,2941231,2a503a5020053ee49708e14f97c5e11b44d764ce8427bc1d726b0e6178494379
data/unzipped_genomes/corynebacterium_striatum/ncbi_dataset/data/GCF_016728105.1/genomic.gff,1827073,39ad964e16a18e3ede8c5e9108a8e811c9c7e13f4a0c4d09377443fd117f413c
data/unzipped_genomes/corynebacterium_striatum/ncbi_dataset/data/GCF_016728105.1/protein.faa,1044594,5490ab40328619a556cd5ea5cefe409b9e1c284423cb9c2f6760fb4dd04a8b52
data/unzipped_genomes/corynebacterium_striatum/ncbi_dataset/data/GCF_016728205.1/GCF_016728205.1_ASM1672820v1_genomic.fna,2699093,5726d8df757083099cee94910a86530e04f22debca80baf44998c2004ac9fc36
data/unzipped_genomes/corynebacterium_striatum/ncbi_dataset/data/GCF_016728205.1/genomic.gff,1571796,4b65cea7316c6a6cef50dad9d5e24963f4565f94a6f1728fe1d96e6da339ee61
data/unzipped_genomes/corynebacterium_striatum/ncbi_dataset/data/GCF_016728205.1/protein.faa,974859,3ca2acab76cf58e2163909df1997fc329625d6830e43010a3977856d3a396b56
data/unzipped_genomes/cutibacterium_acnes/ncbi_dataset/data/assembly_data_report.jsonl,17828,ad4adeb807bb143f32921fecb436ecc29ddb4d3eeec76df83be9b1ac329d47ae
data/unzipped_genomes/cutibacterium_acnes/ncbi_dataset/data/GCF_001281065.1/GCF_001281065.1_ASM128106v1_genomic.fna,2554063,8222b2773b870cee0357819441f7131fd39fc8625c3cdf1f6b809d99e052f771
data/unzipped_genomes/cutibacterium_acnes/ncbi_dataset/data/GCF_001281065.1/genomic.gff,1519016,86fbe1b70db246c26b5fb7a3bc044c25693b54b8f3bb0dd0e83b1ef39530345e
data/unzipped_genomes/cutibacterium_acnes/ncbi_dataset/data/GCF_001281065.1/protein.faa,889715,d8d669cccb2435cbed531e3ca676d039088815fe25b1a9fb3691a8a9a9049bd3
data/unzipped_genomes/cutibacterium_acnes/ncbi_dataset/data/GCF_001469565.1/GCF_001469565.1_ASM146956v1_genomic.fna,2579980,b783ea0b6d6162db4b9edd7ca8a0b5d8d40625525ea4d2391a974c0c6170c863
data/unzipped_genomes/cutibacterium_acnes/ncbi_dataset/data/GCF_001469565.1/genomic.gff,1587731,8c3275462c97b3e1131fce9a9516831865df21d10c7e32d30f2b211bc2976763
data/unzipped_genomes/cutibacterium_acnes/ncbi_dataset/data/GCF_001469565.1/protein.faa,931200,0ed6ae25bb0b38c9904a8c7c9e22f3b1b46e136bd0e23b36591d7829633cec8c
data/unzipped_genomes/cutibacterium_acnes/ncbi_dataset/data/GCF_001469595.1/GCF_001469595.1_ASM146959v1_genomic.fna,2592440,6a9ee20309941b75a46279ac43818a76dd79413820b4bcb6acc610a3b5303d7a
data/unzipped_genomes/cutibacterium_acnes/ncbi_dataset/data/GCF_001469595.1/genomic.gff,1565835,74cc3e96157ba87578e593c9c295d46cd1ea8cb4f6ac3bd2263771054b59cf07
data/unzipped_genomes/cutibacterium_acnes/ncbi_dataset/data/GCF_001469595.1/protein.faa,927384,275fd035776dd55768475c9453b799936e5db0ea3dca1975f5efd37ecdf8c397
data/unzipped_genomes/cutibacterium_acnes/ncbi_dataset/data/GCF_001469615.1/GCF_001469615.1_ASM146961v1_genomic.fna,2571840,669a451c31c7c76d48f4e332d3d2b0ffc1c29eca29e1b266051453f6ee719c8b
data/unzipped_genomes/cutibacterium_acnes/ncbi_dataset/data/GCF_001469615.1/genomic.gff,1582219,80be5e161c9d320265597fb812c76432eced92b1e24cca91b8c313f7b8ac1edf
data/unzipped_genomes/cutibacterium_acnes/ncbi_dataset/data/GCF_001469615.1/protein.faa,933690,7f2af1eea58007f306d378e3373b3b93e5b78492ba8fb797c1a781d890c8a8c4
data/unzipped_genomes/cutibacterium_acnes/ncbi_dataset/data/GCF_001469655.1/GCF_001469655.1_ASM146965v1_genomic.fna,2523192,6f7f0084dc38d282099278e2ad4e4418ebf2cfdc0d5b7cfe067c07894115e2b8
data/unzipped_genomes/cutibacterium_acnes/ncbi_dataset/data/GCF_001469655.1/genomic.gff,1546077,1b376afcb1626f0f6e0543832d0da9ad24cc49845832245c2029ee7f8bdaf267
data/unzipped_genomes/cutibacterium_acnes/ncbi_dataset/data/GCF_001469655.1/protein.faa,921343,77dd166b35d06eb9b1ba94261656b593c66028daf226971ec65f24ed36b1e1ec
data/unzipped_genomes/enterococcus_faecalis/ncbi_dataset/data/assembly_data_report.jsonl,19361,1d452532731812d4a9f15a9059fd976072e3f71dc932dd3d3c6b36dc4963d0b9
data/unzipped_genomes/enterococcus_faecalis/ncbi_dataset/data/GCF_001598635.1/GCF_001598635.1_ASM159863v1_genomic.fna,2838549,9ca31b8ff53e323762dcf95dc373081ac32c9534693f5ff256d3e5a3bece6ddd
data/unzipped_genomes/enterococcus_faecalis/ncbi_dataset/data/GCF_001598635.1/genomic.gff,1762673,fdbefb28a5ae29bb9dcb62b8f143e6f58a934a07cc6f1a1485a2c6ae318c84e1
data/unzipped_genomes/enterococcus_faecalis/ncbi_dataset/data/GCF_001598635.1/protein.faa,1005131,778e9a78eab6ebe6ee99823bb08b6a2f79028ac8e828f1ea717669a593a53668
data/unzipped_genomes/enterococcus_faecalis/ncbi_dataset/data/GCF_001689055.2/GCF_001689055.2_ASM168905v2_genomic.fna,3063911,115aa411c38a4473096014bb438a2bbe453e9ebdd3149ce2f9eca8da9695f006
data/unzipped_genomes/enterococcus_faecalis/ncbi_dataset/data/GCF_001689055.2/genomic.gff,1856041,324230b371530ade6a6ae56ce7f7ab832d16c5f2c52d308713d37421b8f19146
data/unzipped_genomes/enterococcus_faecalis/ncbi_dataset/data/GCF_001689055.2/protein.faa,1067451,9bfc7c2444bd94c30afe6b1a0d7f4f00c27095f82f428be079eb09b1e745c4b9
data/unzipped_genomes/enterococcus_faecalis/ncbi_dataset/data/GCF_001989555.1/GCF_001989555.1_ASM198955v1_genomic.fna,3284331,b30392f13c8f000cbbecdad4d6eab0a9979893e388ef54b0fc4be8ee1c8c028f
data/unzipped_genomes/enterococcus_faecalis/ncbi_dataset/data/GCF_001989555.1/genomic.gff,2034595,93a406a431d7c4ad37eb648806b762f0a747580db8867a67a825a055d36bba95
data/unzipped_genomes/enterococcus_faecalis/ncbi_dataset/data/GCF_001989555.1/protein.faa,1173253,b6666a371d48df4175a43ce8586d980d0049a4d3cff5d69561d4f88e8cbe1605
data/unzipped_genomes/enterococcus_faecalis/ncbi_dataset/data/GCF_002163735.1/GCF_002163735.1_ASM216373v1_genomic.fna,3092512,923adfbd964a6e72b935716c7c7373958c5ac83793553e45a0bbf190e4dcbdce
data/unzipped_genomes/enterococcus_faecalis/ncbi_dataset/data/GCF_002163735.1/genomic.gff,1870471,bd954376c6db6e94a41859452732389e763ade5c28ad9a6a13565be894aae884
data/unzipped_genomes/enterococcus_faecalis/ncbi_dataset/data/GCF_002163735.1/protein.faa,1103149,70fac1bde434b701baf62495dbcd955f7a6e53939f0a029c5b7481c506165a7a
data/unzipped_genomes/enterococcus_faecalis/ncbi_dataset/data/GCF_002208945.1/GCF_002208945.1_ASM220894v2_genomic.fna,2896870,8c4a19f69f3c94153f2500ec2579b0750b56cf5352443f484b67f7b410db08a3
data/unzipped_genomes/enterococcus_faecalis/ncbi_dataset/data/GCF_002208945.1/genomic.gff,1783260,ea7f05778c2e05dd49465ab5a5eb51e13be508b496ca3eeca9b30498644011bc
data/unzipped_genomes/enterococcus_faecalis/ncbi_dataset/data/GCF_002208945.1/protein.faa,1030826,c486f01c20c911e6f53f05b374e33836a79cf9df25c39efb2619565e18140c98
data/unzipped_genomes/fusobacterium_nucleatum/ncbi_dataset/data/assembly_data_report.jsonl,17496,0aacd81c70b59479096ad641290de6b06f023165ce185434fc4a65e09eec3645
data/unzipped_genomes/fusobacterium_nucleatum/ncbi_dataset/data/GCF_028621975.1/GCF_028621975.1_ASM2862197v1_genomic.fna,2222320,71f2d48d58b21c6190819369ef77a8afdbfcf1acc2b2030972081c90bbdc98de
data/unzipped_genomes/fusobacterium_nucleatum/ncbi_dataset/data/GCF_028621975.1/genomic.gff,1290691,0a414ce71c58c40e07cd3202fa431ad602d3cda27af2179c58cd5c3c0543236e
data/unzipped_genomes/fusobacterium_nucleatum/ncbi_dataset/data/GCF_028621975.1/protein.faa,816079,5494615f94c84c60cb61684969fe404ec5b0f95da9acc2282ed1dbb15f035b68
data/unzipped_genomes/fusobacterium_nucleatum/ncbi_dataset/data/GCF_028621995.1/GCF_028621995.1_ASM2862199v1_genomic.fna,2083659,87a5d41b2bf5d2fdfeb5908e093a656c3bfe758b7e3d67d29cb71392b52a2d19
data/unzipped_genomes/fusobacterium_nucleatum/ncbi_dataset/data/GCF_028621995.1/genomic.gff,1251343,e14f97c18cedeb05517c846bae2e2379b0650336e6026a435bc1afa14f46f98f
data/unzipped_genomes/fusobacterium_nucleatum/ncbi_dataset/data/GCF_028621995.1/protein.faa,766051,fb492c056302bd2bb6abff8b76716a20267f1db64543c059c4699fa3a209a4df
data/unzipped_genomes/fusobacterium_nucleatum/ncbi_dataset/data/GCF_031191795.1/GCF_031191795.1_ASM3119179v1_genomic.fna,2208845,d1618cbe5e7c62d4d27745780956440712eb11fe69536081c3d83229cfe7869a
data/unzipped_genomes/fusobacterium_nucleatum/ncbi_dataset/data/GCF_031191795.1/genomic.gff,1309930,aa4c54c912b44e190408db506a75f8ad81642cd5e6bdd9e7e0822d817cfddafe
data/unzipped_genomes/fusobacterium_nucleatum/ncbi_dataset/data/GCF_031191795.1/protein.faa,809039,12ad54aba1effca146ceb3e7554b4b72b3bc44b02092317a77732872cb354046
data/unzipped_genomes/fusobacterium_nucleatum/ncbi_dataset/data/GCF_037889055.1/GCF_037889055.1_ASM3788905v1_genomic.fna,2336556,be3b9c557ca36ef58807d674b2104f0ed33100267c4817b62c699c9769d22ae2
data/unzipped_genomes/fusobacterium_nucleatum/ncbi_dataset/data/GCF_037889055.1/genomic.gff,1380213,dc35325df32218b57e9ce7fb9209a65c1ed26f46075ee120a0782eb0d8bb99db
data/unzipped_genomes/fusobacterium_nucleatum/ncbi_dataset/data/GCF_037889055.1/protein.faa,851486,4b2f86d96d747cdd97088e3db2818435ad926aa663cb52e864e7ffe75543b0e9
data/unzipped_genomes/fusobacterium_nucleatum/ncbi_dataset/data/GCF_037889065.1/GCF_037889065.1_ASM3788906v1_genomic.fna,2168229,bf742d2df593092dbb69734940abb7fc362164a4744ca8b04564ca64fac25bc1
data/unzipped_genomes/fusobacterium_nucleatum/ncbi_dataset/data/GCF_037889065.1/genomic.gff,1282400,e4f5cb13b13820829956b8952c78d237d3637d7222749ead272807cef5763ed4
data/unzipped_genomes/fusobacterium_nucleatum/ncbi_dataset/data/GCF_037889065.1/protein.faa,791776,fed9dff61b0f1806b6c6a9227619113f6df8626e8311bd85579b57b8079351e1
data/unzipped_genomes/porphyromonas_gingivalis/ncbi_dataset/data/assembly_data_report.jsonl,19725,71b47242acdda5aca50421263709241217e18ba00a1291ac2740c70008ea3f34
data/unzipped_genomes/porphyromonas_gingivalis/ncbi_dataset/data/GCF_001263815.1/GCF_001263815.1_ASM126381v1_genomic.fna,2396698,45c8c4d3bf850860ec89a57b98bbd458b2ef620a884dd503b3ccc232a028654b
data/unzipped_genomes/porphyromonas_gingivalis/ncbi_dataset/data/GCF_001263815.1/genomic.gff,1289072,17d01d25a031f4f0fc34ab3801a03f8edb6020aa6799b6bbfd085098b953d4d5
data/unzipped_genomes/porphyromonas_gingivalis/ncbi_dataset/data/GCF_001263815.1/protein.faa,815805,036ee0bf26323b535c29ac0cdec483e5d83b39d72958978319c84567a6a9d9e3
data/unzipped_genomes/porphyromonas_gingivalis/ncbi_dataset/data/GCF_002753935.1/GCF_002753935.1_ASM275393v1_genomic.fna,2388734,f7085c092c117d22e7bd5ad9a8f99402f3da07277a98d9f8b8613bd3cc9682cd
data/unzipped_genomes/porphyromonas_gingivalis/ncbi_dataset/data/GCF_002753935.1/genomic.gff,1280914,8b2c9ce3bb41bd483e3e58afdcb1235861bad718561717a0d97aa81351f1543c
data/unzipped_genomes/porphyromonas_gingivalis/ncbi_dataset/data/GCF_002753935.1/protein.faa,809001,fffa8d320ca79236eb85d44a6d9bcf4fc063a8dc19a76dce27ae80e9db93b126
data/unzipped_genomes/porphyromonas_gingivalis/ncbi_dataset/data/GCF_002753955.1/GCF_002753955.1_ASM275395v1_genomic.fna,2500318,5ea06e10bbfd7c7e4853581983823d6d6c96d05031049c516c9b9ea6a50bef31
data/unzipped_genomes/porphyromonas_gingivalis/ncbi_dataset/data/GCF_002753955.1/genomic.gff,1358962,0851057dfe194161524a95f8b42208ae121fa6f09abfb754fa4c8ac66f566f7f
data/unzipped_genomes/porphyromonas_gingivalis/ncbi_dataset/data/GCF_002753955.1/protein.faa,837997,04fa9f715c1fe44beb9ab6b772eb94e1e651eae52eca9271e13dbffc1867cbe7
data/unzipped_genomes/porphyromonas_gingivalis/ncbi_dataset/data/GCF_002753975.1/GCF_002753975.1_ASM275397v1_genomic.fna,2509381,48973b7c979c30d3cc18f6d71737580f41c0caef70deda817176a51a953f4d17
data/unzipped_genomes/porphyromonas_gingivalis/ncbi_dataset/data/GCF_002753975.1/genomic.gff,1371581,459cb73049ec9766848817bbba183dd4bffb4f951a4cea12bc6a73c12c21f092
data/unzipped_genomes/porphyromonas_gingivalis/ncbi_dataset/data/GCF_002753975.1/protein.faa,842638,f5ce26325343e44a7c22e0e721d0cc13108ae0510c066c446ffe8a53609cebb6
data/unzipped_genomes/porphyromonas_gingivalis/ncbi_dataset/data/GCF_002754015.1/GCF_002754015.1_ASM275401v1_genomic.fna,2403849,d556871db72e499711e743ec2a740e14094b876e95c6933b1ffbbc11e506216d
data/unzipped_genomes/porphyromonas_gingivalis/ncbi_dataset/data/GCF_002754015.1/genomic.gff,1308857,e563441fdd696cba292c156032767fe6301eaaca43307329a00f26870157b1b7
data/unzipped_genomes/porphyromonas_gingivalis/ncbi_dataset/data/GCF_002754015.1/protein.faa,821739,1ed61305cff54302918d361db93ce3a5313bf0b135b5932f32854a5eb3725ac6
data/unzipped_genomes/prevotella_intermedia/ncbi_dataset/data/assembly_data_report.jsonl,20263,a1ca3d8427823ba02e817d1516ee19d804aa1d7f02b2fc3ad249e7e32bae6df0
data/unzipped_genomes/prevotella_intermedia/ncbi_dataset/data/GCF_001548195.1/GCF_001548195.1_ASM154819v1_genomic.fna,2771652,569a354638da5793684871b50cb2ad8b35619f179ce9d7ecdba1f5be878cb7a0
data/unzipped_genomes/prevotella_intermedia/ncbi_dataset/data/GCF_001548195.1/genomic.gff,1431185,c0543224a43eb0ae582d094de6ecbc73ca3e801d5c176efc6aa70ab3bd5a76d8
data/unzipped_genomes/prevotella_intermedia/ncbi_dataset/data/GCF_001548195.1/protein.faa,908919,d96c3cd78a1bf1bfaece2d3af872c74f077026bb5c5575055162b10d0f9fcb03
data/unzipped_genomes/prevotella_intermedia/ncbi_dataset/data/GCF_001953935.1/GCF_001953935.1_ASM195393v1_genomic.fna,2770679,70e9483bc273699b4d70e7620d73dd429ed85c3b37c5f9d589a660d5daea4c70
data/unzipped_genomes/prevotella_intermedia/ncbi_dataset/data/GCF_001953935.1/genomic.gff,1427311,ea50ed90107112496f9aad9427cd888b4464934be51654335ab8e3a96d7f691d
data/unzipped_genomes/prevotella_intermedia/ncbi_dataset/data/GCF_001953935.1/protein.faa,909351,64a0f496c57e6421befc114fbdc78f88e2de539042c42e86d36b49b3407d2e8a
data/unzipped_genomes/prevotella_intermedia/ncbi_dataset/data/GCF_002355195.1/GCF_002355195.1_ASM235519v1_genomic.fna,3187635,941deb2a250670d85ac4ec2153b01196f74211b5630cc748b3f7162b31e903b3
data/unzipped_genomes/prevotella_intermedia/ncbi_dataset/data/GCF_002355195.1/genomic.gff,1670504,f1b244d7b9341a085e1677596fc4ba01e1a5d1186f3fcffa2d984731bca77eb5
data/unzipped_genomes/prevotella_intermedia/ncbi_dataset/data/GCF_002355195.1/protein.faa,987884,59396c0daa61c1606e01db5adcdd2ac5630149f1776138b83f7c0251a5cd05cb
data/unzipped_genomes/prevotella_intermedia/ncbi_dataset/data/GCF_002763535.1/GCF_002763535.1_ASM276353v1_genomic.fna,2812610,8aecb27a6254bb7e5423de9b3e1c7ef378ce5e21d4fd7907652d8370f8927b35
data/unzipped_genomes/prevotella_intermedia/ncbi_dataset/data/GCF_002763535.1/genomic.gff,1445970,1b50c9fc6d265d9114638b528a0609b3e7135330ab7c9e9bcea71f175438379c
data/unzipped_genomes/prevotella_intermedia/ncbi_dataset/data/GCF_002763535.1/protein.faa,931843,96b14ab9f787109f2a65bcd2eb5bc91e5ac55263af6a5a6cde22445beb462dd0
data/unzipped_genomes/prevotella_intermedia/ncbi_dataset/data/GCF_002763575.1/GCF_002763575.1_ASM276357v1_genomic.fna,2795293,70c329cd651cb1ddb508ffc80a091d0cac8be3f9f1d0fff666d4ffbc075382ca
data/unzipped_genomes/prevotella_intermedia/ncbi_dataset/data/GCF_002763575.1/genomic.gff,1424682,1c325f6ebb03995f86b343d3ab3d069a8fb9da1c5ab7009b3b5ae03b1d371879
data/unzipped_genomes/prevotella_intermedia/ncbi_dataset/data/GCF_002763575.1/protein.faa,932934,61e9987ee8b0e13d1fda6475599fe958fdc64bce1c9215681b87e55f363fdd3c
data/unzipped_genomes/staphylococcus_capitis/ncbi_dataset/data/assembly_data_report.jsonl,20990,95fa9d0a54cc4bffa61f72fba27fcf8070577c1cd56f8970ff990b41ad496d2f
data/unzipped_genomes/staphylococcus_capitis/ncbi_dataset/data/GCF_002356175.1/GCF_002356175.1_ASM235617v1_genomic.fna,2518029,ab524531e93048d1340b19d90fcf209c3412bd2c5fc997ff96b64cdfcddfe5ef
data/unzipped_genomes/staphylococcus_capitis/ncbi_dataset/data/GCF_002356175.1/genomic.gff,1598703,05c185cf55921e480d7651d3032f519e6c01bb1c7c1d5e1922a1f5599d1ce3ab
data/unzipped_genomes/staphylococcus_capitis/ncbi_dataset/data/GCF_002356175.1/protein.faa,895854,6ddb6e8ac80a69d3da1166dc8464842ff93867680be1276df7adada339e30ab6
data/unzipped_genomes/staphylococcus_capitis/ncbi_dataset/data/GCF_002591175.1/GCF_002591175.1_ASM259117v1_genomic.fna,2516398,9a0b0219499943bfa8517b452e0ee5679f1bb5bbbe8a1c1cb96d897307cdbeb6
data/unzipped_genomes/staphylococcus_capitis/ncbi_dataset/data/GCF_002591175.1/genomic.gff,1543045,fcd48d9bfaa9dc8c0d5c7d8df3a811540d1f552f48ccf79053972dad660055cc
data/unzipped_genomes/staphylococcus_capitis/ncbi_dataset/data/GCF_002591175.1/protein.faa,872576,d0b87067f01ee4c883325a76b709d9a675e003f41047df3d19f55e597376e549
data/unzipped_genomes/staphylococcus_capitis/ncbi_dataset/data/GCF_013267675.1/GCF_013267675.1_ASM1326767v1_genomic.fna,2522421,5594ddedb02f690fd388b136ec073e763a343f96894b7ae724cf7d66295b3102
data/unzipped_genomes/staphylococcus_capitis/ncbi_dataset/data/GCF_013267675.1/genomic.gff,1578976,ba84946a3f1ff4b07a20bf783e05357406397f4ebae48cd49355e524b2c60aaa
data/unzipped_genomes/staphylococcus_capitis/ncbi_dataset/data/GCF_013267675.1/protein.faa,860122,f8b5d080c5d333854207bcff33266992f3f9e92f644127bfa9af8277b9dbdc8a
data/unzipped_genomes/staphylococcus_capitis/ncbi_dataset/data/GCF_015243435.1/GCF_015243435.1_ASM1524343v1_genomic.fna,2560404,933fccac64b504e14ae277fff548023d90bbf11dc1c663617241740c5c414571
data/unzipped_genomes/staphylococcus_capitis/ncbi_dataset/data/GCF_015243435.1/genomic.gff,1564740,e5f23aab0df5b6cf1c210d2085a43399e0a7d09568668058990675a7b1bb022f
data/unzipped_genomes/staphylococcus_capitis/ncbi_dataset/data/GCF_015243435.1/protein.faa,877579,7813c9a50ca09c810845dcb7096b8380058d9dd70aac069f522123d067c5787e
data/unzipped_genomes/staphylococcus_capitis/ncbi_dataset/data/GCF_020883475.1/GCF_020883475.1_ASM2088347v1_genomic.fna,2597622,6dcf2c63342ac313acb9f2ccda7f2caefd80a05bbc85f9b14b3fe1e3ec03d4ce
data/unzipped_genomes/staphylococcus_capitis/ncbi_dataset/data/GCF_020883475.1/genomic.gff,1537117,eb999d7d8ee76925173b4e7a0c50ec5a79fdc46bb802006ea2c41e799c985b47
data/unzipped_genomes/staphylococcus_capitis/ncbi_dataset/data/GCF_020883475.1/protein.faa,923818,7dbd57f801bc7018135e7dd33f8aa143dfcc153f2bc28cebbfe0fd1d27f70e6c
data/unzipped_genomes/staphylococcus_epidermidis/ncbi_dataset/data/assembly_data_report.jsonl,18306,5f831a54d021c38f97dd3fe3ea1cb10e65f1a55c47f9be7929c0fb88da9754c8
data/unzipped_genomes/staphylococcus_epidermidis/ncbi_dataset/data/GCF_000759555.1/GCF_000759555.1_ASM75955v1_genomic.fna,2570213,4138d72d41b1ad0f2444fe4c34cc32d9e2c7cacf8562c02be03b9e2d4d788bf4
data/unzipped_genomes/staphylococcus_epidermidis/ncbi_dataset/data/GCF_000759555.1/genomic.gff,1539550,5aa16ba0d55c15944bad118b0566bff12bbb9d5fb3d95d6219efe41a7f1bcd95
data/unzipped_genomes/staphylococcus_epidermidis/ncbi_dataset/data/GCF_000759555.1/protein.faa,868682,60e3a1b712940df752cbd849a2492052d291406d70f1fdc3423c175da6c625bd
data/unzipped_genomes/staphylococcus_epidermidis/ncbi_dataset/data/GCF_001956655.1/GCF_001956655.1_ASM195665v2_genomic.fna,2639517,f0150d92affa13f6913e37cd6def621e9753f3625be312b85c96a2122116fa20
data/unzipped_genomes/staphylococcus_epidermidis/ncbi_dataset/data/GCF_001956655.1/genomic.gff,1614090,81683559327bd02f2c15fcb3f24709008530e740d14f74e0cd25cf4501f2419e
data/unzipped_genomes/staphylococcus_epidermidis/ncbi_dataset/data/GCF_001956655.1/protein.faa,871233,b83228b50fe1315fdcab81ad7ee4932b59ae3932d6631c0f648b85d503a7bb65
data/unzipped_genomes/staphylococcus_epidermidis/ncbi_dataset/data/GCF_002085695.1/GCF_002085695.1_ASM208569v1_genomic.fna,2501117,22f7d487f5ce37c462fe6cc711e32b97b8c74e9fcee0ab59d49d72ed610af876
data/unzipped_genomes/staphylococcus_epidermidis/ncbi_dataset/data/GCF_002085695.1/genomic.gff,1508966,7288ee137d15cc4366ad8d3535a85c098ec7847c72b88872572026ebe8dd9c95
data/unzipped_genomes/staphylococcus_epidermidis/ncbi_dataset/data/GCF_002085695.1/protein.faa,845797,44d40a9abe544a5a43cf4f870ce81e63e72a8694ab54db0bf0f01aaabe455507
data/unzipped_genomes/staphylococcus_epidermidis/ncbi_dataset/data/GCF_002215535.1/GCF_002215535.1_ASM221553v1_genomic.fna,2603015,69af31ef1ff52aedc961be755dba52232b1777a6566a33333e0c5540474df390
data/unzipped_genomes/staphylococcus_epidermidis/ncbi_dataset/data/GCF_002215535.1/genomic.gff,1581541,3c7799bc1469a03f0e3e04e869cc9b6329df0d1d954b73658007d2efa5642f3f
data/unzipped_genomes/staphylococcus_epidermidis/ncbi_dataset/data/GCF_002215535.1/protein.faa,881407,49e3d69cb491b50ec9959f5bcec95b89452c6ddb293ed6735afca48eaca0048b
data/unzipped_genomes/staphylococcus_epidermidis/ncbi_dataset/data/GCF_006094375.1/GCF_006094375.1_ASM609437v1_genomic.fna,2522478,b4feaf440f5dd7038ccec84c54c4b5f1ccc26b58093b3c027de9b476d3536964
data/unzipped_genomes/staphylococcus_epidermidis/ncbi_dataset/data/GCF_006094375.1/genomic.gff,1612401,4a979fd008e632e262c34a86b8b295173d9c44a501cbd1138c1efce14a7dd8a2
data/unzipped_genomes/staphylococcus_epidermidis/ncbi_dataset/data/GCF_006094375.1/protein.faa,867728,7e5e83f81a1e9380649ec25be85123f318318a512c3de545686f450b94d9bbb0
data/unzipped_genomes/staphylococcus_haemolyticus/ncbi_dataset/data/assembly_data_report.jsonl,18400,624720267fe8bccfcc0d451aca6287a4977901a490c4be616ff081c7fb6be29c
data/unzipped_genomes/staphylococcus_haemolyticus/ncbi_dataset/data/GCF_001611955.1/GCF_001611955.1_ASM161195v1_genomic.fna,2592321,f4bc3c2564a88a174e1f0e39eca0e844c56c0bc7f5d7029d7676fe817d1f4218
data/unzipped_genomes/staphylococcus_haemolyticus/ncbi_dataset/data/GCF_001611955.1/genomic.gff,1612660,ce4941e4c7b967a65fad1d69c91ba51219591c259c64708c32974d0f9dffd47c
data/unzipped_genomes/staphylococcus_haemolyticus/ncbi_dataset/data/GCF_001611955.1/protein.faa,894653,d14d003e3ddcb4f047e9f5e45af3c3f4a84b011416caeddd7fe7b46fcc54dac1
data/unzipped_genomes/staphylococcus_haemolyticus/ncbi_dataset/data/GCF_002906595.1/GCF_002906595.1_ASM290659v1_genomic.fna,2643681,0ff497244fa8fe7b00dc089aef0f7656c944e2393b37900ae970244a34ad6945
data/unzipped_genomes/staphylococcus_haemolyticus/ncbi_dataset/data/GCF_002906595.1/genomic.gff,1628344,e420c98e90171e6998301d1c8187d1071a0c1a7f7f30f2723bf2c955459261b2
data/unzipped_genomes/staphylococcus_haemolyticus/ncbi_dataset/data/GCF_002906595.1/protein.faa,909152,b22ca6936a67b2b97a563024b788008689356d7c76911f86f05b911c8f808c9d
data/unzipped_genomes/staphylococcus_haemolyticus/ncbi_dataset/data/GCF_002906615.1/GCF_002906615.1_ASM290661v1_genomic.fna,2645582,fca9c755e863a9031a51006f79a4638b2c626cd9b3fa91233c3af353b865fac2
data/unzipped_genomes/staphylococcus_haemolyticus/ncbi_dataset/data/GCF_002906615.1/genomic.gff,1631503,624f73806b2b541d54dace6aa6bebbc0c1c9653f9dd1b5c82cce3fdf2b0a35f8
data/unzipped_genomes/staphylococcus_haemolyticus/ncbi_dataset/data/GCF_002906615.1/protein.faa,909553,46d30fab8f9ab05bbcdf549eb7445a08cf3b671884c2d3dbfcb2190a262bf5b9
data/unzipped_genomes/staphylococcus_haemolyticus/ncbi_dataset/data/GCF_002952715.2/GCF_002952715.2_ASM295271v2_genomic.fna,2708213,32fb0ae8dae3062693775eeff674079fec484b21f635e08d6cfcd1bfb54173eb
data/unzipped_genomes/staphylococcus_haemolyticus/ncbi_dataset/data/GCF_002952715.2/genomic.gff,1683916,7617bd2f648dc8dc9f134d4f936d654220e5c409a69dbb26a0ad24c0d5eb2df7
data/unzipped_genomes/staphylococcus_haemolyticus/ncbi_dataset/data/GCF_002952715.2/protein.faa,923301,718a94d28ec62d88b763b8e2a976b6958b580861f5618c039ccc20d502f5c0d1
data/unzipped_genomes/staphylococcus_haemolyticus/ncbi_dataset/data/GCF_006094395.1/GCF_006094395.1_ASM609439v1_genomic.fna,2604462,86487125cab86c12ee57b1bd584fe496135e1d9a30f1417d0bde6494c6b3aeee
data/unzipped_genomes/staphylococcus_haemolyticus/ncbi_dataset/data/GCF_006094395.1/genomic.gff,1705999,43b8c774c4daf56cd7d2d7398e0e6fd8c12a2fbd8b4fdfdd1a00289bdce73c5c
data/unzipped_genomes/staphylococcus_haemolyticus/ncbi_dataset/data/GCF_006094395.1/protein.faa,906602,09bbc5726c3653ccf37f4ad1c2d18d829478a12d082cfb20f408ec07b44fc2c5
data/unzipped_genomes/streptococcus_anginosus/ncbi_dataset/data/assembly_data_report.jsonl,20031,ec7e61e9a3cd691099b9ce59d24197bad10de87d4dbe454ee60f13f4d5152048
data/unzipped_genomes/streptococcus_anginosus/ncbi_dataset/data/GCF_000831165.1/GCF_000831165.1_ASM83116v1_genomic.fna,2061886,fb4bdcb75a59952e96684c4b87efb09a7121ec91b5ed51a47ab47417341bfda4
data/unzipped_genomes/streptococcus_anginosus/ncbi_dataset/data/GCF_000831165.1/genomic.gff,1268517,96ec72e4e4bae8800d7e08899e6d86373f184a565d232539acdd2fc7cacc85cd
data/unzipped_genomes/streptococcus_anginosus/ncbi_dataset/data/GCF_000831165.1/protein.faa,732284,0bf197e0ae181c736dc0304a08fd49e8b278ab8a2162c1a28d8ef803c5bc578f
data/unzipped_genomes/streptococcus_anginosus/ncbi_dataset/data/GCF_001412635.1/GCF_001412635.1_ASM141263v1_genomic.fna,1948650,c560cd150917c6a818a3d5f3a5e2641b77c30787c71c7845a63b4537c42b60cc
data/unzipped_genomes/streptococcus_anginosus/ncbi_dataset/data/GCF_001412635.1/genomic.gff,1286228,a3916d2037092d0bcccd8c6982d05e5540f449d494d300810b6a76d4e77b8c39
data/unzipped_genomes/streptococcus_anginosus/ncbi_dataset/data/GCF_001412635.1/protein.faa,701353,d901239dbb71d354b11998f22ab3bc5b0083040008201a441da994a787594c24
data/unzipped_genomes/streptococcus_anginosus/ncbi_dataset/data/GCF_001697145.1/GCF_001697145.1_ASM169714v1_genomic.fna,2026449,966dc9b1bc477ef473ad98948138b0793b332f64fc6954a679c98c7f6734f39b
data/unzipped_genomes/streptococcus_anginosus/ncbi_dataset/data/GCF_001697145.1/genomic.gff,1291859,1dfeb30fbc90a3b5b6538f73e57e1ba7cc640bc0408d14ee3cb0db2e035fe87f
data/unzipped_genomes/streptococcus_anginosus/ncbi_dataset/data/GCF_001697145.1/protein.faa,721325,2312d4d18e82455215da7b320d00b0ca261a4360f0c661dcd492e860bffa6a10
data/unzipped_genomes/streptococcus_anginosus/ncbi_dataset/data/GCF_008726365.3/GCF_008726365.3_ASM872636v3_genomic.fna,2068418,7b1f84ff4cb257187557d6ec071be31c3485a5ad868c0090b6d5556188ca237d
data/unzipped_genomes/streptococcus_anginosus/ncbi_dataset/data/GCF_008726365.3/genomic.gff,1369716,fe3f850573b12a0007c9166f3356af20ecb51613d3b68e99317345510603b45e
data/unzipped_genomes/streptococcus_anginosus/ncbi_dataset/data/GCF_008726365.3/protein.faa,718570,a5e692f4cf49758bffbfea813f8a8d91164482ca781c4782d1f8957dee565108
data/unzipped_genomes/streptococcus_anginosus/ncbi_dataset/data/GCF_900636475.1/GCF_900636475.1_42197_F01_genomic.fna,1978163,d219ded7a557b6b2812504283028ce9ca1701b01f50b5acfcb3b5e5104b588cb
data/unzipped_genomes/streptococcus_anginosus/ncbi_dataset/data/GCF_900636475.1/genomic.gff,1315769,a6218c59960210c4cf2aaa2b625a70bf44d3f9ba3fb9a3033f9c67d6241194b8
data/unzipped_genomes/streptococcus_anginosus/ncbi_dataset/data/GCF_900636475.1/protein.faa,702523,20db3716891e874eb48494bfb4e6876b85bfc164fa484d3ba9464e0f2d083fd0
data/unzipped_genomes/streptococcus_mitis/ncbi_dataset/data/assembly_data_report.jsonl,19330,be4de5432587a621237fbe04f4e1fc16d4c6f70fe065954de5a1b8636af4cbab
data/unzipped_genomes/streptococcus_mitis/ncbi_dataset/data/GCF_000722765.2/GCF_000722765.2_ASM72276v2_genomic.fna,1966460,53580d89efb512f492a76b125993d9240c72f35158a426056fdd0cd8534267c2
data/unzipped_genomes/streptococcus_mitis/ncbi_dataset/data/GCF_000722765.2/genomic.gff,1202047,09628b148d6a188f1c3050d6eaa2363a8401b8cf5150942f8d1ffbd91a072c40
data/unzipped_genomes/streptococcus_mitis/ncbi_dataset/data/GCF_000722765.2/protein.faa,696700,839ef2ab7722e015e4c8b71378efdd7bc69b21c0198d02896af0d05bd57dcb6f
data/unzipped_genomes/streptococcus_mitis/ncbi_dataset/data/GCF_001281025.1/GCF_001281025.1_ASM128102v1_genomic.fna,1930268,bbd8933fb442426ded31753415188b65788a5ed938369a8cb52525fd1b436238
data/unzipped_genomes/streptococcus_mitis/ncbi_dataset/data/GCF_001281025.1/genomic.gff,1194464,ef3ee875725d3b034df816665f2f4ece2c90a979bc419554de1e4193fe57595c
data/unzipped_genomes/streptococcus_mitis/ncbi_dataset/data/GCF_001281025.1/protein.faa,695612,d738f180a30257826e26e3159e7a6b30558abbb7909938bb6b9e04ab56c47001
data/unzipped_genomes/streptococcus_mitis/ncbi_dataset/data/GCF_009730515.1/GCF_009730515.1_ASM973051v1_genomic.fna,1892301,9dbfa28dd890df9cdf0b41564e3a2cd31c47b21fb016be26082daba3b8284a8a
data/unzipped_genomes/streptococcus_mitis/ncbi_dataset/data/GCF_009730515.1/genomic.gff,1156390,54e7550ed9729691ab7337499ea4ba50a754db0b310ac631c2cffa87d01f56f5
data/unzipped_genomes/streptococcus_mitis/ncbi_dataset/data/GCF_009730515.1/protein.faa,686393,07b1aefcd05abf5fe773ef57d50be96b1e35a971745653ffdf849377279b6ef9
data/unzipped_genomes/streptococcus_mitis/ncbi_dataset/data/GCF_013305725.1/GCF_013305725.1_ASM1330572v1_genomic.fna,2113126,437097bbbd5c1d09a9f7829cda2330b3ab20e2fb98d569bdcbadb1518311e27f
data/unzipped_genomes/streptococcus_mitis/ncbi_dataset/data/GCF_013305725.1/genomic.gff,1258852,fe049f8922045f6239b521f8d73db51e0af9eb355dfa4aad993c9ed19aee4f4a
data/unzipped_genomes/streptococcus_mitis/ncbi_dataset/data/GCF_013305725.1/protein.faa,756328,41974d3c8fda7dad54243fb0af50a0dc5e39e3095b61ca1322ee2be1aac6034e
data/unzipped_genomes/streptococcus_mitis/ncbi_dataset/data/GCF_018603625.2/GCF_018603625.2_ASM1860362v2_genomic.fna,1989844,e59b9802adb65bad124dda025d38b2360211f79efe74664510a46a81ccf936de
data/unzipped_genomes/streptococcus_mitis/ncbi_dataset/data/GCF_018603625.2/genomic.gff,1200433,8d1d570f8b5a287d2b81d69e2f7840e26498d87d10c225a1d4ecb8f9c6a1164e
data/unzipped_genomes/streptococcus_mitis/ncbi_dataset/data/GCF_018603625.2/protein.faa,721875,bea79c72e94a032bcc977a8c2c24a045a794e1f8077bfbcc9af1ab2411b190c3
data/unzipped_genomes/streptococcus_oralis/ncbi_dataset/data/assembly_data_report.jsonl,21256,e004e0a873951beb9e31b2fc020b5e75c99b027ed44bc2701c9683dc9bd41cd3
data/unzipped_genomes/streptococcus_oralis/ncbi_dataset/data/GCF_001983955.1/GCF_001983955.1_ASM198395v1_genomic.fna,1991585,5f504a35bc93bd99c0d7b868de4942bd8f1d0f24ceb4e4bf4d5d7c1fbf7dc1e6
data/unzipped_genomes/streptococcus_oralis/ncbi_dataset/data/GCF_001983955.1/genomic.gff,1223145,7477cf5583f7c155727fa01c59dccea4f228d150740aaf08360cf700d4a4eaea
data/unzipped_genomes/streptococcus_oralis/ncbi_dataset/data/GCF_001983955.1/protein.faa,724991,e8ec0d13ddd309fc093291fcecce18f733d7f93b1da03f8cba49b8a7fdbe9f9a
data/unzipped_genomes/streptococcus_oralis/ncbi_dataset/data/GCF_002386345.1/GCF_002386345.1_ASM238634v1_genomic.fna,2078959,8a2def7e4d1f579fb8ee0d7968b18eb437fc3f8906878602fd6893f6e9aa5ea4
data/unzipped_genomes/streptococcus_oralis/ncbi_dataset/data/GCF_002386345.1/genomic.gff,1261773,460b467271d96839626da47d15fb397094c580c2430629ea7da1861b3210e2b7
data/unzipped_genomes/streptococcus_oralis/ncbi_dataset/data/GCF_002386345.1/protein.faa,761161,d17ddc37755a2f06221376b37f3ac9ea0214fe9c8f5bc4143d9c7da029d11c5b
data/unzipped_genomes/streptococcus_oralis/ncbi_dataset/data/GCF_007475365.1/GCF_007475365.1_ASM747536v1_genomic.fna,1950717,9621bc36410dd246b7848084c82e694af0ef1420111d18906b68dc981d475f31
data/unzipped_genomes/streptococcus_oralis/ncbi_dataset/data/GCF_007475365.1/genomic.gff,1193932,3264c44c22a9fbc9de6ad97f3e7895b94550995a02dd14357aa512cea09c11d4
data/unzipped_genomes/streptococcus_oralis/ncbi_dataset/data/GCF_007475365.1/protein.faa,704195,42498237a7af571df8b0f3c56b76b0e3423e1730084f3c885de25f5198c7161a
data/unzipped_genomes/streptococcus_oralis/ncbi_dataset/data/GCF_016028175.1/GCF_016028175.1_ASM1602817v1_genomic.fna,1937789,2a967d9f07ae8c24217abee7d0c00b86c780a2e531c554fa66c86251abb40ad4
data/unzipped_genomes/streptococcus_oralis/ncbi_dataset/data/GCF_016028175.1/genomic.gff,1211944,90d66a61083bc8c6edd84f6dd3035951d6ebad3dada85d8cde397bea27a97cac
data/unzipped_genomes/streptococcus_oralis/ncbi_dataset/data/GCF_016028175.1/protein.faa,701464,6a5eee483456ea84a00d1c0ec3d60eb5e0360b7b35e836396ca03911aa35d801
data/unzipped_genomes/streptococcus_oralis/ncbi_dataset/data/GCF_016028255.1/GCF_016028255.1_ASM1602825v1_genomic.fna,2049712,4f4f6b1505c15416798304921bef3ba316fb6a95e8086dc4cb6ac6d4bb0b67c3
data/unzipped_genomes/streptococcus_oralis/ncbi_dataset/data/GCF_016028255.1/genomic.gff,1260486,7601033b133f38e1eb4228dddd984b03d50d09111548f8ee01f455ed9e79c78d
data/unzipped_genomes/streptococcus_oralis/ncbi_dataset/data/GCF_016028255.1/protein.faa,737092,3d7627c5a42246564529facaa7e36c810ae29e7f670b66a2a02dfb1b8cff22fb
data/unzipped_genomes/streptococcus_sanguinis/ncbi_dataset/data/assembly_data_report.jsonl,19710,b4a2d7dd7d8850dba52b87314cb0192f3db352dd9cdbb323c2b21ffce21c9c9c
data/unzipped_genomes/streptococcus_sanguinis/ncbi_dataset/data/GCF_013343115.1/GCF_013343115.1_ASM1334311v1_genomic.fna,2388419,d30c231346b0bc407f52cdcc25878e3770a706bd84b1d24154925f3d29ccc29f
data/unzipped_genomes/streptococcus_sanguinis/ncbi_dataset/data/GCF_013343115.1/genomic.gff,1464341,060ad809bfa62dd68e0bc40bc7406d9769ca6ea2972f5e35a18538d88a4ccdb7
data/unzipped_genomes/streptococcus_sanguinis/ncbi_dataset/data/GCF_013343115.1/protein.faa,863933,4477cb185a3858c4cf8987403d255398ee35c74889965f9867f5b521a0558ac6
data/unzipped_genomes/streptococcus_sanguinis/ncbi_dataset/data/GCF_013378355.1/GCF_013378355.1_ASM1337835v1_genomic.fna,2371930,3df2fed6f667641d4abda41dbb43a480f83a7cc72e89142f2d4a2ae04f44b835
data/unzipped_genomes/streptococcus_sanguinis/ncbi_dataset/data/GCF_013378355.1/genomic.gff,1486937,bc0c557300972a0cccafeed5a1057f09d1813a386eba76fafad94127a4284b7f
data/unzipped_genomes/streptococcus_sanguinis/ncbi_dataset/data/GCF_013378355.1/protein.faa,812580,7f86e1b361acce0929cf9faf09a7bedfde1b466d0e5f9bb1b3ac3edee193c468
data/unzipped_genomes/streptococcus_sanguinis/ncbi_dataset/data/GCF_050220005.1/GCF_050220005.1_x_genomic.fna,2384340,2f1fab7dbc388b4a19681cdf9417f4e5fd729d48a2ba298baa4c242b66dcc31d
data/unzipped_genomes/streptococcus_sanguinis/ncbi_dataset/data/GCF_050220005.1/genomic.gff,1460944,4fd9d77255e7d01e0c830d422481ffe2ef2e0b97d33ff995d25faedc3b31e51f
data/unzipped_genomes/streptococcus_sanguinis/ncbi_dataset/data/GCF_050220005.1/protein.faa,870184,09641f7efb50a93a95320ca22f40cf773259c78f14df49289f5dd1cb9945e5c0
data/unzipped_genomes/streptococcus_sanguinis/ncbi_dataset/data/GCF_050220455.1/GCF_050220455.1_x_genomic.fna,2427301,598d562197078b395cc8c23a2e86be55eb1ad52a0cfec0d716403a217eff66f6
data/unzipped_genomes/streptococcus_sanguinis/ncbi_dataset/data/GCF_050220455.1/genomic.gff,1501820,c140de611daf814d905d2fb3165195aacab43ecc827d159f53d12ef5e1687078
data/unzipped_genomes/streptococcus_sanguinis/ncbi_dataset/data/GCF_050220455.1/protein.faa,883756,ec55c2c7c7994dbe77d5c023d7c42c1787fb0387e9006cb1692e0cae101114c8
data/unzipped_genomes/streptococcus_sanguinis/ncbi_dataset/data/GCF_900475505.1/GCF_900475505.1_42925_G01_genomic.fna,2325726,d85a95c090d340a7954c6cf60a6fd877ccfad94d36896738d003927ead127e91
data/unzipped_genomes/streptococcus_sanguinis/ncbi_dataset/data/GCF_900475505.1/genomic.gff,1523179,b005d64e8ff31f89321634015e2ff8b39c76b85a6c56530d7e408fc7600f39c0
data/unzipped_genomes/streptococcus_sanguinis/ncbi_dataset/data/GCF_900475505.1/protein.faa,846097,a4c2b85560080ed9024833d83a395c6eb354835d5151bd9fc160ce5d26d139e9
data/unzipped_genomes/tannerella_forsythia/ncbi_dataset/data/assembly_data_report.jsonl,9838,206413e69864e42480b79f92c103501ac46dc28bae7de32b205f2f4e26d15569
data/unzipped_genomes/tannerella_forsythia/ncbi_dataset/data/GCF_000238215.1/GCF_000238215.1_ASM23821v1_genomic.fna,3448149,0adc5a2b06b9b3965d283e6c1219ccdf794d1c9945e4dbaf84e1e8c73cc98a45
data/unzipped_genomes/tannerella_forsythia/ncbi_dataset/data/GCF_000238215.1/genomic.gff,1804364,0e22f44d370992171fe7391643adb6e34fc79bf1b44d2ae41751d91b31029bd4
data/unzipped_genomes/tannerella_forsythia/ncbi_dataset/data/GCF_000238215.1/protein.faa,1184265,6a5a47a5c8d0a085f365a85a96e7fe86240ec3c6319a3c8b90067afd79cfb214
data/unzipped_genomes/tannerella_forsythia/ncbi_dataset/data/GCF_001547855.1/GCF_001547855.1_ASM154785v1_genomic.fna,3435467,4570bd50b18bcf9a410a42518eea59b465ee368986f06d45a6b0cb9ce90df2df
data/unzipped_genomes/tannerella_forsythia/ncbi_dataset/data/GCF_001547855.1/genomic.gff,1763789,d56925db590c9a8f84055d778fcada94502e76622abd5f72a5447de68636af7a
data/unzipped_genomes/tannerella_forsythia/ncbi_dataset/data/GCF_001547855.1/protein.faa,1184835,a080054358275e0e41113f86368bd756e92238e0bff61ce8e098c624843d8abb
data/unzipped_genomes/tannerella_forsythia/ncbi_dataset/data/GCF_001547875.1/GCF_001547875.1_ASM154787v1_genomic.fna,3392878,0596e81e3c88d0db95c39fcb8bccd067b93840e781903f63fd0a27b7c29a06c0
data/unzipped_genomes/tannerella_forsythia/ncbi_dataset/data/GCF_001547875.1/genomic.gff,1746314,f801ce49f7e76bed8501da0dccec98a0cbb562199aaffc32fb3ffd58f76eacba
data/unzipped_genomes/tannerella_forsythia/ncbi_dataset/data/GCF_001547875.1/protein.faa,1163662,7c8cf27aaf806d38cd23ad839fdd1eb0f456721c28c3779f77cdbe507cb07913
data/unzipped_genomes/treponema_denticola/ncbi_dataset/data/assembly_data_report.jsonl,21818,dc09e4fdd7bd1dde4b0f09e7399d8c5fb4100be32b17d19f6218d125773b6dc2
data/unzipped_genomes/treponema_denticola/ncbi_dataset/data/GCF_024181405.1/GCF_024181405.1_ASM2418140v1_genomic.fna,2784027,1108d888ce661b51c67cce2fab99995764373d8d45bcc70a71619797d2ceee75
data/unzipped_genomes/treponema_denticola/ncbi_dataset/data/GCF_024181405.1/genomic.gff,1577127,05dc8bae2d43c3e8415d2b9cd5c9e1b2c028316e4cb098d2e267c50279b684ba
data/unzipped_genomes/treponema_denticola/ncbi_dataset/data/GCF_024181405.1/protein.faa,1025948,1c29370b05aa82a0da32006cf81eed324296f9e6169f788a47d948b6f942b678
data/unzipped_genomes/treponema_denticola/ncbi_dataset/data/GCF_024181425.1/GCF_024181425.1_ASM2418142v1_genomic.fna,2877315,260199744cf5100ec584e996a7108b8c06b3e77a28e047616d97569ce6208ec6
data/unzipped_genomes/treponema_denticola/ncbi_dataset/data/GCF_024181425.1/genomic.gff,1621176,07d5cad2ccb1f94447c8ee3872bc5b282bb8b4b1cadada599be057ee2acefccc
data/unzipped_genomes/treponema_denticola/ncbi_dataset/data/GCF_024181425.1/protein.faa,1049880,47fe97c0f3e1b54cbf7f42fd64902f660f3471f80b298f2e03bed2feb2a6dc7d
data/unzipped_genomes/treponema_denticola/ncbi_dataset/data/GCF_024181445.1/GCF_024181445.1_ASM2418144v1_genomic.fna,2928689,b7e3e3b9d09d278f0cd44d3f60081f4cf9009b60f4c7f09bbbbd4eef81fd8461
data/unzipped_genomes/treponema_denticola/ncbi_dataset/data/GCF_024181445.1/genomic.gff,1660063,b5f8e8bc0fc73ddc04249863636c085ff71c61da9dfefcd1d929a9087ee674f1
data/unzipped_genomes/treponema_denticola/ncbi_dataset/data/GCF_024181445.1/protein.faa,1063737,1e0831c5822ff84388382fa97a4609c81d732533892513aff503680e3db5c2de
data/unzipped_genomes/treponema_denticola/ncbi_dataset/data/GCF_024181465.1/GCF_024181465.1_ASM2418146v1_genomic.fna,2762569,b940515ab4a1abcb2eb5b56530a8f1780ee1b5506d401070a29d807d6c181f37
data/unzipped_genomes/treponema_denticola/ncbi_dataset/data/GCF_024181465.1/genomic.gff,1560434,b03a52b738d1713d08997764de51802aacb640e87205fe4539f22a50959269cc
data/unzipped_genomes/treponema_denticola/ncbi_dataset/data/GCF_024181465.1/protein.faa,1007854,40c826207a0ab241132dc40c402a04e67dea001e2150b5627c9d590ac9e877a4
data/unzipped_genomes/treponema_denticola/ncbi_dataset/data/GCF_024181485.1/GCF_024181485.1_ASM2418148v1_genomic.fna,2918763,5e2234ac03c1cb757ad36f10d1d73d049c5f02b32870bf57fafa492caddf048e
data/unzipped_genomes/treponema_denticola/ncbi_dataset/data/GCF_024181485.1/genomic.gff,1678655,4cd672747cb96b2946eecdafe5644aeed4d8651b134d43cd0e0a86d7aa4246e9
data/unzipped_genomes/treponema_denticola/ncbi_dataset/data/GCF_024181485.1/protein.faa,1076588,8101fbe26e55c7e2121c21d632c0eb174bea31308c774a2a6892066705e2c09d
data/unzipped_genomes/veillonella_parvula/ncbi_dataset/data/assembly_data_report.jsonl,19215,dd4324e340612de97620c9266d23f592c1d4f9447c815d878206ba0779682e78
data/unzipped_genomes/veillonella_parvula/ncbi_dataset/data/GCF_002005185.1/GCF_002005185.1_ASM200518v1_genomic.fna,2205828,e7afb060bde8c9b5ee99c110f28ff97800190fec69c6b4e8876064cfdc36655c
data/unzipped_genomes/veillonella_parvula/ncbi_dataset/data/GCF_002005185.1/genomic.gff,1236708,338fc0b5ff7a0d0231f1277c3ce0a601c056551ac21dfbcf4c7d2173f4ebb4c3
data/unzipped_genomes/veillonella_parvula/ncbi_dataset/data/GCF_002005185.1/protein.faa,782792,b36df4a62896c729caeaddd61b97cccb94b69f21cc36854935f5867e8cb56499
data/unzipped_genomes/veillonella_parvula/ncbi_dataset/data/GCF_016127175.1/GCF_016127175.1_ASM1612717v1_genomic.fna,2159037,fc7658c81409fdbabb9cf7cb8f8214520d99872ec138f0ee24207deceba9eeb0
data/unzipped_genomes/veillonella_parvula/ncbi_dataset/data/GCF_016127175.1/genomic.gff,1235809,153e7b372e9a1ddf7cb3a286efff2d6f0196c37fb3b48c537926fdf408833fe4
data/unzipped_genomes/veillonella_parvula/ncbi_dataset/data/GCF_016127175.1/protein.faa,762662,fdf82dbccb13f0a2e2af0d6e89934e390c485531d8149dae9247e55ca8310a10
data/unzipped_genomes/veillonella_parvula/ncbi_dataset/data/GCF_031190775.1/GCF_031190775.1_ASM3119077v1_genomic.fna,2208973,c8ca3f46b439fef8aa7f4c7fc5014ae8da0983cf0852cfe85180cb6c02622eb8
data/unzipped_genomes/veillonella_parvula/ncbi_dataset/data/GCF_031190775.1/genomic.gff,1289527,42eca29d8cfbd59cbfb360fcea8b7af305d794569b8bc9a2ff5796750eac3b32
data/unzipped_genomes/veillonella_parvula/ncbi_dataset/data/GCF_031190775.1/protein.faa,786307,cefe323d085f07be8dd3ee43ded746d0283a4e1477cb2c555945f9eea3a92d45
data/unzipped_genomes/veillonella_parvula/ncbi_dataset/data/GCF_036456085.1/GCF_036456085.1_ASM3645608v1_genomic.fna,2241232,d215a04bc027e5b4d930fa07849f3ceedbcae1be5f154a44d07b496d5a91f13e
data/unzipped_genomes/veillonella_parvula/ncbi_dataset/data/GCF_036456085.1/genomic.gff,1327762,e3a2cdcdb11a94d0a1d4454668227bc1038f197609443c1ef6a494ade3a06b84
data/unzipped_genomes/veillonella_parvula/ncbi_dataset/data/GCF_036456085.1/protein.faa,803314,2ee4740bf6e76d286b2a5c296819e6f85ca7904d94a5ca171b528e4a0055cac0
data/unzipped_genomes/veillonella_parvula/ncbi_dataset/data/GCF_900186885.1/GCF_900186885.1_48903_D01_genomic.fna,2158878,c8c6451f79229f81fae92f8b8a8c836650dadb1161ed8ab39a8296bc3501bf19
data/unzipped_genomes/veillonella_parvula/ncbi_dataset/data/GCF_900186885.1/genomic.gff,1321867,0fdade67448a5d9c34beb205afeb8885d1a553c3833ad7621ea9410bbebd0dd0
data/unzipped_genomes/veillonella_parvula/ncbi_dataset/data/GCF_900186885.1/protein.faa,762529,d4a783ef35422864c5cc58e289ca1e1ef75de2eeb395d0299818bf37c1100add
environment.yml,424,1087b004080b05ae3ab19a51b0434295f0ae3784e37ae603ab285008a784bc5b
logs/actinomyces_naeslundii_GCF_016127855.1_amrfinder.log,902,75ebec6c3327fab7060acf148708f46326b316f5ff354f1d5c32b50581a9e644
logs/actinomyces_naeslundii_GCF_016127855.1_bacmet2.log,411,823d4e512c9369cd59dcdf8cd9dbdc6d89bf45c20c0a3cc237781b9a7ed9d948
logs/actinomyces_naeslundii_GCF_016127855.1_card.log,407,ee785741ede2b666fabc69981b10f2408915ae827508f08c2d2b959239c56cac
logs/actinomyces_naeslundii_GCF_016127855.1_plasmidfinder.log,416,a2f25110125ee027217113b0e003257231d404a26e6fe80461aa3b1c027ca905
logs/actinomyces_naeslundii_GCF_016127855.1_resfinder.log,401,59844c220547e36167243e3cde10d35d596074b2c7767a71f58f25558c05f542
logs/actinomyces_naeslundii_GCF_016127855.1_vfdb.log,421,54b0b305e7d352cf843850e4fbe65e8ab33e1d0c424ae3c443cf05ae52c0b76e
logs/actinomyces_naeslundii_GCF_016127855.1_victors.log,426,edc58662662f805bfda2a3dd48c13849a23659e731fbb4a194a0103aa669fd93
logs/actinomyces_naeslundii_GCF_963265035.1_amrfinder.log,912,601b43b7c1c5f90aa7dc5c80979be540e76e7e4403183cf32b1d4e1ddc05170f
logs/actinomyces_naeslundii_GCF_963265035.1_bacmet2.log,422,408498265d6391174b93ce2041cfd0727a0c2c07291dd680db300fafb3328a4f
logs/actinomyces_naeslundii_GCF_963265035.1_card.log,416,d17e2cd46d39715f7608c29290f0445e97890ea30cf35f1e6a0a8917da25c8dd
logs/actinomyces_naeslundii_GCF_963265035.1_plasmidfinder.log,449,5637d020771c44bba0786c086ca2cd7ba9497231a0e2ad749bfa0872480f1ec6
logs/actinomyces_naeslundii_GCF_963265035.1_resfinder.log,446,657d74c0c1553e28d14bb9921977146cb8463b03714ac7346579b0d0735068b5
logs/actinomyces_naeslundii_GCF_963265035.1_vfdb.log,441,dc55dd83e3317cecb1027c9d6e678f26c2966aa31bae2f7df5fce3772f9c57f9
logs/actinomyces_naeslundii_GCF_963265035.1_victors.log,444,7fcf1b9f069780bc49d6ba804e073c1b3c9244326f5a291d80b59119e8044a51
logs/actinomyces_naeslundii_GCF_963340285.1_amrfinder.log,896,cee2b388a9130336816f1a198628804bd87cb37bb8ffe9c438c563715e4eaea3
logs/actinomyces_naeslundii_GCF_963340285.1_bacmet2.log,390,55b811003bccbf33c5b041bf609251ef846ace8d6c59c8fc418c7daeda934a58
logs/actinomyces_naeslundii_GCF_963340285.1_card.log,384,7d08488c15f3c05ffd25708c222b6bc3bcf639bac69e2f313ff535041be2b4e8
logs/actinomyces_naeslundii_GCF_963340285.1_plasmidfinder.log,413,daa9fb981c0c1e6d4bc35576fa9a829575892bae0d243161cb1d30c5060158a3
logs/actinomyces_naeslundii_GCF_963340285.1_resfinder.log,389,6b680f2a8f293c8e72b8d28300c783ffe22502ab8fc2f0b3e32304b10897a24e
logs/actinomyces_naeslundii_GCF_963340285.1_vfdb.log,396,2fb65ebdc8020e12a084809c4072ddb3f4db7857fef2de08062b88a5c02bbb38
logs/actinomyces_naeslundii_GCF_963340285.1_victors.log,412,f2bbb338072053976537ccdae21ece7e8913d2ff694b2498b8535a1331c1ab4e
logs/actinomyces_naeslundii_GCF_963340415.1_amrfinder.log,896,73f531dbee047660d5b6e870b102921e69f6b92f767b64ea14dfb97bac467fd9
logs/actinomyces_naeslundii_GCF_963340415.1_bacmet2.log,413,414dba95ff523754f8a89762a29b1e584cdced94a4c40bc95e2599beb8f5cb79
logs/actinomyces_naeslundii_GCF_963340415.1_card.log,386,cb83a9df4810701a9a93381eeb93c63659b535cf6b7256ba1e1d8940fd568246
logs/actinomyces_naeslundii_GCF_963340415.1_plasmidfinder.log,403,275b89289b0f10623062a79383b537e4777ca06388dc55fb19fc9d623d3baea5
logs/actinomyces_naeslundii_GCF_963340415.1_resfinder.log,401,4d20cd4048a37e151dee9590539931ce83b0348c20f3e81d97f370d5bd452fb5
logs/actinomyces_naeslundii_GCF_963340415.1_vfdb.log,386,41db2612de16f1270a5d6b2bf48adcca0fb207bc725290183c6e018cc0e6fda1
logs/actinomyces_naeslundii_GCF_963340415.1_victors.log,389,539db04964767a84c7ae4cb6731464268daa62a5251c0d55e9813e07df390a1b
logs/actinomyces_naeslundii_summary.jsonl,15838,9c0ab61d69f3b828facde2f2f98ade20daed06fed5553f350cb61b02c91cbd45
logs/corynebacterium_striatum_GCF_002156805.1_amrfinder.log,909,f7a843edb674db6e812dbb538d4494b95a676b2063fef6f9e4ca264000c7fac2
logs/corynebacterium_striatum_GCF_002156805.1_bacmet2.log,403,5a163116721b18a7ae26da3e6b9c73c47955e6da3b4654b749d43a72ad759cbd
logs/corynebacterium_striatum_GCF_002156805.1_card.log,423,ac1e9d176717cd3db82bdec8396cc4b4c2b9f3a816491f3956a496506ec2d4d1
logs/corynebacterium_striatum_GCF_002156805.1_plasmidfinder.log,406,9270367b1a262811506840b3198e8474415760c88040b4495dfdba70027acca3
logs/corynebacterium_striatum_GCF_002156805.1_resfinder.log,425,1f12f5e25eec8ac39e5eec63208443c0aa3bffd3b7e7112006b3b1af0775faf3
logs/corynebacterium_striatum_GCF_002156805.1_vfdb.log,409,37baeaa158b3f9e5750808e75b326f5fce2d31eb7e17d69120cc7160a4501ffb
logs/corynebacterium_striatum_GCF_002156805.1_victors.log,423,3984655bd8e5dea0c77ba464d648ae9dc6441ec002c2a70c5ae0d382ccd89fd6
logs/corynebacterium_striatum_GCF_002803965.1_amrfinder.log,909,c47e0c4a2af47ddb160165861ab316ff716a10d6b28339ad432774a9a6c27f86
logs/corynebacterium_striatum_GCF_002803965.1_bacmet2.log,413,085d9e452223461f640226691e1fb3c26dfd67b0b0da6fea25195371ea775ff3
logs/corynebacterium_striatum_GCF_002803965.1_card.log,420,5ab23a4779e658b549e0e77c75761fbf2cc39824a339b3472a97404018b9fc57
logs/corynebacterium_striatum_GCF_002803965.1_plasmidfinder.log,431,69e596df20f3472c8e864b18d7028e86bbb6777f59002ac4a96f6f69f2cb4ccd
logs/corynebacterium_striatum_GCF_002803965.1_resfinder.log,403,e08a38b9d085aaa62c6916c43ff5292f20688f033d1e9bbb38bf6ba8e07c307d
logs/corynebacterium_striatum_GCF_002803965.1_vfdb.log,419,d71e5b8854dd21102d47270c9218f8bf2a5b4401f3ab43bde37f4402aac7bd7c
logs/corynebacterium_striatum_GCF_002803965.1_victors.log,428,8bcba0799bac2e49066a3f02059987943dff6df434e2e8f82273e1c23b94e008
logs/corynebacterium_striatum_GCF_002804085.1_amrfinder.log,909,d1b2b7bfab7c7155a29dc79d946814f5a87c2dcd76e1bfee89fcfc82880aa741
logs/corynebacterium_striatum_GCF_002804085.1_bacmet2.log,424,cf9ca4faf266347e12f450114cfc2b72311ad22c510dfe0a0b3698680d2eaf01
logs/corynebacterium_striatum_GCF_002804085.1_card.log,423,efcd680437724112761daa6e878412c1f0507878bda39fa44d3a5d6a4d3f5f42
logs/corynebacterium_striatum_GCF_002804085.1_plasmidfinder.log,408,99a3f13468d10c4021df5049b8b32a8003e37079d2b798e33dd6e754bcd6f6da
logs/corynebacterium_striatum_GCF_002804085.1_resfinder.log,415,1f55729c1e820fcd625924263633b5796c68ffefb491c8a1bb5f7b163a2122d9
logs/corynebacterium_striatum_GCF_002804085.1_vfdb.log,423,46ec0c78caf14184e66ae096906e7e137c0249fe046e3fe3a2373ba988986a33
logs/corynebacterium_striatum_GCF_002804085.1_victors.log,426,ac9d82cdffffbd24a4587baa47cb17275c8059f97de9696987583717cbff6860
logs/corynebacterium_striatum_GCF_016728105.1_amrfinder.log,910,1b06676dd9c10cd05861e1af28c0d5da93a218f318d0de940338fefd7135db1f
logs/corynebacterium_striatum_GCF_016728105.1_bacmet2.log,428,fb90dc12150428f93e4ba855e5cf88cb83bf18be9cf54aeae3018bd38225c755
logs/corynebacterium_striatum_GCF_016728105.1_card.log,402,d65b29980cc59612fc37b3c09eb9b77004a7c7536eeaca4919ed9e2619592b5a
logs/corynebacterium_striatum_GCF_016728105.1_plasmidfinder.log,433,2e215ed1510873966e518bad3a3a623310c51a502c36de5cba86310989c0c104
logs/corynebacterium_striatum_GCF_016728105.1_resfinder.log,427,0c6e3aa3ce8df98e321cfc9649efc5f9c850c171c7518bbeaa0f2b02b5e4f7a1
logs/corynebacterium_striatum_GCF_016728105.1_vfdb.log,400,6e0cfcc20ea328079bd9d25ee06fd653be31a2176944a7c28c2352630eeae041
logs/corynebacterium_striatum_GCF_016728105.1_victors.log,428,c30dc54eaabd6c01687c18ae4cac01c7bbac9d1d325ea9f7e34fcf9555743f4e
logs/corynebacterium_striatum_GCF_016728205.1_amrfinder.log,910,a4d8189f56045e815e86b8960210ba6e1d081f5d27d6fbaad13b24f9181ec011
logs/corynebacterium_striatum_GCF_016728205.1_bacmet2.log,415,8168bfb8d7bd716fad2174283e99e63c259b4d4f5c11ac13e49e0a92b8292fb9
logs/corynebacterium_striatum_GCF_016728205.1_card.log,422,9fcbcbea8d5a04e8f4fd27cfe1806e23f4bc4cd7eede08e5481e1f00082767af
logs/corynebacterium_striatum_GCF_016728205.1_plasmidfinder.log,435,771030f9df0c1aa492b8d7ed3234b34580044fe5fae383ace9a1a4bfc96d2bee
logs/corynebacterium_striatum_GCF_016728205.1_resfinder.log,430,401cdd394ec7e4e708e4ba8506568615433c0da40e03aee6a351683566b73efe
logs/corynebacterium_striatum_GCF_016728205.1_vfdb.log,421,3598c155ed9e74688a78843ac63d6f569a2a4f259bc802ee21276b8ddf29b8b9
logs/corynebacterium_striatum_GCF_016728205.1_victors.log,425,35b87656930be2f16137310993f21c052e5d242367bf31cdb8df7cfc2d266ce0
logs/corynebacterium_striatum_summary.jsonl,25435,5e6434b58f0afba4d8047c84fa9c1d8390c0ea6278289052e927342f8c207b82
logs/cutibacterium_acnes_GCF_001281065.1_amrfinder.log,889,a143f0e268f7d7d07dd50c402c4106285239d7d7fe37970e1f906c9b162e9cc7
logs/cutibacterium_acnes_GCF_001281065.1_bacmet2.log,393,80c77d4362139d21f7243ab1e168e5e1f6fea4a836605dae87ac91d9b8c06f8c
logs/cutibacterium_acnes_GCF_001281065.1_card.log,400,c5a2c843ecfde1d275101b5bd3b4709fef8b4a03cc20b916e5408599716eb41d
logs/cutibacterium_acnes_GCF_001281065.1_plasmidfinder.log,417,0ffd0fc61dec85dba82ec112159b2e759203c5a0335113705996cacb4d295f60
logs/cutibacterium_acnes_GCF_001281065.1_resfinder.log,418,301ffd6e30ec4fa3bd4fe5da78d94cfef0bb5697b0eb994a0ae5182bb047af06
logs/cutibacterium_acnes_GCF_001281065.1_vfdb.log,390,f9ef544d86034758876d42e06e2ae88afa3f7b099ba40d76feff1e7a217b9d74
logs/cutibacterium_acnes_GCF_001281065.1_victors.log,403,9b5f6aee6e317fb324d810459e14b026d408f9d7ae18e980685aa6989e8e725e
logs/cutibacterium_acnes_GCF_001469565.1_amrfinder.log,889,9e8c5cd97e7bec6cf7eda638abd665a0e76c63e376c98ffbf58a58975d286ecb
logs/cutibacterium_acnes_GCF_001469565.1_bacmet2.log,393,4ac07d89bcfc98591609267655ab35421e45755a7dcf53dcbcc89d212ac8b996
logs/cutibacterium_acnes_GCF_001469565.1_card.log,399,638717661f902ac2614c7b69f15c5af79c1f6a37b2ab09b66683dea7f8b29106
logs/cutibacterium_acnes_GCF_001469565.1_plasmidfinder.log,418,9638de3a38f1a71f98d07214a53902e42988518dbab6ff16e046663787dface6
logs/cutibacterium_acnes_GCF_001469565.1_resfinder.log,414,5d7f6ca10013e905ddc9c38b2c212b557fa595db2c71f87c302cd4297755572d
logs/cutibacterium_acnes_GCF_001469565.1_vfdb.log,413,f21c4e7f528095d7c0758ffee76501a86e953f9021316b627b0e999413b13097
logs/cutibacterium_acnes_GCF_001469565.1_victors.log,391,dfb0fb4b2365fae8276698aea8cd62580636d13dc9b73510c9443aeee183084d
logs/cutibacterium_acnes_GCF_001469595.1_amrfinder.log,889,8b4630d92b0ecbf426894f0de39ef14e427e81f08f033ccefde8252e63bba4ed
logs/cutibacterium_acnes_GCF_001469595.1_bacmet2.log,416,94592a4b1dd2f960aad3b092313e952aae068180e932bab84877fb5fe35ea974
logs/cutibacterium_acnes_GCF_001469595.1_card.log,400,ca8f31ac2efcdf2fd578dca2e42db092be7c0d8e6136975c049f8506d53dd2d4
logs/cutibacterium_acnes_GCF_001469595.1_plasmidfinder.log,396,30c945deefb31f144ae7b773ace5f4b37a2cc6248d849e3e5214a34278801b9b
logs/cutibacterium_acnes_GCF_001469595.1_resfinder.log,393,5131a3674b1f9e428e832d29df96eb6acb533fd816372ecb7f494b9c573e3929
logs/cutibacterium_acnes_GCF_001469595.1_vfdb.log,409,47a50abe2499b9c2d9288724918e7fd2cd70958074026019713ec69dd718b56a
logs/cutibacterium_acnes_GCF_001469595.1_victors.log,416,fa9c60543ff959e54f4a55af853e33cfb1a818f2013821a6918916fe6ed4b13a
logs/cutibacterium_acnes_GCF_001469615.1_amrfinder.log,889,8dbffc340b813be12e678583d4daa6240acfebe663c7014c34450ca0d878a380
logs/cutibacterium_acnes_GCF_001469615.1_bacmet2.log,412,7fadab1f1745ff4bd10a1c031c4e8a7383d8de5c455edba3f686cb9ce319f27f
logs/cutibacterium_acnes_GCF_001469615.1_card.log,399,c0533e614249e9dc5e24cd02da73ef06b623403c3fb7440a12fef7786e52942f
logs/cutibacterium_acnes_GCF_001469615.1_plasmidfinder.log,398,fbc1e04e52cbb2ae5362cf550d42b3f886906644c081a14fbd86f11853aa75cb
logs/cutibacterium_acnes_GCF_001469615.1_resfinder.log,405,3d69664f2f18db3410ca2d8d368bcca2bfa8bb36f4da0498322ee497743bd1bb
logs/cutibacterium_acnes_GCF_001469615.1_vfdb.log,413,09ea4e0b0dc473492a1d246ac5ef17eb1ab09f12ac68b1b900b2693caa6f5148
logs/cutibacterium_acnes_GCF_001469615.1_victors.log,391,aae9057a4dc0f1e356666d805c5ceebdd8695a174284311fa91d3c9ef698479c
logs/cutibacterium_acnes_GCF_001469655.1_amrfinder.log,889,9ed5d9e3ad8700ced1b6ccbd62f870488802640985257ec9685d32c4e4b7c369
logs/cutibacterium_acnes_GCF_001469655.1_bacmet2.log,413,a55365260f5048e634a3069068d00a48b60d99f6e4a7948f572cc5af1df630d5
logs/cutibacterium_acnes_GCF_001469655.1_card.log,413,c324f736cd1a2be2448a8f93db94ae4cd56e86b8f63259247c539b5b10095c43
logs/cutibacterium_acnes_GCF_001469655.1_plasmidfinder.log,408,223d2ece80d264bbbfdb5f9daa4e56572e4cfaaf752e0c72a80937451ea29599
logs/cutibacterium_acnes_GCF_001469655.1_resfinder.log,420,457b764a1e51fad5f42cbae819f0173b47c307fc142cfa4124719d679880da29
logs/cutibacterium_acnes_GCF_001469655.1_vfdb.log,409,993e48cf6e09dc5c0ed22c282d73b8f521edfaeb75df0ac6b1b58324ebe9a311
logs/cutibacterium_acnes_GCF_001469655.1_victors.log,416,3d106862eab845cfe8719cd49b27b8e48af872c4c4f74670f5ed0d9b3a19bef9
logs/cutibacterium_acnes_summary.jsonl,268773,f6c798ada3e388bf221becd1f2dcdd0108049e39d516cfc8d6e47519f7fa54d3
logs/enterococcus_faecalis_GCF_001598635.1_amrfinder.log,897,c3419b54b6ef29ead4e8e9e10f6faf5c61676b5a2a467bbeed1ff9a0ece2b8dc
logs/enterococcus_faecalis_GCF_001598635.1_bacmet2.log,421,e778bd3bebe07172c53772c92ace1e5ef78b2dc7fa61d90f37e794867e1350a4
logs/enterococcus_faecalis_GCF_001598635.1_card.log,392,05fa48daa03ffbe50ef625056c2038fc70dc574f2cb55e94a89f2b4a2f997645
logs/enterococcus_faecalis_GCF_001598635.1_plasmidfinder.log,427,6823b32e4e426054d7bbd174af2bc35b5ba102152d2237bd7a1ee1ed20626b42
logs/enterococcus_faecalis_GCF_001598635.1_resfinder.log,422,01abdc3be66542d2e3c64b1c3169400987573aa9c6bb4a8ab7e9e85f186aec1a
logs/enterococcus_faecalis_GCF_001598635.1_vfdb.log,414,d5cb4f9bfdb26f81938ec3fc9130fd4725abcc9d86cd024794f2f90f4cf14444
logs/enterococcus_faecalis_GCF_001598635.1_victors.log,398,a849d43c7e13ae6c6bac05302a1c88a1e4cc27ea86d277081958c2ff53043ebd
logs/enterococcus_faecalis_GCF_001689055.2_amrfinder.log,897,ffd86e1748648cd6f318a59d544ee2aa3725d1c08cd9052e199fafa21b15c348
logs/enterococcus_faecalis_GCF_001689055.2_bacmet2.log,418,406228611066e2f99ea9855dfe96ec9105d44879e5b5d6f414753255f63a5360
logs/enterococcus_faecalis_GCF_001689055.2_card.log,413,7ada7391b2b077a7cea9ce06228cb0c7b1a036df00bd06c8ad8c43915e34db61
logs/enterococcus_faecalis_GCF_001689055.2_plasmidfinder.log,421,f9e557c8c40f2d314a58cda985ad63b22e76770028a00838dfa044eb2e61b92d
logs/enterococcus_faecalis_GCF_001689055.2_resfinder.log,422,1b979c3f0c734084e8d00be7bf4d5031bb3ccbdd4c75664d596c96e12dd026e5
logs/enterococcus_faecalis_GCF_001689055.2_vfdb.log,420,5a4605e7ab13d05e17cf326ff214b86f163366789b257afccab71f4987ee0316
logs/enterococcus_faecalis_GCF_001689055.2_victors.log,398,554dae8c4564b7d80072ce26d094028b54b6b545f17444541452541b8a73a3ad
logs/enterococcus_faecalis_GCF_001989555.1_amrfinder.log,897,70f7d92cd91dd879d8c29ee2351e9ffa54fb5b1eb3557b86657402b0331e8108
logs/enterococcus_faecalis_GCF_001989555.1_bacmet2.log,407,d38d636a7166407ae09310ca39531a1a8a8525aa7ad54b00cba03598bbde10b2
logs/enterococcus_faecalis_GCF_001989555.1_card.log,405,ec2be7b27b796a6bba281e6d5df55cad384e76b9a69d820879cd15ff1680132d
logs/enterococcus_faecalis_GCF_001989555.1_plasmidfinder.log,400,18c22d9887fbbdfa40afc75d5c5b847db6c5fa23585c89f2e15efa81af61d507
logs/enterococcus_faecalis_GCF_001989555.1_resfinder.log,399,f6cf8abdd9bc51a215f4b0fc823b447759f09463c172a37a408578a92218153b
logs/enterococcus_faecalis_GCF_001989555.1_vfdb.log,404,7ea77ae218d4d54ed813b3399c6ab51b1145716a7d5abbc855ff7390fcc5dab6
logs/enterococcus_faecalis_GCF_001989555.1_victors.log,398,ca9b9c4bdbe56539beba03f202c987591be593983a63781b2d77ee333c717af7
logs/enterococcus_faecalis_GCF_002163735.1_amrfinder.log,897,6ed2af3282b51c3e5066f6d156b54865f88ff20b65b6da84fcf034f342b32f34
logs/enterococcus_faecalis_GCF_002163735.1_bacmet2.log,421,113650648ea4778da94f67386d6e6a98a4735ed49b9f043b13fbc8c32a7ee4fd
logs/enterococcus_faecalis_GCF_002163735.1_card.log,394,560a8d2d3ebef6a3aa51dcf53c10e9127ef088bc55a799bd1b54d80eaf0e2955
logs/enterococcus_faecalis_GCF_002163735.1_plasmidfinder.log,402,d6fc3e2ce03f334881abdce18dc7ee3c10f5b34ed6b3c5e2e3f29fcf240027ff
logs/enterococcus_faecalis_GCF_002163735.1_resfinder.log,418,e8f6e3815a1bec14b47b81feea69933468363ef0aaa36545dad64db396449863
logs/enterococcus_faecalis_GCF_002163735.1_vfdb.log,404,c05185ccb2a36b735de257732227db4afd4c3455ae2891a3ca3e3b5cf4106b57
logs/enterococcus_faecalis_GCF_002163735.1_victors.log,408,487910da1c46c2f58744c05f63e1137664d8a48d0b008fef5c38684e5d26db87
logs/enterococcus_faecalis_GCF_002208945.1_amrfinder.log,897,81c488da7a0d76dde661e74444c3b4a1756b56e45feb032bd3a5347d2765129f
logs/enterococcus_faecalis_GCF_002208945.1_bacmet2.log,421,394c70f3225ef4869b41c8d28fc242e31e403a59bfe745982d31def3663a45b7
logs/enterococcus_faecalis_GCF_002208945.1_card.log,403,8ccfe42e4d12c8444f5977e8acac543632fa0ed08cc9ebc74bb4ced12d84d865
logs/enterococcus_faecalis_GCF_002208945.1_plasmidfinder.log,425,2d075d5ee65e9f0ecda7c21d6b92b880d8c08a07f70e674e733204dbd9b72025
logs/enterococcus_faecalis_GCF_002208945.1_resfinder.log,422,282bccf54ef611e6b563d85cdc4acc43c8ceead45e91839867188843e611ae20
logs/enterococcus_faecalis_GCF_002208945.1_vfdb.log,415,dd7e233d4784720271aa508ab186a0186a81586c56cae3e6c27d1e628b6ec678
logs/enterococcus_faecalis_GCF_002208945.1_victors.log,421,e0933ca3e5b1b11eeaadb29b49c7efc1b36ad3b69ac120efabf624741b4b0a84
logs/enterococcus_faecalis_summary.jsonl,1431252,22700390072e7c2a2bbca2b6c575c1745e5a79ffd978c10764727568e02b3b35
logs/fusobacterium_nucleatum_GCF_028621975.1_amrfinder.log,906,d7e43ac424c4a50d7e687e179182a08745b30f47f67aa72c4c684d1c080a467b
logs/fusobacterium_nucleatum_GCF_028621975.1_bacmet2.log,426,e8a077e894f470b51edcdeed6b80237f32e7f0c3f0d49f5fafc29559a4897380
logs/fusobacterium_nucleatum_GCF_028621975.1_card.log,419,c2cee384f0e034116509ba97b9fc1ef4b2c1972bedf632263975219527d018be
logs/fusobacterium_nucleatum_GCF_028621975.1_plasmidfinder.log,428,1776190fbcbdb3221fa94755438b110aeaf57ce4536b5f4bab0efdfbf18a143c
logs/fusobacterium_nucleatum_GCF_028621975.1_resfinder.log,424,1fe750393ca3fd478c1b40bcca1669b2618ed61565b5b69eb9111385724b7cd7
logs/fusobacterium_nucleatum_GCF_028621975.1_vfdb.log,400,308062696eccb331be0e9f3ed77051a13107e6079b23c7dd567988eb04e8f680
logs/fusobacterium_nucleatum_GCF_028621975.1_victors.log,403,c84dec5f585ed08e7ba5024ec5888d225ae53efc885dfa715dabdee0cf5d68bf
logs/fusobacterium_nucleatum_GCF_028621995.1_amrfinder.log,906,71a4ed7d23dcf899c1674e65788466df0b9f99798b490c485441183ed43d4ced
logs/fusobacterium_nucleatum_GCF_028621995.1_bacmet2.log,426,d5594a0b070799658e07b76c392c0418cae588d3b2da11f65a5179ccc1378d04
logs/fusobacterium_nucleatum_GCF_028621995.1_card.log,410,de41bd175934a69c5cd72bc740c153660578715c620179ce2b8865ca4244c24e
logs/fusobacterium_nucleatum_GCF_028621995.1_plasmidfinder.log,406,436de0c91ed1b201a7532da2feaa3992e1bd79151d359ee3b04ba1180040102b
logs/fusobacterium_nucleatum_GCF_028621995.1_resfinder.log,405,15ef38ebbe8d9f67f1940275e793132ec5eb2e6f95e08a5da051df7e6236be2d
logs/fusobacterium_nucleatum_GCF_028621995.1_vfdb.log,400,16bce0fb07c196bce5cc7d5afc32993ae6c326589de1f1e1be933ff1815424c6
logs/fusobacterium_nucleatum_GCF_028621995.1_victors.log,403,889b083c2da0bfcd40ee5d8381cfc17b06382845213bf2d8e907ce8aabe0d687
logs/fusobacterium_nucleatum_GCF_031191795.1_amrfinder.log,906,ae7367d449dd4b4ef92aa7d3bac7416f6c03e4f5733c66716c22085eac6cf589
logs/fusobacterium_nucleatum_GCF_031191795.1_bacmet2.log,428,da3196a6819e15936f3a23e343a57d857a97d271383d4c992afdb20cc835e759
logs/fusobacterium_nucleatum_GCF_031191795.1_card.log,423,46726ec9e671e45f64fe9be1687208eb2a988566dca3b53e5263ae21b18168a4
logs/fusobacterium_nucleatum_GCF_031191795.1_plasmidfinder.log,431,4031b7ee9a19a105b0fd0d592b8fac20d37b208da72a595fd73414c147a5684b
logs/fusobacterium_nucleatum_GCF_031191795.1_resfinder.log,424,9c9f7612f67469f8f4737c91b959936e62c63308cd77130d55de24273d8dad48
logs/fusobacterium_nucleatum_GCF_031191795.1_vfdb.log,410,53091928818a19a15ce916979648b524c54ab99dfbb16cf9ed4ef9d6fe63d751
logs/fusobacterium_nucleatum_GCF_031191795.1_victors.log,403,85f9100700860d8ae8740f961eb7570f9228c2bf049ac264c3e1f932a96d8499
logs/fusobacterium_nucleatum_GCF_037889055.1_amrfinder.log,906,b4f1e3ffb2199b35652b60e08d32fa602ecccb4aea4c1846db10252c78aa173e
logs/fusobacterium_nucleatum_GCF_037889055.1_bacmet2.log,428,8c4b2b16947258ac2b7749288ccdbfb0a277faa3c8e20a17c9b9fb36f857e3f9
logs/fusobacterium_nucleatum_GCF_037889055.1_card.log,398,9790dce98ee9b50606bb839e7aa5e6b36f6e15ff4f32a91fef26feb323b94104
logs/fusobacterium_nucleatum_GCF_037889055.1_plasmidfinder.log,431,f0b3435df91b7a534fe80992a1a2a99ca3fee51c2a5504a4e78797e1a0df1508
logs/fusobacterium_nucleatum_GCF_037889055.1_resfinder.log,405,75289352e8f0f504fae2b0fdf4e4b550d654f6c4b6e1ac63abc402fe133bd5dd
logs/fusobacterium_nucleatum_GCF_037889055.1_vfdb.log,409,22580462ef9968caed255f61bb3a22ccd3aaeeb8ae5db9d3b6cf3f4eb26d8810
logs/fusobacterium_nucleatum_GCF_037889055.1_victors.log,403,5b6cb9bf17dd7a2d6b6d09e03d8286671bf72d7c62ced576265c88be9e5d5f8e
logs/fusobacterium_nucleatum_GCF_037889065.1_amrfinder.log,906,b272973594282887e3fc2eb5794a79d417e1c9493249e548dee100467b12aaca
logs/fusobacterium_nucleatum_GCF_037889065.1_bacmet2.log,423,2468519bcfb796d9834b662c4a4b150c5536d939091775bc637b83fa168bf007
logs/fusobacterium_nucleatum_GCF_037889065.1_card.log,419,d1eaf29a9ac46591ed2d8bf3cf518e4a97db9f12a963247e1ba52c9eaaf0d0df
logs/fusobacterium_nucleatum_GCF_037889065.1_plasmidfinder.log,428,5e92792407c84e80b54d0a84f589ef2f5b44207ae1dec31a4d0397cfd02c0977
logs/fusobacterium_nucleatum_GCF_037889065.1_resfinder.log,414,d6be0b2b46f9ee2e026c10ef1daa819c68cd0f97216e62e708b802c90e10620c
logs/fusobacterium_nucleatum_GCF_037889065.1_vfdb.log,400,6ce2e5c32b3d77188c3305fadc9d8b0a776be89d705abe267c07e456a253ffd0
logs/fusobacterium_nucleatum_GCF_037889065.1_victors.log,413,b9f4510b3b6b03716c56067288cc69b355fac33ddb238f1d6b4adfb3b52deb5b
logs/fusobacterium_nucleatum_summary.jsonl,202626,1cc7f0140f369e100eb11c0548bb761034a009349e8b418e6c9ec51cdeaff207
logs/porphyromonas_gingivalis_GCF_001263815.1_amrfinder.log,909,c64dbe45b08c126da2d2fc5b8b4440e5717e22d3d080b25bc3c28765269ea36a
logs/porphyromonas_gingivalis_GCF_001263815.1_bacmet2.log,426,6119c9a38d636a799f8cf28d681a1f51503681288ed8e7973b1694b4822e9ce0
logs/porphyromonas_gingivalis_GCF_001263815.1_card.log,423,7435d0764b025672ce3290c1f121c3d46d67b07b2bfef9ed957508372aa32a78
logs/porphyromonas_gingivalis_GCF_001263815.1_plasmidfinder.log,417,7c162ec3e2bc3887b25e19680179121e400cef0e54ad96d8510b633d73ad63f9
logs/porphyromonas_gingivalis_GCF_001263815.1_resfinder.log,428,eeb86351f77067a45dad100512db6bbf11c371d2913633b593d76a6905307c7e
logs/porphyromonas_gingivalis_GCF_001263815.1_vfdb.log,409,35ba1ea17843e87c441c9f0b1e20b5e12e28531a88a2952f2dc5f66067e0a4e6
logs/porphyromonas_gingivalis_GCF_001263815.1_victors.log,423,326b73872ebf968466a16c4ee00893f86ef86cc41485b10b052e3804830acd6a
logs/porphyromonas_gingivalis_GCF_002753935.1_amrfinder.log,909,4d7b9143ba0ffa93732f38476021a88ae14bc6b57f07e058b80f2d0b67f91a12
logs/porphyromonas_gingivalis_GCF_002753935.1_bacmet2.log,422,1dbecdec05db4cbb43a54146bca8595564b596d2be96f4effdc576f2da7ac451
logs/porphyromonas_gingivalis_GCF_002753935.1_card.log,425,bc68f8e829fba13bcab97ea102c80b1f64760cfb09511c301833a05777505a9e
logs/porphyromonas_gingivalis_GCF_002753935.1_plasmidfinder.log,406,de014ffde66d6b43ecaa0a94c88bd73fa34c7d4a3fe9b00d748ff371cb7f4f45
logs/porphyromonas_gingivalis_GCF_002753935.1_resfinder.log,415,ad73f599c950b84bcd38abf85a542cc2221be147a738165cabaf6da41096529d
logs/porphyromonas_gingivalis_GCF_002753935.1_vfdb.log,423,885bc9257211a6508c606cc654192cdb27a0ff9c52be97f13fbad944471499cc
logs/porphyromonas_gingivalis_GCF_002753935.1_victors.log,413,1862d6d113d2871bb5b171f56ec05395cedb8822cf754c3b2d35c48bd8e6af32
logs/porphyromonas_gingivalis_GCF_002753955.1_amrfinder.log,909,d5f0c79a96be4ccc5664220214a1585e82ba9d974a1c65124b4b6017871fe8f8
logs/porphyromonas_gingivalis_GCF_002753955.1_bacmet2.log,413,ea6e4e01a5101a09ecb74ec47c1042460d9724b751d2558794856828870b3d19
logs/porphyromonas_gingivalis_GCF_002753955.1_card.log,409,5f6d441bead76e2173e59a5748456a478a75a1177fdb9f88ec3e93375b1515e9
logs/porphyromonas_gingivalis_GCF_002753955.1_plasmidfinder.log,431,da24ad3f1248f70704dbca7ef41689c8238510fb828d9851684ba749adee8031
logs/porphyromonas_gingivalis_GCF_002753955.1_resfinder.log,424,b295e10aa2f31bc940d870a7cbdd420ff0e2fee601b378b60337e734bf3078a3
logs/porphyromonas_gingivalis_GCF_002753955.1_vfdb.log,423,654e3620c7b05fea6a58ca24c97b8ac3d93c3b5d720d8bfe2c9bd63060e22ba7
logs/porphyromonas_gingivalis_GCF_002753955.1_victors.log,426,2f95e12286761a8f9f1fef6dab4cb679d5966e5169e8cf63942b0a996902c75a
logs/porphyromonas_gingivalis_GCF_002753975.1_amrfinder.log,909,67b5bf81f75f4d0675b2e6af7c794fd426fd74028d76b835842c0d5dc85499eb
logs/porphyromonas_gingivalis_GCF_002753975.1_bacmet2.log,423,50dd860067ed63ed10c5651092584ad25d412a6924c7cec3ea86662f71b41405
logs/porphyromonas_gingivalis_GCF_002753975.1_card.log,410,64ac0244ab5ee71cba5c502c969a1a7a9fb7ed1719f2f3a1d2b9af3d82082457
logs/porphyromonas_gingivalis_GCF_002753975.1_plasmidfinder.log,408,62d2f0188f9e6a0047a83be3f913481aa394529f4874cf404a767b8431f24fa0
logs/porphyromonas_gingivalis_GCF_002753975.1_resfinder.log,414,846446800d0c5a02db30310e7231cb11fe45253f6733f8be6b8f35a870916374
logs/porphyromonas_gingivalis_GCF_002753975.1_vfdb.log,423,34a047d3ab85b9e0b7d25be847fd2639ddf0458800ff1c91da613b8eee870c9c
logs/porphyromonas_gingivalis_GCF_002753975.1_victors.log,422,bfaca2e71332db34204b39f21da788d8310d1b145303dc3283c97a62043bf679
logs/porphyromonas_gingivalis_GCF_002754015.1_amrfinder.log,909,23a2501ab483591eb29a3db1487df098c8d076f89f6322ab4e666ff42848556f
logs/porphyromonas_gingivalis_GCF_002754015.1_bacmet2.log,426,e9a2ab4f439f98a0c9632d839dbb6bb1ac75339810bb9ff4fcc918f1d57c639b
logs/porphyromonas_gingivalis_GCF_002754015.1_card.log,419,530be128ed95c5b74276ab9aa490f67b11e9f85526d44c27278e55b5f2f31c46
logs/porphyromonas_gingivalis_GCF_002754015.1_plasmidfinder.log,433,b9aa111c2133a68b5363ba213dbebb3e2e0c992ba39b4e96770072eeaa0947ef
logs/porphyromonas_gingivalis_GCF_002754015.1_resfinder.log,428,937f988d93c765c3aa3a3a6692cb74ffdc3a4069e31c0f60287b8907eb371717
logs/porphyromonas_gingivalis_GCF_002754015.1_vfdb.log,400,a43a6fb51e9b468d859a5201a3c96130cf86a3e7556090388dec3e99088a43db
logs/porphyromonas_gingivalis_GCF_002754015.1_victors.log,426,e6684f63b5a96c4b7a80bfe397d32e0f7466357120dac7d4ad1d28de91094532
logs/porphyromonas_gingivalis_summary.jsonl,178489,44fd25fad92cd656a0c3aaf60d262f2479f5ae4436f86946a21f4306902db88a
logs/prevotella_intermedia_GCF_001548195.1_amrfinder.log,897,857a5c3beb19e9d340dec784ce570715ddcc8a161085bce79fb8cd7d8b885887
logs/prevotella_intermedia_GCF_001548195.1_bacmet2.log,395,2cb8053887ef10767629dc2ae4088e52c35673d3f43a7d12653a89f1f5468243
logs/prevotella_intermedia_GCF_001548195.1_card.log,394,7a23e0d3dad27276c15a90a190bbe7fc5e83398f357a21e48b20c37c774a0d5a
logs/prevotella_intermedia_GCF_001548195.1_plasmidfinder.log,421,ac868168019b6ceae4a21e7e2848fe8e46c10ee94449645ed58495c685ff8724
logs/prevotella_intermedia_GCF_001548195.1_resfinder.log,424,62232eaf99d65d8b51ead90e858ad7cdb5a028105ba4ceb84378e626409cc198
logs/prevotella_intermedia_GCF_001548195.1_vfdb.log,403,bff7d8ab31b491d96bb7c7f3577990d5a252da5970f6b45a69df816f65dcc113
logs/prevotella_intermedia_GCF_001548195.1_victors.log,417,b395d4f0e74da7a99584e7ac7b1fbe0ba3004978f5f8501d8ce2cf630228c3c1
logs/prevotella_intermedia_GCF_001953935.1_amrfinder.log,897,6d6c18800568f4c6d011852979f049779fc9f8c35a79c8927a052c563d43e016
logs/prevotella_intermedia_GCF_001953935.1_bacmet2.log,417,7f4444b3868709c9e5eae2b13fbba28d8f4cbefd88f27bd94e8364e5a9c355d8
logs/prevotella_intermedia_GCF_001953935.1_card.log,414,b1bbd1c0bb19cf31d55a3a73ca1e3ae87acc769e17109d7257c7818e1374d6bb
logs/prevotella_intermedia_GCF_001953935.1_plasmidfinder.log,422,cd2c4223a08839de4f656014e9a8c7b5cf6e5718186b00b776a2737f398b09fa
logs/prevotella_intermedia_GCF_001953935.1_resfinder.log,419,ab48e7c2175e42d2fa718ca35af499bae4fbdb0a85dd5109bdc5b0922b7ea253
logs/prevotella_intermedia_GCF_001953935.1_vfdb.log,419,e186c71ad414fcb1ef3893e040d3067747ad97e3daf731fb798ebce8e782397b
logs/prevotella_intermedia_GCF_001953935.1_victors.log,420,d2385f21a2b53f725550c25a77322a22c3cfc300898064085d8ea172a45d992d
logs/prevotella_intermedia_GCF_002355195.1_amrfinder.log,897,4340ca0034a9fe0eaa65ff4528ba9185e5cdf9bc7257b9e822866c9ae2cddcc1
logs/prevotella_intermedia_GCF_002355195.1_bacmet2.log,422,046c4f40b2016dbfaf1918ce0e9e35c73c1838599968bcd1b5970bb8331dd814
logs/prevotella_intermedia_GCF_002355195.1_card.log,417,2247ac2fbd5a69d623fc912062cea2041f7ab9ac7261c6b427ad4a0e27ef72df
logs/prevotella_intermedia_GCF_002355195.1_plasmidfinder.log,400,a701eff7375f7132595388440964898f48efa88dcf5ce082cab840a84b93e91e
logs/prevotella_intermedia_GCF_002355195.1_resfinder.log,399,9c8583a835065ab93f44b56226a1c14b91db1a34f529daf0ce629587ce1675e2
logs/prevotella_intermedia_GCF_002355195.1_vfdb.log,404,bb54320a8bd1a17708564e3c30bd2e84b217d33378b791b7f142e11200a3bbf4
logs/prevotella_intermedia_GCF_002355195.1_victors.log,420,eb3acade8fee6ae76617291ee265dd67f1cb1b548b74ddeedbdf9555a61658f8
logs/prevotella_intermedia_GCF_002763535.1_amrfinder.log,897,88a8a973349f1fbb687f4fdc5226a7f2f41876ce3647e97b48d21519e67afc19
logs/prevotella_intermedia_GCF_002763535.1_bacmet2.log,420,235f4cbe28ba7d5be9bdf279d4d9f6960b1d620f8b2726f3d5064515eadec9b2
logs/prevotella_intermedia_GCF_002763535.1_card.log,392,6324d426ded326d5c01ecb6954e8833c6d2cebbd38e496c206c78e0ab8a98255
logs/prevotella_intermedia_GCF_002763535.1_plasmidfinder.log,402,da5cc541604f98e779d66c08b5f9b99982ca7e43045a687a81c8de40f6d3424a
logs/prevotella_intermedia_GCF_002763535.1_resfinder.log,424,b8f296e5729ce1050b40969670b351987e375ef570e20353a37bb51d8ce255b6
logs/prevotella_intermedia_GCF_002763535.1_vfdb.log,394,1d7a75360a740cbc23b797f894eb0e0426e88e246e5d58dada464ef5f6a25b68
logs/prevotella_intermedia_GCF_002763535.1_victors.log,417,29a52bf64e47ad8fbcc469ed5674bbbdb4a977e387cfc1e0267495bea6a2ba63
logs/prevotella_intermedia_GCF_002763575.1_amrfinder.log,897,0776e0769adf5e5d0fa76c8a930ee27d054ef3e748d5aaf353c7d045cc69623f
logs/prevotella_intermedia_GCF_002763575.1_bacmet2.log,422,a6c033d229d7f1d9e594992b30172332f86ae3ada9d6438f54ae41a96fb8158e
logs/prevotella_intermedia_GCF_002763575.1_card.log,417,adfd51b57dc110c8713f8520040823de91eefafe2899861a75c3d3b45b963c07
logs/prevotella_intermedia_GCF_002763575.1_plasmidfinder.log,425,eb7b963ee046b5211feb1ab20c98baa6d1fb6689872695987a078fec617e7a25
logs/prevotella_intermedia_GCF_002763575.1_resfinder.log,419,3209eb7376ebd233a3a1a74f3205e36aa4b47a5b2a76d75182a3e28855fd95d0
logs/prevotella_intermedia_GCF_002763575.1_vfdb.log,414,9a5ffef8778ec2393d017d6df56a264f419fbebabdc70b9c5e2b095127fd57c9
logs/prevotella_intermedia_GCF_002763575.1_victors.log,407,0f01779a3a0e0ede26528675b347a0145e93dbc6366b3a4a450fc1fa058c11d3
logs/prevotella_intermedia_summary.jsonl,59971,99306150ed35ee4165a94fbe8430176ed6216f87ae78daac77e8790600fbb920
logs/staphylococcus_capitis_GCF_002356175.1_amrfinder.log,901,e578fb55bf7b9c612ecc55e0bd6ddbc4f02f68f51c94d3a44e90c25b572fa089
logs/staphylococcus_capitis_GCF_002356175.1_bacmet2.log,400,1adfec51ff0bba43b2b69ab741d3a7542c160c222cc7c38588a80f5004c65ec1
logs/staphylococcus_capitis_GCF_002356175.1_card.log,406,74567ed64c5f848e5d37ea008a03fa51adf24765b205e43ba4c08c6929340fd2
logs/staphylococcus_capitis_GCF_002356175.1_plasmidfinder.log,429,184afedab49706b819ea831f6caa4eda27852beb90974acd1edc0b804c026a3f
logs/staphylococcus_capitis_GCF_002356175.1_resfinder.log,401,3a62a22c2a2789281dc73499dea3ea3cd72cb48e0504653de0f096b8509b474d
logs/staphylococcus_capitis_GCF_002356175.1_vfdb.log,415,0b99ad480b6c10bd56ed812338cd8e16683b3e1217c6fe189b90bf023aeb5359
logs/staphylococcus_capitis_GCF_002356175.1_victors.log,422,14825b15eacc9815dc4e01179fb864fa1090981fae97cdeabba32037cb3ba8d7
logs/staphylococcus_capitis_GCF_002591175.1_amrfinder.log,901,6dd40b7b44d2c2df719d2996a84aec51cc562f64072260cca7386dbc1271feb7
logs/staphylococcus_capitis_GCF_002591175.1_bacmet2.log,409,15dfb3865a8d5c220328f7e190ccc678f867ed561bd695e1de0a541515e1bd86
logs/staphylococcus_capitis_GCF_002591175.1_card.log,419,406fe5afee51ac882974ed037a3c4a7af545c1dfbea7325671ed32713dafeba4
logs/staphylococcus_capitis_GCF_002591175.1_plasmidfinder.log,424,5bd99e67b56555812fe452eff752c97ad9f05e55de8b00fc9ab6a0ae32f77fb0
logs/staphylococcus_capitis_GCF_002591175.1_resfinder.log,426,fef8f4f5cc1c49c804454b3051ad6c3d016c119f8f531ab679872b525785d3fc
logs/staphylococcus_capitis_GCF_002591175.1_vfdb.log,419,8fc4a83a958f3ad49e153799bd89ae8bdc72ac7a027f9217eea8776187dac6bd
logs/staphylococcus_capitis_GCF_002591175.1_victors.log,397,6a05f569f50cb77dd1f81a848fda49cf5288c13c9fdb1ad151342a3769c8690e
logs/staphylococcus_capitis_GCF_013267675.1_amrfinder.log,902,a70a9c5a2371376c973c12fe7de696180ad05869d7d3bb3549f1d2b8827ad7f4
logs/staphylococcus_capitis_GCF_013267675.1_bacmet2.log,425,9efb95140904b4da41daa860cee829fd63b7e24036015557dce6c4ebff0a301c
logs/staphylococcus_capitis_GCF_013267675.1_card.log,421,64f034007c673c2851c1e2509ec50e8684412072c33781ad8638b4b1e883de69
logs/staphylococcus_capitis_GCF_013267675.1_plasmidfinder.log,429,921031844035af7b5efee305484853774e42fb7593e42473c2f68aeac47365f5
logs/staphylococcus_capitis_GCF_013267675.1_resfinder.log,403,0d5d90f12ede47cdb06fd82a4a80e0a5ec1cf6243addb363cbbd2c1bb9bd5006
logs/staphylococcus_capitis_GCF_013267675.1_vfdb.log,408,b4e3565ecb7bf7af9e651710fea1943701982ecd88f0fd43dd589dc7b681e4ae
logs/staphylococcus_capitis_GCF_013267675.1_victors.log,421,38b5b35c141f9da7c938ded5d958f12601c1cadf293883f6c36476ddd6c08c4d
logs/staphylococcus_capitis_GCF_015243435.1_amrfinder.log,902,ababa6072c814eaeb90bd54b28ee7aa80bfb39ac90838fc3c6ee812dde606016
logs/staphylococcus_capitis_GCF_015243435.1_bacmet2.log,411,43246dd3124a3fd004df9f650e9ec9baf83b1cf77cc26e70d8357cab6ceab257
logs/staphylococcus_capitis_GCF_015243435.1_card.log,423,2051a32e23399c5727d174c688ec62a0f13b9738432dd63863c0d84988910753
logs/staphylococcus_capitis_GCF_015243435.1_plasmidfinder.log,406,e1d1405c83ca6a947ab932416c57e9e2d437e93178a0feef2a12ae1242b778ec
logs/staphylococcus_capitis_GCF_015243435.1_resfinder.log,422,a3d6e0ae00a8c58c552ab9dbb6135abf7889698a058d19318ecef0331e328401
logs/staphylococcus_capitis_GCF_015243435.1_vfdb.log,421,31909ef88540a92785268cae7a9de4358a52aa0a4ae8dad185fc744078f9df31
logs/staphylococcus_capitis_GCF_015243435.1_victors.log,426,096aa296fe9b8f30cc4ea2331b39382d1f290e10e47342343311161220c97b98
logs/staphylococcus_capitis_GCF_020883475.1_amrfinder.log,902,1985204b6e809df03d0e890e7aeb6c15ce347d32d5372a3869da2f8a7252ef22
logs/staphylococcus_capitis_GCF_020883475.1_bacmet2.log,421,443f0583227601a644d44c718f99d07d3e500a857291ae2a18541d8ad502f4bf
logs/staphylococcus_capitis_GCF_020883475.1_card.log,422,ee3baf675b6e7c28de60dac696e31e1d859192baa41e291908f47b3700c30247
logs/staphylococcus_capitis_GCF_020883475.1_plasmidfinder.log,429,ed79c686d71b1698663ced2c0773847cd547e530417140379c45470a28edbb9e
logs/staphylococcus_capitis_GCF_020883475.1_resfinder.log,401,8623030840387c29fcaf1bc92d75c741ce678db0d9dc50bda6feaba3eded54b5
logs/staphylococcus_capitis_GCF_020883475.1_vfdb.log,421,a13e581df87ba3bbca466a2d20f52323898816d8d000e9b757a288e427cf2cc2
logs/staphylococcus_capitis_GCF_020883475.1_victors.log,420,23d3761bfe5b51a6bd212666f1183a4e0d6fb0da5b9fd6c860fdc273de1f7569
logs/staphylococcus_capitis_summary.jsonl,190651,d9814e3a34fc25e4ef357e9c7a714c2cdd3df428c548d5c654e4e4c936dc7192
logs/staphylococcus_epidermidis_GCF_000759555.1_amrfinder.log,916,2414794f8431e17c971b7e2e73cb2f20f003412854e8e2279e4f4dde72a2c3fe
logs/staphylococcus_epidermidis_GCF_000759555.1_bacmet2.log,406,3e2a9ef9505e63ecf3b11c9a671ccf503050a85b1e9f458f522d14f131577213
logs/staphylococcus_epidermidis_GCF_000759555.1_card.log,422,e3940c7bbb6f2d3117e305637fb88a3b13a5d45ee6c7525867bb06ca320f5e99
logs/staphylococcus_epidermidis_GCF_000759555.1_plasmidfinder.log,430,193bbdff70bd444b6236bf8b8d4689d7755c24cd5ac72637a7ed60b18f571acb
logs/staphylococcus_epidermidis_GCF_000759555.1_resfinder.log,430,5a94bfee8c5a70dbff74dcc357610546433ac637ef400f070227b3b38b82803c
logs/staphylococcus_epidermidis_GCF_000759555.1_vfdb.log,400,5c0bd7d93fd2eaf2dd37058d8d2cb20262f2113557ac3b8393d7a0210a72a0cf
logs/staphylococcus_epidermidis_GCF_000759555.1_victors.log,430,498bbd059c0d01a293a02eed1da5617d8b0bae59dccf85ed5ef5b1de88567a7e
logs/staphylococcus_epidermidis_GCF_001956655.1_amrfinder.log,917,d3ceb32f8aa965c171f1c3281e50e25487bba7070b103bd61bcbfcec3443c707
logs/staphylococcus_epidermidis_GCF_001956655.1_bacmet2.log,428,0d88b9fb1d7553ce653034e425aa0882f7b043ec99eafc4f97d7533260e2da30
logs/staphylococcus_epidermidis_GCF_001956655.1_card.log,404,d60525e1696b792f7622f116302c05ee21c5aa67a9aeafdc34a07fbd283abeeb
logs/staphylococcus_epidermidis_GCF_001956655.1_plasmidfinder.log,435,f00a41c7effdf86e1b44b22bdbb43fdc9fac07c4506bbf754b3dac356bb32f0d
logs/staphylococcus_epidermidis_GCF_001956655.1_resfinder.log,418,33f47b823d802549ba7240279a703382b5a5c661555a7bb71cb9674851a75520
logs/staphylococcus_epidermidis_GCF_001956655.1_vfdb.log,413,9e783b83d46e7d62003e15bf90066baccf827812124c888d4e4d9284bf611c24
logs/staphylococcus_epidermidis_GCF_001956655.1_victors.log,430,62898cf19b1e2b1f89ee0a32120de43cfd6743985842bb14245a777846d1f83b
logs/staphylococcus_epidermidis_GCF_002085695.1_amrfinder.log,917,e21251b4e11e4de9ca497b5a29f0c73d769d2ccd24e50833abeda24400ecf043
logs/staphylococcus_epidermidis_GCF_002085695.1_bacmet2.log,431,e6ee6b97303e7d0de579913ab7470fca51b2473cd83b192625d8de4b5268c11a
logs/staphylococcus_epidermidis_GCF_002085695.1_card.log,413,ad946cec3f24c0097813207a0047db896e2202549f142f34f534ccb495a66fa6
logs/staphylococcus_epidermidis_GCF_002085695.1_plasmidfinder.log,422,b87e39e08c008bc1734ccc502ffdbcc420fcfb336331f833bdb4f9d7fadbc67a
logs/staphylococcus_epidermidis_GCF_002085695.1_resfinder.log,419,cacbf225bee0b6ca5d7d64650c99a3c6fc6fb640b643892bc1c411a0a431d887
logs/staphylococcus_epidermidis_GCF_002085695.1_vfdb.log,424,54a21f8ac7d0a7a02df7c079b4e4895affe5847dfbc31a41ca7d14002d084712
logs/staphylococcus_epidermidis_GCF_002085695.1_victors.log,407,c7efe97fc767c2fc1d20c95fa862d23002c1ad63180d77015c5d3e5d9593fb6d
logs/staphylococcus_epidermidis_GCF_002215535.1_amrfinder.log,917,824833a0a07ec1013afe7c2193737bfbc7e703a4e40df4073fca616435bda25c
logs/staphylococcus_epidermidis_GCF_002215535.1_bacmet2.log,431,9f01240894e3b462e532cac2f77771f7721383a802f79b4610f284b840267622
logs/staphylococcus_epidermidis_GCF_002215535.1_card.log,427,106738f9dda2bd13fd00cbbc3136a20955581c2f4c5bd5cf6b2615f93d149330
logs/staphylococcus_epidermidis_GCF_002215535.1_plasmidfinder.log,432,3b922b4b204574213d4324488eeda2969c14fa80add8f14c252aa5665cbf95da
logs/staphylococcus_epidermidis_GCF_002215535.1_resfinder.log,428,93c7022859722ed1bc08ad5de51231412baab8f17ab1d2e3fd5a96a8aeed583c
logs/staphylococcus_epidermidis_GCF_002215535.1_vfdb.log,429,3ec6c428a00f61f44f24add0bb03af22dbd0d9604f8b8bbf4873ab3c5655a6df
logs/staphylococcus_epidermidis_GCF_002215535.1_victors.log,430,006cee42b852a0c29feb48299a1154191d805e514df96bb18190cd640ed4c58e
logs/staphylococcus_epidermidis_GCF_006094375.1_amrfinder.log,917,53084efbdf6f98729beb39d5173da2698b4c7f5804aa072e5efaf3dbc83c9d88
logs/staphylococcus_epidermidis_GCF_006094375.1_bacmet2.log,427,cfd1a0fdd701c0fd26a49d0f8956048b40676cdb48bdfe93665880c2454c540c
logs/staphylococcus_epidermidis_GCF_006094375.1_card.log,427,b7859bffffb95c2a005b5a74f3586163576cb6b289d1c5c9b3d857e2d25bcace
logs/staphylococcus_epidermidis_GCF_006094375.1_plasmidfinder.log,421,33997660d85f32e783773eec0f5323741d061564d2c7bdf46c49933536d49588
logs/staphylococcus_epidermidis_GCF_006094375.1_resfinder.log,432,ebff9ab867bc98dc347ea4af9fbdf41d559ed4f978b4641c481140af76c90529
logs/staphylococcus_epidermidis_GCF_006094375.1_vfdb.log,427,46b1518c7be283706af8a5b40feb7c84609951127578a9ad3ea0b59eb5f82e5f
logs/staphylococcus_epidermidis_GCF_006094375.1_victors.log,416,aa676f1b3bdf5215d4c3652fbb28c3662e33f9d4b39d428f3d134ca7092763d7
logs/staphylococcus_epidermidis_summary.jsonl,1113791,84042d45d9495a510324a0121cc6f512a616c57b832c192e0e861a9658f364fd
logs/staphylococcus_haemolyticus_GCF_001611955.1_amrfinder.log,921,5d3881d5ef4f63b79fab0ade6bd6fb99dc6625c8ee5da31038ec84dc235c4725
logs/staphylococcus_haemolyticus_GCF_001611955.1_bacmet2.log,433,52d944b80a8a49168eee7be686489c3b0c7e27284beb34675dc82375587f6100
logs/staphylococcus_haemolyticus_GCF_001611955.1_card.log,431,669d5fae326302fd3731f8a7d38f2279f2913bbe62506c501214747fa37d89e3
logs/staphylococcus_haemolyticus_GCF_001611955.1_plasmidfinder.log,437,5e7b43f8dc14b272dc46145f662e25554335d0e6b2e9590e984f446604e4a2ed
logs/staphylococcus_haemolyticus_GCF_001611955.1_resfinder.log,434,a497f942102f2080e3d35b1fee65da188ec255024b2bc6e411c3f6bff5dae872
logs/staphylococcus_haemolyticus_GCF_001611955.1_vfdb.log,406,e3106f26ec3375fc715b78cfbc5231ee3c6af2c6b48e1323cca31b4f12a48b4e
logs/staphylococcus_haemolyticus_GCF_001611955.1_victors.log,428,f43f56f42eb5c3f8b2a7cf8f7c0b067a9a8377bc15b6415dcaadb761e8f41471
logs/staphylococcus_haemolyticus_GCF_002906595.1_amrfinder.log,921,68d5f14715754488e330c89e6ee61915806788d1e1519b1b411c8422ee41b061
logs/staphylococcus_haemolyticus_GCF_002906595.1_bacmet2.log,433,323f7038fe4870c2a114136d199ce10089c504c450ec84d211a26b8efcba6845
logs/staphylococcus_haemolyticus_GCF_002906595.1_card.log,417,c9da1abe33535ee2b6490839369ddf4b21f79fd4214bd64152cba0092df9925c
logs/staphylococcus_haemolyticus_GCF_002906595.1_plasmidfinder.log,437,3dd5b54db4540ef62e629fc410dd60abca44098acb2fae6ed1f89e9c87750c68
logs/staphylococcus_haemolyticus_GCF_002906595.1_resfinder.log,420,4a861b8185e3b2905e22e2904e726f9e93d9acc2148c8080c213aeeb01de8bd8
logs/staphylococcus_haemolyticus_GCF_002906595.1_vfdb.log,406,b27ce9f1b9ff67b4546c5f6dbeee27980417b0c3b7297ab91165aae1240e504f
logs/staphylococcus_haemolyticus_GCF_002906595.1_victors.log,434,1bbcbc314b7b959b5c3c220304a587b49325b18986867d4816c3a6f4adf57134
logs/staphylococcus_haemolyticus_GCF_002906615.1_amrfinder.log,921,18ba884ef6752bc6ebd6fcddcce3579340d64b1a8cc85e092f503996967de80b
logs/staphylococcus_haemolyticus_GCF_002906615.1_bacmet2.log,429,b02cbf1a1ee005435d0377a790d0111b241f7c098de6f17df569af9ec0cfcc70
logs/staphylococcus_haemolyticus_GCF_002906615.1_card.log,416,f4a5d8309498ebeb7b2651526c3b37189ada00fddf98299f808e4199350012c5
logs/staphylococcus_haemolyticus_GCF_002906615.1_plasmidfinder.log,439,7a734c301fd4d0bf0667a1074149b1eb0083f2217aacee9add5534aaf0838492
logs/staphylococcus_haemolyticus_GCF_002906615.1_resfinder.log,411,553a0324ce00a1e6f8063e9a8d8fa70fd2591107d702ee7176287f757032187e
logs/staphylococcus_haemolyticus_GCF_002906615.1_vfdb.log,429,b3665b4eb4cc56ae2f48399f8515f16be1faeee680e485f9578096a85e3a4c85
logs/staphylococcus_haemolyticus_GCF_002906615.1_victors.log,432,c1ae5ddfe6ee0b675f8ca3fa42f6e478108251d18075cc61a835776e9d633f58
logs/staphylococcus_haemolyticus_GCF_002952715.2_amrfinder.log,921,2b681b2b0d7aad26fda4effbb86c6e94e4d19dd061a4adce564eb1739b3ffa71
logs/staphylococcus_haemolyticus_GCF_002952715.2_bacmet2.log,429,8181b95afa9660ba85d9f8c119bf50dd7652057e9921971404156acaa9d3c219
logs/staphylococcus_haemolyticus_GCF_002952715.2_card.log,431,2595fb8c1813e13c399ec797d51fee2493a62e4c92e81133dc947730ca025e14
logs/staphylococcus_haemolyticus_GCF_002952715.2_plasmidfinder.log,434,b3583046ed3ac86e9357617c8071594a7c9efcbe4ef986930bfa6dd9e483ba25
logs/staphylococcus_haemolyticus_GCF_002952715.2_resfinder.log,431,33449b79f00d4ad6fa3c16dea68a54157bb9446cb3403e80c7bc882c554f1a3b
logs/staphylococcus_haemolyticus_GCF_002952715.2_vfdb.log,429,c41796b9eb27e453e0e92898117fc1b92e161c8c5d5f0e274fc8852430ca8123
logs/staphylococcus_haemolyticus_GCF_002952715.2_victors.log,428,4d607eec0f25cee60050c0143e1d372415feca93e6fd36f12c704986f865939a
logs/staphylococcus_haemolyticus_GCF_006094395.1_amrfinder.log,921,eefc916b17cde96de0e0a2b1bfef1bd32c668b775f3645669a3a33f8fe236429
logs/staphylococcus_haemolyticus_GCF_006094395.1_bacmet2.log,410,31096b3e9d8f12611d109f15b167e84e93acb8691fc93e3878a67074cbf954de
logs/staphylococcus_haemolyticus_GCF_006094395.1_card.log,404,307faebfea89d80d673d6642ade4a69297de1d7bac8be54a6d1224ebce798edb
logs/staphylococcus_haemolyticus_GCF_006094395.1_plasmidfinder.log,412,a9e71839aabb6f54ccfec6c96b887211c619f4573f3e36b6a20eef9f4963872c
logs/staphylococcus_haemolyticus_GCF_006094395.1_resfinder.log,434,19b0c5cec6802ea8e1b35286b7e23be91f5a21e469fc86b25c8eb5b8ec2850e2
logs/staphylococcus_haemolyticus_GCF_006094395.1_vfdb.log,404,0f5100653353aa23acbb4e6f69314027c32876a50f3a0ad7e38589724afad7fa
logs/staphylococcus_haemolyticus_GCF_006094395.1_victors.log,432,0ffe53671ed924cffe24b046404b6c847e9673d67b15f1d14038a4a7a0d66e1b
logs/staphylococcus_haemolyticus_summary.jsonl,180797,935ee93ecffa71d01ea29c46cda4108551f7dcc62ea4f191b57073a96be92739
logs/streptococcus_anginosus_GCF_000831165.1_amrfinder.log,904,4647b5efc2f0a8cc7c623915deea49d1127329d3d2fa484e00b5bbd8fabf09b5
logs/streptococcus_anginosus_GCF_000831165.1_bacmet2.log,418,84807bf83c53fbc34272eff1b7a26aeebc665df2c6d85cc0fd7fd1e58569305b
logs/streptococcus_anginosus_GCF_000831165.1_card.log,420,0b0b07ad2523d7d9aa1294a3098c27b0d52599f73e8e1849c2be7f7bfd26566e
logs/streptococcus_anginosus_GCF_000831165.1_plasmidfinder.log,404,39a37534adbd9b44270cd4e01841c91424a66e2d077f89b7deba0add81b820f5
logs/streptococcus_anginosus_GCF_000831165.1_resfinder.log,424,3d450503a07ecc5b1ecb2aa9caea89b5c75bf2197abb7ba5b5e5564d62f967b2
logs/streptococcus_anginosus_GCF_000831165.1_vfdb.log,421,5e09015b5c0e891727e944a1e0be03d3a506a90e94081303afb35787a5a62c4e
logs/streptococcus_anginosus_GCF_000831165.1_victors.log,398,c39ceab64424c4fb0df3a92df6ecaa2a4b3891b0764a6326cfeef799e06326f0
logs/streptococcus_anginosus_GCF_001412635.1_amrfinder.log,905,f7f2938ed4159709639e3dea23abbcc3590ebd6088779cb5b62630f87113ec44
logs/streptococcus_anginosus_GCF_001412635.1_bacmet2.log,401,57a6c6d76b0e686005508b0f64c62f1e77659b8afb3dbe52e2fdc8e98eaba107
logs/streptococcus_anginosus_GCF_001412635.1_card.log,418,b5c7ca559f1406feb11425dbd20a1a50f62c25fd82a28592ad935176bd582ddc
logs/streptococcus_anginosus_GCF_001412635.1_plasmidfinder.log,416,364ff1b44b1833cb6b764a6ce9e4b5bab2ff81b5d1b6124fba80158554cb8e8f
logs/streptococcus_anginosus_GCF_001412635.1_resfinder.log,422,36ef4d969d592cba421e31152388c8f95571dc55b19fd4d8bf7f7183d21c2c7d
logs/streptococcus_anginosus_GCF_001412635.1_vfdb.log,398,8036ca4295faf333a1f92c63fed7b32f300e6957945f56a90b52f3e858eb4a60
logs/streptococcus_anginosus_GCF_001412635.1_victors.log,427,bd39b4a9a1799a91359fc53b50a19ef3ebad115fba05dbfd8eca4e6242508d55
logs/streptococcus_anginosus_GCF_001697145.1_amrfinder.log,905,466eb9a6c6e1caec23d75e3b8dc632c4a52994e640b54058df7b08284599ffa3
logs/streptococcus_anginosus_GCF_001697145.1_bacmet2.log,420,e8f2e73754c2cfcad1d4f1e3ed4d75964b76333619b93ef737615dc13f2d561b
logs/streptococcus_anginosus_GCF_001697145.1_card.log,398,d2cfac3457094036a7e8029b34220c6cb88001af029a3b83a09a037f7ef85cc7
logs/streptococcus_anginosus_GCF_001697145.1_plasmidfinder.log,431,77496b2d54a13ff2b171fadfffab385253a5f701e4a06ccdcd54a1ce0919d674
logs/streptococcus_anginosus_GCF_001697145.1_resfinder.log,412,bee06c9f744a3d57c464cef24acd994a72ed6f4c8b77679081bc70a8ad6e0be5
logs/streptococcus_anginosus_GCF_001697145.1_vfdb.log,417,bdd29ed8d74f4e7a2025f2c0513fe47be5de4c1888ee593f615d75cd4bf57d32
logs/streptococcus_anginosus_GCF_001697145.1_victors.log,401,b38d5dd389c1b6bc636455088b3920143ac06368a76cfb6cadffbc3d249cb455
logs/streptococcus_anginosus_GCF_008726365.3_amrfinder.log,905,a22f7fa02dbb6d5db157a2aeb62c33a75af48004ada6efe9b24d4dbad64fdbae
logs/streptococcus_anginosus_GCF_008726365.3_bacmet2.log,424,9b247c0852fd07450c03afd878cd52a45635f6688edbf130427780e4dc6b68b6
logs/streptococcus_anginosus_GCF_008726365.3_card.log,418,6fb034476d91b4e9d07c0d4a1c422dba3b06acc77226c0755591ca9670da4dd2
logs/streptococcus_anginosus_GCF_008726365.3_plasmidfinder.log,425,8a4f20d8da639fe09ef20c884686bea4ae239e7bfed678d6dc092b933c887787
logs/streptococcus_anginosus_GCF_008726365.3_resfinder.log,403,1ca78d93806eced35bff3c5b797af7974f28dcb8497e06c14fa36f6755480dd2
logs/streptococcus_anginosus_GCF_008726365.3_vfdb.log,398,50979850130611a44f4b36a07c4f9f8914fb62be88d25de41f23b59e182b0e39
logs/streptococcus_anginosus_GCF_008726365.3_victors.log,422,0f73b75eb809ce697cedff0095b2b95ebfd6598f0c4b2045f3f3ad3a443e7a0b
logs/streptococcus_anginosus_GCF_900636475.1_amrfinder.log,903,b45649bc714e3a994a22a449ef0da0b86fa0609e2266b7faaf7f6a551f3741b0
logs/streptococcus_anginosus_GCF_900636475.1_bacmet2.log,420,da8d612cc87c0eb5bc70ce481c290764cc3b4a1311a9ebe2489b3a4e424ca0bd
logs/streptococcus_anginosus_GCF_900636475.1_card.log,417,a08be62fcadaaca4b09a2e16f2d094ee8e343cec53cf48d19da99b2820317b60
logs/streptococcus_anginosus_GCF_900636475.1_plasmidfinder.log,422,7b1d50f78516485f6b5a505da3f182f9c64adea03f32391da9f27c7489354c43
logs/streptococcus_anginosus_GCF_900636475.1_resfinder.log,424,da9baf6dc2abf3fd897fd9201b2ca7ee75b569692cf04a35cdefdb2a9d8fca3c
logs/streptococcus_anginosus_GCF_900636475.1_vfdb.log,414,d1c3ba0a5874bcafdc8a1d90690e4b742157c12de51f48d46cff785f48cf409c
logs/streptococcus_anginosus_GCF_900636475.1_victors.log,408,ccd938a54399569588b2c6be54f6dac0113bcdd219ea20a1886988367f56e197
logs/streptococcus_anginosus_summary.jsonl,94664,cbc062e16bb64b90a62187ceec81279be240183f001a362322419af0232fd67d
logs/streptococcus_mitis_GCF_000722765.2_amrfinder.log,888,827a2f58d955e182a1e1089db9f41f9c48db7b6e0c6239ce86d21fb340613376
logs/streptococcus_mitis_GCF_000722765.2_bacmet2.log,391,832dd05e505615417a7f643741e29dc0a722375f0d87992af3d2375d706e52c3
logs/streptococcus_mitis_GCF_000722765.2_card.log,411,e489ec23c3249c85c16dc083d42d2bfb92f6d9cf1f489cfabe189a7032c38079
logs/streptococcus_mitis_GCF_000722765.2_plasmidfinder.log,394,b716c732a9ab0fe689185254c7a3e3071fbe4f8f49684e1d79091e8826f12a11
logs/streptococcus_mitis_GCF_000722765.2_resfinder.log,413,2a85a619e5e12a18e01dcb607caea09d6a6d26f311db87b3d73c2bbccd88ea98
logs/streptococcus_mitis_GCF_000722765.2_vfdb.log,388,4757ea75df7e2bffd2c44038015d10822d359898cba641b2bc2b75044a439de9
logs/streptococcus_mitis_GCF_000722765.2_victors.log,391,bf4f46bc11854bc1902f6584bab27caa4fee136917bdc08fc1dfc5163b73a09c
logs/streptococcus_mitis_GCF_001281025.1_amrfinder.log,889,cd996afebddaa1a94c5b87cf0fd4c9ec362ba2642bd2adb157c608626e8bdf7b
logs/streptococcus_mitis_GCF_001281025.1_bacmet2.log,412,f383079f3eabbf568d723affd35c04517648821203ecb423cf3a6951ff4b618b
logs/streptococcus_mitis_GCF_001281025.1_card.log,399,6ea3e413a11b68788e2ae369ce094909ac5ce1526f167136a24a9b0fe949ce59
logs/streptococcus_mitis_GCF_001281025.1_plasmidfinder.log,421,0ff80065c2135db7a2bdab1eb69788526085013cf3c7f0b6719bac72678d7b83
logs/streptococcus_mitis_GCF_001281025.1_resfinder.log,418,2d6a69a09160618b33a91b00552f1f24b4c103d814648e9de569899506873a63
logs/streptococcus_mitis_GCF_001281025.1_vfdb.log,410,b00659412e2b277b01c00c5113a644ad4aadf2f9756948478713cda16b66d1c3
logs/streptococcus_mitis_GCF_001281025.1_victors.log,420,b526a4f303c0bae7d6bb37e81cfbc18c3dc6c3962c1339f951365d0c605c107b
logs/streptococcus_mitis_GCF_009730515.1_amrfinder.log,889,15c23981f74f51c5c0de5802feb7af368fc5d76f18f82784573e27bd5e1e2dae
logs/streptococcus_mitis_GCF_009730515.1_bacmet2.log,391,c29a3c16b32774b9b73e7706306f9098c75fa73bbe5cb1543ef8d09be6046669
logs/streptococcus_mitis_GCF_009730515.1_card.log,413,9bbeabcb1bcb6b99eec3b0ff39a310dd4d2d36dc1f2be51cc39ff73af1a64d43
logs/streptococcus_mitis_GCF_009730515.1_plasmidfinder.log,398,9e975945f08add2011e16cb286664567f3b5e7b3a81d0266fe6be1f4759f649d
logs/streptococcus_mitis_GCF_009730515.1_resfinder.log,405,7c22e2f84b14dce8c2b30baf65a969f48b464831f8633571033e2d6b355f0b74
logs/streptococcus_mitis_GCF_009730515.1_vfdb.log,390,a2d5c657ad28187947d9b8a137c60914ccee658264ce461b1c6db27ab01e28ac
logs/streptococcus_mitis_GCF_009730515.1_victors.log,393,7f22183bae3759bf2b1c0d483d9ce7c9234a4e252bbed4dd2c3b9a8fadf92ee1
logs/streptococcus_mitis_GCF_013305725.1_amrfinder.log,890,98ccfd13b23766108ec618fe4cc521dd515c9a6c5e2a67498afa7c1616ea4a5d
logs/streptococcus_mitis_GCF_013305725.1_bacmet2.log,414,7e782708f862d4ac6b6ff22c05eb439d72c1a06d0af74f23c8dd3516c334f830
logs/streptococcus_mitis_GCF_013305725.1_card.log,417,9e785fd616baab49c3676c33014321a093b117f56d2980f241c6127e2b2215eb
logs/streptococcus_mitis_GCF_013305725.1_plasmidfinder.log,410,6107172b54e6cca6331a69d041719ffffe9af403cd51fdd2570af878d0716e24
logs/streptococcus_mitis_GCF_013305725.1_resfinder.log,422,5683750c59d741ab9da863b7ec4e2425b493ed37f98decf0b1c237a0a1a9aefc
logs/streptococcus_mitis_GCF_013305725.1_vfdb.log,412,ca01ad20068ca7c3c5ee2cad27b0d8c92464afa9ee445051611b6ba3686bf9b1
logs/streptococcus_mitis_GCF_013305725.1_victors.log,417,56ff9565fa0cabd6c7f3893061a865c5892b88b7acbcc1210e933394ff52865e
logs/streptococcus_mitis_GCF_018603625.2_amrfinder.log,890,eb98d4d2916f7e1e1b206ae7832d19127c6004fa08b9e5889378f1c98c286309
logs/streptococcus_mitis_GCF_018603625.2_bacmet2.log,418,b9783936dfedfaf37f4fa7f39c4d33b2fb334c94581f54bb59c946ebfcb4fb30
logs/streptococcus_mitis_GCF_018603625.2_card.log,401,294044f0f4c06eaf7476272b1835ea0266d4927d21d3cd7f191785c33f43dea6
logs/streptococcus_mitis_GCF_018603625.2_plasmidfinder.log,425,73740d8b3a90d347dd078fd4c7567ea214a176768d0bb694817dd5803280993e
logs/streptococcus_mitis_GCF_018603625.2_resfinder.log,420,c72c13ee784c032fa3e2eee9e08d600fd28ba24851f22554b2451ed9dbd824cf
logs/streptococcus_mitis_GCF_018603625.2_vfdb.log,402,a687134798bdbac8ed35051346547db7970480ec0ca25bf11345b410d7456d69
logs/streptococcus_mitis_GCF_018603625.2_victors.log,420,49a0483d144095e2e5c9264b5f22c2895263f63cd32327f8f8824f75056c33d4
logs/streptococcus_mitis_summary.jsonl,71297,bcddda82f75178f785f0aab2f357a69db6923fa0157167ae240c7a2e741125c4
logs/streptococcus_oralis_GCF_001983955.1_amrfinder.log,893,e8956365dc5228f259d1bead7a61d8432b4bd440a753a538c4a1c6b98391d864
logs/streptococcus_oralis_GCF_001983955.1_bacmet2.log,420,838dd1f30d7ce26111645eabf9f9bc5f5762811f84ad55dab15d2154a1799a18
logs/streptococcus_oralis_GCF_001983955.1_card.log,402,179904d9898ebb803d67eac7596e314469ed7da10f6495c2d6fb541b57fe9b66
logs/streptococcus_oralis_GCF_001983955.1_plasmidfinder.log,420,28827223a2b8de47d256d3e331ee59b9788b7fa50d54bf28db4550a7832cb85d
logs/streptococcus_oralis_GCF_001983955.1_resfinder.log,407,0dde97fdd491645ce86fb29c121785d70d2ba651891f9a6d72a94bf8c53bde12
logs/streptococcus_oralis_GCF_001983955.1_vfdb.log,412,e91566953a77c3dc7e8057f64a81af0078433abef898e5dd23a535cb38735b17
logs/streptococcus_oralis_GCF_001983955.1_victors.log,407,b5ead68dc70b98102f5722da6c2fc86777c1dc04135dec326f49221549d9cc97
logs/streptococcus_oralis_GCF_002386345.1_amrfinder.log,893,697905e4ef97a7de0af7907e12153056c35e0e3f30d9611d2da0c919abac672a
logs/streptococcus_oralis_GCF_002386345.1_bacmet2.log,418,fe3147139373e1730a1822bd2e11907c1d1632c6adb90ca14e7936c16bcb246c
logs/streptococcus_oralis_GCF_002386345.1_card.log,411,e55109c2bb999e5b87b829e4ce2719f0427d6c8bd4aa7e8f3a97ef019a29ac7b
logs/streptococcus_oralis_GCF_002386345.1_plasmidfinder.log,409,84ed479911bf65494f577ba94f1937f09a497cd1f88a35faa39c9d8dca993833
logs/streptococcus_oralis_GCF_002386345.1_resfinder.log,416,15580a89d6520dfaec1d078d3f2db0d56fa09f08ce083e5f93f371d4650a0926
logs/streptococcus_oralis_GCF_002386345.1_vfdb.log,402,86a8a0ede0e8ec399b9bd196590123fd824ee317458fd8bc757cd760822e6f25
logs/streptococcus_oralis_GCF_002386345.1_victors.log,406,8597ee44fc2cf559ab347e5931edbca6fa37e18d0a7284b4c6bff4aa17b46006
logs/streptococcus_oralis_GCF_007475365.1_amrfinder.log,893,37d4c40e82f5e26c24dfd493a505367a3aad71e3fd43fc716c60cb4baf3df02b
logs/streptococcus_oralis_GCF_007475365.1_bacmet2.log,415,a419ec6aedde07afe02716a0ba4a1946c9bc4a7074412fef44f55c30dd99e83e
logs/streptococcus_oralis_GCF_007475365.1_card.log,415,09e8b569db48cbbd97e3d9f6c81871ede2030984153b3e192cbd1ed9534af26c
logs/streptococcus_oralis_GCF_007475365.1_plasmidfinder.log,398,e7bb6b8990cd32bd7856da89419cd1bd6ef070a132ff1381e5fe64063f98fedc
logs/streptococcus_oralis_GCF_007475365.1_resfinder.log,406,c751bcbe8be54fa57a1ea466a4a1c5fb53bb79258e572ab650daede6edf25c99
logs/streptococcus_oralis_GCF_007475365.1_vfdb.log,412,733498d343338289fc7f0606e52d9a3acad66442a8a628408cae34194db53aea
logs/streptococcus_oralis_GCF_007475365.1_victors.log,416,97bfc5095dd01084c3b8a82f5415db078d85363bd78a927301f63a118ee82813
logs/streptococcus_oralis_GCF_016028175.1_amrfinder.log,894,c2a997d787e622c3eeda5cb0b709ea913e3eefd40da36c833c7a356242d5d781
logs/streptococcus_oralis_GCF_016028175.1_bacmet2.log,397,a415688086e36a53648dd2f41cec147c104e9ef80e846599c4c1bcbfee14ce8e
logs/streptococcus_oralis_GCF_016028175.1_card.log,404,0680edea9463f85589a2a01122a3333beb0104ba4aa38da550e527915b91335a
logs/streptococcus_oralis_GCF_016028175.1_plasmidfinder.log,425,8cc28b8f4650dce67693648abbe3324be3514dd2ea3cfb379b27119026a5aa3c
logs/streptococcus_oralis_GCF_016028175.1_resfinder.log,422,1c5862d612e20f5d92a7087175c57ce21dd727f03d3fdbc543841f7b7a734e86
logs/streptococcus_oralis_GCF_016028175.1_vfdb.log,417,825724dec55aea3f585ed08310a2ef580f050c11477c4e43e9bf6712dfe816f9
logs/streptococcus_oralis_GCF_016028175.1_victors.log,409,c5b85a3f9e60798eee2b160dc451c1352dd6f48e66bf1b9969c36020deb9dd8a
logs/streptococcus_oralis_GCF_016028255.1_amrfinder.log,894,d7a0d7fff29e310336f26560940343fbf24d7cff46fdce0f5891939c3129c591
logs/streptococcus_oralis_GCF_016028255.1_bacmet2.log,395,18ed8e0362549df3c7145f23f96a435c3a63bd4194fa332c733c75724cfd4b28
logs/streptococcus_oralis_GCF_016028255.1_card.log,414,75ff117d67cf70d9b48af96e0a5f52c67714f46232c6559031eff532c1cd2e33
logs/streptococcus_oralis_GCF_016028255.1_plasmidfinder.log,402,df891f30c2f9b6fbdf950d9e02e29a03e26d8ca7993dfe23ad07b1e7eb8fe5af
logs/streptococcus_oralis_GCF_016028255.1_resfinder.log,422,dd37b43f39e355e8e1cade9e4c4bebbcc72dccf51d68543efb925b4164c27aa2
logs/streptococcus_oralis_GCF_016028255.1_vfdb.log,392,39529cd3618fdb2efef1ba6ad52924ece71cd5fc5d2b98dec62a4ce0a7326ce2
logs/streptococcus_oralis_GCF_016028255.1_victors.log,397,bdc94712deb34b2974446adae7486442ee200ad07fb6f81499d1c4f0f42d0443
logs/streptococcus_oralis_summary.jsonl,129037,a043567bb9001657ec7cb33488f8d5b5a9ea1ac26e2178061280437d77f1cf55
logs/streptococcus_sanguinis_GCF_013343115.1_amrfinder.log,906,3598157052a8cec7c8a464fd1b7a7380b8357e7379fa842297e825dad05d3b83
logs/streptococcus_sanguinis_GCF_013343115.1_bacmet2.log,402,ac6c4fee19371dd2a97d71bb2856fdc18f9d5a49badfb3fcaa76144ca646b88b
logs/streptococcus_sanguinis_GCF_013343115.1_card.log,423,f53545fffa94a1998c650cca40158c69e36ff8df8e30c51a276bb9eb8d62c06c
logs/streptococcus_sanguinis_GCF_013343115.1_plasmidfinder.log,431,a4cd6acfb3cd81b17d746238dc7aeb9753f741e9316acaff35cdb0074127915d
logs/streptococcus_sanguinis_GCF_013343115.1_resfinder.log,424,6b819cf1e1e1645bc68a68399e5945355637f253e4fd695121a13ac98375dd55
logs/streptococcus_sanguinis_GCF_013343115.1_vfdb.log,425,3b685f83ddef48464e8986fed211b04ea96e98f540ff1520c7564182ae4b07d9
logs/streptococcus_sanguinis_GCF_013343115.1_victors.log,429,54eddf12c4de36760da087dcf850d390616e4c152d2351b4ad74961d307ecf33
logs/streptococcus_sanguinis_GCF_013378355.1_amrfinder.log,906,3365ef72fa94eccba82a8459c92b5b7439769ba5157b1e3dde4140699e4de288
logs/streptococcus_sanguinis_GCF_013378355.1_bacmet2.log,401,14b097106668ee2abc02e523cfc2cafca1ee8870ac58284e920c7b846fa2c33d
logs/streptococcus_sanguinis_GCF_013378355.1_card.log,409,f641623ce14edc971e3353e14bcc5e78a1b791687da4ab51002577acc98f9faa
logs/streptococcus_sanguinis_GCF_013378355.1_plasmidfinder.log,427,a993b3884f264a1045ade1843d9836afab8bc75f7823df7f4d18ba7cf2850608
logs/streptococcus_sanguinis_GCF_013378355.1_resfinder.log,414,2f5c34700a612bfa51c098317822f3d922edc08a86189fe1bc5e5754b8f412ff
logs/streptococcus_sanguinis_GCF_013378355.1_vfdb.log,400,eb27e8f48bc78e0bd3afb9acd89ae4b0a5f619fa4999da91f8cdd7a460b0deb8
logs/streptococcus_sanguinis_GCF_013378355.1_victors.log,414,5ae7deeaf71b8857728d2cccd69d5a5fc026d7d1cea5cd7463772fdf0eaa37da
logs/streptococcus_sanguinis_GCF_050220005.1_amrfinder.log,895,8af6698a918e1180f5a1529b13e4c141fdb6b56ce1ba5c2c1dbc22128144b13a
logs/streptococcus_sanguinis_GCF_050220005.1_bacmet2.log,382,a73974455a5100222ffd58a8f705f454ccf370f95c79cce6c672fa96c2fc7b51
logs/streptococcus_sanguinis_GCF_050220005.1_card.log,378,2f41992d7f35a3a39c16d7418a060ed6226855a356b9a21256b0ce44f90ee652
logs/streptococcus_sanguinis_GCF_050220005.1_plasmidfinder.log,406,67558d21d9a2827021fbd487f8b6c45aedf1b423fad2e2337f3c714632a5b473
logs/streptococcus_sanguinis_GCF_050220005.1_resfinder.log,393,52975820fa4f7bf40315adf38f585ed86572b06fd3fc3f0fa23f60fb9fe64025
logs/streptococcus_sanguinis_GCF_050220005.1_vfdb.log,397,5a2f34cce06eb98f90641df713fa4994d269263c3bac9effb2fff609b766a20e
logs/streptococcus_sanguinis_GCF_050220005.1_victors.log,380,9a877fae0bcbcea9ca346aa8e8714fff3ee0e90fb860efa2e3db1bfba5276dfa
logs/streptococcus_sanguinis_GCF_050220455.1_amrfinder.log,895,83e0eff607a93932374fda12379f6dd69cefc875174d58c35b16de6f48a89bd0
logs/streptococcus_sanguinis_GCF_050220455.1_bacmet2.log,405,e25e77d64d77945317d752524decf390f69aef5671c64d137b49705d0edec86c
logs/streptococcus_sanguinis_GCF_050220455.1_card.log,398,bc1d85ffed623c28ecae8cd6a47ffa8bf49bb1f29a13bcd8df8505d5cb575228
logs/streptococcus_sanguinis_GCF_050220455.1_plasmidfinder.log,395,acab46a91e48f5950139a2ffb675614910bd6bbd56ca2321b8883c471b5ea02d
logs/streptococcus_sanguinis_GCF_050220455.1_resfinder.log,408,858a03afc6d4e77f42b6207f6ddcdd7b389e1008ac08d8106b665cabe64892c3
logs/streptococcus_sanguinis_GCF_050220455.1_vfdb.log,378,39b0fab04b46d1a12722513f1b840bbdd374dd7fea06654ee9faa5ab25cef023
logs/streptococcus_sanguinis_GCF_050220455.1_victors.log,402,126a4a32570c4c76a86336e3f5f56edd5dfb7d5e343a436841a2288a13aab431
logs/streptococcus_sanguinis_GCF_900475505.1_amrfinder.log,903,04656497002b15abda629342b92053c984eca8ba3346a1d41b6fd73975945351
logs/streptococcus_sanguinis_GCF_900475505.1_bacmet2.log,408,a844c8992c6e062acee33912279774545e1f4d8cdf62f45cc78fbc6ae8f3b866
logs/streptococcus_sanguinis_GCF_900475505.1_card.log,404,53440fe9d0a50d8add052c3e5cbfcbd39db4b2f69817940db31c1e4a310bd9de
logs/streptococcus_sanguinis_GCF_900475505.1_plasmidfinder.log,425,4319381f8f74e847b2bd5b1718e185784780aca160d81cb716a79eedc94fe66e
logs/streptococcus_sanguinis_GCF_900475505.1_resfinder.log,419,bc106c68df282fd711aea71ce4eb2156ac542ac4bc089f3da29ec1ccb99df9fa
logs/streptococcus_sanguinis_GCF_900475505.1_vfdb.log,403,72d1010b5b5df176e8a408103f27203c57cc3306b744a0721124ca570e6a9774
logs/streptococcus_sanguinis_GCF_900475505.1_victors.log,421,0db7ba01fa9cff68529654556cf57b5a42c51d3f3fca76cd0d1bbf7a8461c282
logs/streptococcus_sanguinis_summary.jsonl,170336,5446f4328bb113dd97ad5d7394b4d5502c172d9c8cad216aa82b7aa31021d4a9
logs/tannerella_forsythia_GCF_000238215.1_amrfinder.log,892,80f2b2586ade6bb0884269ef536674f89c28b7a27a70cc98d559b96cc859f9ed
logs/tannerella_forsythia_GCF_000238215.1_bacmet2.log,412,487129746262d3dec50879c36fa8bdc5633b31e215ff70e61252f9400303d7f2
logs/tannerella_forsythia_GCF_000238215.1_card.log,388,3e7c9b766e80dbfc620c467f032209a873c8b1d24917d22458f0fb1e55978d27
logs/tannerella_forsythia_GCF_000238215.1_plasmidfinder.log,398,fd8589f063f36869949d53d7a86c625f4714689c4d701c3f09d9dc61ea805fa4
logs/tannerella_forsythia_GCF_000238215.1_resfinder.log,395,1051ccdf2ed0aeabe3c6ef338b4a8d67b580d14f6c392846a142a8068a799e18
logs/tannerella_forsythia_GCF_000238215.1_vfdb.log,413,b3feb8ed2f2ec97f8a00bd9e8fa3abcf60b8b1a13ae0bd1f8959bed886ff0e76
logs/tannerella_forsythia_GCF_000238215.1_victors.log,393,9fb047e6cd07b5cacf510475744de67a0dbd1544bcd2c7e99a80b6226d6c1b8a
logs/tannerella_forsythia_GCF_001547855.1_amrfinder.log,893,a9eaca247f922933796d5e43409242c484ef1b1d71725185c88be176621b4b79
logs/tannerella_forsythia_GCF_001547855.1_bacmet2.log,418,b5e679d9b74a7911aedf8a3309a606553e1cdf10af9a86ad80daa880e8b6ca06
logs/tannerella_forsythia_GCF_001547855.1_card.log,415,4dbe635fe2dc9faec0f0a9bd2170854343da9def756d865798b3e8b45b83e050
logs/tannerella_forsythia_GCF_001547855.1_plasmidfinder.log,425,cbf07ceafeaf61fff8fe45d998e4ceab9d2793b37e9895a4efaf73ed6db961b1
logs/tannerella_forsythia_GCF_001547855.1_resfinder.log,422,f8a3d0e8f51e03c11503ccfe1342f3e45378f1d55430234a48aa8166dc8757ad
logs/tannerella_forsythia_GCF_001547855.1_vfdb.log,415,20d24082099e5f6556c8ee87d009a3ff63e3ceceeae4b42c600a417e7873a44e
logs/tannerella_forsythia_GCF_001547855.1_victors.log,395,6f6c12bd4cc6019e0b9c11ed97a4dc63cee11f18eea14d179ab3576730b82b8b
logs/tannerella_forsythia_GCF_001547875.1_amrfinder.log,893,57ab41f35e786aeaaa8e5dcfd4624f34c92569734f3998ce167b289e3c83f56e
logs/tannerella_forsythia_GCF_001547875.1_bacmet2.log,418,c4b8f00f495a3d1a3ab41d5c46b2502e3718ff0c69b8d0123f7f7a416c4d2ac1
logs/tannerella_forsythia_GCF_001547875.1_card.log,415,aa04bf1273bf4ef9aa220a6ae15a5d18f14926f7327c5d895ea6f35d8c147595
logs/tannerella_forsythia_GCF_001547875.1_plasmidfinder.log,419,a4a710a08d6c7813d86fa856c8e3e6428ef7c4bd60d4b40282abd65da05e6866
logs/tannerella_forsythia_GCF_001547875.1_resfinder.log,395,3789c81f3a22dac34f8c90211c31a075d83b1767cbbc9bde93933a5e6deaa3f4
logs/tannerella_forsythia_GCF_001547875.1_vfdb.log,401,6c6a2bcdc8bc9eee0191abdccd550254de41b8bb7202a87448be2598ec3e1f88
logs/tannerella_forsythia_GCF_001547875.1_victors.log,393,a4c4f831f9797e2d56677c3c1ff2078197707f87fb52d381417703d5831f92a9
logs/tannerella_forsythia_summary.jsonl,10091,55030a202e34d038f8a68f7f9fe6173802f350c9ec9d0920268f07ebecca7a6a
logs/treponema_denticola_GCF_024181405.1_amrfinder.log,890,cca9fefe69c6f256657db476441eae77e6cbef3c406ddf6f518d567d42d9e8f4
logs/treponema_denticola_GCF_024181405.1_bacmet2.log,415,d0c9b8cca4bd21252bc55bd4486509f4f7d1a4cd1b645abafe40faee1db9f039
logs/treponema_denticola_GCF_024181405.1_card.log,412,3fc08d260589f917621071d2e510effb9a1b46a7e0e419e7f8133916182ff002
logs/treponema_denticola_GCF_024181405.1_plasmidfinder.log,409,700ab319a5d82a4f6d42da65f1710b8ac6b9dcb95b0ad1d90aefd5cada415d84
logs/treponema_denticola_GCF_024181405.1_resfinder.log,420,665e4226022de260ffc4e7a172edff35f006b2f6a6c98196138489b727c92790
logs/treponema_denticola_GCF_024181405.1_vfdb.log,411,71d54f536723fcff469cec469bbe9e59060964b91da9c63af5cf512e0f57ddc3
logs/treponema_denticola_GCF_024181405.1_victors.log,415,cd67f54d7a30f5202fa428200e27a981488a486d6501ce3b53c7f74dee1ca867
logs/treponema_denticola_GCF_024181425.1_amrfinder.log,890,232c4e3b1fccc311bd76b9d33df8fd8d548d06288546b7ef9bdf613b2c03a67c
logs/treponema_denticola_GCF_024181425.1_bacmet2.log,421,b84a21b172752ee6ae795013f71a88ac48175a4164807894c383fc6d53fe6167
logs/treponema_denticola_GCF_024181425.1_card.log,415,e629ebdf1fc1d4d65bc233f6ec7e6c1a5897f99deda37eb82cf1ca2ce6f76332
logs/treponema_denticola_GCF_024181425.1_plasmidfinder.log,400,1f6c9d0d5ead6d8f915e7f62dde0b3553b1b61772a11e3a256bd4f04bf880a2e
logs/treponema_denticola_GCF_024181425.1_resfinder.log,406,6c1a1f343706fe927cf69be1e96466de23cc23645d13191da2c4dea1bb2e1dc5
logs/treponema_denticola_GCF_024181425.1_vfdb.log,417,ea4b23de1a29bc9e83ae1d80ec2ade7e302b89daf5523ce66759dd50ef695e98
logs/treponema_denticola_GCF_024181425.1_victors.log,414,b18b7c1eadc32290bff9177d8ed31d2a0b1c86fc470cd5f3e80841bbca8522af
logs/treponema_denticola_GCF_024181445.1_amrfinder.log,890,8ed20c0678a8aaea3d1a6b54c6c65a15fa3935a5b78faab3898dc3c1a6369f98
logs/treponema_denticola_GCF_024181445.1_bacmet2.log,415,89824f2e98555d1d6354d9102b1a3c3f6e309d2fc79520200df9dd4d711c31ab
logs/treponema_denticola_GCF_024181445.1_card.log,390,77b77e255b82ddd2bf02cb3944ca531f99f22b01b199b3074fc50106dab060f0
logs/treponema_denticola_GCF_024181445.1_plasmidfinder.log,423,4245820618ce6f683fc6966c11854e408e184e1e72600e4404d95d0e97964a37
logs/treponema_denticola_GCF_024181445.1_resfinder.log,420,4d65822a8a5c8153b48f5a1e967d7f986d9f088f5f609659667dfdf91998c1d6
logs/treponema_denticola_GCF_024181445.1_vfdb.log,412,7682bfcddf9eabca6f6ce2d23c084323c77cb611c6aff708d79e810f9a8d6449
logs/treponema_denticola_GCF_024181445.1_victors.log,420,71df5bdfa5b158f59f38b9fc79d4719b4d1b8f42c69b43f0f48b3e9c6287d5cd
logs/treponema_denticola_GCF_024181465.1_amrfinder.log,890,fa67d95075575b218a33e553cdd8d12afaa6399f1f5ac2ecba9ef1ea0420d948
logs/treponema_denticola_GCF_024181465.1_bacmet2.log,405,e1ad828ce3a07d35bf8e34d812fceb74ed6d8153fff38559b4c62dc0263cfebf
logs/treponema_denticola_GCF_024181465.1_card.log,411,debbcb7b772af7f5d03e9942f320c21be164ecf709ed94c555b2fb43ebce03b0
logs/treponema_denticola_GCF_024181465.1_plasmidfinder.log,419,d1a04c71746e5c48c0894052989aee4195cb36963aec00593b72a33c4d735692
logs/treponema_denticola_GCF_024181465.1_resfinder.log,417,3b67cfe2b7cfaef606d93e751beef85b7972b15e00eca2cc95f141bda608912e
logs/treponema_denticola_GCF_024181465.1_vfdb.log,411,d275fedefb600646955cbf01d9ca6cd9e868bfdf222334f2863528ca64e0eb80
logs/treponema_denticola_GCF_024181465.1_victors.log,405,bf2d55a04e57e91e1b9fadb66719c221dd6b1ee4a26174d8ffacd58e9e5e6035
logs/treponema_denticola_GCF_024181485.1_amrfinder.log,890,c70dc984091a21873a46e537a33edc130afde321c9b393f6bb73a2433b5e19eb
logs/treponema_denticola_GCF_024181485.1_bacmet2.log,394,3a1ce35c6590b98d9ca6b5398660a7f035fcb0c3b3590f2ea0ba109aba484212
logs/treponema_denticola_GCF_024181485.1_card.log,402,ab88150f779f7729b6dcb27ab8a70f7f1154d00d4720780806fcd4c4b8379ee6
logs/treponema_denticola_GCF_024181485.1_plasmidfinder.log,420,449ebd0d32b117cefcd54868883fb0d6ff7aa4da08860f01395e12bc0cbab9e9
logs/treponema_denticola_GCF_024181485.1_resfinder.log,397,a236c926b0b4296d9ba3e4b45bfdc43a36c9b76d140110f4c6d6a377b75b6fc7
logs/treponema_denticola_GCF_024181485.1_vfdb.log,417,731240f33d25a972ac2d979f2aa6fe384468418e2dfe5c1ae7f43ba36eaa9442
logs/treponema_denticola_GCF_024181485.1_victors.log,395,e0095eab51227813f8168e976b1786539d4aa0ca3250c0ce75594f75c3512f6b
logs/treponema_denticola_summary.jsonl,112213,d4d7460927bd3cc3cdc7742dc1af484bb736b24e9e36c3b8406e0c9fa9eee281
logs/veillonella_parvula_GCF_002005185.1_amrfinder.log,889,0d98c3bddd72b7066955cbcfcb8943c0f4161ce162750af87a72ea9ced68984e
logs/veillonella_parvula_GCF_002005185.1_bacmet2.log,413,b4899c6c6465c41aa442b20331ed99fbffd66f5c54dbb5e2a5c0f91924106959
logs/veillonella_parvula_GCF_002005185.1_card.log,410,69814ef48326f728ab2902968218ee3672f9c4d398d21016ae72816151e4208e
logs/veillonella_parvula_GCF_002005185.1_plasmidfinder.log,421,1cb56bd20b8f520e8a3e7055cf59a25fd87e39595ce7b060b093ee6c77a4b694
logs/veillonella_parvula_GCF_002005185.1_resfinder.log,420,27d4cce5ae714f9e386049c03f0e21c0147fdda3682eb4f004275efd9ea60a30
logs/veillonella_parvula_GCF_002005185.1_vfdb.log,413,cb8768d2e7c7d3684e00134de255288c1c3230e0ff8b46f21ffb1f4691a43aad
logs/veillonella_parvula_GCF_002005185.1_victors.log,413,ee0a299f56bf9d959f0cd462781edccf2dcf98fb98a3bcc40e419b15f2dc9938
logs/veillonella_parvula_GCF_016127175.1_amrfinder.log,890,c586f18778e3ee2e5e014859263852686ca1c918b74b7b4d071d52d31de24ec6
logs/veillonella_parvula_GCF_016127175.1_bacmet2.log,420,5e18cc83568f28b43e3052c3936c10f4231458f220521fd95e9b74481e17ea0b
logs/veillonella_parvula_GCF_016127175.1_card.log,402,baf02bc1199cc6039ab66775aeef264d55050ae4a3fc19d82d92e4f260878849
logs/veillonella_parvula_GCF_016127175.1_plasmidfinder.log,400,e208c537402faf5c0cc54c777dab11d98c422702c5c2e2096393b9f3b1956509
logs/veillonella_parvula_GCF_016127175.1_resfinder.log,417,da094b550630fc42106013c16093b1138018d758a907b196fde40f1d4288d143
logs/veillonella_parvula_GCF_016127175.1_vfdb.log,417,4a9369d72b6d2040e64b6c6c95568b7f9a748a62c90a2f3e3a2827573a7f2f02
logs/veillonella_parvula_GCF_016127175.1_victors.log,405,fb4baa5bc2375fc3262c6fb514a88aaf0ddaf4b256a77f34f884ff8729075eaa
logs/veillonella_parvula_GCF_031190775.1_amrfinder.log,890,3f731f3e704c4547840f157b4c56d0e14d91d7fbf10bf0782638c48be6c7ad30
logs/veillonella_parvula_GCF_031190775.1_bacmet2.log,395,b4142c664c18243664153fdb490c5fc5eb5cff4911d2e2d26ef1bc831e612363
logs/veillonella_parvula_GCF_031190775.1_card.log,412,36377a112363154930a8c0a5930efcfd1ac3d083216dd4916ae6c9c40a209a5a
logs/veillonella_parvula_GCF_031190775.1_plasmidfinder.log,410,46043e6fbcee7cd0a51c96e9001d8f3eb7af1d440f125926a3c6ddd94e97dcee
logs/veillonella_parvula_GCF_031190775.1_resfinder.log,420,b7a9f0217453d899d4f3d90ebe940bd294fe0fbd759a9d104500536087464a3f
logs/veillonella_parvula_GCF_031190775.1_vfdb.log,415,c2a515b09ae32e1643d648c95e045d2def53f9abfea8e03641edb5e7c7762401
logs/veillonella_parvula_GCF_031190775.1_victors.log,415,afab01e4d19037b31a4fbe73b12b5ed5d2900860627385b659ccdb2554a44571
logs/veillonella_parvula_GCF_036456085.1_amrfinder.log,890,fb5a7739ca562e0c56150572b61ac0b25acbe71c7211e6ab147cd0ed57b6b5c6
logs/veillonella_parvula_GCF_036456085.1_bacmet2.log,395,c37b0f89e48fe4429feba9e6111785d943e2952c1bd605f849ffd1b94a324d6c
logs/veillonella_parvula_GCF_036456085.1_card.log,415,8583e9bc1139735ae11d64cd23b9b68bbd364ea459ee1db85070b1b44f2ad528
logs/veillonella_parvula_GCF_036456085.1_plasmidfinder.log,423,84e8e61e9a38c3e38fc5c92ed70cf157f664a4a741c27ecf88bef8c31bddadfb
logs/veillonella_parvula_GCF_036456085.1_resfinder.log,407,15ad77589a264223f4bdc8089803d6c784838b455c8eeb8f012df63e87834c34
logs/veillonella_parvula_GCF_036456085.1_vfdb.log,411,d075f200ef5c7a604af9f66429d4818f56e19c12002b4b486cf7f6897cbc03e5
logs/veillonella_parvula_GCF_036456085.1_victors.log,418,4ff340d460ac1c1d54766a28787d5891413f187279cdfe8ee038c7ae8017b14f
logs/veillonella_parvula_GCF_900186885.1_amrfinder.log,887,49dcccc2370edc05788201bc9d4193aeeafbd2ae2ccaf175c469f1e468d3ff39
logs/veillonella_parvula_GCF_900186885.1_bacmet2.log,409,f6dbcda65a6c2ab426acdb1668f7380bffed795ac846c3549ca6aa44e2b8e056
logs/veillonella_parvula_GCF_900186885.1_card.log,411,09605bf82426f80b97eb98285d7ef1caac4998d6f2389ed42c0fb52bf9eedbe0
logs/veillonella_parvula_GCF_900186885.1_plasmidfinder.log,414,d4894dd25bf68f8ddd3a22b4323740f4551f28745f4d05d228a2e5a6f22c483e
logs/veillonella_parvula_GCF_900186885.1_resfinder.log,416,3464d008618d9b33e1a068e35d6c89aea22481d1692574f1d63555c0ae82779c
logs/veillonella_parvula_GCF_900186885.1_vfdb.log,409,065b7c3868b1e784193b5b483c580bbf345f41741fbaeb8acf1e9ab0537bd931
logs/veillonella_parvula_GCF_900186885.1_victors.log,389,294173d5f5f06d55d9423805bfaa9b57ec1a083adc8e20987b875c8667f8e903
logs/veillonella_parvula_summary.jsonl,36105,ca40b714a873a0282aba6dedcc5dc49f19796d4c80e6f6f02448cc97a01a72b4
results/abricate_extra/bacmet2/actinomyces_naeslundii_GCF_016127855.1_bacmet2.tsv,33567,373ce7b7968e2d8e8920fa53ec5e8f90c71c339d4b7648e7463799ee6bbcddae
results/abricate_extra/bacmet2/actinomyces_naeslundii_GCF_963265035.1_bacmet2.tsv,34217,68a797f15b89845e0096025fce6c147cf5bc0be5bb15f5dd9b96400df30d5a01
results/abricate_extra/bacmet2/actinomyces_naeslundii_GCF_963340285.1_bacmet2.tsv,32569,fce7262a8b4fa2e8a9c0ea06d1d79245aab7ba1ffc3c277762b6513fd22a15a0
results/abricate_extra/bacmet2/actinomyces_naeslundii_GCF_963340415.1_bacmet2.tsv,32860,8b3426cac37360a2a1009f18e88914fbf9df7fd9911c189118a910c470d54a1b
results/abricate_extra/bacmet2/corynebacterium_striatum_GCF_002156805.1_bacmet2.tsv,31976,52172c1db8556922a385773d57eaec5a18041439a249a82256e124e1d9bb6912
results/abricate_extra/bacmet2/corynebacterium_striatum_GCF_002803965.1_bacmet2.tsv,33190,caed6dc752c3e1dfdbda9b99c929c9939602faa52bc12189c48fd1b6f1b8a4f3
results/abricate_extra/bacmet2/corynebacterium_striatum_GCF_002804085.1_bacmet2.tsv,35178,45042630b1c81fe12b875a7f74da7696a2ccea4c3f5207ecfd517185674be90b
results/abricate_extra/bacmet2/corynebacterium_striatum_GCF_016728105.1_bacmet2.tsv,31730,17ce538fed3116f66da9bdc985bc6774b06907af0419687a32e829b5a3c04e3c
results/abricate_extra/bacmet2/corynebacterium_striatum_GCF_016728205.1_bacmet2.tsv,32517,1b3151b5658f732e1bec09bc98330327166310015ed6e716806490ae3478a45f
results/abricate_extra/bacmet2/cutibacterium_acnes_GCF_001281065.1_bacmet2.tsv,27186,de4c2459d383dc9b1511e9dafb0e9282556faae14e9a2112504a824ca5e6288a
results/abricate_extra/bacmet2/cutibacterium_acnes_GCF_001469565.1_bacmet2.tsv,28524,6e290086bee21cc461fad9b403bb4e71a3012abc52dea57a05f488615bcfa001
results/abricate_extra/bacmet2/cutibacterium_acnes_GCF_001469595.1_bacmet2.tsv,26893,5b29294ceec16688ded1dd32e5845ba854ac9fe2a335c0d9416ae37830d5f93d
results/abricate_extra/bacmet2/cutibacterium_acnes_GCF_001469615.1_bacmet2.tsv,29178,a89af0ff824bfe459c7d06e807d2420f4c66447a1ee0b23dc36f1449eea56198
results/abricate_extra/bacmet2/cutibacterium_acnes_GCF_001469655.1_bacmet2.tsv,28175,7524ce95dbafc727951ddaa1d6c621d45bcdf5f06ad2400280eb7c7e9debe274
results/abricate_extra/bacmet2/enterococcus_faecalis_GCF_001598635.1_bacmet2.tsv,39311,8345bbb52ad68110344328722a7a3240c7d346871533c9c1e0d159e973c5944e
results/abricate_extra/bacmet2/enterococcus_faecalis_GCF_001689055.2_bacmet2.tsv,42449,6de83f98f218692f92b800efe111fa1d9a9184ebec9d420940d32750a29bedc0
results/abricate_extra/bacmet2/enterococcus_faecalis_GCF_001989555.1_bacmet2.tsv,40700,592e9d8c88cec53527f785b32b71b8badf865bd033cd95d0668ec9337b6bb061
results/abricate_extra/bacmet2/enterococcus_faecalis_GCF_002163735.1_bacmet2.tsv,38262,b2631beed83914fdbd4b137a018bf428b5241eb9b9ed81b9af4d2317b8941b39
results/abricate_extra/bacmet2/enterococcus_faecalis_GCF_002208945.1_bacmet2.tsv,40024,d5fccdcd92010869f19ea64599d44b596bf088c989944ddfb5c5d1cdbd3cff83
results/abricate_extra/bacmet2/fusobacterium_nucleatum_GCF_028621975.1_bacmet2.tsv,28926,3defea50ed11dba629c940b2f237db9f3f5d2e92ccf97fe16e10f8ecdaa34889
results/abricate_extra/bacmet2/fusobacterium_nucleatum_GCF_028621995.1_bacmet2.tsv,26372,cb133b1be0b55e4d199f936fc4beab2968bbc4d6066c8af8afa65f1d6bbef94c
results/abricate_extra/bacmet2/fusobacterium_nucleatum_GCF_031191795.1_bacmet2.tsv,27614,48701b58facf172adb681f4bf310186e72598517150a21549a94c4a21743452f
results/abricate_extra/bacmet2/fusobacterium_nucleatum_GCF_037889055.1_bacmet2.tsv,27164,24fe7eed287d19a855b345600c945b7ace545fd6cc005f8f023e544e8e5c1917
results/abricate_extra/bacmet2/fusobacterium_nucleatum_GCF_037889065.1_bacmet2.tsv,26491,09623d901e9f226dbb8b2464a35f5060749460022c16c75b8459e3bf5dc8259d
results/abricate_extra/bacmet2/porphyromonas_gingivalis_GCF_001263815.1_bacmet2.tsv,13904,b70e72144f6e343d58417d1ee6de98fc8ee780ba2c6f8e3b2ac3cee5ed6bf73a
results/abricate_extra/bacmet2/porphyromonas_gingivalis_GCF_002753935.1_bacmet2.tsv,14270,40c60bf4ec8ff3eadde9d0f9278bf260ff15dfe659d1d64283ecdafa22d0da22
results/abricate_extra/bacmet2/porphyromonas_gingivalis_GCF_002753955.1_bacmet2.tsv,14209,f27518ca2c4dab8fb66963076e8d7da6681b4f981c1855bd1feda47780de21eb
results/abricate_extra/bacmet2/porphyromonas_gingivalis_GCF_002753975.1_bacmet2.tsv,14776,4b36653e9e3e89f5f107709bfbe8ff0f8870f8dd6099636925f7e2bb4ede6414
results/abricate_extra/bacmet2/porphyromonas_gingivalis_GCF_002754015.1_bacmet2.tsv,13890,c5619ffbe3ce52749b907c92aa0262998fe5832bad843fe76eef8e146f7333c3
results/abricate_extra/bacmet2/prevotella_intermedia_GCF_001548195.1_bacmet2.tsv,11777,eb715ec6dfc01af0d1d11e908b625fbca20898ddcb120bc8612cb57ae0529e71
results/abricate_extra/bacmet2/prevotella_intermedia_GCF_001953935.1_bacmet2.tsv,12093,73fb5d3efd43e12d39f81a6bde2d410deee281e20468c1b3c0121e481f53a0c6
results/abricate_extra/bacmet2/prevotella_intermedia_GCF_002355195.1_bacmet2.tsv,12052,945189b8cb88cb442cc546df035ac4a93315cfeb82fdb1b7b3cee9e1314580e5
results/abricate_extra/bacmet2/prevotella_intermedia_GCF_002763535.1_bacmet2.tsv,11502,fdb78d8192a5fb769bbd59ff02b592012aa7af1b4430ecf12e3404511e45c3c1
results/abricate_extra/bacmet2/prevotella_intermedia_GCF_002763575.1_bacmet2.tsv,11752,a8d9bcaf0746c7ea69153d1d5cce3632c496ca68b6e89ebebcca75e3964148a5
results/abricate_extra/bacmet2/staphylococcus_capitis_GCF_002356175.1_bacmet2.tsv,33357,99084fcf1369a237630c06d33b722822e1b2eb897af5e849dce8924fba0045e5
results/abricate_extra/bacmet2/staphylococcus_capitis_GCF_002591175.1_bacmet2.tsv,35858,c7e1a88c9d0bc91cb983988dec43b0cf4d06021e1e7bfb3ff634b09b5f3bed82
results/abricate_extra/bacmet2/staphylococcus_capitis_GCF_013267675.1_bacmet2.tsv,36159,4d7d21ee5f93108a29553525a0c67183dae5df6b3ba0e05e03973b50953cda8d
results/abricate_extra/bacmet2/staphylococcus_capitis_GCF_015243435.1_bacmet2.tsv,36922,341ef8f0ae40c23c5883c7c286d6a7a4f2589846706da93bc3e459d509532cc4
results/abricate_extra/bacmet2/staphylococcus_capitis_GCF_020883475.1_bacmet2.tsv,34115,0c3dc6b7747d91c4ff00f77f958635458b764943893703f36cd8825f5f731a7c
results/abricate_extra/bacmet2/staphylococcus_epidermidis_GCF_000759555.1_bacmet2.tsv,36496,b835251435371163384861964c27e0ec42d917cdcf0c5a80d4d14d0b6677e52c
results/abricate_extra/bacmet2/staphylococcus_epidermidis_GCF_001956655.1_bacmet2.tsv,38197,be32f34fcdae589ad842488b775516bcb7e21af0d38a5ffceceb119ff5b2cfc0
results/abricate_extra/bacmet2/staphylococcus_epidermidis_GCF_002085695.1_bacmet2.tsv,34724,09cd9e985d77e0c578fe1d301e07e2401cc9b154f1a2a947fd717dd331e8c41a
results/abricate_extra/bacmet2/staphylococcus_epidermidis_GCF_002215535.1_bacmet2.tsv,38821,f49db62f7c40aa459bff4cf79191139b0ce3d237409cd70930a6aacc6a60e7a1
results/abricate_extra/bacmet2/staphylococcus_epidermidis_GCF_006094375.1_bacmet2.tsv,40017,647bdce55547c5713ab2f9bbe6e1c7bca9af420d8015bf93d233c1524fd9259e
results/abricate_extra/bacmet2/staphylococcus_haemolyticus_GCF_001611955.1_bacmet2.tsv,39693,319d135b7bb890c42e56d860b2a4b3b1f0cdc3155daf74e9b844a53e67abb656
results/abricate_extra/bacmet2/staphylococcus_haemolyticus_GCF_002906595.1_bacmet2.tsv,38167,d7effe9e0012aa38a1fdac6d46b82078a42b683ca22aa6ee1254069e09772be5
results/abricate_extra/bacmet2/staphylococcus_haemolyticus_GCF_002906615.1_bacmet2.tsv,38167,aa7d595ddee0f0279bd05881865495228060d70a4f82c70c8a772ffc196f4f8a
results/abricate_extra/bacmet2/staphylococcus_haemolyticus_GCF_002952715.2_bacmet2.tsv,38925,fa9ffe3514d85390f6b9fe10d759286477ee29179afc2a647454e134ccc82285
results/abricate_extra/bacmet2/staphylococcus_haemolyticus_GCF_006094395.1_bacmet2.tsv,37902,b491317d779914d74efd0410bb6744edd69a2c8518d14b482599f22f6d94c381
results/abricate_extra/bacmet2/streptococcus_anginosus_GCF_000831165.1_bacmet2.tsv,24813,087a23bf81140b1e1215b0b11830563c27a2bc57bcc787e1c1b6eb7f9548efff
results/abricate_extra/bacmet2/streptococcus_anginosus_GCF_001412635.1_bacmet2.tsv,24326,656a540d704b9a64cf47460c54d276bffe7de47f79d3759961242f26e79231e7
results/abricate_extra/bacmet2/streptococcus_anginosus_GCF_001697145.1_bacmet2.tsv,24231,371ac37b2a81dbc670875fba2c9d88fa91cefd1ca8421d5d8b36466e437a707f
results/abricate_extra/bacmet2/streptococcus_anginosus_GCF_008726365.3_bacmet2.tsv,24431,3f3d73d5e49439b1f0dfa4090802eb4ac3f0906fcb9d6ae4a7d1fd3d2370ca1e
results/abricate_extra/bacmet2/streptococcus_anginosus_GCF_900636475.1_bacmet2.tsv,24686,975e2ffee905c69566ebbb1fbd5ac9d32a7dc48cbc6522564a1f16ee2127fdcc
results/abricate_extra/bacmet2/streptococcus_mitis_GCF_000722765.2_bacmet2.tsv,23179,f6ab457c510a42364b07da5d17a5f0d9517b03f034cb3d7e0a6e3d9782239f99
results/abricate_extra/bacmet2/streptococcus_mitis_GCF_001281025.1_bacmet2.tsv,25880,8df2f7c520539e8bba06808ba03fe1fbdd1971bb8d3084e99323d33d16461438
results/abricate_extra/bacmet2/streptococcus_mitis_GCF_009730515.1_bacmet2.tsv,23829,fd5710c484dfc9b7466d00c7121c05851f7a5bc63ddfbf123c1820e5f20f6e94
results/abricate_extra/bacmet2/streptococcus_mitis_GCF_013305725.1_bacmet2.tsv,25783,13ae2bfbe329c584e63c61cfd04c8f434237eb6b1b9c441a98e28685c8b58579
results/abricate_extra/bacmet2/streptococcus_mitis_GCF_018603625.2_bacmet2.tsv,24657,2c40401a53ffbd3ecf4aa0ff80b895535ca146909d5acda9f2315c89c55ae37a
results/abricate_extra/bacmet2/streptococcus_oralis_GCF_001983955.1_bacmet2.tsv,23761,693b5fa98bef8d3e844fced7647701a95bd912eaca9ff77bd82d3ad97c70efc9
results/abricate_extra/bacmet2/streptococcus_oralis_GCF_002386345.1_bacmet2.tsv,24321,d4fc89392df0ed3f5a892d1d77a888518620206be6f5a310ebb3f2eb1d0b800d
results/abricate_extra/bacmet2/streptococcus_oralis_GCF_007475365.1_bacmet2.tsv,25652,179ee014ee94966df27e763f7dcfbe0151b8f6ca2ad4cc9711805e73ac5be496
results/abricate_extra/bacmet2/streptococcus_oralis_GCF_016028175.1_bacmet2.tsv,25946,f67a22170948784859fc154778df50ef5eaa6564b39c6edc4a31e720d4f658b4
results/abricate_extra/bacmet2/streptococcus_oralis_GCF_016028255.1_bacmet2.tsv,26305,5e258651b2a7f822677c235dccd6a3c7fee228d6c317680fc2bf11df9d5d77a7
results/abricate_extra/bacmet2/streptococcus_sanguinis_GCF_013343115.1_bacmet2.tsv,33499,db75cc7fc1f83f13363ba5659d3e1eff185a9ea316ce8e8e9f1bc3037f39f0db
results/abricate_extra/bacmet2/streptococcus_sanguinis_GCF_013378355.1_bacmet2.tsv,27101,5565ad2de395ac80fb9d42517609d0f840a4367fa3f42ddfa8d4a8e45071f4b8
results/abricate_extra/bacmet2/streptococcus_sanguinis_GCF_050220005.1_bacmet2.tsv,32929,f8f00fdcd4e1027b8176fe92956a97f04cd17afa63d32d387eda43e0dcac4c70
results/abricate_extra/bacmet2/streptococcus_sanguinis_GCF_050220455.1_bacmet2.tsv,31982,41f1602d57ab3b5ae0aa15168ad71ec71c6c8081c521efce73909bf85e4c4f13
results/abricate_extra/bacmet2/streptococcus_sanguinis_GCF_900475505.1_bacmet2.tsv,32640,ccadee7e759f85061abcef30094c40409bfa5e7415b234606a216e42653e6193
results/abricate_extra/bacmet2/tannerella_forsythia_GCF_000238215.1_bacmet2.tsv,16762,c3171d5bff8a4b6643017eab7e0cbbfa7cabcb011cbf515b327249f938f6c214
results/abricate_extra/bacmet2/tannerella_forsythia_GCF_001547855.1_bacmet2.tsv,16042,dfe37834a487f7c0586c22119fbfdec75ebdb407f3b20142257697222967967e
results/abricate_extra/bacmet2/tannerella_forsythia_GCF_001547875.1_bacmet2.tsv,16338,4451acda8a04e48adc9d9667875895dc24a1e8ab61de54b3e483d6b56ce00644
results/abricate_extra/bacmet2/treponema_denticola_GCF_024181405.1_bacmet2.tsv,31509,ed7922ad953a359d1df4453b7a5bc4424584d0a063c730eedaddafc17fd4501e
results/abricate_extra/bacmet2/treponema_denticola_GCF_024181425.1_bacmet2.tsv,38381,f8f05122cfc7530c49acec3d59002837c349030be9353dde63c5360d0065b2e8
results/abricate_extra/bacmet2/treponema_denticola_GCF_024181445.1_bacmet2.tsv,35727,d1352f59f37fbdd7f87cb9447d0854d52c47b087620dd991f86d1c20f7fd189f
results/abricate_extra/bacmet2/treponema_denticola_GCF_024181465.1_bacmet2.tsv,39026,8fc14a7642728d3cad558c7cf9c051ea7deb078b40e374dc0993c019d308ddf8
results/abricate_extra/bacmet2/treponema_denticola_GCF_024181485.1_bacmet2.tsv,35646,364ba1568a482a8f62bad27ecf70e0f1cd29c4d9ff9e55f55b0b3c3968140338
results/abricate_extra/bacmet2/veillonella_parvula_GCF_002005185.1_bacmet2.tsv,26974,304836a7a40945d951a5c2f033a772a7cb7901ec9cc2d6c659faee3ba3422227
results/abricate_extra/bacmet2/veillonella_parvula_GCF_016127175.1_bacmet2.tsv,30049,4d747b1e39d5b85dd9984e5702b3dc5c69b427e5f7285dda5d5c23715b714b5f
results/abricate_extra/bacmet2/veillonella_parvula_GCF_031190775.1_bacmet2.tsv,29194,7154e368d4f7dc2cd9d7e0af4a4c515cdd7dedb05218a642b59e447753677215
results/abricate_extra/bacmet2/veillonella_parvula_GCF_036456085.1_bacmet2.tsv,27157,baa5a4791e475477ee15130bcafa97b01e4a3345fcf9b72de685b1437b08a899
results/abricate_extra/bacmet2/veillonella_parvula_GCF_900186885.1_bacmet2.tsv,29302,c9260e742bee846027f1913e70f4a9b2aa52867c14722af6eddbcdf51f69a3b3
results/abricate_extra/card/actinomyces_naeslundii_GCF_016127855.1_card.tsv,122,47d770a37c6bc4e5e4f8c30214e6b716d5990c0f9f0cce597b4079076eb4d0d9
results/abricate_extra/card/actinomyces_naeslundii_GCF_963265035.1_card.tsv,122,47d770a37c6bc4e5e4f8c30214e6b716d5990c0f9f0cce597b4079076eb4d0d9
results/abricate_extra/card/actinomyces_naeslundii_GCF_963340285.1_card.tsv,122,47d770a37c6bc4e5e4f8c30214e6b716d5990c0f9f0cce597b4079076eb4d0d9
results/abricate_extra/card/actinomyces_naeslundii_GCF_963340415.1_card.tsv,122,47d770a37c6bc4e5e4f8c30214e6b716d5990c0f9f0cce597b4079076eb4d0d9
results/abricate_extra/card/corynebacterium_striatum_GCF_002156805.1_card.tsv,956,9d898f44270e2705098bc282b80fe0bf8d2cef66b3561c027ad13b5b5e2f2072
results/abricate_extra/card/corynebacterium_striatum_GCF_002803965.1_card.tsv,3323,dd8c6f259a3ab28fd2ad8fde055a164005d6270834c73c782418ddfe3f5f76c8
results/abricate_extra/card/corynebacterium_striatum_GCF_002804085.1_card.tsv,923,092d959809a41a326e444582715ae29194a1d15016d3de30578d1de891d47147
results/abricate_extra/card/corynebacterium_striatum_GCF_016728105.1_card.tsv,515,59034af39a23f2a68f5f4a005f1efeac801db6e7808916c7f80093fcb14df219
results/abricate_extra/card/corynebacterium_striatum_GCF_016728205.1_card.tsv,122,47d770a37c6bc4e5e4f8c30214e6b716d5990c0f9f0cce597b4079076eb4d0d9
results/abricate_extra/card/cutibacterium_acnes_GCF_001281065.1_card.tsv,122,47d770a37c6bc4e5e4f8c30214e6b716d5990c0f9f0cce597b4079076eb4d0d9
results/abricate_extra/card/cutibacterium_acnes_GCF_001469565.1_card.tsv,122,47d770a37c6bc4e5e4f8c30214e6b716d5990c0f9f0cce597b4079076eb4d0d9
results/abricate_extra/card/cutibacterium_acnes_GCF_001469595.1_card.tsv,122,47d770a37c6bc4e5e4f8c30214e6b716d5990c0f9f0cce597b4079076eb4d0d9
results/abricate_extra/card/cutibacterium_acnes_GCF_001469615.1_card.tsv,122,47d770a37c6bc4e5e4f8c30214e6b716d5990c0f9f0cce597b4079076eb4d0d9
results/abricate_extra/card/cutibacterium_acnes_GCF_001469655.1_card.tsv,122,47d770a37c6bc4e5e4f8c30214e6b716d5990c0f9f0cce597b4079076eb4d0d9
results/abricate_extra/card/enterococcus_faecalis_GCF_001598635.1_card.tsv,2879,089578d274cea20404540b0566da44ceda390e01e982cdf96e7294c4b9e98738
results/abricate_extra/card/enterococcus_faecalis_GCF_001689055.2_card.tsv,2881,a36be5e76fc6300d90ec378b27da4abd66bf6e604bb5e021150a22ab97a26952
results/abricate_extra/card/enterococcus_faecalis_GCF_001989555.1_card.tsv,6200,b38caa7a1cc5c097d54e33b944e6613c217fe24a4cdbd076d9535c92f14faf1a
results/abricate_extra/card/enterococcus_faecalis_GCF_002163735.1_card.tsv,2885,83ca4eb88fa681836bc96ac3315cc46ef90821bdf8a38beeab1c41e69e0ba96c
results/abricate_extra/card/enterococcus_faecalis_GCF_002208945.1_card.tsv,3311,bc470458fbcb2720895ba210610ad4de364307e197d495dd2936fffb9173a08a
results/abricate_extra/card/fusobacterium_nucleatum_GCF_028621975.1_card.tsv,1188,6918e8fdebb018fe34e4af63b85c0fba16065872836104c1c2f1ef8d2abce2ec
results/abricate_extra/card/fusobacterium_nucleatum_GCF_028621995.1_card.tsv,122,47d770a37c6bc4e5e4f8c30214e6b716d5990c0f9f0cce597b4079076eb4d0d9
results/abricate_extra/card/fusobacterium_nucleatum_GCF_031191795.1_card.tsv,122,47d770a37c6bc4e5e4f8c30214e6b716d5990c0f9f0cce597b4079076eb4d0d9
results/abricate_extra/card/fusobacterium_nucleatum_GCF_037889055.1_card.tsv,122,47d770a37c6bc4e5e4f8c30214e6b716d5990c0f9f0cce597b4079076eb4d0d9
results/abricate_extra/card/fusobacterium_nucleatum_GCF_037889065.1_card.tsv,122,47d770a37c6bc4e5e4f8c30214e6b716d5990c0f9f0cce597b4079076eb4d0d9
results/abricate_extra/card/porphyromonas_gingivalis_GCF_001263815.1_card.tsv,416,c8f782db1588a60ed6e681cd7864b95716557fe248341409ad5b5e0d363fe2f4
results/abricate_extra/card/porphyromonas_gingivalis_GCF_002753935.1_card.tsv,418,0d8f95f548f87ac445f859ae3db6a406aab134d6225c95251f779babd1d50e98
results/abricate_extra/card/porphyromonas_gingivalis_GCF_002753955.1_card.tsv,418,fdcb9bc96a16a18767c7f20918334c411f28d252548540be9d0def3f63289d0a
results/abricate_extra/card/porphyromonas_gingivalis_GCF_002753975.1_card.tsv,418,fa6099da8299062f61231e943c08388848c7d6984d211dbf9903f14eb3a8ab1f
results/abricate_extra/card/porphyromonas_gingivalis_GCF_002754015.1_card.tsv,416,a022b765ebd6a774bc2e72f249f3dce566507712858b1432720485ae01d50302
results/abricate_extra/card/prevotella_intermedia_GCF_001548195.1_card.tsv,122,47d770a37c6bc4e5e4f8c30214e6b716d5990c0f9f0cce597b4079076eb4d0d9
results/abricate_extra/card/prevotella_intermedia_GCF_001953935.1_card.tsv,122,47d770a37c6bc4e5e4f8c30214e6b716d5990c0f9f0cce597b4079076eb4d0d9
results/abricate_extra/card/prevotella_intermedia_GCF_002355195.1_card.tsv,122,47d770a37c6bc4e5e4f8c30214e6b716d5990c0f9f0cce597b4079076eb4d0d9
results/abricate_extra/card/prevotella_intermedia_GCF_002763535.1_card.tsv,837,578cc9240e3b230cfca9840c1c92e91501931c1b765da6c1ca5324d4b4d4f655
results/abricate_extra/card/prevotella_intermedia_GCF_002763575.1_card.tsv,842,7473ecbdf98ff9277819bcce2771e608520ac479c1ece0b88cae11123d898e8a
results/abricate_extra/card/staphylococcus_capitis_GCF_002356175.1_card.tsv,5238,51c6399c9fa4beaff68370803f0e8da4635d7dc8d372c140e6eb2a55b16ca28e
results/abricate_extra/card/staphylococcus_capitis_GCF_002591175.1_card.tsv,1553,1d80dd4016cfd8a6bcc57b8407d775d68e6b334e7f37942e47d874eba059600c
results/abricate_extra/card/staphylococcus_capitis_GCF_013267675.1_card.tsv,654,028c152ea7e5b2a92b5ed43b09ed9467b3dc500a8993fcd97228476be805218d
results/abricate_extra/card/staphylococcus_capitis_GCF_015243435.1_card.tsv,2410,ddcc02ee0667f945d1a5dfc3b3bc495971d6e08154c060c6b6b7e49510745fc6
results/abricate_extra/card/staphylococcus_capitis_GCF_020883475.1_card.tsv,5158,0cb757152c6d84dfcb9966547eb7b5a9dcc3c2eb72ef40f4e2ae90dfd4a0bd99
results/abricate_extra/card/staphylococcus_epidermidis_GCF_000759555.1_card.tsv,1593,34c5c5a828bb60434deba3ccbf02880a55f6167a693bcedd70ef000ef5a52055
results/abricate_extra/card/staphylococcus_epidermidis_GCF_001956655.1_card.tsv,2397,9b100186abace887a1c610dcfdb1b61b81e47f4c9575ee522e1aa7508e2d65cc
results/abricate_extra/card/staphylococcus_epidermidis_GCF_002085695.1_card.tsv,1600,34f326d863a69091cce04640d5b42ab7686741159ea7bbabaa2a03b3688d5837
results/abricate_extra/card/staphylococcus_epidermidis_GCF_002215535.1_card.tsv,3151,b9305de8883484fa649f77f379d50eddc03dcc7ea9769e7f48e224c8031672e0
results/abricate_extra/card/staphylococcus_epidermidis_GCF_006094375.1_card.tsv,2311,d21a5be7889bc4ba8d3a6f232fac693197887251f5bb76e87d11cdcd6c41fa42
results/abricate_extra/card/staphylococcus_haemolyticus_GCF_001611955.1_card.tsv,1344,fec675df43467ba1d935949632e99122a8c50db76cc79c0f394a6dc88edc3245
results/abricate_extra/card/staphylococcus_haemolyticus_GCF_002906595.1_card.tsv,4944,c575b817e011aa8b2d2d43ab3a130728668673e4ad42f0d22b7e99e0d82c9a1f
results/abricate_extra/card/staphylococcus_haemolyticus_GCF_002906615.1_card.tsv,4944,2a4211449ea08d3146f06443afe569e4bcf0424e998749b06da92f2b95f5e071
results/abricate_extra/card/staphylococcus_haemolyticus_GCF_002952715.2_card.tsv,3658,f67cf56d4dbf1e28c0a6ca97de81fbb2728908c8ebdb9b74006d8cd4ce8e5853
results/abricate_extra/card/staphylococcus_haemolyticus_GCF_006094395.1_card.tsv,658,78060ec8df790fc2694dbddf2ccf268ceae43a21341bbde8a7d46b03e8842442
results/abricate_extra/card/streptococcus_anginosus_GCF_000831165.1_card.tsv,3664,337c91386b9d94c00d1329ad8498f7f2cfbe8759d3fff6e6a8fb5d048ff148cc
results/abricate_extra/card/streptococcus_anginosus_GCF_001412635.1_card.tsv,556,15e5b963ffd17a4492dfdf4eeab9bee62ee22706c5d47eef8a10c57029e91ef2
results/abricate_extra/card/streptococcus_anginosus_GCF_001697145.1_card.tsv,122,47d770a37c6bc4e5e4f8c30214e6b716d5990c0f9f0cce597b4079076eb4d0d9
results/abricate_extra/card/streptococcus_anginosus_GCF_008726365.3_card.tsv,905,45b72ab0cfde0c2e07d8d1000d144046a7e67d833bddea0ad6eecd33106b66b7
results/abricate_extra/card/streptococcus_anginosus_GCF_900636475.1_card.tsv,122,47d770a37c6bc4e5e4f8c30214e6b716d5990c0f9f0cce597b4079076eb4d0d9
results/abricate_extra/card/streptococcus_mitis_GCF_000722765.2_card.tsv,2157,a0f268c9811f9ee1d3a051876dbc5f090c9fb50e2f87bf09910fe3f06bdf6f4a
results/abricate_extra/card/streptococcus_mitis_GCF_001281025.1_card.tsv,1713,200337ee91bc6d79fa1e65d1b2849579ab91eb650c249ec21dc524359b08a01c
results/abricate_extra/card/streptococcus_mitis_GCF_009730515.1_card.tsv,1711,9a433cb1e76c81be6a3f1420c8a8f33bfb49b6a46960273cda126667d6c43ef0
results/abricate_extra/card/streptococcus_mitis_GCF_013305725.1_card.tsv,2602,9c3965afe7e2b8a0e73bae12f99622dcc13779120e2ec686ac96eb0a3c2f05cc
results/abricate_extra/card/streptococcus_mitis_GCF_018603625.2_card.tsv,2169,83b03e009ada37dffc763a6d003c9e83a08abb0d1647290af70d1ab1884dd4a7
results/abricate_extra/card/streptococcus_oralis_GCF_001983955.1_card.tsv,1414,3bfc5bbe75b52bda50e65e8a0c2437346790217292b4045f7f56428d9139c7bc
results/abricate_extra/card/streptococcus_oralis_GCF_002386345.1_card.tsv,2190,0860d283df9dabe291ba4748a6c146e02006d9a7c1078301aa7ad16aeed698b6
results/abricate_extra/card/streptococcus_oralis_GCF_007475365.1_card.tsv,1717,6330fb4fe50cd529a38ca83909ad3178dede0672e4a9d5c8cd1f89b7ca2da2cb
results/abricate_extra/card/streptococcus_oralis_GCF_016028175.1_card.tsv,2170,4467ea2de7369028d8e14bea04e8987f46d019f5be722bc981b3af4bd198240f
results/abricate_extra/card/streptococcus_oralis_GCF_016028255.1_card.tsv,1718,29d761ffbc7b4fe5192d0a92c5115c2cc43a7244174325ae542bb00323212204
results/abricate_extra/card/streptococcus_sanguinis_GCF_013343115.1_card.tsv,122,47d770a37c6bc4e5e4f8c30214e6b716d5990c0f9f0cce597b4079076eb4d0d9
results/abricate_extra/card/streptococcus_sanguinis_GCF_013378355.1_card.tsv,122,47d770a37c6bc4e5e4f8c30214e6b716d5990c0f9f0cce597b4079076eb4d0d9
results/abricate_extra/card/streptococcus_sanguinis_GCF_050220005.1_card.tsv,122,47d770a37c6bc4e5e4f8c30214e6b716d5990c0f9f0cce597b4079076eb4d0d9
results/abricate_extra/card/streptococcus_sanguinis_GCF_050220455.1_card.tsv,569,930e1b0b4a8974611bb65991c2a385a39de704be45391b85dddb9634a616bc48
results/abricate_extra/card/streptococcus_sanguinis_GCF_900475505.1_card.tsv,122,47d770a37c6bc4e5e4f8c30214e6b716d5990c0f9f0cce597b4079076eb4d0d9
results/abricate_extra/card/tannerella_forsythia_GCF_000238215.1_card.tsv,517,9e35fface190fa3b8384af1c342f43d5de70f1684b6ce2d5aa0f96b592175232
results/abricate_extra/card/tannerella_forsythia_GCF_001547855.1_card.tsv,122,47d770a37c6bc4e5e4f8c30214e6b716d5990c0f9f0cce597b4079076eb4d0d9
results/abricate_extra/card/tannerella_forsythia_GCF_001547875.1_card.tsv,122,47d770a37c6bc4e5e4f8c30214e6b716d5990c0f9f0cce597b4079076eb4d0d9
results/abricate_extra/card/treponema_denticola_GCF_024181405.1_card.tsv,122,47d770a37c6bc4e5e4f8c30214e6b716d5990c0f9f0cce597b4079076eb4d0d9
results/abricate_extra/card/treponema_denticola_GCF_024181425.1_card.tsv,122,47d770a37c6bc4e5e4f8c30214e6b716d5990c0f9f0cce597b4079076eb4d0d9
results/abricate_extra/card/treponema_denticola_GCF_024181445.1_card.tsv,122,47d770a37c6bc4e5e4f8c30214e6b716d5990c0f9f0cce597b4079076eb4d0d9
results/abricate_extra/card/treponema_denticola_GCF_024181465.1_card.tsv,122,47d770a37c6bc4e5e4f8c30214e6b716d5990c0f9f0cce597b4079076eb4d0d9
results/abricate_extra/card/treponema_denticola_GCF_024181485.1_card.tsv,122,47d770a37c6bc4e5e4f8c30214e6b716d5990c0f9f0cce597b4079076eb4d0d9
results/abricate_extra/card/veillonella_parvula_GCF_002005185.1_card.tsv,122,47d770a37c6bc4e5e4f8c30214e6b716d5990c0f9f0cce597b4079076eb4d0d9
results/abricate_extra/card/veillonella_parvula_GCF_016127175.1_card.tsv,122,47d770a37c6bc4e5e4f8c30214e6b716d5990c0f9f0cce597b4079076eb4d0d9
results/abricate_extra/card/veillonella_parvula_GCF_031190775.1_card.tsv,122,47d770a37c6bc4e5e4f8c30214e6b716d5990c0f9f0cce597b4079076eb4d0d9
results/abricate_extra/card/veillonella_parvula_GCF_036456085.1_card.tsv,555,9152c61ac1648a393a808520938b269f6af7bda12388b9ec997eb62443addd53
results/abricate_extra/card/veillonella_parvula_GCF_900186885.1_card.tsv,122,47d770a37c6bc4e5e4f8c30214e6b716d5990c0f9f0cce597b4079076eb4d0d9
results/abricate_extra/plasmidfinder/actinomyces_naeslundii_GCF_016127855.1_plasmidfinder.tsv,122,47d770a37c6bc4e5e4f8c30214e6b716d5990c0f9f0cce597b4079076eb4d0d9
results/abricate_extra/plasmidfinder/actinomyces_naeslundii_GCF_963265035.1_plasmidfinder.tsv,122,47d770a37c6bc4e5e4f8c30214e6b716d5990c0f9f0cce597b4079076eb4d0d9
results/abricate_extra/plasmidfinder/actinomyces_naeslundii_GCF_963340285.1_plasmidfinder.tsv,122,47d770a37c6bc4e5e4f8c30214e6b716d5990c0f9f0cce597b4079076eb4d0d9
results/abricate_extra/plasmidfinder/actinomyces_naeslundii_GCF_963340415.1_plasmidfinder.tsv,122,47d770a37c6bc4e5e4f8c30214e6b716d5990c0f9f0cce597b4079076eb4d0d9
results/abricate_extra/plasmidfinder/corynebacterium_striatum_GCF_002156805.1_plasmidfinder.tsv,122,47d770a37c6bc4e5e4f8c30214e6b716d5990c0f9f0cce597b4079076eb4d0d9
results/abricate_extra/plasmidfinder/corynebacterium_striatum_GCF_002803965.1_plasmidfinder.tsv,122,47d770a37c6bc4e5e4f8c30214e6b716d5990c0f9f0cce597b4079076eb4d0d9
results/abricate_extra/plasmidfinder/corynebacterium_striatum_GCF_002804085.1_plasmidfinder.tsv,122,47d770a37c6bc4e5e4f8c30214e6b716d5990c0f9f0cce597b4079076eb4d0d9
results/abricate_extra/plasmidfinder/corynebacterium_striatum_GCF_016728105.1_plasmidfinder.tsv,122,47d770a37c6bc4e5e4f8c30214e6b716d5990c0f9f0cce597b4079076eb4d0d9
results/abricate_extra/plasmidfinder/corynebacterium_striatum_GCF_016728205.1_plasmidfinder.tsv,122,47d770a37c6bc4e5e4f8c30214e6b716d5990c0f9f0cce597b4079076eb4d0d9
results/abricate_extra/plasmidfinder/cutibacterium_acnes_GCF_001281065.1_plasmidfinder.tsv,122,47d770a37c6bc4e5e4f8c30214e6b716d5990c0f9f0cce597b4079076eb4d0d9
results/abricate_extra/plasmidfinder/cutibacterium_acnes_GCF_001469565.1_plasmidfinder.tsv,122,47d770a37c6bc4e5e4f8c30214e6b716d5990c0f9f0cce597b4079076eb4d0d9
results/abricate_extra/plasmidfinder/cutibacterium_acnes_GCF_001469595.1_plasmidfinder.tsv,122,47d770a37c6bc4e5e4f8c30214e6b716d5990c0f9f0cce597b4079076eb4d0d9
results/abricate_extra/plasmidfinder/cutibacterium_acnes_GCF_001469615.1_plasmidfinder.tsv,122,47d770a37c6bc4e5e4f8c30214e6b716d5990c0f9f0cce597b4079076eb4d0d9
results/abricate_extra/plasmidfinder/cutibacterium_acnes_GCF_001469655.1_plasmidfinder.tsv,122,47d770a37c6bc4e5e4f8c30214e6b716d5990c0f9f0cce597b4079076eb4d0d9
results/abricate_extra/plasmidfinder/enterococcus_faecalis_GCF_001598635.1_plasmidfinder.tsv,122,47d770a37c6bc4e5e4f8c30214e6b716d5990c0f9f0cce597b4079076eb4d0d9
results/abricate_extra/plasmidfinder/enterococcus_faecalis_GCF_001689055.2_plasmidfinder.tsv,122,47d770a37c6bc4e5e4f8c30214e6b716d5990c0f9f0cce597b4079076eb4d0d9
results/abricate_extra/plasmidfinder/enterococcus_faecalis_GCF_001989555.1_plasmidfinder.tsv,1200,f9d590b33247e54087d62a6e6fe514dd7ccc13ac5979c8d2801c0dce48d46106
results/abricate_extra/plasmidfinder/enterococcus_faecalis_GCF_002163735.1_plasmidfinder.tsv,387,aaf385e27629fe983d1a704edeabc095852af54bf458bf2dbc2d08cfb77aedbf
results/abricate_extra/plasmidfinder/enterococcus_faecalis_GCF_002208945.1_plasmidfinder.tsv,399,e5e56c914c956f56c81d80329d78264a283e742feedb6ae6b8d7015c9dc9e3e0
results/abricate_extra/plasmidfinder/fusobacterium_nucleatum_GCF_028621975.1_plasmidfinder.tsv,402,99efd82f2e6eba780db33db1709161682a796f7917355a00db8b4663e14bd7b9
results/abricate_extra/plasmidfinder/fusobacterium_nucleatum_GCF_028621995.1_plasmidfinder.tsv,122,47d770a37c6bc4e5e4f8c30214e6b716d5990c0f9f0cce597b4079076eb4d0d9
results/abricate_extra/plasmidfinder/fusobacterium_nucleatum_GCF_031191795.1_plasmidfinder.tsv,122,47d770a37c6bc4e5e4f8c30214e6b716d5990c0f9f0cce597b4079076eb4d0d9
results/abricate_extra/plasmidfinder/fusobacterium_nucleatum_GCF_037889055.1_plasmidfinder.tsv,122,47d770a37c6bc4e5e4f8c30214e6b716d5990c0f9f0cce597b4079076eb4d0d9
results/abricate_extra/plasmidfinder/fusobacterium_nucleatum_GCF_037889065.1_plasmidfinder.tsv,122,47d770a37c6bc4e5e4f8c30214e6b716d5990c0f9f0cce597b4079076eb4d0d9
results/abricate_extra/plasmidfinder/porphyromonas_gingivalis_GCF_001263815.1_plasmidfinder.tsv,122,47d770a37c6bc4e5e4f8c30214e6b716d5990c0f9f0cce597b4079076eb4d0d9
results/abricate_extra/plasmidfinder/porphyromonas_gingivalis_GCF_002753935.1_plasmidfinder.tsv,122,47d770a37c6bc4e5e4f8c30214e6b716d5990c0f9f0cce597b4079076eb4d0d9
results/abricate_extra/plasmidfinder/porphyromonas_gingivalis_GCF_002753955.1_plasmidfinder.tsv,122,47d770a37c6bc4e5e4f8c30214e6b716d5990c0f9f0cce597b4079076eb4d0d9
results/abricate_extra/plasmidfinder/porphyromonas_gingivalis_GCF_002753975.1_plasmidfinder.tsv,122,47d770a37c6bc4e5e4f8c30214e6b716d5990c0f9f0cce597b4079076eb4d0d9
results/abricate_extra/plasmidfinder/porphyromonas_gingivalis_GCF_002754015.1_plasmidfinder.tsv,122,47d770a37c6bc4e5e4f8c30214e6b716d5990c0f9f0cce597b4079076eb4d0d9
results/abricate_extra/plasmidfinder/prevotella_intermedia_GCF_001548195.1_plasmidfinder.tsv,122,47d770a37c6bc4e5e4f8c30214e6b716d5990c0f9f0cce597b4079076eb4d0d9
results/abricate_extra/plasmidfinder/prevotella_intermedia_GCF_001953935.1_plasmidfinder.tsv,122,47d770a37c6bc4e5e4f8c30214e6b716d5990c0f9f0cce597b4079076eb4d0d9
results/abricate_extra/plasmidfinder/prevotella_intermedia_GCF_002355195.1_plasmidfinder.tsv,122,47d770a37c6bc4e5e4f8c30214e6b716d5990c0f9f0cce597b4079076eb4d0d9
results/abricate_extra/plasmidfinder/prevotella_intermedia_GCF_002763535.1_plasmidfinder.tsv,122,47d770a37c6bc4e5e4f8c30214e6b716d5990c0f9f0cce597b4079076eb4d0d9
results/abricate_extra/plasmidfinder/prevotella_intermedia_GCF_002763575.1_plasmidfinder.tsv,122,47d770a37c6bc4e5e4f8c30214e6b716d5990c0f9f0cce597b4079076eb4d0d9
results/abricate_extra/plasmidfinder/staphylococcus_capitis_GCF_002356175.1_plasmidfinder.tsv,1197,47f36f1685f44dcac45c11643da20feba7f05a6c8a9c12cd81be029dbeefb410
results/abricate_extra/plasmidfinder/staphylococcus_capitis_GCF_002591175.1_plasmidfinder.tsv,395,88ec2541c43c4014a584bd3a10995993afd50d8ac75f697dfa54341b4dc5f785
results/abricate_extra/plasmidfinder/staphylococcus_capitis_GCF_013267675.1_plasmidfinder.tsv,646,e22872c9e39e15bf046c5adcf647303ef9453dc56f7e59b52870ce881f8adcb9
results/abricate_extra/plasmidfinder/staphylococcus_capitis_GCF_015243435.1_plasmidfinder.tsv,650,e1cb0757f62f82c85c5cb0a1c0475248a3a95c0acb951e675c529e768465b3d1
results/abricate_extra/plasmidfinder/staphylococcus_capitis_GCF_020883475.1_plasmidfinder.tsv,400,a7fd89198898bb97d561a6a980f387a1610afe106fc04c94a99e32eda47f3409
results/abricate_extra/plasmidfinder/staphylococcus_epidermidis_GCF_000759555.1_plasmidfinder.tsv,385,d30bbe1201dec4f0cc2e85f886390f6729c99880962922844c99a0d75bc1a76f
results/abricate_extra/plasmidfinder/staphylococcus_epidermidis_GCF_001956655.1_plasmidfinder.tsv,672,963fea32200f6bc219136f381f2c269cf5f29a8798c7e3251a129efd31c237b1
results/abricate_extra/plasmidfinder/staphylococcus_epidermidis_GCF_002085695.1_plasmidfinder.tsv,384,350aaf13176df0e6e6d9370349234eb8b2dde5afcfd583541ee97f0e145619e1
results/abricate_extra/plasmidfinder/staphylococcus_epidermidis_GCF_002215535.1_plasmidfinder.tsv,648,6474d92a9afd2b1f85d30abfc2bd1fb6a6c8ff7721097db9a03f424888ef5b62
results/abricate_extra/plasmidfinder/staphylococcus_epidermidis_GCF_006094375.1_plasmidfinder.tsv,933,c8b889c0dc4378084513fcfa4a8842de01c7ddba6775a0b048b22b09e3c8387e
results/abricate_extra/plasmidfinder/staphylococcus_haemolyticus_GCF_001611955.1_plasmidfinder.tsv,122,47d770a37c6bc4e5e4f8c30214e6b716d5990c0f9f0cce597b4079076eb4d0d9
results/abricate_extra/plasmidfinder/staphylococcus_haemolyticus_GCF_002906595.1_plasmidfinder.tsv,934,cff28add9f34dcfbd1ce010712097cfe577efffb4444b9f5c81e57b5f09f6f02
results/abricate_extra/plasmidfinder/staphylococcus_haemolyticus_GCF_002906615.1_plasmidfinder.tsv,1209,cada979d6bd805430f799966752dd66502fc20a2a2571091ff9ce2c5338df4da
results/abricate_extra/plasmidfinder/staphylococcus_haemolyticus_GCF_002952715.2_plasmidfinder.tsv,943,97965da185ed5815f36f01540bd420b3d512e361b2511b17f88fb479e77d2cdb
results/abricate_extra/plasmidfinder/staphylococcus_haemolyticus_GCF_006094395.1_plasmidfinder.tsv,662,54b66b5d13a6d1b1ef699f993f5e3f94bc09fe1e9439ba02a93b9d386550f463
results/abricate_extra/plasmidfinder/streptococcus_anginosus_GCF_000831165.1_plasmidfinder.tsv,122,47d770a37c6bc4e5e4f8c30214e6b716d5990c0f9f0cce597b4079076eb4d0d9
results/abricate_extra/plasmidfinder/streptococcus_anginosus_GCF_001412635.1_plasmidfinder.tsv,400,06743e870f909cc052f46039bcae138cba18802dfb95898e0a5c2a2005efc7da
results/abricate_extra/plasmidfinder/streptococcus_anginosus_GCF_001697145.1_plasmidfinder.tsv,122,47d770a37c6bc4e5e4f8c30214e6b716d5990c0f9f0cce597b4079076eb4d0d9
results/abricate_extra/plasmidfinder/streptococcus_anginosus_GCF_008726365.3_plasmidfinder.tsv,122,47d770a37c6bc4e5e4f8c30214e6b716d5990c0f9f0cce597b4079076eb4d0d9
results/abricate_extra/plasmidfinder/streptococcus_anginosus_GCF_900636475.1_plasmidfinder.tsv,122,47d770a37c6bc4e5e4f8c30214e6b716d5990c0f9f0cce597b4079076eb4d0d9
results/abricate_extra/plasmidfinder/streptococcus_mitis_GCF_000722765.2_plasmidfinder.tsv,122,47d770a37c6bc4e5e4f8c30214e6b716d5990c0f9f0cce597b4079076eb4d0d9
results/abricate_extra/plasmidfinder/streptococcus_mitis_GCF_001281025.1_plasmidfinder.tsv,122,47d770a37c6bc4e5e4f8c30214e6b716d5990c0f9f0cce597b4079076eb4d0d9
results/abricate_extra/plasmidfinder/streptococcus_mitis_GCF_009730515.1_plasmidfinder.tsv,122,47d770a37c6bc4e5e4f8c30214e6b716d5990c0f9f0cce597b4079076eb4d0d9
results/abricate_extra/plasmidfinder/streptococcus_mitis_GCF_013305725.1_plasmidfinder.tsv,122,47d770a37c6bc4e5e4f8c30214e6b716d5990c0f9f0cce597b4079076eb4d0d9
results/abricate_extra/plasmidfinder/streptococcus_mitis_GCF_018603625.2_plasmidfinder.tsv,122,47d770a37c6bc4e5e4f8c30214e6b716d5990c0f9f0cce597b4079076eb4d0d9
results/abricate_extra/plasmidfinder/streptococcus_oralis_GCF_001983955.1_plasmidfinder.tsv,122,47d770a37c6bc4e5e4f8c30214e6b716d5990c0f9f0cce597b4079076eb4d0d9
results/abricate_extra/plasmidfinder/streptococcus_oralis_GCF_002386345.1_plasmidfinder.tsv,122,47d770a37c6bc4e5e4f8c30214e6b716d5990c0f9f0cce597b4079076eb4d0d9
results/abricate_extra/plasmidfinder/streptococcus_oralis_GCF_007475365.1_plasmidfinder.tsv,122,47d770a37c6bc4e5e4f8c30214e6b716d5990c0f9f0cce597b4079076eb4d0d9
results/abricate_extra/plasmidfinder/streptococcus_oralis_GCF_016028175.1_plasmidfinder.tsv,122,47d770a37c6bc4e5e4f8c30214e6b716d5990c0f9f0cce597b4079076eb4d0d9
results/abricate_extra/plasmidfinder/streptococcus_oralis_GCF_016028255.1_plasmidfinder.tsv,122,47d770a37c6bc4e5e4f8c30214e6b716d5990c0f9f0cce597b4079076eb4d0d9
results/abricate_extra/plasmidfinder/streptococcus_sanguinis_GCF_013343115.1_plasmidfinder.tsv,122,47d770a37c6bc4e5e4f8c30214e6b716d5990c0f9f0cce597b4079076eb4d0d9
results/abricate_extra/plasmidfinder/streptococcus_sanguinis_GCF_013378355.1_plasmidfinder.tsv,122,47d770a37c6bc4e5e4f8c30214e6b716d5990c0f9f0cce597b4079076eb4d0d9
results/abricate_extra/plasmidfinder/streptococcus_sanguinis_GCF_050220005.1_plasmidfinder.tsv,122,47d770a37c6bc4e5e4f8c30214e6b716d5990c0f9f0cce597b4079076eb4d0d9
results/abricate_extra/plasmidfinder/streptococcus_sanguinis_GCF_050220455.1_plasmidfinder.tsv,122,47d770a37c6bc4e5e4f8c30214e6b716d5990c0f9f0cce597b4079076eb4d0d9
results/abricate_extra/plasmidfinder/streptococcus_sanguinis_GCF_900475505.1_plasmidfinder.tsv,122,47d770a37c6bc4e5e4f8c30214e6b716d5990c0f9f0cce597b4079076eb4d0d9
results/abricate_extra/plasmidfinder/tannerella_forsythia_GCF_000238215.1_plasmidfinder.tsv,122,47d770a37c6bc4e5e4f8c30214e6b716d5990c0f9f0cce597b4079076eb4d0d9
results/abricate_extra/plasmidfinder/tannerella_forsythia_GCF_001547855.1_plasmidfinder.tsv,122,47d770a37c6bc4e5e4f8c30214e6b716d5990c0f9f0cce597b4079076eb4d0d9
results/abricate_extra/plasmidfinder/tannerella_forsythia_GCF_001547875.1_plasmidfinder.tsv,122,47d770a37c6bc4e5e4f8c30214e6b716d5990c0f9f0cce597b4079076eb4d0d9
results/abricate_extra/plasmidfinder/treponema_denticola_GCF_024181405.1_plasmidfinder.tsv,122,47d770a37c6bc4e5e4f8c30214e6b716d5990c0f9f0cce597b4079076eb4d0d9
results/abricate_extra/plasmidfinder/treponema_denticola_GCF_024181425.1_plasmidfinder.tsv,122,47d770a37c6bc4e5e4f8c30214e6b716d5990c0f9f0cce597b4079076eb4d0d9
results/abricate_extra/plasmidfinder/treponema_denticola_GCF_024181445.1_plasmidfinder.tsv,122,47d770a37c6bc4e5e4f8c30214e6b716d5990c0f9f0cce597b4079076eb4d0d9
results/abricate_extra/plasmidfinder/treponema_denticola_GCF_024181465.1_plasmidfinder.tsv,122,47d770a37c6bc4e5e4f8c30214e6b716d5990c0f9f0cce597b4079076eb4d0d9
results/abricate_extra/plasmidfinder/treponema_denticola_GCF_024181485.1_plasmidfinder.tsv,122,47d770a37c6bc4e5e4f8c30214e6b716d5990c0f9f0cce597b4079076eb4d0d9
results/abricate_extra/plasmidfinder/veillonella_parvula_GCF_002005185.1_plasmidfinder.tsv,122,47d770a37c6bc4e5e4f8c30214e6b716d5990c0f9f0cce597b4079076eb4d0d9
results/abricate_extra/plasmidfinder/veillonella_parvula_GCF_016127175.1_plasmidfinder.tsv,122,47d770a37c6bc4e5e4f8c30214e6b716d5990c0f9f0cce597b4079076eb4d0d9
results/abricate_extra/plasmidfinder/veillonella_parvula_GCF_031190775.1_plasmidfinder.tsv,122,47d770a37c6bc4e5e4f8c30214e6b716d5990c0f9f0cce597b4079076eb4d0d9
results/abricate_extra/plasmidfinder/veillonella_parvula_GCF_036456085.1_plasmidfinder.tsv,400,c1a24e0505ff1e77a71fe09cbf21eb62153e36ecbb26e1df1c7085546f13b59f
results/abricate_extra/plasmidfinder/veillonella_parvula_GCF_900186885.1_plasmidfinder.tsv,122,47d770a37c6bc4e5e4f8c30214e6b716d5990c0f9f0cce597b4079076eb4d0d9
results/abricate_extra/resfinder/actinomyces_naeslundii_GCF_016127855.1_resfinder.tsv,122,47d770a37c6bc4e5e4f8c30214e6b716d5990c0f9f0cce597b4079076eb4d0d9
results/abricate_extra/resfinder/actinomyces_naeslundii_GCF_963265035.1_resfinder.tsv,122,47d770a37c6bc4e5e4f8c30214e6b716d5990c0f9f0cce597b4079076eb4d0d9
results/abricate_extra/resfinder/actinomyces_naeslundii_GCF_963340285.1_resfinder.tsv,122,47d770a37c6bc4e5e4f8c30214e6b716d5990c0f9f0cce597b4079076eb4d0d9
results/abricate_extra/resfinder/actinomyces_naeslundii_GCF_963340415.1_resfinder.tsv,122,47d770a37c6bc4e5e4f8c30214e6b716d5990c0f9f0cce597b4079076eb4d0d9
results/abricate_extra/resfinder/corynebacterium_striatum_GCF_002156805.1_resfinder.tsv,673,005f6d1671dc3f0629cfe1be399ead026b5d9fc0ea207e11e8159f08f10c31c8
results/abricate_extra/resfinder/corynebacterium_striatum_GCF_002803965.1_resfinder.tsv,1941,2e728a664e22c657b85fee52731fa9ceb31e19b05dea91d5a93131ba7b5e27b4
results/abricate_extra/resfinder/corynebacterium_striatum_GCF_002804085.1_resfinder.tsv,945,ecf649829ab9a18d7abdeb5ab45ee4dc16cfbf1190324613382909f1b58e379e
results/abricate_extra/resfinder/corynebacterium_striatum_GCF_016728105.1_resfinder.tsv,669,47253587af113847089df2f3d375ae2728b3f67485ac093aed711c6dcdb6afc5
results/abricate_extra/resfinder/corynebacterium_striatum_GCF_016728205.1_resfinder.tsv,122,47d770a37c6bc4e5e4f8c30214e6b716d5990c0f9f0cce597b4079076eb4d0d9
results/abricate_extra/resfinder/cutibacterium_acnes_GCF_001281065.1_resfinder.tsv,122,47d770a37c6bc4e5e4f8c30214e6b716d5990c0f9f0cce597b4079076eb4d0d9
results/abricate_extra/resfinder/cutibacterium_acnes_GCF_001469565.1_resfinder.tsv,122,47d770a37c6bc4e5e4f8c30214e6b716d5990c0f9f0cce597b4079076eb4d0d9
results/abricate_extra/resfinder/cutibacterium_acnes_GCF_001469595.1_resfinder.tsv,122,47d770a37c6bc4e5e4f8c30214e6b716d5990c0f9f0cce597b4079076eb4d0d9
results/abricate_extra/resfinder/cutibacterium_acnes_GCF_001469615.1_resfinder.tsv,122,47d770a37c6bc4e5e4f8c30214e6b716d5990c0f9f0cce597b4079076eb4d0d9
results/abricate_extra/resfinder/cutibacterium_acnes_GCF_001469655.1_resfinder.tsv,122,47d770a37c6bc4e5e4f8c30214e6b716d5990c0f9f0cce597b4079076eb4d0d9
results/abricate_extra/resfinder/enterococcus_faecalis_GCF_001598635.1_resfinder.tsv,423,2fd7848f3cf6f6cb0c091a360357736c87224e50b0a7b6605c2398db515a0000
results/abricate_extra/resfinder/enterococcus_faecalis_GCF_001689055.2_resfinder.tsv,420,3342ff381167341ff6cbf868bd5010b629fbed32cbcd36bc0c03988eac45363b
results/abricate_extra/resfinder/enterococcus_faecalis_GCF_001989555.1_resfinder.tsv,2135,a278cdf94de36d1f6a62b4f9c23bf991b212da13883fb9ab9f311cc98051ebb2
results/abricate_extra/resfinder/enterococcus_faecalis_GCF_002163735.1_resfinder.tsv,422,35ea58f148274bb5985198a41f39488416d06f3784caf77ea875e4b56385456d
results/abricate_extra/resfinder/enterococcus_faecalis_GCF_002208945.1_resfinder.tsv,685,9e772034a057d3f01b231e5ae80cb67c7f3a22af40dcfcd2a1509e155e9a6325
results/abricate_extra/resfinder/fusobacterium_nucleatum_GCF_028621975.1_resfinder.tsv,704,d3a9c6f7becfe1f451f1fd78f373c3e8f4bd030529532b3ed28d1b6909d40039
results/abricate_extra/resfinder/fusobacterium_nucleatum_GCF_028621995.1_resfinder.tsv,122,47d770a37c6bc4e5e4f8c30214e6b716d5990c0f9f0cce597b4079076eb4d0d9
results/abricate_extra/resfinder/fusobacterium_nucleatum_GCF_031191795.1_resfinder.tsv,122,47d770a37c6bc4e5e4f8c30214e6b716d5990c0f9f0cce597b4079076eb4d0d9
results/abricate_extra/resfinder/fusobacterium_nucleatum_GCF_037889055.1_resfinder.tsv,122,47d770a37c6bc4e5e4f8c30214e6b716d5990c0f9f0cce597b4079076eb4d0d9
results/abricate_extra/resfinder/fusobacterium_nucleatum_GCF_037889065.1_resfinder.tsv,122,47d770a37c6bc4e5e4f8c30214e6b716d5990c0f9f0cce597b4079076eb4d0d9
results/abricate_extra/resfinder/porphyromonas_gingivalis_GCF_001263815.1_resfinder.tsv,122,47d770a37c6bc4e5e4f8c30214e6b716d5990c0f9f0cce597b4079076eb4d0d9
results/abricate_extra/resfinder/porphyromonas_gingivalis_GCF_002753935.1_resfinder.tsv,122,47d770a37c6bc4e5e4f8c30214e6b716d5990c0f9f0cce597b4079076eb4d0d9
results/abricate_extra/resfinder/porphyromonas_gingivalis_GCF_002753955.1_resfinder.tsv,122,47d770a37c6bc4e5e4f8c30214e6b716d5990c0f9f0cce597b4079076eb4d0d9
results/abricate_extra/resfinder/porphyromonas_gingivalis_GCF_002753975.1_resfinder.tsv,122,47d770a37c6bc4e5e4f8c30214e6b716d5990c0f9f0cce597b4079076eb4d0d9
results/abricate_extra/resfinder/porphyromonas_gingivalis_GCF_002754015.1_resfinder.tsv,122,47d770a37c6bc4e5e4f8c30214e6b716d5990c0f9f0cce597b4079076eb4d0d9
results/abricate_extra/resfinder/prevotella_intermedia_GCF_001548195.1_resfinder.tsv,122,47d770a37c6bc4e5e4f8c30214e6b716d5990c0f9f0cce597b4079076eb4d0d9
results/abricate_extra/resfinder/prevotella_intermedia_GCF_001953935.1_resfinder.tsv,122,47d770a37c6bc4e5e4f8c30214e6b716d5990c0f9f0cce597b4079076eb4d0d9
results/abricate_extra/resfinder/prevotella_intermedia_GCF_002355195.1_resfinder.tsv,122,47d770a37c6bc4e5e4f8c30214e6b716d5990c0f9f0cce597b4079076eb4d0d9
results/abricate_extra/resfinder/prevotella_intermedia_GCF_002763535.1_resfinder.tsv,620,648a4fd352c9f7556f58b053dad59a4aadfe996cf9f7ede116f2485161b5b674
results/abricate_extra/resfinder/prevotella_intermedia_GCF_002763575.1_resfinder.tsv,623,6617309e00ed74b723f2ad877ee147e76d1e2ca1080358d0e5db305a2a13c726
results/abricate_extra/resfinder/staphylococcus_capitis_GCF_002356175.1_resfinder.tsv,2392,039beb23edb3927d958747aacc1d7d43466f40a3031cdd8ce68b6c82f72716ff
results/abricate_extra/resfinder/staphylococcus_capitis_GCF_002591175.1_resfinder.tsv,394,c2dc993a9bdb23d2477e38615391f1fe78c88b7be1bb3abd0a18a4be5e09daf9
results/abricate_extra/resfinder/staphylococcus_capitis_GCF_013267675.1_resfinder.tsv,122,47d770a37c6bc4e5e4f8c30214e6b716d5990c0f9f0cce597b4079076eb4d0d9
results/abricate_extra/resfinder/staphylococcus_capitis_GCF_015243435.1_resfinder.tsv,703,34c0cffe370c5c7c696077831c7435ecaf37951714c1742807a14a9aa6a1bb79
results/abricate_extra/resfinder/staphylococcus_capitis_GCF_020883475.1_resfinder.tsv,2139,8af117973bc5ce85cd375aca101d5b42c058869f07227605cfbf47d9e38a03ae
results/abricate_extra/resfinder/staphylococcus_epidermidis_GCF_000759555.1_resfinder.tsv,122,47d770a37c6bc4e5e4f8c30214e6b716d5990c0f9f0cce597b4079076eb4d0d9
results/abricate_extra/resfinder/staphylococcus_epidermidis_GCF_001956655.1_resfinder.tsv,363,0c47e9caaba8339fe8bf86bf1c21211bf95b7e4c33c829bcac82a0eca1514929
results/abricate_extra/resfinder/staphylococcus_epidermidis_GCF_002085695.1_resfinder.tsv,122,47d770a37c6bc4e5e4f8c30214e6b716d5990c0f9f0cce597b4079076eb4d0d9
results/abricate_extra/resfinder/staphylococcus_epidermidis_GCF_002215535.1_resfinder.tsv,951,58d443360fe077d62d9ae2fa51e4cfb09d3622720b1a8e2d676c43632b9b369b
results/abricate_extra/resfinder/staphylococcus_epidermidis_GCF_006094375.1_resfinder.tsv,654,81a8ffeb8ed2c8aa4492fc8786f200636431da92f1285b455ebc3bd3dc5e254f
results/abricate_extra/resfinder/staphylococcus_haemolyticus_GCF_001611955.1_resfinder.tsv,822,de5ea78d714b35969a13895f191d1cd995795c98f502ee18e16b8ba4d845337d
results/abricate_extra/resfinder/staphylococcus_haemolyticus_GCF_002906595.1_resfinder.tsv,2949,85eb0610d4e4037c8b783e67d818e51fc0ae5cb823f42d15ef559b6480a18f82
results/abricate_extra/resfinder/staphylococcus_haemolyticus_GCF_002906615.1_resfinder.tsv,2949,a6417540194dcc636703b354c7eb25942bda042d98ff447faae483972b6403f9
results/abricate_extra/resfinder/staphylococcus_haemolyticus_GCF_002952715.2_resfinder.tsv,2018,17d5e1bd6b5105ef1d4e0f26d5936677867d06df29f9f1eab9587c3bd036ac6a
results/abricate_extra/resfinder/staphylococcus_haemolyticus_GCF_006094395.1_resfinder.tsv,122,47d770a37c6bc4e5e4f8c30214e6b716d5990c0f9f0cce597b4079076eb4d0d9
results/abricate_extra/resfinder/streptococcus_anginosus_GCF_000831165.1_resfinder.tsv,632,4f597a5d6da1d16637be6b38226748d01889bd990019a9737ba596c8c2f701ab
results/abricate_extra/resfinder/streptococcus_anginosus_GCF_001412635.1_resfinder.tsv,387,9127eac1b430723300d38cde38207b2ce4b2391bd15b7983a4ff1fc7a3035e2d
results/abricate_extra/resfinder/streptococcus_anginosus_GCF_001697145.1_resfinder.tsv,122,47d770a37c6bc4e5e4f8c30214e6b716d5990c0f9f0cce597b4079076eb4d0d9
results/abricate_extra/resfinder/streptococcus_anginosus_GCF_008726365.3_resfinder.tsv,963,8fa28702c022e2ba955ce3a8211cd90505891c6f4a277f0116e0422e234dc678
results/abricate_extra/resfinder/streptococcus_anginosus_GCF_900636475.1_resfinder.tsv,122,47d770a37c6bc4e5e4f8c30214e6b716d5990c0f9f0cce597b4079076eb4d0d9
results/abricate_extra/resfinder/streptococcus_mitis_GCF_000722765.2_resfinder.tsv,683,dd3ad9b08225e275d6de7bac70cc369f5b4321c949998d5153b8e87d78dbdf1b
results/abricate_extra/resfinder/streptococcus_mitis_GCF_001281025.1_resfinder.tsv,122,47d770a37c6bc4e5e4f8c30214e6b716d5990c0f9f0cce597b4079076eb4d0d9
results/abricate_extra/resfinder/streptococcus_mitis_GCF_009730515.1_resfinder.tsv,122,47d770a37c6bc4e5e4f8c30214e6b716d5990c0f9f0cce597b4079076eb4d0d9
results/abricate_extra/resfinder/streptococcus_mitis_GCF_013305725.1_resfinder.tsv,955,c295b4d69b0eb252e564a7ad6ff28b1758d6c83adfb22b523519ebd4f7bfeda8
results/abricate_extra/resfinder/streptococcus_mitis_GCF_018603625.2_resfinder.tsv,688,b27156c64fade6c6900b632cf317ab98ec3dee1d395e1613d94d727b6865a820
results/abricate_extra/resfinder/streptococcus_oralis_GCF_001983955.1_resfinder.tsv,687,f565d0ecb87f2ff9a85b3ad6e85339f336385c2d2e778dddcbb7c4e69a4e4d7e
results/abricate_extra/resfinder/streptococcus_oralis_GCF_002386345.1_resfinder.tsv,688,e9e91b074deb3c8a8baae165fa3c8ddc583f7979424f27e4fd8cc33bf95d48a1
results/abricate_extra/resfinder/streptococcus_oralis_GCF_007475365.1_resfinder.tsv,122,47d770a37c6bc4e5e4f8c30214e6b716d5990c0f9f0cce597b4079076eb4d0d9
results/abricate_extra/resfinder/streptococcus_oralis_GCF_016028175.1_resfinder.tsv,694,fdf4621a9f233010d444b2a11732c0e08e5ddec915c02dc8cae70c06aae06263
results/abricate_extra/resfinder/streptococcus_oralis_GCF_016028255.1_resfinder.tsv,122,47d770a37c6bc4e5e4f8c30214e6b716d5990c0f9f0cce597b4079076eb4d0d9
results/abricate_extra/resfinder/streptococcus_sanguinis_GCF_013343115.1_resfinder.tsv,122,47d770a37c6bc4e5e4f8c30214e6b716d5990c0f9f0cce597b4079076eb4d0d9
results/abricate_extra/resfinder/streptococcus_sanguinis_GCF_013378355.1_resfinder.tsv,122,47d770a37c6bc4e5e4f8c30214e6b716d5990c0f9f0cce597b4079076eb4d0d9
results/abricate_extra/resfinder/streptococcus_sanguinis_GCF_050220005.1_resfinder.tsv,122,47d770a37c6bc4e5e4f8c30214e6b716d5990c0f9f0cce597b4079076eb4d0d9
results/abricate_extra/resfinder/streptococcus_sanguinis_GCF_050220455.1_resfinder.tsv,678,358f2895ceee5538406d49d830f48b34c356d1a90cd1a55bbf5b185837e6b9a8
results/abricate_extra/resfinder/streptococcus_sanguinis_GCF_900475505.1_resfinder.tsv,122,47d770a37c6bc4e5e4f8c30214e6b716d5990c0f9f0cce597b4079076eb4d0d9
results/abricate_extra/resfinder/tannerella_forsythia_GCF_000238215.1_resfinder.tsv,383,09d4d82abed39028396d4ae3dc9d47c4750b368e094006c47655fc069fa0e9dc
results/abricate_extra/resfinder/tannerella_forsythia_GCF_001547855.1_resfinder.tsv,122,47d770a37c6bc4e5e4f8c30214e6b716d5990c0f9f0cce597b4079076eb4d0d9
results/abricate_extra/resfinder/tannerella_forsythia_GCF_001547875.1_resfinder.tsv,122,47d770a37c6bc4e5e4f8c30214e6b716d5990c0f9f0cce597b4079076eb4d0d9
results/abricate_extra/resfinder/treponema_denticola_GCF_024181405.1_resfinder.tsv,122,47d770a37c6bc4e5e4f8c30214e6b716d5990c0f9f0cce597b4079076eb4d0d9
results/abricate_extra/resfinder/treponema_denticola_GCF_024181425.1_resfinder.tsv,122,47d770a37c6bc4e5e4f8c30214e6b716d5990c0f9f0cce597b4079076eb4d0d9
results/abricate_extra/resfinder/treponema_denticola_GCF_024181445.1_resfinder.tsv,122,47d770a37c6bc4e5e4f8c30214e6b716d5990c0f9f0cce597b4079076eb4d0d9
results/abricate_extra/resfinder/treponema_denticola_GCF_024181465.1_resfinder.tsv,122,47d770a37c6bc4e5e4f8c30214e6b716d5990c0f9f0cce597b4079076eb4d0d9
results/abricate_extra/resfinder/treponema_denticola_GCF_024181485.1_resfinder.tsv,122,47d770a37c6bc4e5e4f8c30214e6b716d5990c0f9f0cce597b4079076eb4d0d9
results/abricate_extra/resfinder/veillonella_parvula_GCF_002005185.1_resfinder.tsv,122,47d770a37c6bc4e5e4f8c30214e6b716d5990c0f9f0cce597b4079076eb4d0d9
results/abricate_extra/resfinder/veillonella_parvula_GCF_016127175.1_resfinder.tsv,122,47d770a37c6bc4e5e4f8c30214e6b716d5990c0f9f0cce597b4079076eb4d0d9
results/abricate_extra/resfinder/veillonella_parvula_GCF_031190775.1_resfinder.tsv,122,47d770a37c6bc4e5e4f8c30214e6b716d5990c0f9f0cce597b4079076eb4d0d9
results/abricate_extra/resfinder/veillonella_parvula_GCF_036456085.1_resfinder.tsv,386,8a3379c5d4805deb792a71bd1135bef5586181a529736c38e44f312c67c9db3c
results/abricate_extra/resfinder/veillonella_parvula_GCF_900186885.1_resfinder.tsv,122,47d770a37c6bc4e5e4f8c30214e6b716d5990c0f9f0cce597b4079076eb4d0d9
results/abricate_extra/victors/actinomyces_naeslundii_GCF_016127855.1_victors.tsv,122,47d770a37c6bc4e5e4f8c30214e6b716d5990c0f9f0cce597b4079076eb4d0d9
results/abricate_extra/victors/actinomyces_naeslundii_GCF_963265035.1_victors.tsv,122,47d770a37c6bc4e5e4f8c30214e6b716d5990c0f9f0cce597b4079076eb4d0d9
results/abricate_extra/victors/actinomyces_naeslundii_GCF_963340285.1_victors.tsv,122,47d770a37c6bc4e5e4f8c30214e6b716d5990c0f9f0cce597b4079076eb4d0d9
results/abricate_extra/victors/actinomyces_naeslundii_GCF_963340415.1_victors.tsv,122,47d770a37c6bc4e5e4f8c30214e6b716d5990c0f9f0cce597b4079076eb4d0d9
results/abricate_extra/victors/corynebacterium_striatum_GCF_002156805.1_victors.tsv,122,47d770a37c6bc4e5e4f8c30214e6b716d5990c0f9f0cce597b4079076eb4d0d9
results/abricate_extra/victors/corynebacterium_striatum_GCF_002803965.1_victors.tsv,122,47d770a37c6bc4e5e4f8c30214e6b716d5990c0f9f0cce597b4079076eb4d0d9
results/abricate_extra/victors/corynebacterium_striatum_GCF_002804085.1_victors.tsv,122,47d770a37c6bc4e5e4f8c30214e6b716d5990c0f9f0cce597b4079076eb4d0d9
results/abricate_extra/victors/corynebacterium_striatum_GCF_016728105.1_victors.tsv,122,47d770a37c6bc4e5e4f8c30214e6b716d5990c0f9f0cce597b4079076eb4d0d9
results/abricate_extra/victors/corynebacterium_striatum_GCF_016728205.1_victors.tsv,122,47d770a37c6bc4e5e4f8c30214e6b716d5990c0f9f0cce597b4079076eb4d0d9
results/abricate_extra/victors/cutibacterium_acnes_GCF_001281065.1_victors.tsv,122,47d770a37c6bc4e5e4f8c30214e6b716d5990c0f9f0cce597b4079076eb4d0d9
results/abricate_extra/victors/cutibacterium_acnes_GCF_001469565.1_victors.tsv,122,47d770a37c6bc4e5e4f8c30214e6b716d5990c0f9f0cce597b4079076eb4d0d9
results/abricate_extra/victors/cutibacterium_acnes_GCF_001469595.1_victors.tsv,122,47d770a37c6bc4e5e4f8c30214e6b716d5990c0f9f0cce597b4079076eb4d0d9
results/abricate_extra/victors/cutibacterium_acnes_GCF_001469615.1_victors.tsv,122,47d770a37c6bc4e5e4f8c30214e6b716d5990c0f9f0cce597b4079076eb4d0d9
results/abricate_extra/victors/cutibacterium_acnes_GCF_001469655.1_victors.tsv,122,47d770a37c6bc4e5e4f8c30214e6b716d5990c0f9f0cce597b4079076eb4d0d9
results/abricate_extra/victors/enterococcus_faecalis_GCF_001598635.1_victors.tsv,8535,33987498f3466f570f77572ac8786374ccd78338f6e170a5ceb18848054e5a14
results/abricate_extra/victors/enterococcus_faecalis_GCF_001689055.2_victors.tsv,10201,e044478a24974f399fcdb2ffed871eb0d9e252e8db5d32c588dd0cf28f81cfee
results/abricate_extra/victors/enterococcus_faecalis_GCF_001989555.1_victors.tsv,10478,9a19c23caff740362075528588bfec6bc28eb5ba49849912750b047fb6b9f517
results/abricate_extra/victors/enterococcus_faecalis_GCF_002163735.1_victors.tsv,10865,653e0ce299069b8fb1bd50935312a5febe027dc747ebe69d06236a630caff8b1
results/abricate_extra/victors/enterococcus_faecalis_GCF_002208945.1_victors.tsv,8961,710b85c64019273ef88d405e31e8253f85f7be8b2c15f0947ebccfc93abddc70
results/abricate_extra/victors/fusobacterium_nucleatum_GCF_028621975.1_victors.tsv,122,47d770a37c6bc4e5e4f8c30214e6b716d5990c0f9f0cce597b4079076eb4d0d9
results/abricate_extra/victors/fusobacterium_nucleatum_GCF_028621995.1_victors.tsv,122,47d770a37c6bc4e5e4f8c30214e6b716d5990c0f9f0cce597b4079076eb4d0d9
results/abricate_extra/victors/fusobacterium_nucleatum_GCF_031191795.1_victors.tsv,122,47d770a37c6bc4e5e4f8c30214e6b716d5990c0f9f0cce597b4079076eb4d0d9
results/abricate_extra/victors/fusobacterium_nucleatum_GCF_037889055.1_victors.tsv,122,47d770a37c6bc4e5e4f8c30214e6b716d5990c0f9f0cce597b4079076eb4d0d9
results/abricate_extra/victors/fusobacterium_nucleatum_GCF_037889065.1_victors.tsv,122,47d770a37c6bc4e5e4f8c30214e6b716d5990c0f9f0cce597b4079076eb4d0d9
results/abricate_extra/victors/porphyromonas_gingivalis_GCF_001263815.1_victors.tsv,122,47d770a37c6bc4e5e4f8c30214e6b716d5990c0f9f0cce597b4079076eb4d0d9
results/abricate_extra/victors/porphyromonas_gingivalis_GCF_002753935.1_victors.tsv,122,47d770a37c6bc4e5e4f8c30214e6b716d5990c0f9f0cce597b4079076eb4d0d9
results/abricate_extra/victors/porphyromonas_gingivalis_GCF_002753955.1_victors.tsv,122,47d770a37c6bc4e5e4f8c30214e6b716d5990c0f9f0cce597b4079076eb4d0d9
results/abricate_extra/victors/porphyromonas_gingivalis_GCF_002753975.1_victors.tsv,122,47d770a37c6bc4e5e4f8c30214e6b716d5990c0f9f0cce597b4079076eb4d0d9
results/abricate_extra/victors/porphyromonas_gingivalis_GCF_002754015.1_victors.tsv,122,47d770a37c6bc4e5e4f8c30214e6b716d5990c0f9f0cce597b4079076eb4d0d9
results/abricate_extra/victors/prevotella_intermedia_GCF_001548195.1_victors.tsv,122,47d770a37c6bc4e5e4f8c30214e6b716d5990c0f9f0cce597b4079076eb4d0d9
results/abricate_extra/victors/prevotella_intermedia_GCF_001953935.1_victors.tsv,122,47d770a37c6bc4e5e4f8c30214e6b716d5990c0f9f0cce597b4079076eb4d0d9
results/abricate_extra/victors/prevotella_intermedia_GCF_002355195.1_victors.tsv,122,47d770a37c6bc4e5e4f8c30214e6b716d5990c0f9f0cce597b4079076eb4d0d9
results/abricate_extra/victors/prevotella_intermedia_GCF_002763535.1_victors.tsv,122,47d770a37c6bc4e5e4f8c30214e6b716d5990c0f9f0cce597b4079076eb4d0d9
results/abricate_extra/victors/prevotella_intermedia_GCF_002763575.1_victors.tsv,122,47d770a37c6bc4e5e4f8c30214e6b716d5990c0f9f0cce597b4079076eb4d0d9
results/abricate_extra/victors/staphylococcus_capitis_GCF_002356175.1_victors.tsv,2021,936f46e3419a7c107e0d2976dbf74f267ac5efaee546d36fcc30b77542e33a4b
results/abricate_extra/victors/staphylococcus_capitis_GCF_002591175.1_victors.tsv,2021,9e0f1ed67e8b316989b7283d6422db9b89a8a2c3f15a5d09899eb4926a0e062e
results/abricate_extra/victors/staphylococcus_capitis_GCF_013267675.1_victors.tsv,1708,1b7db4590e5805338f39a78d63f7c0260b5ca8ffab7521173a20ebed64cefeef
results/abricate_extra/victors/staphylococcus_capitis_GCF_015243435.1_victors.tsv,2027,5e8e041cdf326160ae17e80ce199c27c6db99abde0735d6a6b24495f10a8643e
results/abricate_extra/victors/staphylococcus_capitis_GCF_020883475.1_victors.tsv,2027,9b0282a046d0ac20906cf9467900cc9c2a91fe208acc711ab3f5cbe68e9c7ff6
results/abricate_extra/victors/staphylococcus_epidermidis_GCF_000759555.1_victors.tsv,2350,3ba6fa8546d20a80b49aea55e316c1b7a17b364e8b8c8d3455e2c7dce48feb42
results/abricate_extra/victors/staphylococcus_epidermidis_GCF_001956655.1_victors.tsv,1718,01a88b8c999500c39def388e9d0ab88fa68bfd4200dbcce61a31875e649223d5
results/abricate_extra/victors/staphylococcus_epidermidis_GCF_002085695.1_victors.tsv,2043,7893476c9bd43d1b1272f475c1ca622c883c428c6cffa58ffcb42a77e2dbf07a
results/abricate_extra/victors/staphylococcus_epidermidis_GCF_002215535.1_victors.tsv,1714,ae074c9e9a2e0c680b7dd357734b12a360daed49a1b2642ef0e75af07bace2f6
results/abricate_extra/victors/staphylococcus_epidermidis_GCF_006094375.1_victors.tsv,2365,f29c466c79b3c4822f7ec63d547e56717da8ef1122690bbd9380915e639dd87e
results/abricate_extra/victors/staphylococcus_haemolyticus_GCF_001611955.1_victors.tsv,2360,c0b646f690aa26745bc521ede19aaad767541905a5f9a6971029f187980aad14
results/abricate_extra/victors/staphylococcus_haemolyticus_GCF_002906595.1_victors.tsv,2366,304176d38d3a4b37b07ed97a20bd31ed8648f873a7af8d72aa719a3c5157f9fe
results/abricate_extra/victors/staphylococcus_haemolyticus_GCF_002906615.1_victors.tsv,2366,7ceca5a1e7bf7a59956561d7cd4d779eb338145c23b737093b2f2b17712de420
results/abricate_extra/victors/staphylococcus_haemolyticus_GCF_002952715.2_victors.tsv,2366,c2271c2c74c8077803e42c9ccb6347327d5a918cd3f3e974c71042fdd76f360a
results/abricate_extra/victors/staphylococcus_haemolyticus_GCF_006094395.1_victors.tsv,2367,fc296ef3f81edbb63c1cb99d1fb9aaf42b123774ab349013d0793555ae07aeed
results/abricate_extra/victors/streptococcus_anginosus_GCF_000831165.1_victors.tsv,3207,0b965fae54fd3766120b4222f4edc0eb3a9997eeb8f298d3a5a1ff8ba252d0ef
results/abricate_extra/victors/streptococcus_anginosus_GCF_001412635.1_victors.tsv,3223,9ddeec37ed13bd3933829233d324c69c1be13381fb70f4fe65d46014acf653a7
results/abricate_extra/victors/streptococcus_anginosus_GCF_001697145.1_victors.tsv,2890,7672bc91ca8abc4b0403988f8df0bd05f5a441dadf992060b73fdabc023a34cc
results/abricate_extra/victors/streptococcus_anginosus_GCF_008726365.3_victors.tsv,3834,9a88ca38efc4f7e9d8745cd249f85463341c44210b63cd508965723be54b617a
results/abricate_extra/victors/streptococcus_anginosus_GCF_900636475.1_victors.tsv,3500,573b0edf6e16559b3e0911ed1a795542f231876858bbe4637a597e9741d14d94
results/abricate_extra/victors/streptococcus_mitis_GCF_000722765.2_victors.tsv,52313,2f880b1144c92f38ebb1c2ee26ef650a8b8937507d00937aad9f8b53b4165989
results/abricate_extra/victors/streptococcus_mitis_GCF_001281025.1_victors.tsv,54931,5af6aa758ce685f2c5d932eb92ab57eaca681f1885a7bfbeaf0ef8f685d98241
results/abricate_extra/victors/streptococcus_mitis_GCF_009730515.1_victors.tsv,53080,b67248190cc32e27a519dadd110c3daa8db99273dde6b91bce937c229abb2efd
results/abricate_extra/victors/streptococcus_mitis_GCF_013305725.1_victors.tsv,51712,9139349b834ec825b4bfb40b0a3ac1cea8a5933814e896ed1e65c05a872f8fff
results/abricate_extra/victors/streptococcus_mitis_GCF_018603625.2_victors.tsv,51704,2c06b5d63b3d83b549d3f1626ea90b74982182c12e94af5e8157db63a1c50aad
results/abricate_extra/victors/streptococcus_oralis_GCF_001983955.1_victors.tsv,43454,8ab774eee1211024c7e3f1ec842c90e690d1736269ac837538d657f72aa2302a
results/abricate_extra/victors/streptococcus_oralis_GCF_002386345.1_victors.tsv,44788,b1762dff21603fa38f1bfc945c967e478c2580d704eeb626838734fe0783da88
results/abricate_extra/victors/streptococcus_oralis_GCF_007475365.1_victors.tsv,44097,808717fe895fe2209be8a5f769d5f4b6f75a262e48daab20e094cb267c5af550
results/abricate_extra/victors/streptococcus_oralis_GCF_016028175.1_victors.tsv,46431,cb8454525ed39c8984057cff71d8d5831a091a8c17928b12fa14fc7f9fcbc5a8
results/abricate_extra/victors/streptococcus_oralis_GCF_016028255.1_victors.tsv,47053,9b24c723de9331d131201095785b1535433b69bf39a9c8f6c9f9f11508307901
results/abricate_extra/victors/streptococcus_sanguinis_GCF_013343115.1_victors.tsv,6047,67406c011f898e25c48f63037b4fec0409a0f181468605a62f4a20546085c1be
results/abricate_extra/victors/streptococcus_sanguinis_GCF_013378355.1_victors.tsv,4168,dba2b2c3b6b8f44fcb44dcc76130120c5b02194ee41fe0e111b40db4ed670ae0
results/abricate_extra/victors/streptococcus_sanguinis_GCF_050220005.1_victors.tsv,4330,e521a5388fb90b5773a28af08d8ff34ed341f11b0e4bb956dcc3812ae052d63f
results/abricate_extra/victors/streptococcus_sanguinis_GCF_050220455.1_victors.tsv,4324,f818098e937b7206f6169ab459d2d146c247702b0a952a4f5015327250b82a5c
results/abricate_extra/victors/streptococcus_sanguinis_GCF_900475505.1_victors.tsv,4439,2215d452dce62c3c44fed3a0349bf36170c0f875d7542073886bfeacbe1f827d
results/abricate_extra/victors/tannerella_forsythia_GCF_000238215.1_victors.tsv,122,47d770a37c6bc4e5e4f8c30214e6b716d5990c0f9f0cce597b4079076eb4d0d9
results/abricate_extra/victors/tannerella_forsythia_GCF_001547855.1_victors.tsv,122,47d770a37c6bc4e5e4f8c30214e6b716d5990c0f9f0cce597b4079076eb4d0d9
results/abricate_extra/victors/tannerella_forsythia_GCF_001547875.1_victors.tsv,122,47d770a37c6bc4e5e4f8c30214e6b716d5990c0f9f0cce597b4079076eb4d0d9
results/abricate_extra/victors/treponema_denticola_GCF_024181405.1_victors.tsv,122,47d770a37c6bc4e5e4f8c30214e6b716d5990c0f9f0cce597b4079076eb4d0d9
results/abricate_extra/victors/treponema_denticola_GCF_024181425.1_victors.tsv,122,47d770a37c6bc4e5e4f8c30214e6b716d5990c0f9f0cce597b4079076eb4d0d9
results/abricate_extra/victors/treponema_denticola_GCF_024181445.1_victors.tsv,122,47d770a37c6bc4e5e4f8c30214e6b716d5990c0f9f0cce597b4079076eb4d0d9
results/abricate_extra/victors/treponema_denticola_GCF_024181465.1_victors.tsv,122,47d770a37c6bc4e5e4f8c30214e6b716d5990c0f9f0cce597b4079076eb4d0d9
results/abricate_extra/victors/treponema_denticola_GCF_024181485.1_victors.tsv,122,47d770a37c6bc4e5e4f8c30214e6b716d5990c0f9f0cce597b4079076eb4d0d9
results/abricate_extra/victors/veillonella_parvula_GCF_002005185.1_victors.tsv,122,47d770a37c6bc4e5e4f8c30214e6b716d5990c0f9f0cce597b4079076eb4d0d9
results/abricate_extra/victors/veillonella_parvula_GCF_016127175.1_victors.tsv,122,47d770a37c6bc4e5e4f8c30214e6b716d5990c0f9f0cce597b4079076eb4d0d9
results/abricate_extra/victors/veillonella_parvula_GCF_031190775.1_victors.tsv,122,47d770a37c6bc4e5e4f8c30214e6b716d5990c0f9f0cce597b4079076eb4d0d9
results/abricate_extra/victors/veillonella_parvula_GCF_036456085.1_victors.tsv,122,47d770a37c6bc4e5e4f8c30214e6b716d5990c0f9f0cce597b4079076eb4d0d9
results/abricate_extra/victors/veillonella_parvula_GCF_900186885.1_victors.tsv,122,47d770a37c6bc4e5e4f8c30214e6b716d5990c0f9f0cce597b4079076eb4d0d9
results/amr/actinomyces_naeslundii_GCF_016127855.1_amrfinder.tsv,294,fdfec5f7924367729493b9a91622ca6a85a08f1c8cb1f3e5a6f54a3aa8bd9078
results/amr/actinomyces_naeslundii_GCF_963265035.1_amrfinder.tsv,294,fdfec5f7924367729493b9a91622ca6a85a08f1c8cb1f3e5a6f54a3aa8bd9078
results/amr/actinomyces_naeslundii_GCF_963340285.1_amrfinder.tsv,294,fdfec5f7924367729493b9a91622ca6a85a08f1c8cb1f3e5a6f54a3aa8bd9078
results/amr/actinomyces_naeslundii_GCF_963340415.1_amrfinder.tsv,294,fdfec5f7924367729493b9a91622ca6a85a08f1c8cb1f3e5a6f54a3aa8bd9078
results/amr/corynebacterium_striatum_GCF_002156805.1_amrfinder.tsv,1486,634968f2cdfd63dbf8a52a8f1e44430bf406035d9c1265ee95503f93c25e4cd1
results/amr/corynebacterium_striatum_GCF_002803965.1_amrfinder.tsv,2919,e658463fe488bed344202b51afd32354cd640c477cb1b885b60ca2954c80ae33
results/amr/corynebacterium_striatum_GCF_002804085.1_amrfinder.tsv,1533,7328a7c72918f167d169e260830be44aad375672a97db9c72b0586972e94239b
results/amr/corynebacterium_striatum_GCF_016728105.1_amrfinder.tsv,964,9320b4a0083d57f225b0c14b4706d38293ba9512d96c17dc8df8614a854a5718
results/amr/corynebacterium_striatum_GCF_016728205.1_amrfinder.tsv,294,fdfec5f7924367729493b9a91622ca6a85a08f1c8cb1f3e5a6f54a3aa8bd9078
results/amr/cutibacterium_acnes_GCF_001281065.1_amrfinder.tsv,294,fdfec5f7924367729493b9a91622ca6a85a08f1c8cb1f3e5a6f54a3aa8bd9078
results/amr/cutibacterium_acnes_GCF_001469565.1_amrfinder.tsv,294,fdfec5f7924367729493b9a91622ca6a85a08f1c8cb1f3e5a6f54a3aa8bd9078
results/amr/cutibacterium_acnes_GCF_001469595.1_amrfinder.tsv,294,fdfec5f7924367729493b9a91622ca6a85a08f1c8cb1f3e5a6f54a3aa8bd9078
results/amr/cutibacterium_acnes_GCF_001469615.1_amrfinder.tsv,294,fdfec5f7924367729493b9a91622ca6a85a08f1c8cb1f3e5a6f54a3aa8bd9078
results/amr/cutibacterium_acnes_GCF_001469655.1_amrfinder.tsv,294,fdfec5f7924367729493b9a91622ca6a85a08f1c8cb1f3e5a6f54a3aa8bd9078
results/amr/enterococcus_faecalis_GCF_001598635.1_amrfinder.tsv,617,b8d9d74e018d63228743b506a15395c1199432bbd1f54781db94069ee915cd18
results/amr/enterococcus_faecalis_GCF_001689055.2_amrfinder.tsv,614,de2b25d4f255a83f5ec45ca13cd03bf995449bd0b599c4da113b1216151dfce1
results/amr/enterococcus_faecalis_GCF_001989555.1_amrfinder.tsv,3277,e76f74fe2fb20331481a0b0215785ed4498b7cacdcd75de67d388c3e8ec98ead
results/amr/enterococcus_faecalis_GCF_002163735.1_amrfinder.tsv,615,0b8612c8b956b22d779d2537199f2681c80acbf7942818c33f7aec1250a5ac70
results/amr/enterococcus_faecalis_GCF_002208945.1_amrfinder.tsv,946,9c62500438b24237cd7fa35b826d579b172835401e25bbadb8f48d3d5e595dfa
results/amr/fusobacterium_nucleatum_GCF_028621975.1_amrfinder.tsv,993,19cc9cf6c4f29b5d2b961ff40ee4dbb981c46c65e5ea4e3376ad1bb5bca72d6a
results/amr/fusobacterium_nucleatum_GCF_028621995.1_amrfinder.tsv,294,fdfec5f7924367729493b9a91622ca6a85a08f1c8cb1f3e5a6f54a3aa8bd9078
results/amr/fusobacterium_nucleatum_GCF_031191795.1_amrfinder.tsv,294,fdfec5f7924367729493b9a91622ca6a85a08f1c8cb1f3e5a6f54a3aa8bd9078
results/amr/fusobacterium_nucleatum_GCF_037889055.1_amrfinder.tsv,294,fdfec5f7924367729493b9a91622ca6a85a08f1c8cb1f3e5a6f54a3aa8bd9078
results/amr/fusobacterium_nucleatum_GCF_037889065.1_amrfinder.tsv,294,fdfec5f7924367729493b9a91622ca6a85a08f1c8cb1f3e5a6f54a3aa8bd9078
results/amr/porphyromonas_gingivalis_GCF_001263815.1_amrfinder.tsv,294,fdfec5f7924367729493b9a91622ca6a85a08f1c8cb1f3e5a6f54a3aa8bd9078
results/amr/porphyromonas_gingivalis_GCF_002753935.1_amrfinder.tsv,553,c2638219fcdcabf8d6adc49d4e47744aa1d7596a34b596e91d5683658b555907
results/amr/porphyromonas_gingivalis_GCF_002753955.1_amrfinder.tsv,294,fdfec5f7924367729493b9a91622ca6a85a08f1c8cb1f3e5a6f54a3aa8bd9078
results/amr/porphyromonas_gingivalis_GCF_002753975.1_amrfinder.tsv,294,fdfec5f7924367729493b9a91622ca6a85a08f1c8cb1f3e5a6f54a3aa8bd9078
results/amr/porphyromonas_gingivalis_GCF_002754015.1_amrfinder.tsv,551,4595430f4cbdbb21cc743fb58f0b9de0840a6f6525c5c3180f95e0bd69ee5d97
results/amr/prevotella_intermedia_GCF_001548195.1_amrfinder.tsv,294,fdfec5f7924367729493b9a91622ca6a85a08f1c8cb1f3e5a6f54a3aa8bd9078
results/amr/prevotella_intermedia_GCF_001953935.1_amrfinder.tsv,294,fdfec5f7924367729493b9a91622ca6a85a08f1c8cb1f3e5a6f54a3aa8bd9078
results/amr/prevotella_intermedia_GCF_002355195.1_amrfinder.tsv,294,fdfec5f7924367729493b9a91622ca6a85a08f1c8cb1f3e5a6f54a3aa8bd9078
results/amr/prevotella_intermedia_GCF_002763535.1_amrfinder.tsv,919,34c55285bdaeb3f73893fb3ccdf87f06c767d7c6e5f66368218cdbcd6a6c88d7
results/amr/prevotella_intermedia_GCF_002763575.1_amrfinder.tsv,1183,425a883bbd2463af654afab4d5307f073d4c323eb05b1491388a704e71243092
results/amr/staphylococcus_capitis_GCF_002356175.1_amrfinder.tsv,3762,05958884bf4a54c84e4331a7f9e4a0884227591453260062c64d06f146ddbc40
results/amr/staphylococcus_capitis_GCF_002591175.1_amrfinder.tsv,1427,57f9f62605c3bbbdfa0634be444c8f96e08f1f7828c981d5912b5d5ae2b0754c
results/amr/staphylococcus_capitis_GCF_013267675.1_amrfinder.tsv,872,d1dca2eb50e3d39a472db94bac5af14fc5f0b6ec0cc70d6275539f2d9b512466
results/amr/staphylococcus_capitis_GCF_015243435.1_amrfinder.tsv,1598,fd24492f1497b0f3a1d118cbae399bf33125fe47d486436f292b70bdd2a66949
results/amr/staphylococcus_capitis_GCF_020883475.1_amrfinder.tsv,3695,f6a4b73d083dcc34b47830beec6baab62573d30767f05e4bf16bbb511a04d2f2
results/amr/staphylococcus_epidermidis_GCF_000759555.1_amrfinder.tsv,616,a960e878109894e4fbe6af458f06ac36eed5c6b0fbad6f304eaeba1643b4059a
results/amr/staphylococcus_epidermidis_GCF_001956655.1_amrfinder.tsv,1267,570840304a957ded3c0aaee17cfd6601a68f122a3fe93f067f7aad5ccd85486a
results/amr/staphylococcus_epidermidis_GCF_002085695.1_amrfinder.tsv,614,177973490a930f631d55cb201f86812be684a0409597f571a2290c68e3465815
results/amr/staphylococcus_epidermidis_GCF_002215535.1_amrfinder.tsv,2686,7b19feec60114aa3382ed6bb34a3ed189812546e8b2d1cad5fa9842ac3969802
results/amr/staphylococcus_epidermidis_GCF_006094375.1_amrfinder.tsv,1694,e02b7e8242784a4db264de5c9d6acde60272959092898b615227616fefb37638
results/amr/staphylococcus_haemolyticus_GCF_001611955.1_amrfinder.tsv,1700,ac81d5f3d211c27e882487a00fce2642351fdf4796d71ea3f3268037febfdcd1
results/amr/staphylococcus_haemolyticus_GCF_002906595.1_amrfinder.tsv,4877,7c1fddd231af45f2ed8777ef784a0f466622acea155e20c6fcfc5a8000cf14ea
results/amr/staphylococcus_haemolyticus_GCF_002906615.1_amrfinder.tsv,5553,ad750d9784229faf9f199a1153afac790562e764995fa5beb5798af2495e8cec
results/amr/staphylococcus_haemolyticus_GCF_002952715.2_amrfinder.tsv,3185,6ccc03de849487fd1ca5e6dcb0417264bfb6891eb1327ffcf866dbb66e49fb3f
results/amr/staphylococcus_haemolyticus_GCF_006094395.1_amrfinder.tsv,294,fdfec5f7924367729493b9a91622ca6a85a08f1c8cb1f3e5a6f54a3aa8bd9078
results/amr/streptococcus_anginosus_GCF_000831165.1_amrfinder.tsv,2998,f57afec83ad827e141056c2ce5c219c940ae807f53fa8691189f0ade7870da8c
results/amr/streptococcus_anginosus_GCF_001412635.1_amrfinder.tsv,624,ee676af4a224ebfbd1f3b35d89d58b48221ff35e00ac9eca635106550ed280b3
results/amr/streptococcus_anginosus_GCF_001697145.1_amrfinder.tsv,294,fdfec5f7924367729493b9a91622ca6a85a08f1c8cb1f3e5a6f54a3aa8bd9078
results/amr/streptococcus_anginosus_GCF_008726365.3_amrfinder.tsv,1263,19865c2d50e16c759038ba21fbf6954abb9227d6bcf63c651bd77defdf2cf536
results/amr/streptococcus_anginosus_GCF_900636475.1_amrfinder.tsv,294,fdfec5f7924367729493b9a91622ca6a85a08f1c8cb1f3e5a6f54a3aa8bd9078
results/amr/streptococcus_mitis_GCF_000722765.2_amrfinder.tsv,909,42b0404fda937c7f1dcb8c1a9211a86d36c71354e93ab336b1f0892c09dd4b76
results/amr/streptococcus_mitis_GCF_001281025.1_amrfinder.tsv,560,54fc55aaef45c9b884914adfdee587954b8ccb0d37208571ffd900d6d697b5bc
results/amr/streptococcus_mitis_GCF_009730515.1_amrfinder.tsv,294,fdfec5f7924367729493b9a91622ca6a85a08f1c8cb1f3e5a6f54a3aa8bd9078
results/amr/streptococcus_mitis_GCF_013305725.1_amrfinder.tsv,1240,0121c83e2af77ac11a813ffe824d9c8e629c87053630dcb6262022caee010a44
results/amr/streptococcus_mitis_GCF_018603625.2_amrfinder.tsv,909,2bf3b4b12c9d246fd3a30acaf91f362b51642e038fe9b0e9b9057206a87e1d6d
results/amr/streptococcus_oralis_GCF_001983955.1_amrfinder.tsv,908,39ae22fc17d24c2d7d17c15324e2eb1d35635304d39488dd77c6b5ba84d5c9bc
results/amr/streptococcus_oralis_GCF_002386345.1_amrfinder.tsv,909,98f3753557c1838e429a2e1a9361f58408014908e0da5aac0fad6ce23eac5fb0
results/amr/streptococcus_oralis_GCF_007475365.1_amrfinder.tsv,294,fdfec5f7924367729493b9a91622ca6a85a08f1c8cb1f3e5a6f54a3aa8bd9078
results/amr/streptococcus_oralis_GCF_016028175.1_amrfinder.tsv,1179,9d28a5633d5a724af88503bb9962f1dc8fd6f8be521866c46737785507297142
results/amr/streptococcus_oralis_GCF_016028255.1_amrfinder.tsv,294,fdfec5f7924367729493b9a91622ca6a85a08f1c8cb1f3e5a6f54a3aa8bd9078
results/amr/streptococcus_sanguinis_GCF_013343115.1_amrfinder.tsv,294,fdfec5f7924367729493b9a91622ca6a85a08f1c8cb1f3e5a6f54a3aa8bd9078
results/amr/streptococcus_sanguinis_GCF_013378355.1_amrfinder.tsv,294,fdfec5f7924367729493b9a91622ca6a85a08f1c8cb1f3e5a6f54a3aa8bd9078
results/amr/streptococcus_sanguinis_GCF_050220005.1_amrfinder.tsv,294,fdfec5f7924367729493b9a91622ca6a85a08f1c8cb1f3e5a6f54a3aa8bd9078
results/amr/streptococcus_sanguinis_GCF_050220455.1_amrfinder.tsv,913,6da85f78897a9cca2483341d6b41366566cddf46b22d1f657c776047ac61e304
results/amr/streptococcus_sanguinis_GCF_900475505.1_amrfinder.tsv,294,fdfec5f7924367729493b9a91622ca6a85a08f1c8cb1f3e5a6f54a3aa8bd9078
results/amr/tannerella_forsythia_GCF_000238215.1_amrfinder.tsv,596,cec77c584d884e13cca3f77f8c6707267fce573e4e0ad3b07160178093ad5b75
results/amr/tannerella_forsythia_GCF_001547855.1_amrfinder.tsv,294,fdfec5f7924367729493b9a91622ca6a85a08f1c8cb1f3e5a6f54a3aa8bd9078
results/amr/tannerella_forsythia_GCF_001547875.1_amrfinder.tsv,294,fdfec5f7924367729493b9a91622ca6a85a08f1c8cb1f3e5a6f54a3aa8bd9078
results/amr/treponema_denticola_GCF_024181405.1_amrfinder.tsv,294,fdfec5f7924367729493b9a91622ca6a85a08f1c8cb1f3e5a6f54a3aa8bd9078
results/amr/treponema_denticola_GCF_024181425.1_amrfinder.tsv,294,fdfec5f7924367729493b9a91622ca6a85a08f1c8cb1f3e5a6f54a3aa8bd9078
results/amr/treponema_denticola_GCF_024181445.1_amrfinder.tsv,294,fdfec5f7924367729493b9a91622ca6a85a08f1c8cb1f3e5a6f54a3aa8bd9078
results/amr/treponema_denticola_GCF_024181465.1_amrfinder.tsv,294,fdfec5f7924367729493b9a91622ca6a85a08f1c8cb1f3e5a6f54a3aa8bd9078
results/amr/treponema_denticola_GCF_024181485.1_amrfinder.tsv,294,fdfec5f7924367729493b9a91622ca6a85a08f1c8cb1f3e5a6f54a3aa8bd9078
results/amr/veillonella_parvula_GCF_002005185.1_amrfinder.tsv,294,fdfec5f7924367729493b9a91622ca6a85a08f1c8cb1f3e5a6f54a3aa8bd9078
results/amr/veillonella_parvula_GCF_016127175.1_amrfinder.tsv,294,fdfec5f7924367729493b9a91622ca6a85a08f1c8cb1f3e5a6f54a3aa8bd9078
results/amr/veillonella_parvula_GCF_031190775.1_amrfinder.tsv,294,fdfec5f7924367729493b9a91622ca6a85a08f1c8cb1f3e5a6f54a3aa8bd9078
results/amr/veillonella_parvula_GCF_036456085.1_amrfinder.tsv,625,c181bb01ec9c8fa2cab833d19ef085254a7161fc2eaf9913748edae797c08b9f
results/amr/veillonella_parvula_GCF_900186885.1_amrfinder.tsv,294,fdfec5f7924367729493b9a91622ca6a85a08f1c8cb1f3e5a6f54a3aa8bd9078
results/tables/downloaded_genomes_index.tsv,27913,3d9bf7d3d5e15050f9d088f158f8e3122ca18fe897ea2f9efecc9baf10a77006
results/virulence/actinomyces_naeslundii_GCF_016127855.1_vfdb.tsv,122,47d770a37c6bc4e5e4f8c30214e6b716d5990c0f9f0cce597b4079076eb4d0d9
results/virulence/actinomyces_naeslundii_GCF_963265035.1_vfdb.tsv,122,47d770a37c6bc4e5e4f8c30214e6b716d5990c0f9f0cce597b4079076eb4d0d9
results/virulence/actinomyces_naeslundii_GCF_963340285.1_vfdb.tsv,122,47d770a37c6bc4e5e4f8c30214e6b716d5990c0f9f0cce597b4079076eb4d0d9
results/virulence/actinomyces_naeslundii_GCF_963340415.1_vfdb.tsv,122,47d770a37c6bc4e5e4f8c30214e6b716d5990c0f9f0cce597b4079076eb4d0d9
results/virulence/corynebacterium_striatum_GCF_002156805.1_vfdb.tsv,122,47d770a37c6bc4e5e4f8c30214e6b716d5990c0f9f0cce597b4079076eb4d0d9
results/virulence/corynebacterium_striatum_GCF_002803965.1_vfdb.tsv,122,47d770a37c6bc4e5e4f8c30214e6b716d5990c0f9f0cce597b4079076eb4d0d9
results/virulence/corynebacterium_striatum_GCF_002804085.1_vfdb.tsv,122,47d770a37c6bc4e5e4f8c30214e6b716d5990c0f9f0cce597b4079076eb4d0d9
results/virulence/corynebacterium_striatum_GCF_016728105.1_vfdb.tsv,122,47d770a37c6bc4e5e4f8c30214e6b716d5990c0f9f0cce597b4079076eb4d0d9
results/virulence/corynebacterium_striatum_GCF_016728205.1_vfdb.tsv,122,47d770a37c6bc4e5e4f8c30214e6b716d5990c0f9f0cce597b4079076eb4d0d9
results/virulence/cutibacterium_acnes_GCF_001281065.1_vfdb.tsv,122,47d770a37c6bc4e5e4f8c30214e6b716d5990c0f9f0cce597b4079076eb4d0d9
results/virulence/cutibacterium_acnes_GCF_001469565.1_vfdb.tsv,122,47d770a37c6bc4e5e4f8c30214e6b716d5990c0f9f0cce597b4079076eb4d0d9
results/virulence/cutibacterium_acnes_GCF_001469595.1_vfdb.tsv,122,47d770a37c6bc4e5e4f8c30214e6b716d5990c0f9f0cce597b4079076eb4d0d9
results/virulence/cutibacterium_acnes_GCF_001469615.1_vfdb.tsv,122,47d770a37c6bc4e5e4f8c30214e6b716d5990c0f9f0cce597b4079076eb4d0d9
results/virulence/cutibacterium_acnes_GCF_001469655.1_vfdb.tsv,122,47d770a37c6bc4e5e4f8c30214e6b716d5990c0f9f0cce597b4079076eb4d0d9
results/virulence/enterococcus_faecalis_GCF_001598635.1_vfdb.tsv,4753,e0d8f6cc787fae4ff0d71fdafb40da431fa0d9016a034fae3067074c55ff73d2
results/virulence/enterococcus_faecalis_GCF_001689055.2_vfdb.tsv,7725,82ff42e3547b1a7ed9f9acb4addd2af32466755e062ea75c9d473f49b13e3815
results/virulence/enterococcus_faecalis_GCF_001989555.1_vfdb.tsv,11324,df445222df017f8de2aef98390d07acb776b779bc2034dc4ee66e054ef315081
results/virulence/enterococcus_faecalis_GCF_002163735.1_vfdb.tsv,11285,2b04332e3e62531ef3c670f2f7e0eb27862d8cddf244942fb04648373676f7a1
results/virulence/enterococcus_faecalis_GCF_002208945.1_vfdb.tsv,4752,8d4baafc97233e34aab2f66d8a16f1220f4b813571181bddbe0cb4edea974ee8
results/virulence/fusobacterium_nucleatum_GCF_028621975.1_vfdb.tsv,122,47d770a37c6bc4e5e4f8c30214e6b716d5990c0f9f0cce597b4079076eb4d0d9
results/virulence/fusobacterium_nucleatum_GCF_028621995.1_vfdb.tsv,122,47d770a37c6bc4e5e4f8c30214e6b716d5990c0f9f0cce597b4079076eb4d0d9
results/virulence/fusobacterium_nucleatum_GCF_031191795.1_vfdb.tsv,122,47d770a37c6bc4e5e4f8c30214e6b716d5990c0f9f0cce597b4079076eb4d0d9
results/virulence/fusobacterium_nucleatum_GCF_037889055.1_vfdb.tsv,122,47d770a37c6bc4e5e4f8c30214e6b716d5990c0f9f0cce597b4079076eb4d0d9
results/virulence/fusobacterium_nucleatum_GCF_037889065.1_vfdb.tsv,122,47d770a37c6bc4e5e4f8c30214e6b716d5990c0f9f0cce597b4079076eb4d0d9
results/virulence/porphyromonas_gingivalis_GCF_001263815.1_vfdb.tsv,122,47d770a37c6bc4e5e4f8c30214e6b716d5990c0f9f0cce597b4079076eb4d0d9
results/virulence/porphyromonas_gingivalis_GCF_002753935.1_vfdb.tsv,122,47d770a37c6bc4e5e4f8c30214e6b716d5990c0f9f0cce597b4079076eb4d0d9
results/virulence/porphyromonas_gingivalis_GCF_002753955.1_vfdb.tsv,122,47d770a37c6bc4e5e4f8c30214e6b716d5990c0f9f0cce597b4079076eb4d0d9
results/virulence/porphyromonas_gingivalis_GCF_002753975.1_vfdb.tsv,122,47d770a37c6bc4e5e4f8c30214e6b716d5990c0f9f0cce597b4079076eb4d0d9
results/virulence/porphyromonas_gingivalis_GCF_002754015.1_vfdb.tsv,122,47d770a37c6bc4e5e4f8c30214e6b716d5990c0f9f0cce597b4079076eb4d0d9
results/virulence/prevotella_intermedia_GCF_001548195.1_vfdb.tsv,122,47d770a37c6bc4e5e4f8c30214e6b716d5990c0f9f0cce597b4079076eb4d0d9
results/virulence/prevotella_intermedia_GCF_001953935.1_vfdb.tsv,122,47d770a37c6bc4e5e4f8c30214e6b716d5990c0f9f0cce597b4079076eb4d0d9
results/virulence/prevotella_intermedia_GCF_002355195.1_vfdb.tsv,122,47d770a37c6bc4e5e4f8c30214e6b716d5990c0f9f0cce597b4079076eb4d0d9
results/virulence/prevotella_intermedia_GCF_002763535.1_vfdb.tsv,122,47d770a37c6bc4e5e4f8c30214e6b716d5990c0f9f0cce597b4079076eb4d0d9
results/virulence/prevotella_intermedia_GCF_002763575.1_vfdb.tsv,122,47d770a37c6bc4e5e4f8c30214e6b716d5990c0f9f0cce597b4079076eb4d0d9
results/virulence/staphylococcus_capitis_GCF_002356175.1_vfdb.tsv,122,47d770a37c6bc4e5e4f8c30214e6b716d5990c0f9f0cce597b4079076eb4d0d9
results/virulence/staphylococcus_capitis_GCF_002591175.1_vfdb.tsv,497,033a995010e7df04c6ac02dbe4692d5132bdb3b9e66435418e574195cd27fb8b
results/virulence/staphylococcus_capitis_GCF_013267675.1_vfdb.tsv,122,47d770a37c6bc4e5e4f8c30214e6b716d5990c0f9f0cce597b4079076eb4d0d9
results/virulence/staphylococcus_capitis_GCF_015243435.1_vfdb.tsv,122,47d770a37c6bc4e5e4f8c30214e6b716d5990c0f9f0cce597b4079076eb4d0d9
results/virulence/staphylococcus_capitis_GCF_020883475.1_vfdb.tsv,122,47d770a37c6bc4e5e4f8c30214e6b716d5990c0f9f0cce597b4079076eb4d0d9
results/virulence/staphylococcus_epidermidis_GCF_000759555.1_vfdb.tsv,122,47d770a37c6bc4e5e4f8c30214e6b716d5990c0f9f0cce597b4079076eb4d0d9
results/virulence/staphylococcus_epidermidis_GCF_001956655.1_vfdb.tsv,846,e1c96520a0497521a47a23160f94e4cb02b18e8af452095a9222ab8e4fd84820
results/virulence/staphylococcus_epidermidis_GCF_002085695.1_vfdb.tsv,122,47d770a37c6bc4e5e4f8c30214e6b716d5990c0f9f0cce597b4079076eb4d0d9
results/virulence/staphylococcus_epidermidis_GCF_002215535.1_vfdb.tsv,515,4f0355da22e126fe96dfc92399ed6fed553c35fa527e5a2ceea5184e3941b16c
results/virulence/staphylococcus_epidermidis_GCF_006094375.1_vfdb.tsv,122,47d770a37c6bc4e5e4f8c30214e6b716d5990c0f9f0cce597b4079076eb4d0d9
results/virulence/staphylococcus_haemolyticus_GCF_001611955.1_vfdb.tsv,501,2939a85ccbc24ffd36de5fb5a4dbff3b156db2abe1bd5f59e68410c1ca598d97
results/virulence/staphylococcus_haemolyticus_GCF_002906595.1_vfdb.tsv,499,da213dbefa4880f71dfa6674e2a8622a8babec000c13801a6b6bd19deebe1cd2
results/virulence/staphylococcus_haemolyticus_GCF_002906615.1_vfdb.tsv,499,c8943089808a3f09f8cac721414d449688ff55388d241a6a46eabbdac1b22e37
results/virulence/staphylococcus_haemolyticus_GCF_002952715.2_vfdb.tsv,499,4e9ab33a9276313bab97d8ff7ed160f56f8d2679a97ebea4ad4a3a663d7f9490
results/virulence/staphylococcus_haemolyticus_GCF_006094395.1_vfdb.tsv,122,47d770a37c6bc4e5e4f8c30214e6b716d5990c0f9f0cce597b4079076eb4d0d9
results/virulence/streptococcus_anginosus_GCF_000831165.1_vfdb.tsv,500,0fcf2492ad21a51f4e42d166417361e4cc609c6f2e55564473b56852ee3db3ff
results/virulence/streptococcus_anginosus_GCF_001412635.1_vfdb.tsv,122,47d770a37c6bc4e5e4f8c30214e6b716d5990c0f9f0cce597b4079076eb4d0d9
results/virulence/streptococcus_anginosus_GCF_001697145.1_vfdb.tsv,499,119d226de5f3708b2a727b4aca8903a0df3af08b6efe8126fd61ac853f6df463
results/virulence/streptococcus_anginosus_GCF_008726365.3_vfdb.tsv,499,2ccb6324c28b482ef4548962c605ac1299d412b555dad271599d2459d9e1c9a3
results/virulence/streptococcus_anginosus_GCF_900636475.1_vfdb.tsv,499,6816280c323a30f6bd2df55949e8eb49687e0b32ec3dd7b8132f852928ae45a7
results/virulence/streptococcus_mitis_GCF_000722765.2_vfdb.tsv,1150,27fd0145e4fb264ed6ef2356ee4a96fb93c4750f2d321bad51fd2b4055c0749c
results/virulence/streptococcus_mitis_GCF_001281025.1_vfdb.tsv,1160,58f567db4e260177750604f3e5005f6716c2a609788d97611f61c45705847843
results/virulence/streptococcus_mitis_GCF_009730515.1_vfdb.tsv,1154,bd37abde4fd3fba0656923cc7addbd876ad079dac158b4c7d05f2ee3bab4638e
results/virulence/streptococcus_mitis_GCF_013305725.1_vfdb.tsv,1161,0bb4880727e056421abccfd1a678363c4e96ac733ecab2e5c9a6f5d04d6ce25d
results/virulence/streptococcus_mitis_GCF_018603625.2_vfdb.tsv,834,bf8ccc9cbf445ff8c1c6f087a3d96ffd6507930b04c4b8b00b7a22d2148fbed8
results/virulence/streptococcus_oralis_GCF_001983955.1_vfdb.tsv,1806,3a14bb4cc12405de1e855a1a43e58c8fc395e9c0e2d3a230505e29a00bd73dd5
results/virulence/streptococcus_oralis_GCF_002386345.1_vfdb.tsv,1810,aa71f8aa65a05facae82e93124ae693b5111b359cbfc2f1cae3af3df10c1f254
results/virulence/streptococcus_oralis_GCF_007475365.1_vfdb.tsv,2984,ea723b9e65f1383366e492bee32f56decd5d07a471b468e3c719a7fac75e6927
results/virulence/streptococcus_oralis_GCF_016028175.1_vfdb.tsv,1545,bceefeb00855d9000920550bde044d8d457339d08251ecbc961875332674c37a
results/virulence/streptococcus_oralis_GCF_016028255.1_vfdb.tsv,1549,11428106e89762be1b0237c956a662cbbb722b85bcc55b945080ceee6ece0938
results/virulence/streptococcus_sanguinis_GCF_013343115.1_vfdb.tsv,502,911ad3a50e97249ff2789322d2544474fd558857aec12e20ef875b30583a900b
results/virulence/streptococcus_sanguinis_GCF_013378355.1_vfdb.tsv,122,47d770a37c6bc4e5e4f8c30214e6b716d5990c0f9f0cce597b4079076eb4d0d9
results/virulence/streptococcus_sanguinis_GCF_050220005.1_vfdb.tsv,122,47d770a37c6bc4e5e4f8c30214e6b716d5990c0f9f0cce597b4079076eb4d0d9
results/virulence/streptococcus_sanguinis_GCF_050220455.1_vfdb.tsv,122,47d770a37c6bc4e5e4f8c30214e6b716d5990c0f9f0cce597b4079076eb4d0d9
results/virulence/streptococcus_sanguinis_GCF_900475505.1_vfdb.tsv,122,47d770a37c6bc4e5e4f8c30214e6b716d5990c0f9f0cce597b4079076eb4d0d9
results/virulence/tannerella_forsythia_GCF_000238215.1_vfdb.tsv,122,47d770a37c6bc4e5e4f8c30214e6b716d5990c0f9f0cce597b4079076eb4d0d9
results/virulence/tannerella_forsythia_GCF_001547855.1_vfdb.tsv,122,47d770a37c6bc4e5e4f8c30214e6b716d5990c0f9f0cce597b4079076eb4d0d9
results/virulence/tannerella_forsythia_GCF_001547875.1_vfdb.tsv,122,47d770a37c6bc4e5e4f8c30214e6b716d5990c0f9f0cce597b4079076eb4d0d9
results/virulence/treponema_denticola_GCF_024181405.1_vfdb.tsv,122,47d770a37c6bc4e5e4f8c30214e6b716d5990c0f9f0cce597b4079076eb4d0d9
results/virulence/treponema_denticola_GCF_024181425.1_vfdb.tsv,122,47d770a37c6bc4e5e4f8c30214e6b716d5990c0f9f0cce597b4079076eb4d0d9
results/virulence/treponema_denticola_GCF_024181445.1_vfdb.tsv,122,47d770a37c6bc4e5e4f8c30214e6b716d5990c0f9f0cce597b4079076eb4d0d9
results/virulence/treponema_denticola_GCF_024181465.1_vfdb.tsv,122,47d770a37c6bc4e5e4f8c30214e6b716d5990c0f9f0cce597b4079076eb4d0d9
results/virulence/treponema_denticola_GCF_024181485.1_vfdb.tsv,122,47d770a37c6bc4e5e4f8c30214e6b716d5990c0f9f0cce597b4079076eb4d0d9
results/virulence/veillonella_parvula_GCF_002005185.1_vfdb.tsv,122,47d770a37c6bc4e5e4f8c30214e6b716d5990c0f9f0cce597b4079076eb4d0d9
results/virulence/veillonella_parvula_GCF_016127175.1_vfdb.tsv,122,47d770a37c6bc4e5e4f8c30214e6b716d5990c0f9f0cce597b4079076eb4d0d9
results/virulence/veillonella_parvula_GCF_031190775.1_vfdb.tsv,122,47d770a37c6bc4e5e4f8c30214e6b716d5990c0f9f0cce597b4079076eb4d0d9
results/virulence/veillonella_parvula_GCF_036456085.1_vfdb.tsv,122,47d770a37c6bc4e5e4f8c30214e6b716d5990c0f9f0cce597b4079076eb4d0d9
results/virulence/veillonella_parvula_GCF_900186885.1_vfdb.tsv,122,47d770a37c6bc4e5e4f8c30214e6b716d5990c0f9f0cce597b4079076eb4d0d9
run_abricate_extra_dbs.sh,946,0bb1643a0330ebd57e57e106fa4810193208702215ed262d1e70bd3cb34d886c
run_amrfinder_all.sh,1126,ac508e150fe8be56b704eba7b0b7d6718d0461b53d8df8d93e1caa920cee630b
run_download_genomes_accessions5.sh,2357,2e5d39783e4626abf8844efb54b12e5e9db169c7f4b24dbe81cf2aa4048c3c9f
run_download_genomes_limit5.sh,1500,6964d838a0c8269f6c97b16487e38010a7c766a896b35fc8ce5cf1a044c659a1
run_pipeline.sh,3418,d720b2233ad5ba4d31124a6cd17f1a82289e63968504e3372fcd1e8647413f77
run_pipeline_broken_20260710_173819.sh,3418,d720b2233ad5ba4d31124a6cd17f1a82289e63968504e3372fcd1e8647413f77
run_pipeline_original.sh,3479,a9c9577cd25685e0bf0d2ee4a2570967778e2a7f765922890059f48e3f419bcb
run_pipeline_original_broken.sh,3477,e338d76a76de7dcf5fb56680a8faabb93b559056b21a41d76578ec9fb7863c6a
run_vfdb_all.sh,835,080ae508081b53a9c5eab82908adb44264f8f51c09b44a252484775e0947efe4
scripts/00_index_downloaded_genomes.py,1390,82bab6cf7b78d468f5b3506f5d990bf5a63aba75bec95bfd29e6a46ac0adb7c1
scripts/01_merge_amrfinder.py,2812,539ae1849c304a5c55849507307c24b7ed4a750f1afa0ebe342a22bc3e02cad5
scripts/01_merge_results.py,2980,de7258371ed38ff90dab3306ceac8913f206389a1cb3a8add9ce59c1a2554035
scripts/02_make_figures.py,948,7214716db80561af5c8298a08ca488793e3cc4b9971f996303c8db903aaf2a1c
scripts/02_merge_vfdb.py,1886,225775315ff01d1e3591eed6a4b9c6990c7186722f590baa30ea269ca0e5c9c9
scripts/03_make_species_summary.py,1457,66ef487a85edcea62593d0d4b16dfdb7a8820611fb492560fb787d0bbf1c7a7c
scripts/04_make_final_figures.py,2860,433fe2100c17c929ef0cbf0e0eca967cd24b87e3cc05bfaa0a6632a257db51ab
scripts/05_merge_abricate_extra.py,2119,20409a8228f3bf0d2d48307b78fe209c6570c535f84c9faf24b5ebfb770b5ff1
scripts/06_screen_biofilm_targets.py,2279,efcecc0612092b5324eca9f9eb3206b2c3042c719c7079d17f0c222bebb38768
scripts/07_make_presence_absence_matrices.py,1675,8694baaf67f8966502880c7b745aaa4334d9cf2da5e24bc671a5debe9cfe28b5
scripts/08_make_all_final_figures.py,3639,4a22be38a725ab0e14bbba53e91a2f3ace3bb729b5eb8758f60ef25d0c365977
scripts/09_make_pca_presence_absence.py,1953,2d4c33530e3e52ca1d40023816517e94397ad92ae96946ef16ff75682a5e6ecb
scripts/10_make_species_gene_network.py,2457,3ab4ce35d8fc2fe934182f3c294094d46c972a0caf603426586751892793fd1c
species_list.txt,456,0255dbc386faa54a787d1b430d8887a063ebcfd0bfd9a058b1d8207c6499b423
